{"instance_id": 103, "quadrant": "TN", "true_label": 0, "prediction": 0, "prediction_correct": true, "metrics": {"cost": 1003.4710000036284, "sparsity": 0.3333333333333333, "fidelity": 0.7595101480912676, "faithfulness_gap": 0.027545906603336334, "stability": 0.9926875884747488}, "explanation": {"top_features": ["worst concave points: -0.1352", "worst area: -0.1136", "worst texture: -0.1044", "mean concave points: -0.1021", "worst perimeter: -0.0846", "area error: -0.0425", "worst concavity: -0.0422", "worst radius: -0.0406", "mean radius: -0.0190", "worst compactness: -0.0093"], "raw_top": {"worst concave points": -0.13518837640365286, "worst area": -0.11364460635958716, "worst texture": -0.10438427195718845, "mean concave points": -0.10206514661248542, "worst perimeter": -0.08459047979593246, "area error": -0.04251492841451781, "worst concavity": -0.042187516787120856, "worst radius": -0.040600316927709074, "mean radius": -0.01902770116919343, "worst compactness": -0.009316471619658873}}}