{"instance_id": 108, "quadrant": "TP", "true_label": 1, "prediction": 1, "prediction_correct": true, "metrics": {"cost": 1003.071799990721, "sparsity": 0.3333333333333333, "fidelity": 0.35150212619741034, "faithfulness_gap": 0.32212984561920166, "stability": 0.9796481530007565}, "explanation": {"top_features": ["worst concave points: 0.0732", "mean concave points: 0.0680", "worst area: 0.0465", "worst perimeter: 0.0361", "worst texture: 0.0182", "worst concavity: 0.0176", "worst radius: 0.0151", "area error: 0.0121", "mean radius: 0.0090", "radius error: 0.0074"], "raw_top": {"worst concave points": 0.07316884324141204, "mean concave points": 0.06800227422614251, "worst area": 0.04651664181445123, "worst perimeter": 0.03606007670862003, "worst texture": 0.018212992516685626, "worst concavity": 0.017565442234740093, "worst radius": 0.015117503586815979, "area error": 0.012061884919415119, "mean radius": 0.008960681667121873, "radius error": 0.007423958669032726}}}