{"instance_id": 13, "quadrant": "TN", "true_label": 0, "prediction": 0, "prediction_correct": true, "metrics": {"cost": 1001.5512999380007, "sparsity": 0.3333333333333333, "fidelity": 0.6816974925262436, "faithfulness_gap": 0.014092933386564255, "stability": 0.9888498203472248}, "explanation": {"top_features": ["worst area: -0.2383", "worst perimeter: -0.1175", "mean concave points: -0.1129", "worst texture: 0.0861", "worst concave points: -0.0802", "area error: -0.0650", "worst radius: -0.0603", "worst concavity: -0.0465", "radius error: -0.0204", "mean radius: -0.0101"], "raw_top": {"worst area": -0.2382935453319683, "worst perimeter": -0.11748575406558669, "mean concave points": -0.11292467528218388, "worst texture": 0.08610126523867503, "worst concave points": -0.08016285544486436, "area error": -0.06497959264802079, "worst radius": -0.060346066492854816, "worst concavity": -0.04650683408509275, "radius error": -0.020370035233448658, "mean radius": -0.010141541880617555}}}