{"instance_id": 2, "quadrant": "TN", "true_label": 0, "prediction": 0, "prediction_correct": true, "metrics": {"cost": 1003.580000018701, "sparsity": 0.3333333333333333, "fidelity": 0.8751799808581638, "faithfulness_gap": 0.5039732456207275, "stability": 0.988632999675563}, "explanation": {"top_features": ["worst concave points: -0.2957", "worst texture: -0.1464", "mean concave points: -0.1201", "worst area: -0.0475", "worst concavity: -0.0241", "worst smoothness: -0.0151", "worst perimeter: -0.0129", "mean smoothness: -0.0121", "worst symmetry: -0.0089", "texture error: -0.0062"], "raw_top": {"worst concave points": -0.29568021318347126, "worst texture": -0.14641411321354492, "mean concave points": -0.12011332512599525, "worst area": -0.047505613538058725, "worst concavity": -0.024113914566107227, "worst smoothness": -0.015149112551377452, "worst perimeter": -0.012852342186281635, "mean smoothness": -0.012136886879563751, "worst symmetry": -0.008876701522390139, "texture error": -0.006236108587749478}}}