{"instance_id": 20, "quadrant": "TP", "true_label": 1, "prediction": 1, "prediction_correct": true, "metrics": {"cost": 1001.1218000436202, "sparsity": 0.3333333333333333, "fidelity": 0.2501939066006345, "faithfulness_gap": 0.19208121299743652, "stability": 0.9694224024109777}, "explanation": {"top_features": ["worst concave points: 0.0767", "mean concave points: 0.0471", "worst area: 0.0438", "worst texture: 0.0404", "worst perimeter: 0.0290", "worst radius: 0.0161", "area error: 0.0148", "worst concavity: 0.0134", "mean smoothness: 0.0111", "mean texture: 0.0109"], "raw_top": {"worst concave points": 0.07669565775697479, "mean concave points": 0.04707580757748678, "worst area": 0.043790639492169506, "worst texture": 0.040394720463284274, "worst perimeter": 0.028969167415441765, "worst radius": 0.0161437865198141, "area error": 0.01483158349944432, "worst concavity": 0.01340236126946558, "mean smoothness": 0.011065037083032993, "mean texture": 0.010881278955321205}}}