{"instance_id": 23, "quadrant": "TN", "true_label": 0, "prediction": 0, "prediction_correct": true, "metrics": {"cost": 1001.2943999608979, "sparsity": 0.3333333333333333, "fidelity": 0.4180591011961627, "faithfulness_gap": 0.36997517943382263, "stability": 0.9837000467990409}, "explanation": {"top_features": ["worst area: -0.1643", "worst concave points: -0.1237", "worst texture: -0.1050", "worst radius: -0.0921", "worst perimeter: -0.0631", "mean texture: -0.0411", "compactness error: -0.0385", "worst concavity: -0.0329", "mean smoothness: -0.0083", "area error: -0.0082"], "raw_top": {"worst area": -0.164312904419663, "worst concave points": -0.1237044511019768, "worst texture": -0.10500588015944663, "worst radius": -0.0921211048036958, "worst perimeter": -0.0630630718428381, "mean texture": -0.04105074879036428, "compactness error": -0.03848858245831174, "worst concavity": -0.03285877853943735, "mean smoothness": -0.008290338378693973, "area error": -0.008234437158483642}}}