{"instance_id": 27, "quadrant": "TP", "true_label": 1, "prediction": 1, "prediction_correct": true, "metrics": {"cost": 1010.0970000494272, "sparsity": 0.3333333333333333, "fidelity": 0.26607356635767054, "faithfulness_gap": 0.1832571029663086, "stability": 0.9812450192799229}, "explanation": {"top_features": ["worst concave points: 0.0590", "mean concave points: 0.0576", "worst texture: 0.0549", "worst area: 0.0381", "worst perimeter: 0.0250", "worst concavity: 0.0166", "area error: 0.0154", "worst radius: 0.0140", "worst smoothness: 0.0119", "mean texture: 0.0108"], "raw_top": {"worst concave points": 0.05900975880368179, "mean concave points": 0.05758270782226759, "worst texture": 0.05489202359475232, "worst area": 0.03811818648330022, "worst perimeter": 0.025031026141978854, "worst concavity": 0.0165800760984907, "area error": 0.01540949199459653, "worst radius": 0.014014627384745723, "worst smoothness": 0.011876847833387725, "mean texture": 0.010823568354146218}}}