{"instance_id": 28, "quadrant": "TP", "true_label": 1, "prediction": 1, "prediction_correct": true, "metrics": {"cost": 1000.9582999628037, "sparsity": 0.3333333333333333, "fidelity": 0.6521366125314153, "faithfulness_gap": 0.8714342713356018, "stability": 0.9915965580671728}, "explanation": {"top_features": ["worst concave points: 0.0970", "mean concave points: 0.0692", "worst perimeter: 0.0313", "area error: 0.0304", "worst area: 0.0291", "worst concavity: 0.0179", "worst radius: 0.0177", "mean radius: 0.0038", "concavity error: 0.0034", "worst symmetry: 0.0034"], "raw_top": {"worst concave points": 0.09700148305113934, "mean concave points": 0.06916165660567405, "worst perimeter": 0.03133413187628555, "area error": 0.030410313340507398, "worst area": 0.02907865975101005, "worst concavity": 0.01793075197110948, "worst radius": 0.01768769184735932, "mean radius": 0.003804397395529762, "concavity error": 0.003440087092272226, "worst symmetry": 0.003379647848008095}}}