{"instance_id": 35, "quadrant": "TP", "true_label": 1, "prediction": 1, "prediction_correct": true, "metrics": {"cost": 1001.410499913618, "sparsity": 0.3333333333333333, "fidelity": 0.9304694836608942, "faithfulness_gap": 0.8129826784133911, "stability": 0.9725252505119221}, "explanation": {"top_features": ["worst concave points: 0.1186", "mean concave points: 0.0736", "worst concavity: 0.0275", "worst perimeter: 0.0241", "worst radius: 0.0179", "area error: 0.0136", "worst symmetry: 0.0095", "worst area: 0.0076", "mean radius: 0.0051", "radius error: 0.0049"], "raw_top": {"worst concave points": 0.11856241335656119, "mean concave points": 0.07360745325583608, "worst concavity": 0.02754979565513629, "worst perimeter": 0.024055681750698634, "worst radius": 0.017883031920775807, "area error": 0.013579606588276588, "worst symmetry": 0.009492342400555737, "worst area": 0.007646462364780755, "mean radius": 0.00514537056466694, "radius error": 0.004924113540351049}}}