{"instance_id": 44, "quadrant": "TN", "true_label": 0, "prediction": 0, "prediction_correct": true, "metrics": {"cost": 1012.2133999830112, "sparsity": 0.3333333333333333, "fidelity": 0.8896782543651971, "faithfulness_gap": 0.07686503231525421, "stability": 0.9819237532453567}, "explanation": {"top_features": ["worst concave points: -0.1515", "worst area: -0.1271", "mean concave points: -0.1187", "worst perimeter: -0.0843", "worst texture: -0.0732", "area error: -0.0379", "worst radius: -0.0343", "worst concavity: -0.0287", "mean radius: -0.0191", "worst smoothness: -0.0182"], "raw_top": {"worst concave points": -0.151509106882358, "worst area": -0.12706310554155278, "mean concave points": -0.11865713437584029, "worst perimeter": -0.08427454553477341, "worst texture": -0.0732475292471161, "area error": -0.037922262361663545, "worst radius": -0.03427388374264005, "worst concavity": -0.028659871063122164, "mean radius": -0.01907484358969203, "worst smoothness": -0.018212942107206698}}}