{"instance_id": 46, "quadrant": "TN", "true_label": 0, "prediction": 0, "prediction_correct": true, "metrics": {"cost": 1003.2026000553742, "sparsity": 0.3333333333333333, "fidelity": 0.6239419957600764, "faithfulness_gap": 0.017948400229215622, "stability": 0.9665443996892702}, "explanation": {"top_features": ["worst area: -0.1594", "worst concave points: -0.1124", "worst texture: -0.1112", "worst perimeter: -0.0934", "mean concave points: -0.0662", "worst radius: -0.0441", "area error: -0.0337", "worst concavity: -0.0325", "compactness error: -0.0222", "worst symmetry: -0.0184"], "raw_top": {"worst area": -0.15940292134108663, "worst concave points": -0.11243458804849651, "worst texture": -0.11119033097198944, "worst perimeter": -0.09338389847659997, "mean concave points": -0.06624522305933038, "worst radius": -0.04413718690326664, "area error": -0.0336763765620182, "worst concavity": -0.03246776649221872, "compactness error": -0.02215847618199638, "worst symmetry": -0.018366943624749443}}}