{"instance_id": 47, "quadrant": "TP", "true_label": 1, "prediction": 1, "prediction_correct": true, "metrics": {"cost": 1001.0048999683931, "sparsity": 0.3333333333333333, "fidelity": 0.7700953010489607, "faithfulness_gap": 0.9153009653091431, "stability": 0.9923080550006664}, "explanation": {"top_features": ["worst concave points: 0.0883", "mean concave points: 0.0683", "worst area: 0.0388", "worst perimeter: 0.0294", "worst concavity: 0.0221", "area error: 0.0200", "worst radius: 0.0181", "mean radius: 0.0065", "mean smoothness: 0.0053", "worst compactness: 0.0023"], "raw_top": {"worst concave points": 0.0883102408520368, "mean concave points": 0.06829416821950922, "worst area": 0.038789482158052814, "worst perimeter": 0.02936134392134795, "worst concavity": 0.02212731763321657, "area error": 0.019995630780866244, "worst radius": 0.018105045673513582, "mean radius": 0.00652501790252173, "mean smoothness": 0.005257630602873023, "worst compactness": 0.002286683994124794}}}