{"instance_id": 49, "quadrant": "TP", "true_label": 1, "prediction": 1, "prediction_correct": true, "metrics": {"cost": 1004.1313000256196, "sparsity": 0.3333333333333333, "fidelity": 0.578470699460467, "faithfulness_gap": 0.6349507570266724, "stability": 0.9760905174433913}, "explanation": {"top_features": ["worst concave points: 0.0691", "mean concave points: 0.0578", "worst area: 0.0475", "worst perimeter: 0.0414", "area error: 0.0206", "worst concavity: 0.0184", "worst radius: 0.0154", "mean smoothness: 0.0109", "worst texture: 0.0109", "mean radius: 0.0108"], "raw_top": {"worst concave points": 0.06909074178673513, "mean concave points": 0.05781900892764476, "worst area": 0.047511025759964826, "worst perimeter": 0.04135653044527178, "area error": 0.02059242442639756, "worst concavity": 0.01836391985162234, "worst radius": 0.015408063547473157, "mean smoothness": 0.010866581284799504, "worst texture": 0.010862139367944416, "mean radius": 0.01083982497149587}}}