{"instance_id": 52, "quadrant": "TP", "true_label": 1, "prediction": 1, "prediction_correct": true, "metrics": {"cost": 1001.0571000166237, "sparsity": 0.3333333333333333, "fidelity": 0.6230456743206458, "faithfulness_gap": 0.26772695779800415, "stability": 0.9857647820790727}, "explanation": {"top_features": ["worst texture: 0.0636", "worst concave points: 0.0610", "mean concave points: 0.0517", "worst area: 0.0330", "worst perimeter: 0.0282", "worst concavity: 0.0161", "worst radius: 0.0155", "area error: 0.0150", "mean texture: 0.0122", "radius error: 0.0078"], "raw_top": {"worst texture": 0.06361015601148967, "worst concave points": 0.061023613920488905, "mean concave points": 0.05165320110357299, "worst area": 0.033044835273921276, "worst perimeter": 0.02820495386566217, "worst concavity": 0.016135785466802537, "worst radius": 0.015516936233588035, "area error": 0.015033248584876278, "mean texture": 0.012246294137968204, "radius error": 0.007774922885694924}}}