{"instance_id": 57, "quadrant": "TN", "true_label": 0, "prediction": 0, "prediction_correct": true, "metrics": {"cost": 1005.077000008896, "sparsity": 0.3333333333333333, "fidelity": 0.7482820080279478, "faithfulness_gap": 0.03184308484196663, "stability": 0.9891551108402344}, "explanation": {"top_features": ["worst concave points: -0.1383", "mean concave points: -0.1101", "worst area: -0.1068", "worst texture: -0.0989", "worst perimeter: -0.0749", "area error: -0.0584", "worst radius: -0.0315", "worst concavity: -0.0308", "worst symmetry: -0.0290", "mean radius: -0.0150"], "raw_top": {"worst concave points": -0.13829101362466598, "mean concave points": -0.11005672167357668, "worst area": -0.10677380940180463, "worst texture": -0.09893629585222351, "worst perimeter": -0.07488315185407071, "area error": -0.0583994813616684, "worst radius": -0.03153198326881264, "worst concavity": -0.030824361955050526, "worst symmetry": -0.02904930741596455, "mean radius": -0.015011824164924858}}}