{"instance_id": 61, "quadrant": "TP", "true_label": 1, "prediction": 1, "prediction_correct": true, "metrics": {"cost": 1002.3159999400377, "sparsity": 0.3333333333333333, "fidelity": 0.5617219034876779, "faithfulness_gap": 0.4719182252883911, "stability": 0.9900885190537967}, "explanation": {"top_features": ["worst texture: 0.0726", "worst concave points: 0.0556", "mean concave points: 0.0501", "worst area: 0.0314", "worst perimeter: 0.0278", "area error: 0.0208", "worst concavity: 0.0169", "mean texture: 0.0112", "mean radius: 0.0095", "worst radius: 0.0076"], "raw_top": {"worst texture": 0.07258915138480142, "worst concave points": 0.05561620237036857, "mean concave points": 0.0501352473597143, "worst area": 0.031426255195246056, "worst perimeter": 0.027778076424942733, "area error": 0.020848544161860258, "worst concavity": 0.016879557373051062, "mean texture": 0.011205542341029055, "mean radius": 0.00946424306865909, "worst radius": 0.007590700043314413}}}