{"instance_id": 64, "quadrant": "TN", "true_label": 0, "prediction": 0, "prediction_correct": true, "metrics": {"cost": 1000.8830999722704, "sparsity": 0.3333333333333333, "fidelity": 0.8790143583294647, "faithfulness_gap": 0.3414616882801056, "stability": 0.9769830668771695}, "explanation": {"top_features": ["worst concave points: -0.2867", "worst texture: -0.1597", "mean concave points: -0.1223", "worst area: -0.0412", "worst concavity: -0.0212", "worst perimeter: -0.0176", "worst symmetry: -0.0123", "mean smoothness: -0.0108", "worst smoothness: -0.0100", "worst fractal dimension: -0.0079"], "raw_top": {"worst concave points": -0.28671028554608613, "worst texture": -0.15968475390638343, "mean concave points": -0.12233578417539281, "worst area": -0.041158037061519916, "worst concavity": -0.02121112001986234, "worst perimeter": -0.017598781421694985, "worst symmetry": -0.012270763868977814, "mean smoothness": -0.010825746118727, "worst smoothness": -0.010043723834354505, "worst fractal dimension": -0.00790645340327012}}}