{"instance_id": 65, "quadrant": "TN", "true_label": 0, "prediction": 0, "prediction_correct": true, "metrics": {"cost": 1001.0248000035062, "sparsity": 0.3333333333333333, "fidelity": 0.8684148640981052, "faithfulness_gap": 0.44373297691345215, "stability": 0.9749281662766284}, "explanation": {"top_features": ["worst concave points: -0.2516", "worst area: -0.1255", "mean concave points: -0.1135", "area error: -0.0346", "worst smoothness: -0.0289", "worst concavity: -0.0283", "worst perimeter: -0.0165", "mean smoothness: -0.0141", "worst symmetry: -0.0102", "worst fractal dimension: -0.0069"], "raw_top": {"worst concave points": -0.2516383186814079, "worst area": -0.12550710620578903, "mean concave points": -0.11348954095544943, "area error": -0.03462589672357103, "worst smoothness": -0.028861897330103248, "worst concavity": -0.02831149847200582, "worst perimeter": -0.016514629670297223, "mean smoothness": -0.014120255953364514, "worst symmetry": -0.010163194629943993, "worst fractal dimension": -0.006933973021619688}}}