{"instance_id": 69, "quadrant": "TN", "true_label": 0, "prediction": 0, "prediction_correct": true, "metrics": {"cost": 1001.0057999752462, "sparsity": 0.3333333333333333, "fidelity": 0.9038955619685851, "faithfulness_gap": 0.1630689650774002, "stability": 0.9806432454746998}, "explanation": {"top_features": ["worst concave points: -0.1448", "worst area: -0.1342", "mean concave points: -0.1139", "worst perimeter: -0.1083", "worst radius: -0.0409", "worst concavity: -0.0393", "worst texture: -0.0369", "area error: -0.0279", "mean smoothness: -0.0265", "mean radius: -0.0201"], "raw_top": {"worst concave points": -0.14482822758319303, "worst area": -0.13419473597252346, "mean concave points": -0.11390709745251931, "worst perimeter": -0.10830962960317768, "worst radius": -0.04093578984916925, "worst concavity": -0.03926278168894018, "worst texture": -0.03693308800055584, "area error": -0.027874339821543134, "mean smoothness": -0.02654748731157904, "mean radius": -0.020120257545896303}}}