{"instance_id": 73, "quadrant": "TP", "true_label": 1, "prediction": 1, "prediction_correct": true, "metrics": {"cost": 1001.3821000466123, "sparsity": 0.3333333333333333, "fidelity": 0.5832711430900775, "faithfulness_gap": 0.48992496728897095, "stability": 0.9901593320740969}, "explanation": {"top_features": ["worst texture: 0.0736", "mean concave points: 0.0505", "worst concave points: 0.0505", "worst area: 0.0384", "worst perimeter: 0.0237", "area error: 0.0193", "worst concavity: 0.0163", "mean texture: 0.0128", "worst radius: 0.0096", "mean radius: 0.0089"], "raw_top": {"worst texture": 0.07358497723665103, "mean concave points": 0.050534695756085754, "worst concave points": 0.05045284638930197, "worst area": 0.038446733016553145, "worst perimeter": 0.023692003458760786, "area error": 0.019264358029807166, "worst concavity": 0.016304727507357737, "mean texture": 0.012817509466079987, "worst radius": 0.009588434374112428, "mean radius": 0.00889050746038389}}}