{"instance_id": 74, "quadrant": "TN", "true_label": 0, "prediction": 0, "prediction_correct": true, "metrics": {"cost": 1001.221299986355, "sparsity": 0.3333333333333333, "fidelity": 0.8153795349669601, "faithfulness_gap": 0.03461571782827377, "stability": 0.9915296352454853}, "explanation": {"top_features": ["worst concave points: -0.1328", "worst area: -0.1206", "mean concave points: -0.0995", "worst texture: -0.0922", "worst perimeter: -0.0896", "worst radius: -0.0509", "area error: -0.0414", "worst concavity: -0.0337", "mean radius: -0.0174", "worst symmetry: -0.0155"], "raw_top": {"worst concave points": -0.13284303438090408, "worst area": -0.12058243450637657, "mean concave points": -0.09951207110644117, "worst texture": -0.09220511732288907, "worst perimeter": -0.08963405495998182, "worst radius": -0.050880998421643196, "area error": -0.04135658017684754, "worst concavity": -0.033744065166861875, "mean radius": -0.01743204945918435, "worst symmetry": -0.015522517371380107}}}