{"instance_id": 75, "quadrant": "TN", "true_label": 0, "prediction": 0, "prediction_correct": true, "metrics": {"cost": 1006.6532000200823, "sparsity": 0.3333333333333333, "fidelity": 0.8178238857941955, "faithfulness_gap": 0.030681556090712547, "stability": 0.983204173399984}, "explanation": {"top_features": ["worst concave points: -0.1389", "mean concave points: -0.1117", "worst area: -0.1098", "worst texture: -0.0855", "worst perimeter: -0.0814", "area error: -0.0471", "worst radius: -0.0323", "mean radius: -0.0315", "radius error: -0.0282", "worst concavity: -0.0274"], "raw_top": {"worst concave points": -0.13891942866824977, "mean concave points": -0.11167974745767645, "worst area": -0.10983219909681437, "worst texture": -0.08552834458440904, "worst perimeter": -0.08142043313759156, "area error": -0.04705049975851966, "worst radius": -0.03225982793675774, "mean radius": -0.03152304124002968, "radius error": -0.02817939958862381, "worst concavity": -0.027398116550444905}}}