{"instance_id": 96, "quadrant": "TP", "true_label": 1, "prediction": 1, "prediction_correct": true, "metrics": {"cost": 1001.2851000064984, "sparsity": 0.3333333333333333, "fidelity": 0.4681266453643359, "faithfulness_gap": 0.8459880352020264, "stability": 0.974203469205627}, "explanation": {"top_features": ["worst concave points: 0.0727", "mean concave points: 0.0568", "worst perimeter: 0.0425", "worst area: 0.0396", "area error: 0.0231", "worst concavity: 0.0169", "worst radius: 0.0150", "mean radius: 0.0105", "worst symmetry: 0.0101", "worst texture: 0.0094"], "raw_top": {"worst concave points": 0.07267711203910729, "mean concave points": 0.056810146926810176, "worst perimeter": 0.04253600897071448, "worst area": 0.03958025522721257, "area error": 0.023072523207878202, "worst concavity": 0.016905269789658325, "worst radius": 0.014961125301758542, "mean radius": 0.010473218623299186, "worst symmetry": 0.010081435220168466, "worst texture": 0.009381201428251176}}}