{"instance_id": 98, "quadrant": "TN", "true_label": 0, "prediction": 0, "prediction_correct": true, "metrics": {"cost": 1001.6448999522254, "sparsity": 0.3333333333333333, "fidelity": 0.8205874754009576, "faithfulness_gap": 0.027196573093533516, "stability": 0.9807524048419892}, "explanation": {"top_features": ["worst concave points: -0.1289", "worst area: -0.1175", "mean concave points: -0.1009", "worst texture: -0.0955", "worst perimeter: -0.0855", "area error: -0.0470", "worst radius: -0.0401", "mean radius: -0.0334", "worst concavity: -0.0241", "radius error: -0.0209"], "raw_top": {"worst concave points": -0.12889009532710455, "worst area": -0.11749644985710817, "mean concave points": -0.10085421904143546, "worst texture": -0.09552885090680936, "worst perimeter": -0.08545919517247542, "area error": -0.04700055397698692, "worst radius": -0.04009591807882083, "mean radius": -0.03338267880036504, "worst concavity": -0.024088416752066976, "radius error": -0.020923839892648677}}}