{"instance_id": 105, "quadrant": "TN", "true_label": 0, "prediction": 0, "prediction_correct": true, "metrics": {"cost": 1006.4425999298692, "sparsity": 0.3333333333333333, "fidelity": 0.4177079096352768, "faithfulness_gap": 0.001932069892063737, "stability": 0.9869777847218272}, "explanation": {"top_features": ["area error: -0.0982", "worst concave points: -0.0869", "worst perimeter: -0.0683", "worst texture: -0.0675", "mean concave points: -0.0578", "worst area: -0.0445", "worst radius: -0.0368", "worst concavity: -0.0337", "mean area: -0.0249", "mean texture: -0.0215"], "raw_top": {"area error": -0.09820560691721696, "worst concave points": -0.08692846508576405, "worst perimeter": -0.06826576881893912, "worst texture": -0.0675059987572217, "mean concave points": -0.057838987778726564, "worst area": -0.04450008622274304, "worst radius": -0.0367683015291122, "worst concavity": -0.03368801981305198, "mean area": -0.024892214262659227, "mean texture": -0.02150637598445626}}}