{"instance_id": 111, "quadrant": "TN", "true_label": 0, "prediction": 0, "prediction_correct": true, "metrics": {"cost": 1001.2715999037027, "sparsity": 0.3333333333333333, "fidelity": 0.4661580109222866, "faithfulness_gap": 0.027677621692419052, "stability": 0.9749897556454015}, "explanation": {"top_features": ["worst concave points: -0.1033", "area error: -0.0916", "mean concave points: -0.0790", "worst perimeter: -0.0625", "worst area: -0.0586", "worst radius: -0.0571", "worst concavity: -0.0324", "mean area: -0.0195", "worst smoothness: -0.0194", "mean concavity: -0.0133"], "raw_top": {"worst concave points": -0.10329369467319219, "area error": -0.0916321968497798, "mean concave points": -0.07897971057716179, "worst perimeter": -0.06248808058275019, "worst area": -0.05857977507904297, "worst radius": -0.05709069102159831, "worst concavity": -0.03240344194488753, "mean area": -0.01951655996301862, "worst smoothness": -0.019410328807107063, "mean concavity": -0.013290697086331238}}}