{"instance_id": 14, "quadrant": "TN", "true_label": 0, "prediction": 0, "prediction_correct": true, "metrics": {"cost": 1048.426500055939, "sparsity": 0.3333333333333333, "fidelity": 0.23908887202131165, "faithfulness_gap": 0.001040508970618248, "stability": 0.9725261213538446}, "explanation": {"top_features": ["area error: -0.1010", "worst texture: -0.0836", "worst perimeter: -0.0827", "worst area: -0.0669", "mean concave points: -0.0429", "mean area: -0.0383", "worst concave points: -0.0377", "worst concavity: -0.0326", "worst radius: -0.0293", "worst smoothness: -0.0247"], "raw_top": {"area error": -0.10100084856024939, "worst texture": -0.08355354348764571, "worst perimeter": -0.0826883678174716, "worst area": -0.06694519245325734, "mean concave points": -0.042938990639431476, "mean area": -0.03833571668978342, "worst concave points": -0.03773799801596943, "worst concavity": -0.03257970555656484, "worst radius": -0.02931256744198659, "worst smoothness": -0.024747244334865526}}}