{"instance_id": 18, "quadrant": "TP", "true_label": 1, "prediction": 1, "prediction_correct": true, "metrics": {"cost": 1001.6206000000238, "sparsity": 0.3333333333333333, "fidelity": 0.43124851377885287, "faithfulness_gap": 0.05444216728210449, "stability": 0.9598758582792304}, "explanation": {"top_features": ["worst texture: 0.0954", "worst concave points: 0.0721", "area error: 0.0602", "worst smoothness: 0.0442", "worst perimeter: 0.0422", "mean concave points: 0.0361", "worst area: 0.0322", "worst radius: 0.0258", "worst concavity: 0.0253", "mean smoothness: 0.0224"], "raw_top": {"worst texture": 0.09544746940996614, "worst concave points": 0.07205889698380752, "area error": 0.06023362378859296, "worst smoothness": 0.04416852210405416, "worst perimeter": 0.04218062571363704, "mean concave points": 0.03606420356416612, "worst area": 0.03217583756758494, "worst radius": 0.02576003027842899, "worst concavity": 0.025346848607863487, "mean smoothness": 0.022429660480724676}}}