{"instance_id": 2, "quadrant": "TN", "true_label": 0, "prediction": 0, "prediction_correct": true, "metrics": {"cost": 1002.2653999039903, "sparsity": 0.3333333333333333, "fidelity": 0.34861850963791324, "faithfulness_gap": 0.024979453533887863, "stability": 0.8624514326323014}, "explanation": {"top_features": ["worst texture: -0.1132", "worst perimeter: -0.1091", "worst concave points: -0.0750", "mean concave points: -0.0534", "worst area: -0.0462", "area error: -0.0451", "worst smoothness: -0.0346", "mean smoothness: -0.0240", "worst concavity: -0.0220", "mean texture: -0.0165"], "raw_top": {"worst texture": -0.11318024957264719, "worst perimeter": -0.10910645880337581, "worst concave points": -0.07496765587384675, "mean concave points": -0.053359193546427715, "worst area": -0.046194400847394936, "area error": -0.04505292601479102, "worst smoothness": -0.03457255985892957, "mean smoothness": -0.024044373361845377, "worst concavity": -0.021968127080795877, "mean texture": -0.0164607770621662}}}