{"instance_id": 28, "quadrant": "TP", "true_label": 1, "prediction": 1, "prediction_correct": true, "metrics": {"cost": 1001.0733000235632, "sparsity": 0.3333333333333333, "fidelity": 0.5805933756786333, "faithfulness_gap": 0.45283663272857666, "stability": 0.9699188386602683}, "explanation": {"top_features": ["worst perimeter: 0.0754", "worst texture: 0.0723", "worst concave points: 0.0669", "area error: 0.0562", "mean concave points: 0.0524", "worst area: 0.0464", "worst radius: 0.0274", "worst concavity: 0.0262", "mean area: 0.0194", "worst smoothness: 0.0150"], "raw_top": {"worst perimeter": 0.07541528422319406, "worst texture": 0.07230913676923736, "worst concave points": 0.06686349655628711, "area error": 0.056169216569192826, "mean concave points": 0.0524268518482606, "worst area": 0.046396534597736655, "worst radius": 0.02735321682017615, "worst concavity": 0.02616708976889477, "mean area": 0.019394383248618908, "worst smoothness": 0.014995211504515271}}}