{"instance_id": 3, "quadrant": "FN", "true_label": 1, "prediction": 0, "prediction_correct": false, "metrics": {"cost": 1001.098999986425, "sparsity": 0.3333333333333333, "fidelity": 0.4563981449216149, "faithfulness_gap": 0.29830026626586914, "stability": 0.6530423031500687}, "explanation": {"top_features": ["worst perimeter: -0.1448", "mean concave points: -0.0866", "worst concavity: 0.0678", "mean area: -0.0643", "worst radius: -0.0530", "worst concave points: 0.0484", "worst area: -0.0422", "worst texture: -0.0315", "area error: -0.0238", "mean smoothness: -0.0177"], "raw_top": {"worst perimeter": -0.1448023599103604, "mean concave points": -0.08657810424711065, "worst concavity": 0.06781062869291786, "mean area": -0.06434833479727856, "worst radius": -0.05298325525631389, "worst concave points": 0.04840102083918418, "worst area": -0.042150228767231394, "worst texture": -0.03153538089802689, "area error": -0.0237717905765439, "mean smoothness": -0.01768663583448446}}}