{"instance_id": 34, "quadrant": "TN", "true_label": 0, "prediction": 0, "prediction_correct": true, "metrics": {"cost": 1001.4032999752089, "sparsity": 0.3333333333333333, "fidelity": 0.4612953090520559, "faithfulness_gap": 0.004073131829500198, "stability": 0.9742345301663011}, "explanation": {"top_features": ["area error: -0.0874", "mean concave points: -0.0818", "worst perimeter: -0.0778", "worst area: -0.0684", "worst concave points: -0.0654", "worst texture: -0.0423", "worst radius: -0.0327", "worst concavity: -0.0306", "mean area: -0.0271", "worst smoothness: -0.0269"], "raw_top": {"area error": -0.08741097778249024, "mean concave points": -0.0818260423693157, "worst perimeter": -0.07776168889579245, "worst area": -0.06844644938280516, "worst concave points": -0.0653686282564492, "worst texture": -0.04230769171935876, "worst radius": -0.03265687272240588, "worst concavity": -0.03057674844528786, "mean area": -0.02707735668520983, "worst smoothness": -0.026935239518561915}}}