{"instance_id": 39, "quadrant": "TN", "true_label": 0, "prediction": 0, "prediction_correct": true, "metrics": {"cost": 1001.4064999995753, "sparsity": 0.3333333333333333, "fidelity": 0.4060608119817576, "faithfulness_gap": 0.000507281394675374, "stability": 0.9750735669623922}, "explanation": {"top_features": ["area error: -0.0904", "worst perimeter: -0.0893", "worst area: -0.0649", "worst texture: -0.0627", "mean concave points: -0.0596", "worst concave points: -0.0569", "mean area: -0.0343", "worst radius: -0.0330", "worst concavity: -0.0310", "worst smoothness: -0.0185"], "raw_top": {"area error": -0.09036438109729437, "worst perimeter": -0.08932301957375945, "worst area": -0.06486329691594758, "worst texture": -0.06272705320841916, "mean concave points": -0.05960823947553254, "worst concave points": -0.05685894264012803, "mean area": -0.03431742296554161, "worst radius": -0.03296766615942429, "worst concavity": -0.03096160146543948, "worst smoothness": -0.01853155471737744}}}