{"instance_id": 46, "quadrant": "TP", "true_label": 1, "prediction": 1, "prediction_correct": true, "metrics": {"cost": 1001.4858999056742, "sparsity": 0.3333333333333333, "fidelity": 0.5291176736707871, "faithfulness_gap": 0.02961742877960205, "stability": 0.9787793201529514}, "explanation": {"top_features": ["worst texture: 0.0804", "worst concave points: 0.0704", "worst perimeter: 0.0648", "area error: 0.0541", "worst area: 0.0467", "mean concave points: 0.0426", "worst concavity: 0.0292", "worst smoothness: 0.0287", "worst radius: 0.0198", "mean smoothness: 0.0196"], "raw_top": {"worst texture": 0.08043626856249256, "worst concave points": 0.07043981818193179, "worst perimeter": 0.06482250336110476, "area error": 0.05406827234039509, "worst area": 0.04674092517547317, "mean concave points": 0.04255315574090318, "worst concavity": 0.029212999646439072, "worst smoothness": 0.028676757326485287, "worst radius": 0.019776633602131194, "mean smoothness": 0.019648302297523457}}}