{"instance_id": 5, "quadrant": "TP", "true_label": 1, "prediction": 1, "prediction_correct": true, "metrics": {"cost": 1001.6471999697387, "sparsity": 0.3333333333333333, "fidelity": 0.648267339833189, "faithfulness_gap": 0.32512491941452026, "stability": 0.9365414803112091}, "explanation": {"top_features": ["area error: 0.0980", "worst concave points: 0.0724", "mean concave points: 0.0510", "worst perimeter: 0.0450", "worst texture: 0.0392", "mean smoothness: 0.0361", "worst smoothness: 0.0338", "worst area: 0.0327", "worst concavity: 0.0293", "worst radius: 0.0192"], "raw_top": {"area error": 0.09797854479356087, "worst concave points": 0.0724308455608625, "mean concave points": 0.050963691431511866, "worst perimeter": 0.044985154986135326, "worst texture": 0.039224182631294006, "mean smoothness": 0.03612947767314997, "worst smoothness": 0.03377747972252696, "worst area": 0.032675537032225074, "worst concavity": 0.02930137354809378, "worst radius": 0.01924742640068522}}}