{"instance_id": 53, "quadrant": "FP", "true_label": 0, "prediction": 1, "prediction_correct": false, "metrics": {"cost": 1001.2168999528512, "sparsity": 0.3333333333333333, "fidelity": 0.8261771084745725, "faithfulness_gap": 0.6491492390632629, "stability": 0.7291767643248649}, "explanation": {"top_features": ["worst texture: 0.1533", "worst perimeter: -0.0678", "mean concave points: -0.0586", "area error: 0.0586", "worst concave points: 0.0440", "worst radius: 0.0358", "worst symmetry: 0.0312", "worst smoothness: -0.0310", "mean texture: 0.0264", "mean area: 0.0157"], "raw_top": {"worst texture": 0.15329105978804497, "worst perimeter": -0.06779497886000303, "mean concave points": -0.05856828139984425, "area error": 0.05855125393922468, "worst concave points": 0.04403670409933743, "worst radius": 0.0357739228739318, "worst symmetry": 0.031183395171335976, "worst smoothness": -0.031046289789317227, "mean texture": 0.02643110206351923, "mean area": 0.01574721335643202}}}