{"instance_id": 55, "quadrant": "TP", "true_label": 1, "prediction": 1, "prediction_correct": true, "metrics": {"cost": 1001.0381999891251, "sparsity": 0.3333333333333333, "fidelity": 0.5590343118934727, "faithfulness_gap": 0.4225265383720398, "stability": 0.95637762165948}, "explanation": {"top_features": ["worst texture: 0.0754", "worst perimeter: 0.0746", "worst concave points: 0.0635", "worst area: 0.0607", "area error: 0.0600", "mean concave points: 0.0509", "worst radius: 0.0343", "mean area: 0.0166", "texture error: 0.0119", "worst symmetry: 0.0093"], "raw_top": {"worst texture": 0.07536622436050952, "worst perimeter": 0.07460299807625262, "worst concave points": 0.06347877118787129, "worst area": 0.06068676964398738, "area error": 0.06001072671035218, "mean concave points": 0.0509235730486882, "worst radius": 0.03432991492162203, "mean area": 0.016598560796117087, "texture error": 0.011949338813234324, "worst symmetry": 0.009309298093511664}}}