{"instance_id": 60, "quadrant": "TP", "true_label": 1, "prediction": 1, "prediction_correct": true, "metrics": {"cost": 1010.816500056535, "sparsity": 0.3333333333333333, "fidelity": 0.5633073357499874, "faithfulness_gap": 0.6354137063026428, "stability": 0.968254845985329}, "explanation": {"top_features": ["worst concave points: 0.0843", "area error: 0.0767", "worst perimeter: 0.0743", "mean concave points: 0.0543", "worst area: 0.0401", "worst texture: 0.0378", "worst concavity: 0.0311", "worst radius: 0.0202", "worst smoothness: 0.0197", "mean area: 0.0179"], "raw_top": {"worst concave points": 0.08429331368631789, "area error": 0.07672665860157675, "worst perimeter": 0.07434385255843401, "mean concave points": 0.054310787346684375, "worst area": 0.040073962453591835, "worst texture": 0.037809816163964075, "worst concavity": 0.031060518192702967, "worst radius": 0.020158794486234376, "worst smoothness": 0.019721738835028604, "mean area": 0.017892823606237063}}}