{"instance_id": 70, "quadrant": "TP", "true_label": 1, "prediction": 1, "prediction_correct": true, "metrics": {"cost": 1001.2487999629229, "sparsity": 0.3333333333333333, "fidelity": 0.739439049530644, "faithfulness_gap": 0.47941410541534424, "stability": 0.9935884145633556}, "explanation": {"top_features": ["worst concave points: 0.1017", "worst perimeter: 0.0893", "worst area: 0.0514", "area error: 0.0494", "mean concave points: 0.0423", "worst concavity: 0.0317", "worst smoothness: 0.0290", "mean smoothness: 0.0259", "mean area: 0.0173", "worst radius: 0.0123"], "raw_top": {"worst concave points": 0.1016542416964547, "worst perimeter": 0.08931433848240096, "worst area": 0.051370904152996666, "area error": 0.049426247282615944, "mean concave points": 0.042310807512569625, "worst concavity": 0.03169671309211954, "worst smoothness": 0.028983680695723466, "mean smoothness": 0.02594566819819151, "mean area": 0.017285461240200573, "worst radius": 0.012261468096236683}}}