{"instance_id": 74, "quadrant": "TN", "true_label": 0, "prediction": 0, "prediction_correct": true, "metrics": {"cost": 1003.3777999924496, "sparsity": 0.3333333333333333, "fidelity": 0.44034387291853655, "faithfulness_gap": 0.001106961746700108, "stability": 0.968702119207662}, "explanation": {"top_features": ["worst perimeter: -0.1223", "worst area: -0.0774", "worst texture: -0.0716", "area error: -0.0626", "mean concave points: -0.0591", "worst concave points: -0.0449", "worst radius: -0.0321", "worst concavity: -0.0245", "mean smoothness: -0.0244", "worst smoothness: -0.0214"], "raw_top": {"worst perimeter": -0.12233703833079401, "worst area": -0.07735008288026048, "worst texture": -0.07156190033323649, "area error": -0.06256346952662757, "mean concave points": -0.059129355566811086, "worst concave points": -0.044923747559477145, "worst radius": -0.032143027902811414, "worst concavity": -0.02452829929608813, "mean smoothness": -0.02442554529268548, "worst smoothness": -0.021402526157942952}}}