{"instance_id": 79, "quadrant": "TP", "true_label": 1, "prediction": 1, "prediction_correct": true, "metrics": {"cost": 1001.1384000536054, "sparsity": 0.3333333333333333, "fidelity": 0.45377655492934577, "faithfulness_gap": 0.04650402069091797, "stability": 0.9188235333312585}, "explanation": {"top_features": ["worst concave points: 0.0860", "worst texture: 0.0779", "area error: 0.0631", "mean concave points: 0.0528", "worst concavity: 0.0342", "worst perimeter: 0.0330", "worst symmetry: 0.0292", "worst smoothness: 0.0287", "mean area: 0.0269", "worst radius: 0.0253"], "raw_top": {"worst concave points": 0.08600731700135973, "worst texture": 0.07793556388489169, "area error": 0.06311158545485201, "mean concave points": 0.052755686653315724, "worst concavity": 0.03419699631128293, "worst perimeter": 0.03302919740595925, "worst symmetry": 0.029235165353907036, "worst smoothness": 0.028738317567338953, "mean area": 0.026861225594908642, "worst radius": 0.025291481527388304}}}