{"instance_id": 85, "quadrant": "TP", "true_label": 1, "prediction": 1, "prediction_correct": true, "metrics": {"cost": 1001.5589999966323, "sparsity": 0.3333333333333333, "fidelity": 0.5801242382665195, "faithfulness_gap": 0.2735234498977661, "stability": 0.9349796428610011}, "explanation": {"top_features": ["area error: 0.0856", "worst texture: 0.0704", "worst concave points: 0.0601", "mean concave points: 0.0495", "worst perimeter: 0.0363", "worst area: 0.0339", "worst concavity: 0.0313", "worst radius: 0.0307", "mean smoothness: 0.0306", "worst smoothness: 0.0287"], "raw_top": {"area error": 0.08555377151215755, "worst texture": 0.0704167229577242, "worst concave points": 0.06007374385024526, "mean concave points": 0.04953160171665383, "worst perimeter": 0.03626097850400048, "worst area": 0.03385987559547618, "worst concavity": 0.03126215380722547, "worst radius": 0.030663948394092783, "mean smoothness": 0.030601203877197582, "worst smoothness": 0.02872676123754392}}}