{"instance_id": 89, "quadrant": "TP", "true_label": 1, "prediction": 1, "prediction_correct": true, "metrics": {"cost": 1001.1561000719666, "sparsity": 0.3333333333333333, "fidelity": 0.6373277156150896, "faithfulness_gap": 0.9050424695014954, "stability": 0.9189954714106607}, "explanation": {"top_features": ["worst concave points: 0.1125", "area error: 0.1065", "mean concave points: 0.0485", "worst perimeter: 0.0380", "worst concavity: 0.0322", "worst texture: 0.0278", "worst area: 0.0238", "worst radius: 0.0226", "mean area: 0.0140", "mean texture: 0.0074"], "raw_top": {"worst concave points": 0.11250826904615548, "area error": 0.10652520506466792, "mean concave points": 0.04847667049998652, "worst perimeter": 0.0380424945760536, "worst concavity": 0.032189337424423925, "worst texture": 0.027799857527832147, "worst area": 0.023759082167689516, "worst radius": 0.022640078885180354, "mean area": 0.014032607275462404, "mean texture": 0.007352560004915465}}}