{"instance_id": 97, "quadrant": "TP", "true_label": 1, "prediction": 1, "prediction_correct": true, "metrics": {"cost": 1001.116200000979, "sparsity": 0.3333333333333333, "fidelity": 0.7215703007285971, "faithfulness_gap": 0.41272616386413574, "stability": 0.9902618623523658}, "explanation": {"top_features": ["worst texture: 0.0983", "worst perimeter: 0.0759", "worst concave points: 0.0648", "area error: 0.0601", "worst area: 0.0485", "mean concave points: 0.0394", "worst concavity: 0.0237", "worst radius: 0.0188", "mean texture: 0.0152", "mean area: 0.0123"], "raw_top": {"worst texture": 0.09825857453626276, "worst perimeter": 0.07593241508283179, "worst concave points": 0.06475973436932662, "area error": 0.06006240473414656, "worst area": 0.048504630627412774, "mean concave points": 0.03936028786437048, "worst concavity": 0.02367053171659007, "worst radius": 0.018780217474105684, "mean texture": 0.015226259296898763, "mean area": 0.01227446990289871}}}