{"instance_id": 98, "quadrant": "TN", "true_label": 0, "prediction": 0, "prediction_correct": true, "metrics": {"cost": 1001.1474000057206, "sparsity": 0.3333333333333333, "fidelity": 0.37170531990819233, "faithfulness_gap": 0.00306309899315238, "stability": 0.9860625238137484}, "explanation": {"top_features": ["worst concave points: -0.0982", "worst texture: -0.0877", "area error: -0.0787", "mean concave points: -0.0545", "worst perimeter: -0.0529", "worst area: -0.0489", "worst radius: -0.0348", "worst concavity: -0.0334", "worst smoothness: -0.0326", "worst symmetry: -0.0186"], "raw_top": {"worst concave points": -0.09824425156805712, "worst texture": -0.08765877477286389, "area error": -0.07874121586802273, "mean concave points": -0.05448198797482657, "worst perimeter": -0.05291412832817081, "worst area": -0.04890805479654882, "worst radius": -0.03482868652966622, "worst concavity": -0.03344185231632712, "worst smoothness": -0.0326346770958468, "worst symmetry": -0.018612596730450903}}}