{
  "accuracy": 0.8698503791760607,
  "precision": 0.8649103545544327,
  "recall": 0.8698503791760607,
  "f1": 0.8650859358004691,
  "roc_auc": 0.9263719970801357,
  "confusion_matrix": [
    [
      7002,
      420
    ],
    [
      850,
      1486
    ]
  ]
}