{"instance_id": 0, "quadrant": "TN", "true_label": 0, "prediction": 0, "prediction_correct": true, "metrics": {"cost": 1003.741665976122, "sparsity": 1.0, "fidelity": 0.7146708663265252, "faithfulness_gap": 0.28, "stability": 0.9995364542066099}, "explanation": {"top_features": ["worst area: -0.0770", "worst concave points: -0.0743", "worst radius: -0.0658", "worst perimeter: -0.0592", "mean concave points: -0.0385", "area error: -0.0351", "mean perimeter: -0.0318", "mean concavity: -0.0289", "perimeter error: -0.0201", "worst texture: -0.0196"], "raw_top": {"worst area": -0.0770238100620918, "worst concave points": -0.07430428615945857, "worst radius": -0.06575142861460335, "worst perimeter": -0.05916214314464014, "mean concave points": -0.03848738011962269, "area error": -0.035087381433113476, "mean perimeter": -0.03184904732159339, "mean concavity": -0.028935000483179464, "perimeter error": -0.0200976190995425, "worst texture": -0.01964523798029404}}}