{"instance_id": 108, "quadrant": "TP", "true_label": 1, "prediction": 1, "prediction_correct": true, "metrics": {"cost": 1000.9399430127814, "sparsity": 0.9666666666666667, "fidelity": 0.6890381764883209, "faithfulness_gap": 0.30000000000000004, "stability": 0.9724670928835735}, "explanation": {"top_features": ["worst area: 0.0716", "worst concave points: 0.0605", "worst perimeter: 0.0584", "worst radius: 0.0518", "worst texture: 0.0415", "mean radius: 0.0272", "area error: 0.0245", "mean perimeter: 0.0241", "worst smoothness: -0.0219", "mean concave points: -0.0193"], "raw_top": {"worst area": 0.071626665845979, "worst concave points": 0.06046214176982176, "worst perimeter": 0.058449760635849085, "worst radius": 0.05180690467590466, "worst texture": 0.041544523307529745, "mean radius": 0.027163333024946043, "area error": 0.02454523774504196, "mean perimeter": 0.024113333005225286, "worst smoothness": -0.02186999957310036, "mean concave points": -0.019314761641435325}}}