{"instance_id": 15, "quadrant": "TP", "true_label": 1, "prediction": 1, "prediction_correct": true, "metrics": {"cost": 1003.7603219971061, "sparsity": 0.9666666666666667, "fidelity": 0.3599543342180043, "faithfulness_gap": 0.12, "stability": 0.7144570568368172}, "explanation": {"top_features": ["worst concave points: 0.0641", "worst concavity: 0.0357", "mean concavity: 0.0302", "mean radius: 0.0234", "area error: 0.0230", "worst smoothness: 0.0200", "worst area: 0.0180", "worst perimeter: 0.0151", "mean concave points: -0.0144", "perimeter error: 0.0141"], "raw_top": {"worst concave points": 0.06413047565962188, "worst concavity": 0.03570571357035078, "mean concavity": 0.030163809387595393, "mean radius": 0.023393333054264075, "area error": 0.0230023808038095, "worst smoothness": 0.019957142773782834, "worst area": 0.0179604764317628, "worst perimeter": 0.01505904768127948, "mean concave points": -0.014383808995480649, "perimeter error": 0.014069999796338379}}}