{"instance_id": 16, "quadrant": "TP", "true_label": 1, "prediction": 1, "prediction_correct": true, "metrics": {"cost": 1004.2489320039749, "sparsity": 1.0, "fidelity": 0.6583761367913117, "faithfulness_gap": 0.15000000000000002, "stability": 0.7204918235274288}, "explanation": {"top_features": ["worst perimeter: -0.0499", "mean concave points: 0.0492", "worst concavity: -0.0355", "worst texture: -0.0333", "worst concave points: 0.0321", "mean texture: -0.0191", "mean concavity: -0.0177", "mean area: 0.0173", "mean radius: 0.0153", "worst smoothness: 0.0140"], "raw_top": {"worst perimeter": -0.04989809449587483, "mean concave points": 0.04917618927778676, "worst concavity": -0.03548404681030661, "worst texture": -0.03333142818300985, "worst concave points": 0.03207404730492271, "mean texture": -0.019052380747161805, "mean concavity": -0.017737380648904944, "mean area": 0.017329523934749888, "mean radius": 0.015309285749681293, "worst smoothness": 0.013959999786457046}}}