{"instance_id": 18, "quadrant": "TP", "true_label": 1, "prediction": 1, "prediction_correct": true, "metrics": {"cost": 1003.7629849975929, "sparsity": 1.0, "fidelity": 0.7825306008975855, "faithfulness_gap": 0.18999999999999995, "stability": 0.9683379653551869}, "explanation": {"top_features": ["worst concave points: 0.0675", "worst area: 0.0357", "mean concave points: 0.0346", "worst perimeter: 0.0327", "worst concavity: 0.0311", "worst texture: 0.0306", "worst radius: 0.0298", "area error: 0.0233", "mean concavity: 0.0222", "worst smoothness: 0.0217"], "raw_top": {"worst concave points": 0.06746745930926408, "worst area": 0.03567642859998159, "mean concave points": 0.034555792466126146, "worst perimeter": 0.03266880969575141, "worst concavity": 0.03114150704612257, "worst texture": 0.03062761880340986, "worst radius": 0.029766745988745243, "area error": 0.023259285662788898, "mean concavity": 0.022157142720825505, "worst smoothness": 0.02171428556961473}}}