{"instance_id": 19, "quadrant": "TP", "true_label": 1, "prediction": 1, "prediction_correct": true, "metrics": {"cost": 1005.4106520256028, "sparsity": 0.9666666666666667, "fidelity": 0.8642448824086227, "faithfulness_gap": 0.26, "stability": 0.9745641947118925}, "explanation": {"top_features": ["worst area: 0.0697", "worst radius: 0.0584", "worst perimeter: 0.0518", "mean concave points: 0.0371", "mean concavity: -0.0327", "worst concavity: -0.0293", "worst concave points: 0.0273", "mean perimeter: 0.0269", "worst compactness: -0.0268", "area error: 0.0241"], "raw_top": {"worst area": 0.06968952331284527, "worst radius": 0.05835166610777378, "worst perimeter": 0.05176476128923241, "mean concave points": 0.03712714156950824, "mean concavity": -0.03266142816049978, "worst concavity": -0.029307856408995577, "worst concave points": 0.027339999818359502, "mean perimeter": 0.02689833310316317, "worst compactness": -0.026788332998985424, "area error": 0.02405047602893319}}}