{"instance_id": 25, "quadrant": "FN", "true_label": 1, "prediction": 0, "prediction_correct": false, "metrics": {"cost": 1000.8377180201933, "sparsity": 1.0, "fidelity": 0.938300946718422, "faithfulness_gap": 0.43, "stability": 0.8147552974570594}, "explanation": {"top_features": ["worst area: -0.0931", "worst radius: -0.0818", "worst perimeter: -0.0795", "mean area: -0.0429", "worst texture: 0.0415", "mean perimeter: -0.0396", "mean radius: -0.0359", "mean concavity: 0.0345", "mean texture: 0.0247", "mean concave points: 0.0152"], "raw_top": {"worst area": -0.09313047498988453, "worst radius": -0.08183714122220408, "worst perimeter": -0.07948095061117783, "mean area": -0.042931903299177065, "worst texture": 0.0415061903098831, "mean perimeter": -0.03960666602943093, "mean radius": -0.03591619024868123, "mean concavity": 0.03448857100796886, "mean texture": 0.02472285689378623, "mean concave points": 0.015238571037189104}}}