{"instance_id": 34, "quadrant": "TN", "true_label": 0, "prediction": 0, "prediction_correct": true, "metrics": {"cost": 1001.1305110529065, "sparsity": 1.0, "fidelity": 0.7609619386336961, "faithfulness_gap": 0.33, "stability": 0.9957505437891593}, "explanation": {"top_features": ["worst area: -0.0911", "worst radius: -0.0787", "worst concave points: -0.0665", "worst perimeter: -0.0636", "mean concave points: -0.0384", "area error: -0.0364", "mean perimeter: -0.0307", "mean concavity: -0.0300", "mean radius: -0.0231", "mean area: -0.0198"], "raw_top": {"worst area": -0.09107095191197004, "worst radius": -0.07872809551365208, "worst concave points": -0.06647976201580605, "worst perimeter": -0.0636366665479727, "mean concave points": -0.03841928520705551, "area error": -0.03644476192479487, "mean perimeter": -0.030683571376139297, "mean concavity": -0.029991904281196184, "mean radius": -0.023122380540007724, "mean area": -0.019777618845691906}}}