{"instance_id": 35, "quadrant": "FP", "true_label": 0, "prediction": 1, "prediction_correct": false, "metrics": {"cost": 1005.3029110422358, "sparsity": 0.9333333333333333, "fidelity": 0.9468707402765613, "faithfulness_gap": 0.23999999999999994, "stability": 0.9429443445619328}, "explanation": {"top_features": ["worst area: 0.0663", "worst perimeter: 0.0630", "worst texture: -0.0544", "worst radius: 0.0516", "worst concavity: -0.0449", "mean concave points: -0.0407", "worst smoothness: -0.0241", "mean perimeter: 0.0227", "area error: 0.0196", "mean radius: 0.0155"], "raw_top": {"worst area": 0.06630857060605194, "worst perimeter": 0.06295857011922636, "worst texture": -0.054439522913307885, "worst radius": 0.05161714228917844, "worst concavity": -0.04487809390004258, "mean concave points": -0.04068666519480758, "worst smoothness": -0.024118095121229997, "mean perimeter": 0.022710475941421462, "area error": 0.019613333102897743, "mean radius": 0.015534285304020158}}}