{"instance_id": 4, "quadrant": "TN", "true_label": 0, "prediction": 0, "prediction_correct": true, "metrics": {"cost": 1006.7131030373275, "sparsity": 1.0, "fidelity": 0.6715844229464485, "faithfulness_gap": 0.27999999999999997, "stability": 0.9985698315517286}, "explanation": {"top_features": ["worst area: -0.0782", "worst radius: -0.0688", "worst concave points: -0.0673", "worst perimeter: -0.0563", "mean concave points: -0.0421", "area error: -0.0383", "mean perimeter: -0.0351", "mean concavity: -0.0311", "radius error: -0.0238", "mean radius: -0.0236"], "raw_top": {"worst area": -0.07816809556097723, "worst radius": -0.06879142887715715, "worst concave points": -0.06734928619436686, "worst perimeter": -0.056275714351213535, "mean concave points": -0.04208690387604293, "area error": -0.03831666706129908, "mean perimeter": -0.035135476110735905, "mean concavity": -0.03108714308065828, "radius error": -0.023839285612339153, "mean radius": -0.023609047274803743}}}