{"instance_id": 49, "quadrant": "TN", "true_label": 0, "prediction": 0, "prediction_correct": true, "metrics": {"cost": 1000.9206179529428, "sparsity": 0.9666666666666667, "fidelity": 0.7229509183934727, "faithfulness_gap": 0.34, "stability": 0.9978935446829463}, "explanation": {"top_features": ["worst area: -0.0915", "worst concave points: -0.0768", "worst radius: -0.0761", "worst perimeter: -0.0652", "mean concave points: -0.0437", "area error: -0.0377", "mean perimeter: -0.0301", "mean concavity: -0.0276", "mean radius: -0.0221", "mean area: -0.0205"], "raw_top": {"worst area": -0.09152523729368113, "worst concave points": -0.07682999983953778, "worst radius": -0.07614142819540576, "worst perimeter": -0.06521761887590401, "mean concave points": -0.04372428474831395, "area error": -0.03767476195527706, "mean perimeter": -0.030139999923994763, "mean concavity": -0.02764333292725496, "mean radius": -0.022069999833474865, "mean area": -0.020480000216048212}}}