{"instance_id": 70, "quadrant": "TP", "true_label": 1, "prediction": 1, "prediction_correct": true, "metrics": {"cost": 1005.1802779780701, "sparsity": 1.0, "fidelity": 0.8096963016577151, "faithfulness_gap": 0.19999999999999996, "stability": 0.9880283203522213}, "explanation": {"top_features": ["worst concave points: 0.0697", "worst area: 0.0595", "worst texture: -0.0522", "worst perimeter: 0.0480", "worst radius: 0.0407", "mean concave points: 0.0344", "area error: 0.0289", "worst concavity: 0.0279", "worst smoothness: 0.0222", "mean concavity: 0.0215"], "raw_top": {"worst concave points": 0.06968309408403002, "worst area": 0.05947595192759764, "worst texture": -0.05215047515637707, "worst perimeter": 0.04798571357387118, "worst radius": 0.0407466665894026, "mean concave points": 0.03439714234787971, "area error": 0.028877142847632056, "worst concavity": 0.027869285278138704, "worst smoothness": 0.022186666459892878, "mean concavity": 0.021542142789985518}}}