{"instance_id": 72, "quadrant": "TP", "true_label": 1, "prediction": 1, "prediction_correct": true, "metrics": {"cost": 1005.3321650484577, "sparsity": 1.0, "fidelity": 0.771158515692387, "faithfulness_gap": 0.21999999999999997, "stability": 0.996474859019154}, "explanation": {"top_features": ["worst area: 0.0592", "worst concave points: 0.0590", "worst perimeter: 0.0435", "worst radius: 0.0383", "worst texture: 0.0319", "area error: 0.0312", "mean concave points: 0.0304", "worst concavity: 0.0272", "mean concavity: 0.0216", "mean radius: 0.0196"], "raw_top": {"worst area": 0.05917357104946859, "worst concave points": 0.05900999902456533, "worst perimeter": 0.04348285696352832, "worst radius": 0.038306428073556165, "worst texture": 0.03189380911760963, "area error": 0.031173809649189935, "mean concave points": 0.030419284687668552, "worst concavity": 0.02721904704521876, "mean concavity": 0.021567380654450973, "mean radius": 0.01956190450931899}}}