{"instance_id": 73, "quadrant": "TN", "true_label": 0, "prediction": 0, "prediction_correct": true, "metrics": {"cost": 1003.2192909857258, "sparsity": 1.0, "fidelity": 0.6941887539686413, "faithfulness_gap": 0.3, "stability": 0.9980534019285869}, "explanation": {"top_features": ["worst concave points: -0.0809", "worst area: -0.0786", "worst radius: -0.0703", "worst perimeter: -0.0566", "mean concave points: -0.0398", "area error: -0.0360", "mean perimeter: -0.0317", "mean concavity: -0.0310", "mean radius: -0.0268", "mean area: -0.0214"], "raw_top": {"worst concave points": -0.08090809550136328, "worst area": -0.0786423813435249, "worst radius": -0.07033119078609161, "worst perimeter": -0.05657976193528157, "mean concave points": -0.03978499916265719, "area error": -0.0360321432427736, "mean perimeter": -0.03167261893453542, "mean concavity": -0.030990238597732967, "mean radius": -0.026750714114750735, "mean area": -0.021371190220233986}}}