{"instance_id": 83, "quadrant": "TP", "true_label": 1, "prediction": 1, "prediction_correct": true, "metrics": {"cost": 1004.3709409656003, "sparsity": 0.9666666666666667, "fidelity": 0.6103192969543851, "faithfulness_gap": 0.15000000000000002, "stability": 0.9888151646961325}, "explanation": {"top_features": ["worst concave points: 0.0694", "worst area: 0.0589", "worst radius: 0.0472", "worst perimeter: 0.0441", "mean concave points: 0.0292", "worst concavity: 0.0246", "area error: 0.0246", "worst texture: 0.0229", "mean perimeter: 0.0216", "mean radius: 0.0204"], "raw_top": {"worst concave points": 0.06944333250634373, "worst area": 0.05893999976920895, "worst radius": 0.04723142834729515, "worst perimeter": 0.04413619009661488, "mean concave points": 0.02919952274474781, "worst concavity": 0.024629999649478124, "area error": 0.02461857124173548, "worst texture": 0.02291761885921005, "mean perimeter": 0.02159142820572015, "mean radius": 0.020356666384614072}}}