{"instance_id": 85, "quadrant": "TP", "true_label": 1, "prediction": 1, "prediction_correct": true, "metrics": {"cost": 1005.0273740198463, "sparsity": 1.0, "fidelity": 0.49233444813407, "faithfulness_gap": 0.10999999999999999, "stability": 0.9849201669779456}, "explanation": {"top_features": ["worst concave points: 0.0670", "worst area: 0.0369", "worst perimeter: 0.0368", "worst radius: 0.0364", "mean concave points: 0.0311", "worst concavity: 0.0304", "area error: 0.0303", "mean concavity: 0.0241", "worst texture: 0.0182", "mean radius: 0.0163"], "raw_top": {"worst concave points": 0.06704166585986968, "worst area": 0.03689380957279354, "worst perimeter": 0.036789762055850585, "worst radius": 0.03643642829498276, "mean concave points": 0.031055713423120322, "worst concavity": 0.03035047548211878, "area error": 0.030295000033220276, "mean concavity": 0.024101190402288922, "worst texture": 0.018161428211606108, "mean radius": 0.016295952373184264}}}