{"instance_id": 86, "quadrant": "TP", "true_label": 1, "prediction": 1, "prediction_correct": true, "metrics": {"cost": 1003.6251420387998, "sparsity": 1.0, "fidelity": 0.6182766145193888, "faithfulness_gap": 0.27, "stability": 0.9687857882172891}, "explanation": {"top_features": ["worst concave points: 0.0694", "worst area: 0.0450", "worst perimeter: 0.0378", "worst concavity: 0.0356", "worst radius: 0.0350", "mean concavity: 0.0304", "mean concave points: 0.0282", "area error: 0.0271", "worst texture: 0.0198", "smoothness error: -0.0172"], "raw_top": {"worst concave points": 0.06938476119714324, "worst area": 0.04503468237584457, "worst perimeter": 0.03783285690296907, "worst concavity": 0.03555904704844579, "worst radius": 0.03498563472297974, "mean concavity": 0.030391825317346955, "mean concave points": 0.02823618977679871, "area error": 0.027142539507476613, "worst texture": 0.019791904435260223, "smoothness error": -0.01722388872993179}}}