{"instance_id": 93, "quadrant": "TN", "true_label": 0, "prediction": 0, "prediction_correct": true, "metrics": {"cost": 1004.9376239767298, "sparsity": 0.9666666666666667, "fidelity": 0.8422343787840962, "faithfulness_gap": 0.42000000000000004, "stability": 0.9808787911474418}, "explanation": {"top_features": ["worst area: -0.1133", "worst radius: -0.0895", "worst perimeter: -0.0700", "mean concave points: -0.0421", "mean radius: -0.0355", "area error: -0.0323", "mean area: -0.0313", "worst concave points: -0.0294", "mean perimeter: -0.0273", "mean concavity: -0.0234"], "raw_top": {"worst area": -0.11334428416914306, "worst radius": -0.0895457139890641, "worst perimeter": -0.06996523788955528, "mean concave points": -0.04207238000759389, "mean radius": -0.03546666610520333, "area error": -0.032285714352619836, "mean area": -0.0312533327989513, "worst concave points": -0.02944428509508725, "mean perimeter": -0.027320952435256913, "mean concavity": -0.02336476147698704}}}