{"instance_id": 94, "quadrant": "TN", "true_label": 0, "prediction": 0, "prediction_correct": true, "metrics": {"cost": 1005.8093830011785, "sparsity": 0.9666666666666667, "fidelity": 0.6710169443469682, "faithfulness_gap": 0.3, "stability": 0.9979232078447055}, "explanation": {"top_features": ["worst area: -0.0793", "worst concave points: -0.0775", "worst radius: -0.0714", "worst perimeter: -0.0561", "mean concave points: -0.0422", "mean concavity: -0.0317", "area error: -0.0312", "mean perimeter: -0.0288", "mean radius: -0.0239", "mean area: -0.0212"], "raw_top": {"worst area": -0.07932095258613117, "worst concave points": -0.07754000013635959, "worst radius": -0.07141476220625918, "worst perimeter": -0.05612976236268878, "mean concave points": -0.04223404650751036, "mean concavity": -0.03171071422926616, "area error": -0.031217381396563725, "mean perimeter": -0.028754285413888282, "mean radius": -0.023939047604217195, "mean area": -0.021186904958449305}}}