{"instance_id": 2060, "quadrant": "TP", "true_label": 1, "prediction": 1, "prediction_correct": true, "metrics": {"cost": 3019.748900005652, "sparsity": 0.027777777777777776, "fidelity": 0.20626914788401654, "faithfulness_gap": 0.09979454538439236, "cf_sensitivity": 0.0, "stability": 0.5916652958795003}, "explanation": {"top_features": ["education-num: 3.5339", "hours-per-week: 3.0366", "fnlwgt: 1.3022", "age: 0.0000", "capital-gain: 0.0000", "capital-loss: 0.0000", "workclass_Federal-gov: 0.0000", "workclass_Local-gov: 0.0000", "workclass_Never-worked: 0.0000", "workclass_Private: 0.0000"], "raw_top": {"education-num": 3.53391636495466, "hours-per-week": 3.036604187988399, "fnlwgt": 1.3022309550368285, "age": 0.0, "capital-gain": 0.0, "capital-loss": 0.0, "workclass_Federal-gov": 0.0, "workclass_Local-gov": 0.0, "workclass_Never-worked": 0.0, "workclass_Private": 0.0}}}