{"instance_id": 100, "quadrant": "TP", "true_label": 1, "prediction": 1, "prediction_correct": true, "metrics": {"cost": 1001.0790590004035, "sparsity": 0.9344262295081968, "fidelity": 0.715532582662332, "faithfulness_gap": 0.08999999999999997, "stability": 0.9899658596773587}, "explanation": {"top_features": ["checking_status_no checking: 0.0497", "duration: 0.0356", "employment_unemployed: -0.0351", "checking_status_<0: 0.0239", "job_high qualif/self emp/mgmt: -0.0229", "credit_history_critical/other existing credit: 0.0220", "checking_status_0<=X<200: 0.0169", "savings_status_<100: -0.0149", "credit_amount: 0.0129", "installment_commitment: 0.0124"], "raw_top": {"checking_status_no checking": 0.0496502577434876, "duration": 0.035551846668313375, "employment_unemployed": -0.035114920597006855, "checking_status_<0": 0.02389595174285205, "job_high qualif/self emp/mgmt": -0.022862518093679684, "credit_history_critical/other existing credit": 0.02195126835249539, "checking_status_0<=X<200": 0.016934703704337153, "savings_status_<100": -0.014887380535274133, "credit_amount": 0.01294278485540417, "installment_commitment": 0.01239891020025425}}}