{"instance_id": 101, "quadrant": "FP", "true_label": 0, "prediction": 1, "prediction_correct": false, "metrics": {"cost": 1000.9714880006868, "sparsity": 0.9016393442622951, "fidelity": 0.8279057597408134, "faithfulness_gap": 0.17000000000000004, "stability": 0.9915625361767563}, "explanation": {"top_features": ["purpose_used car: 0.0795", "checking_status_<0: -0.0793", "credit_amount: -0.0672", "duration: -0.0572", "checking_status_no checking: -0.0570", "age: -0.0308", "savings_status_<100: -0.0292", "num_dependents: 0.0175", "employment_1<=X<4: 0.0143", "installment_commitment: 0.0143"], "raw_top": {"purpose_used car": 0.07946503425850096, "checking_status_<0": -0.07934439255543112, "credit_amount": -0.06720632755685983, "duration": -0.057198332135194506, "checking_status_no checking": -0.057021888702693105, "age": -0.03084404019984504, "savings_status_<100": -0.029227849143426285, "num_dependents": 0.017522178735625858, "employment_1<=X<4": 0.014319603032490705, "installment_commitment": 0.014300338795073912}}}