{"instance_id": 107, "quadrant": "TP", "true_label": 1, "prediction": 1, "prediction_correct": true, "metrics": {"cost": 1013.410114999715, "sparsity": 0.8852459016393442, "fidelity": 0.8305417691790151, "faithfulness_gap": 0.19999999999999996, "stability": 0.9925910690368234}, "explanation": {"top_features": ["checking_status_no checking: 0.0555", "duration: 0.0438", "savings_status_<100: 0.0209", "checking_status_<0: 0.0191", "credit_amount: 0.0184", "installment_commitment: 0.0131", "age: 0.0096", "property_magnitude_real estate: 0.0090", "employment_<1: 0.0073", "checking_status_0<=X<200: 0.0073"], "raw_top": {"checking_status_no checking": 0.055536715077814734, "duration": 0.043795374276342044, "savings_status_<100": 0.020870172111390275, "checking_status_<0": 0.019128332911604956, "credit_amount": 0.018443888652045645, "installment_commitment": 0.01307546137423742, "age": 0.009569141614647378, "property_magnitude_real estate": 0.00901398240666822, "employment_<1": 0.007276111120008863, "checking_status_0<=X<200": 0.007270945090640453}}}