{"instance_id": 110, "quadrant": "TP", "true_label": 1, "prediction": 1, "prediction_correct": true, "metrics": {"cost": 1001.0451839998495, "sparsity": 0.9016393442622951, "fidelity": 0.7137301185863957, "faithfulness_gap": 0.13, "stability": 0.9658115181986555}, "explanation": {"top_features": ["checking_status_no checking: 0.0579", "duration: 0.0335", "age: -0.0319", "housing_own: -0.0284", "checking_status_<0: 0.0230", "credit_amount: 0.0219", "savings_status_<100: -0.0200", "housing_rent: -0.0198", "credit_history_critical/other existing credit: -0.0156", "job_unskilled resident: -0.0138"], "raw_top": {"checking_status_no checking": 0.05792261656261871, "duration": 0.03347151542257052, "age": -0.03189598744576869, "housing_own": -0.02840464614485427, "checking_status_<0": 0.02300378003390506, "credit_amount": 0.021888217315599832, "savings_status_<100": -0.020042827503275476, "housing_rent": -0.01980682496634472, "credit_history_critical/other existing credit": -0.015648246471246238, "job_unskilled resident": -0.01378105338700152}}}