{"instance_id": 113, "quadrant": "TP", "true_label": 1, "prediction": 1, "prediction_correct": true, "metrics": {"cost": 1001.0311030000594, "sparsity": 0.8852459016393442, "fidelity": 0.38148329620504984, "faithfulness_gap": 0.030000000000000027, "stability": 0.9538788110487628}, "explanation": {"top_features": ["checking_status_no checking: -0.0350", "checking_status_<0: 0.0322", "age: 0.0320", "savings_status_<100: -0.0254", "purpose_repairs: -0.0228", "employment_unemployed: -0.0217", "residence_since: 0.0216", "credit_amount: 0.0213", "installment_commitment: 0.0158", "checking_status_0<=X<200: -0.0145"], "raw_top": {"checking_status_no checking": -0.034977055066628966, "checking_status_<0": 0.03220936439311117, "age": 0.03198277637737192, "savings_status_<100": -0.025374522689235166, "purpose_repairs": -0.02281421362557012, "employment_unemployed": -0.02172880227499263, "residence_since": 0.02158794362880144, "credit_amount": 0.021333967884766027, "installment_commitment": 0.015819213499980833, "checking_status_0<=X<200": -0.014479530905155115}}}