{"instance_id": 118, "quadrant": "TN", "true_label": 0, "prediction": 0, "prediction_correct": true, "metrics": {"cost": 1000.844109999889, "sparsity": 0.9016393442622951, "fidelity": 0.8352633331341334, "faithfulness_gap": 0.35000000000000003, "stability": 0.9943035035411208}, "explanation": {"top_features": ["checking_status_<0: -0.0851", "credit_amount: -0.0578", "credit_history_all paid: -0.0494", "checking_status_no checking: -0.0412", "savings_status_<100: -0.0332", "age: 0.0331", "employment_<1: -0.0280", "residence_since: 0.0216", "installment_commitment: 0.0147", "credit_history_critical/other existing credit: -0.0116"], "raw_top": {"checking_status_<0": -0.08506961449344999, "credit_amount": -0.05778437980106901, "credit_history_all paid": -0.04935997136723017, "checking_status_no checking": -0.0412075886403818, "savings_status_<100": -0.03324206280720318, "age": 0.0330831258832859, "employment_<1": -0.028009848515748673, "residence_since": 0.021618760988026224, "installment_commitment": 0.014666199624667798, "credit_history_critical/other existing credit": -0.01159984592971341}}}