{"instance_id": 122, "quadrant": "TP", "true_label": 1, "prediction": 1, "prediction_correct": true, "metrics": {"cost": 1000.594989000092, "sparsity": 0.9180327868852459, "fidelity": 0.8195290055826815, "faithfulness_gap": 0.14, "stability": 0.9911498885631417}, "explanation": {"top_features": ["checking_status_no checking: 0.0737", "checking_status_<0: 0.0344", "age: 0.0224", "purpose_new car: -0.0186", "credit_amount: 0.0185", "savings_status_<100: -0.0162", "residence_since: 0.0146", "own_telephone_none: 0.0122", "checking_status_0<=X<200: 0.0112", "duration: 0.0109"], "raw_top": {"checking_status_no checking": 0.07373450844117542, "checking_status_<0": 0.03444913332280521, "age": 0.022424480070721984, "purpose_new car": -0.01855916049319603, "credit_amount": 0.018506495324768366, "savings_status_<100": -0.016217755623474658, "residence_since": 0.01460806120556299, "own_telephone_none": 0.012191286294273596, "checking_status_0<=X<200": 0.011235959451178133, "duration": 0.010935168237874677}}}