{"instance_id": 134, "quadrant": "TN", "true_label": 0, "prediction": 0, "prediction_correct": true, "metrics": {"cost": 1000.9132229997704, "sparsity": 0.9180327868852459, "fidelity": 0.7959028704213714, "faithfulness_gap": 0.27, "stability": 0.9877493267317515}, "explanation": {"top_features": ["checking_status_<0: -0.1062", "checking_status_no checking: -0.0516", "duration: -0.0491", "purpose_education: -0.0437", "savings_status_<100: -0.0401", "credit_amount: -0.0378", "other_payment_plans_none: -0.0225", "property_magnitude_life insurance: 0.0199", "age: -0.0176", "credit_history_delayed previously: -0.0172"], "raw_top": {"checking_status_<0": -0.1061517378561075, "checking_status_no checking": -0.0515940465400854, "duration": -0.049075576915611235, "purpose_education": -0.04373391078053828, "savings_status_<100": -0.040058808623180085, "credit_amount": -0.037754105715748665, "other_payment_plans_none": -0.02252611115612126, "property_magnitude_life insurance": 0.019937835395039655, "age": -0.0176157358796263, "credit_history_delayed previously": -0.017240259888503716}}}