{"instance_id": 141, "quadrant": "TP", "true_label": 1, "prediction": 1, "prediction_correct": true, "metrics": {"cost": 1001.1565009999686, "sparsity": 0.9016393442622951, "fidelity": 0.8586592043756563, "faithfulness_gap": 0.16999999999999993, "stability": 0.9850822866087372}, "explanation": {"top_features": ["checking_status_no checking: 0.0822", "checking_status_<0: 0.0342", "employment_<1: -0.0246", "duration: 0.0233", "credit_amount: 0.0195", "savings_status_<100: -0.0193", "purpose_radio/tv: 0.0192", "installment_commitment: -0.0179", "credit_history_critical/other existing credit: -0.0134", "checking_status_0<=X<200: 0.0119"], "raw_top": {"checking_status_no checking": 0.08223358310486219, "checking_status_<0": 0.03420669492286834, "employment_<1": -0.024597394845332018, "duration": 0.023265937616542942, "credit_amount": 0.019527337219733452, "savings_status_<100": -0.019328895911003202, "purpose_radio/tv": 0.019174436482171587, "installment_commitment": -0.017853816337210445, "credit_history_critical/other existing credit": -0.013373376058170834, "checking_status_0<=X<200": 0.011904992657910042}}}