{"instance_id": 146, "quadrant": "TP", "true_label": 1, "prediction": 1, "prediction_correct": true, "metrics": {"cost": 1001.2149940002928, "sparsity": 0.9016393442622951, "fidelity": 0.7796040028221343, "faithfulness_gap": 0.030000000000000027, "stability": 0.9813964134758381}, "explanation": {"top_features": ["checking_status_<0: -0.0750", "credit_history_critical/other existing credit: 0.0638", "checking_status_no checking: -0.0620", "credit_amount: 0.0360", "housing_own: -0.0353", "duration: 0.0344", "installment_commitment: -0.0246", "personal_status_female div/dep/mar: -0.0239", "housing_rent: -0.0210", "age: -0.0186"], "raw_top": {"checking_status_<0": -0.07496085920432961, "credit_history_critical/other existing credit": 0.06375298984268739, "checking_status_no checking": -0.0619659284534373, "credit_amount": 0.035954341278184074, "housing_own": -0.03533754873588805, "duration": 0.03439763841661261, "installment_commitment": -0.024568766043785217, "personal_status_female div/dep/mar": -0.023900699747582622, "housing_rent": -0.02096192154001983, "age": -0.018561377969381284}}}