{"instance_id": 154, "quadrant": "TP", "true_label": 1, "prediction": 1, "prediction_correct": true, "metrics": {"cost": 1001.1832390000563, "sparsity": 0.8360655737704918, "fidelity": 0.907189580379734, "faithfulness_gap": 0.040000000000000036, "stability": 0.9896645063785136}, "explanation": {"top_features": ["purpose_education: -0.0828", "checking_status_no checking: 0.0466", "other_payment_plans_none: -0.0460", "age: 0.0452", "other_payment_plans_bank: -0.0427", "checking_status_<0: 0.0226", "credit_amount: 0.0193", "savings_status_<100: -0.0143", "residence_since: 0.0142", "credit_history_critical/other existing credit: -0.0125"], "raw_top": {"purpose_education": -0.08280738027498956, "checking_status_no checking": 0.04655473867805995, "other_payment_plans_none": -0.04598144920430059, "age": 0.04520521562507383, "other_payment_plans_bank": -0.04268404689584713, "checking_status_<0": 0.022556565267877887, "credit_amount": 0.019258383383103136, "savings_status_<100": -0.01426756105502136, "residence_since": 0.014175302943185671, "credit_history_critical/other existing credit": -0.012512798668612959}}}