{"instance_id": 18, "quadrant": "TP", "true_label": 1, "prediction": 1, "prediction_correct": true, "metrics": {"cost": 1000.72985099996, "sparsity": 0.9180327868852459, "fidelity": 0.814037853864115, "faithfulness_gap": 0.09999999999999998, "stability": 0.9799513538229194}, "explanation": {"top_features": ["checking_status_no checking: 0.0704", "other_payment_plans_none: -0.0488", "credit_amount: -0.0310", "checking_status_<0: 0.0310", "savings_status_<100: 0.0292", "other_payment_plans_stores: -0.0191", "savings_status_no known savings: 0.0159", "employment_4<=X<7: 0.0137", "residence_since: -0.0124", "checking_status_0<=X<200: 0.0083"], "raw_top": {"checking_status_no checking": 0.0703927102779744, "other_payment_plans_none": -0.04879207009229503, "credit_amount": -0.031010324351691453, "checking_status_<0": 0.030951976315918728, "savings_status_<100": 0.029216903518990877, "other_payment_plans_stores": -0.019143441506857924, "savings_status_no known savings": 0.0158940395450918, "employment_4<=X<7": 0.013676139740673533, "residence_since": -0.012427056194410398, "checking_status_0<=X<200": 0.008277539476384845}}}