{"instance_id": 189, "quadrant": "TN", "true_label": 0, "prediction": 0, "prediction_correct": true, "metrics": {"cost": 1000.9939219999069, "sparsity": 0.9344262295081968, "fidelity": 0.7074858218207734, "faithfulness_gap": 0.10999999999999999, "stability": 0.9978739537888575}, "explanation": {"top_features": ["checking_status_<0: -0.1146", "checking_status_no checking: -0.0587", "duration: -0.0549", "purpose_radio/tv: 0.0352", "savings_status_<100: -0.0278", "installment_commitment: -0.0197", "credit_history_critical/other existing credit: -0.0172", "credit_amount: 0.0137", "age: -0.0120", "personal_status_male single: -0.0114"], "raw_top": {"checking_status_<0": -0.1146083962357261, "checking_status_no checking": -0.05872341075093573, "duration": -0.054914501968323745, "purpose_radio/tv": 0.035247301238941875, "savings_status_<100": -0.027836572006954156, "installment_commitment": -0.01965764039582609, "credit_history_critical/other existing credit": -0.017200042797667264, "credit_amount": 0.013732770792794327, "age": -0.012029451476209943, "personal_status_male single": -0.011427849735246126}}}