{"instance_id": 197, "quadrant": "TP", "true_label": 1, "prediction": 1, "prediction_correct": true, "metrics": {"cost": 1001.2437839995982, "sparsity": 0.9180327868852459, "fidelity": 0.7106181356027533, "faithfulness_gap": 0.19000000000000006, "stability": 0.9975233874268729}, "explanation": {"top_features": ["checking_status_no checking: -0.0487", "property_magnitude_no known property: -0.0472", "credit_amount: -0.0451", "checking_status_0<=X<200: -0.0442", "purpose_used car: 0.0399", "installment_commitment: 0.0283", "savings_status_<100: 0.0245", "credit_history_critical/other existing credit: 0.0244", "personal_status_female div/dep/mar: -0.0234", "housing_rent: -0.0198"], "raw_top": {"checking_status_no checking": -0.04873608008580049, "property_magnitude_no known property": -0.04719520179058236, "credit_amount": -0.04509757561621882, "checking_status_0<=X<200": -0.04419702895057185, "purpose_used car": 0.03990986680313654, "installment_commitment": 0.02830481201120165, "savings_status_<100": 0.02445978037342684, "credit_history_critical/other existing credit": 0.02435069895343986, "personal_status_female div/dep/mar": -0.02337375363517822, "housing_rent": -0.01979502873200545}}}