{"instance_id": 21, "quadrant": "FP", "true_label": 0, "prediction": 1, "prediction_correct": false, "metrics": {"cost": 1015.0640109995948, "sparsity": 0.9180327868852459, "fidelity": 0.490872111310237, "faithfulness_gap": 0.07000000000000006, "stability": 0.9915654338159395}, "explanation": {"top_features": ["checking_status_no checking: -0.0424", "savings_status_<100: 0.0291", "savings_status_no known savings: 0.0287", "property_magnitude_no known property: -0.0273", "age: 0.0252", "credit_amount: -0.0243", "checking_status_0<=X<200: -0.0194", "installment_commitment: 0.0182", "checking_status_<0: 0.0178", "personal_status_male mar/wid: 0.0080"], "raw_top": {"checking_status_no checking": -0.042364399751058955, "savings_status_<100": 0.02906005720281428, "savings_status_no known savings": 0.028738411827325762, "property_magnitude_no known property": -0.027347777511058668, "age": 0.025165907810487623, "credit_amount": -0.024311861484229667, "checking_status_0<=X<200": -0.019410288499857417, "installment_commitment": 0.018158455442089688, "checking_status_<0": 0.01780251765774665, "personal_status_male mar/wid": 0.00801738816069701}}}