{"instance_id": 30, "quadrant": "TP", "true_label": 1, "prediction": 1, "prediction_correct": true, "metrics": {"cost": 1001.0718949997681, "sparsity": 0.9180327868852459, "fidelity": 0.8837639000037288, "faithfulness_gap": 0.07000000000000006, "stability": 0.9915367175121265}, "explanation": {"top_features": ["checking_status_no checking: 0.0636", "other_payment_plans_none: -0.0614", "property_magnitude_no known property: -0.0398", "other_payment_plans_bank: -0.0388", "age: 0.0315", "housing_own: -0.0262", "checking_status_<0: 0.0242", "credit_amount: 0.0178", "savings_status_<100: -0.0112", "purpose_new car: 0.0108"], "raw_top": {"checking_status_no checking": 0.06358136144994204, "other_payment_plans_none": -0.061415049818097034, "property_magnitude_no known property": -0.03975718587014853, "other_payment_plans_bank": -0.03876070661222002, "age": 0.031475756863947026, "housing_own": -0.026181406741243335, "checking_status_<0": 0.024164999436798097, "credit_amount": 0.01779325368517675, "savings_status_<100": -0.011165916024856415, "purpose_new car": 0.010826139771816089}}}