{"instance_id": 41, "quadrant": "TP", "true_label": 1, "prediction": 1, "prediction_correct": true, "metrics": {"cost": 1000.6482720000349, "sparsity": 0.8852459016393442, "fidelity": 0.7022862532440887, "faithfulness_gap": 0.039999999999999925, "stability": 0.9973637466937283}, "explanation": {"top_features": ["purpose_used car: 0.0583", "checking_status_no checking: 0.0540", "duration: -0.0447", "property_magnitude_no known property: -0.0228", "checking_status_<0: 0.0204", "installment_commitment: 0.0181", "checking_status_0<=X<200: 0.0149", "savings_status_<100: -0.0124", "personal_status_male single: 0.0112", "age: 0.0104"], "raw_top": {"purpose_used car": 0.05833225626960484, "checking_status_no checking": 0.05401426790649566, "duration": -0.044709112095415546, "property_magnitude_no known property": -0.0228058224425331, "checking_status_<0": 0.020420352740875388, "installment_commitment": 0.018121954970101797, "checking_status_0<=X<200": 0.014913888482096809, "savings_status_<100": -0.012411118324180279, "personal_status_male single": 0.011249920628906694, "age": 0.010428816644598556}}}