{"instance_id": 42, "quadrant": "TP", "true_label": 1, "prediction": 1, "prediction_correct": true, "metrics": {"cost": 1001.0947569999189, "sparsity": 0.8688524590163934, "fidelity": 0.5722412652571539, "faithfulness_gap": 0.08999999999999997, "stability": 0.9984044744621103}, "explanation": {"top_features": ["checking_status_no checking: 0.0412", "property_magnitude_no known property: -0.0387", "purpose_used car: 0.0288", "checking_status_<0: 0.0225", "employment_unemployed: -0.0203", "age: 0.0197", "job_high qualif/self emp/mgmt: -0.0196", "savings_status_<100: 0.0181", "savings_status_no known savings: 0.0155", "credit_amount: 0.0136"], "raw_top": {"checking_status_no checking": 0.04118055349788847, "property_magnitude_no known property": -0.03874390493949249, "purpose_used car": 0.028785508784976627, "checking_status_<0": 0.02251385941142871, "employment_unemployed": -0.020343470400557635, "age": 0.019737277450767577, "job_high qualif/self emp/mgmt": -0.019601875728385496, "savings_status_<100": 0.018133561853592255, "savings_status_no known savings": 0.015455706602542705, "credit_amount": 0.013551058130742604}}}