{"instance_id": 48, "quadrant": "FN", "true_label": 1, "prediction": 0, "prediction_correct": false, "metrics": {"cost": 1001.0308900000382, "sparsity": 0.8688524590163934, "fidelity": 0.8053534632408386, "faithfulness_gap": 0.24000000000000005, "stability": 0.9984819363821676}, "explanation": {"top_features": ["credit_amount: -0.0961", "property_magnitude_no known property: -0.0754", "checking_status_no checking: -0.0613", "purpose_education: -0.0432", "savings_status_<100: 0.0427", "duration: -0.0347", "housing_rent: -0.0201", "installment_commitment: 0.0198", "checking_status_0<=X<200: -0.0153", "employment_4<=X<7: 0.0137"], "raw_top": {"credit_amount": -0.09610046357393003, "property_magnitude_no known property": -0.07539437195542632, "checking_status_no checking": -0.06129294223914258, "purpose_education": -0.04324766206349523, "savings_status_<100": 0.042694154840028205, "duration": -0.03467259956404632, "housing_rent": -0.02006244108330975, "installment_commitment": 0.01982912473692977, "checking_status_0<=X<200": -0.015314805161906406, "employment_4<=X<7": 0.01367048101114051}}}