{"instance_id": 52, "quadrant": "TN", "true_label": 0, "prediction": 0, "prediction_correct": true, "metrics": {"cost": 1020.875819000139, "sparsity": 0.9016393442622951, "fidelity": 0.8311105512439494, "faithfulness_gap": 0.33000000000000007, "stability": 0.9966237526538048}, "explanation": {"top_features": ["checking_status_<0: -0.1326", "checking_status_no checking: -0.0738", "employment_<1: -0.0343", "credit_history_critical/other existing credit: -0.0235", "duration: -0.0226", "savings_status_<100: -0.0212", "purpose_radio/tv: 0.0176", "age: -0.0176", "installment_commitment: -0.0153", "purpose_new car: 0.0140"], "raw_top": {"checking_status_<0": -0.13261164980216564, "checking_status_no checking": -0.07384545928071021, "employment_<1": -0.034280858366328174, "credit_history_critical/other existing credit": -0.023502380494901446, "duration": -0.02260158694760321, "savings_status_<100": -0.021155381421867788, "purpose_radio/tv": 0.017640331518286985, "age": -0.017584206101510062, "installment_commitment": -0.015301507632502763, "purpose_new car": 0.013983968154680042}}}