{"instance_id": 69, "quadrant": "TP", "true_label": 1, "prediction": 1, "prediction_correct": true, "metrics": {"cost": 1001.0028920005425, "sparsity": 0.9344262295081968, "fidelity": 0.8809583588911591, "faithfulness_gap": 0.14, "stability": 0.981140339323883}, "explanation": {"top_features": ["checking_status_no checking: 0.0600", "duration: 0.0412", "purpose_new car: -0.0263", "checking_status_<0: 0.0244", "credit_amount: 0.0167", "foreign_worker_no: 0.0156", "property_magnitude_real estate: 0.0127", "property_magnitude_life insurance: 0.0112", "foreign_worker_yes: 0.0108", "residence_since: -0.0104"], "raw_top": {"checking_status_no checking": 0.05995950631884625, "duration": 0.041150843735367745, "purpose_new car": -0.026322525156137998, "checking_status_<0": 0.02442143523841878, "credit_amount": 0.016655843573516904, "foreign_worker_no": 0.015554277899354929, "property_magnitude_real estate": 0.012677618831785366, "property_magnitude_life insurance": 0.011180093570637838, "foreign_worker_yes": 0.010764256440888858, "residence_since": -0.010443607406268712}}}