{"instance_id": 75, "quadrant": "FN", "true_label": 1, "prediction": 0, "prediction_correct": false, "metrics": {"cost": 1000.6500019999294, "sparsity": 0.9016393442622951, "fidelity": 0.5334621335378594, "faithfulness_gap": 0.06000000000000005, "stability": 0.9917058616461971}, "explanation": {"top_features": ["checking_status_<0: -0.0657", "credit_history_all paid: -0.0606", "checking_status_no checking: -0.0469", "property_magnitude_no known property: -0.0460", "job_skilled: 0.0274", "other_parties_co applicant: -0.0211", "credit_history_critical/other existing credit: -0.0197", "savings_status_<100: -0.0181", "job_high qualif/self emp/mgmt: 0.0176", "credit_amount: 0.0168"], "raw_top": {"checking_status_<0": -0.06571747901682101, "credit_history_all paid": -0.06061463581124372, "checking_status_no checking": -0.04692212874890174, "property_magnitude_no known property": -0.04604789828498724, "job_skilled": 0.02743700155683996, "other_parties_co applicant": -0.02110690150788287, "credit_history_critical/other existing credit": -0.019661220179114026, "savings_status_<100": -0.018073076532891717, "job_high qualif/self emp/mgmt": 0.017585313355687048, "credit_amount": 0.016827027753906806}}}