{"instance_id": 77, "quadrant": "FN", "true_label": 1, "prediction": 0, "prediction_correct": false, "metrics": {"cost": 1001.1010220005119, "sparsity": 0.9180327868852459, "fidelity": 0.7407023216162617, "faithfulness_gap": 0.37000000000000005, "stability": 0.9948889666888812}, "explanation": {"top_features": ["purpose_education: -0.0573", "checking_status_no checking: -0.0539", "age: -0.0427", "property_magnitude_no known property: -0.0399", "employment_<1: -0.0367", "credit_history_critical/other existing credit: 0.0356", "credit_amount: -0.0271", "checking_status_0<=X<200: -0.0268", "installment_commitment: 0.0227", "savings_status_<100: -0.0210"], "raw_top": {"purpose_education": -0.05728005779503292, "checking_status_no checking": -0.05388780003707325, "age": -0.04273219269658512, "property_magnitude_no known property": -0.039851019511588676, "employment_<1": -0.0367018850056229, "credit_history_critical/other existing credit": 0.03559729347980465, "credit_amount": -0.027117900436087437, "checking_status_0<=X<200": -0.026833263107318997, "installment_commitment": 0.022655047807693337, "savings_status_<100": -0.021033780093121096}}}