{"instance_id": 81, "quadrant": "FP", "true_label": 0, "prediction": 1, "prediction_correct": false, "metrics": {"cost": 1000.8866449998095, "sparsity": 0.9016393442622951, "fidelity": 0.8272891472763096, "faithfulness_gap": 0.09999999999999998, "stability": 0.9977276226877472}, "explanation": {"top_features": ["credit_amount: -0.1136", "checking_status_<0: -0.0734", "credit_history_critical/other existing credit: 0.0604", "checking_status_no checking: -0.0589", "purpose_used car: 0.0583", "duration: -0.0553", "age: -0.0428", "savings_status_<100: -0.0379", "employment_4<=X<7: 0.0210", "residence_since: 0.0117"], "raw_top": {"credit_amount": -0.11358550681768406, "checking_status_<0": -0.07339600335231353, "credit_history_critical/other existing credit": 0.060438640335632954, "checking_status_no checking": -0.05888667421961145, "purpose_used car": 0.05828506159363314, "duration": -0.05526910964470517, "age": -0.04275575218704034, "savings_status_<100": -0.03789356832873637, "employment_4<=X<7": 0.02097131782388715, "residence_since": 0.011701111143511298}}}