{"instance_id": 86, "quadrant": "FN", "true_label": 1, "prediction": 0, "prediction_correct": false, "metrics": {"cost": 1012.8804420000961, "sparsity": 0.9344262295081968, "fidelity": 0.7734346829611183, "faithfulness_gap": 0.18999999999999995, "stability": 0.9990268085247688}, "explanation": {"top_features": ["credit_amount: -0.1081", "checking_status_<0: -0.0517", "checking_status_no checking: -0.0494", "savings_status_<100: -0.0382", "other_parties_co applicant: -0.0298", "duration: -0.0286", "purpose_other: -0.0234", "age: 0.0179", "installment_commitment: 0.0143", "credit_history_critical/other existing credit: -0.0133"], "raw_top": {"credit_amount": -0.10808381469235429, "checking_status_<0": -0.05171405002634856, "checking_status_no checking": -0.0493681421373617, "savings_status_<100": -0.038183445710092204, "other_parties_co applicant": -0.029770656760165368, "duration": -0.028579074082244915, "purpose_other": -0.023446859329487778, "age": 0.017915899116364927, "installment_commitment": 0.014337967436640611, "credit_history_critical/other existing credit": -0.013346178536439766}}}