{"instance_id": 1333, "quadrant": "FP", "true_label": 0, "prediction": 1, "prediction_correct": false, "metrics": {"cost": 34693.458479014225, "sparsity": 0.09259259259259259, "fidelity": 0.9663065123887187, "faithfulness_gap": 0.6890367304003545, "stability": 0.9668701959412884}, "explanation": {"top_features": ["education-num: 0.2267", "occupation_Exec-managerial: 0.1437", "marital-status_Married-civ-spouse: 0.1164", "relationship_Husband: 0.0485", "age: 0.0466", "education_HS-grad: 0.0206", "marital-status_Never-married: 0.0158", "fnlwgt: 0.0129", "relationship_Not-in-family: 0.0056", "hours-per-week: 0.0039"], "raw_top": {"education-num": 0.2266716917162248, "occupation_Exec-managerial": 0.14369158129019619, "marital-status_Married-civ-spouse": 0.11643197369216317, "relationship_Husband": 0.04847772261207721, "age": 0.04661204053514936, "education_HS-grad": 0.020621986960712286, "marital-status_Never-married": 0.01577749317492215, "fnlwgt": 0.012948157605731876, "relationship_Not-in-family": 0.0056081577401080095, "hours-per-week": 0.0038964394743727926}}}