{"instance_id": 1370, "quadrant": "FN", "true_label": 1, "prediction": 0, "prediction_correct": false, "metrics": {"cost": 58188.6255130521, "sparsity": 0.09259259259259259, "fidelity": 0.9406526368901821, "faithfulness_gap": 0.17231272943129178, "stability": 0.9066186712050688}, "explanation": {"top_features": ["occupation_Exec-managerial: 0.1579", "marital-status_Married-civ-spouse: 0.0639", "education-num: -0.0608", "relationship_Husband: 0.0380", "capital-gain: -0.0354", "education_HS-grad: -0.0329", "capital-loss: -0.0195", "marital-status_Never-married: 0.0123", "age: 0.0121", "education_Bachelors: -0.0072"], "raw_top": {"occupation_Exec-managerial": 0.15789345278112552, "marital-status_Married-civ-spouse": 0.06385290784312617, "education-num": -0.060794266239257065, "relationship_Husband": 0.03797830536703171, "capital-gain": -0.03536423798278644, "education_HS-grad": -0.03292144867383928, "capital-loss": -0.01953011743582573, "marital-status_Never-married": 0.012277226540190436, "age": 0.012078087439935126, "education_Bachelors": -0.007232072732977685}}}