{"instance_id": 1416, "quadrant": "TN", "true_label": 0, "prediction": 0, "prediction_correct": true, "metrics": {"cost": 35898.45970799797, "sparsity": 0.09259259259259259, "fidelity": 0.9445131168394875, "faithfulness_gap": 0.005134298928821487, "stability": 0.9611216077586556}, "explanation": {"top_features": ["marital-status_Married-civ-spouse: -0.1036", "occupation_Exec-managerial: 0.0890", "education-num: 0.0688", "relationship_Husband: -0.0484", "marital-status_Never-married: -0.0361", "relationship_Not-in-family: -0.0313", "workclass_Private: -0.0313", "capital-gain: -0.0217", "workclass_State-gov: 0.0160", "capital-loss: -0.0134"], "raw_top": {"marital-status_Married-civ-spouse": -0.10363715854333398, "occupation_Exec-managerial": 0.0889717991302695, "education-num": 0.0687608121718421, "relationship_Husband": -0.04842175963259941, "marital-status_Never-married": -0.03605214606723363, "relationship_Not-in-family": -0.03134868595311429, "workclass_Private": -0.03130195776241984, "capital-gain": -0.02172912444213668, "workclass_State-gov": 0.016028747735448254, "capital-loss": -0.013426407445377242}}}