{"instance_id": 1420, "quadrant": "TN", "true_label": 0, "prediction": 0, "prediction_correct": true, "metrics": {"cost": 38251.129076001234, "sparsity": 0.09259259259259259, "fidelity": 0.5551666118921522, "faithfulness_gap": 0.01980873374414597, "stability": 0.9609903938249079}, "explanation": {"top_features": ["marital-status_Married-civ-spouse: -0.0327", "relationship_Husband: -0.0237", "age: -0.0225", "capital-gain: -0.0171", "education-num: -0.0165", "marital-status_Never-married: -0.0147", "race_White: -0.0139", "occupation_Machine-op-inspct: -0.0139", "relationship_Own-child: -0.0106", "capital-loss: -0.0102"], "raw_top": {"marital-status_Married-civ-spouse": -0.03268513551082848, "relationship_Husband": -0.023685605563171327, "age": -0.02248699251608711, "capital-gain": -0.0171478749976149, "education-num": -0.0165097796087235, "marital-status_Never-married": -0.014654366957331294, "race_White": -0.013885796605823121, "occupation_Machine-op-inspct": -0.013852670997910757, "relationship_Own-child": -0.010567124462867162, "capital-loss": -0.010247186924410567}}}