{"instance_id": 143, "quadrant": "FP", "true_label": 0, "prediction": 1, "prediction_correct": false, "metrics": {"cost": 40403.442844050005, "sparsity": 0.09259259259259259, "fidelity": 0.9866000462097231, "faithfulness_gap": 0.7486070461977095, "stability": 0.9747143986355571}, "explanation": {"top_features": ["education-num: 0.3051", "occupation_Prof-specialty: 0.1475", "marital-status_Married-civ-spouse: 0.1024", "relationship_Husband: 0.0563", "workclass_Federal-gov: 0.0482", "fnlwgt: -0.0377", "age: -0.0354", "marital-status_Never-married: 0.0206", "relationship_Own-child: 0.0092", "education_HS-grad: 0.0057"], "raw_top": {"education-num": 0.30510967492621455, "occupation_Prof-specialty": 0.14746645301125233, "marital-status_Married-civ-spouse": 0.10237416376065261, "relationship_Husband": 0.05627446224753823, "workclass_Federal-gov": 0.04817311643248941, "fnlwgt": -0.03770328250379722, "age": -0.03535543114561611, "marital-status_Never-married": 0.02063329336929498, "relationship_Own-child": 0.009153387078476492, "education_HS-grad": 0.005740281404366887}}}