{"instance_id": 1502, "quadrant": "FP", "true_label": 0, "prediction": 1, "prediction_correct": false, "metrics": {"cost": 59331.10594301252, "sparsity": 0.09259259259259259, "fidelity": 0.9688072239755178, "faithfulness_gap": 0.7108837963091861, "stability": 0.965154698738502}, "explanation": {"top_features": ["occupation_Exec-managerial: 0.2125", "education-num: 0.1604", "marital-status_Married-civ-spouse: 0.1142", "relationship_Husband: 0.0632", "age: 0.0455", "education_HS-grad: 0.0214", "marital-status_Never-married: 0.0145", "education_Bachelors: 0.0082", "hours-per-week: 0.0077", "relationship_Own-child: 0.0072"], "raw_top": {"occupation_Exec-managerial": 0.21247251499126202, "education-num": 0.16038006948289246, "marital-status_Married-civ-spouse": 0.1141945058751685, "relationship_Husband": 0.06323368184413225, "age": 0.04551120864216184, "education_HS-grad": 0.021391687115504692, "marital-status_Never-married": 0.014496809292663579, "education_Bachelors": 0.008160353073437097, "hours-per-week": 0.007720278887169398, "relationship_Own-child": 0.00716979394756867}}}