{"instance_id": 1507, "quadrant": "FP", "true_label": 0, "prediction": 1, "prediction_correct": false, "metrics": {"cost": 34656.825441052206, "sparsity": 0.09259259259259259, "fidelity": 0.9782752799621803, "faithfulness_gap": 0.5554452511966989, "stability": 0.9900055625981002}, "explanation": {"top_features": ["capital-loss: 0.3827", "marital-status_Married-civ-spouse: 0.0843", "occupation_Craft-repair: -0.0574", "hours-per-week: 0.0574", "relationship_Husband: 0.0450", "age: 0.0414", "fnlwgt: -0.0405", "education-num: -0.0397", "workclass_Private: -0.0356", "workclass_Self-emp-not-inc: -0.0217"], "raw_top": {"capital-loss": 0.38268966302420554, "marital-status_Married-civ-spouse": 0.0842640219426308, "occupation_Craft-repair": -0.05741971111030513, "hours-per-week": 0.057379694346711224, "relationship_Husband": 0.04499900980626544, "age": 0.04138549303399016, "fnlwgt": -0.04051272985522955, "education-num": -0.03968188770600188, "workclass_Private": -0.03555384062734279, "workclass_Self-emp-not-inc": -0.02171884974396987}}}