{"instance_id": 1509, "quadrant": "TN", "true_label": 0, "prediction": 0, "prediction_correct": true, "metrics": {"cost": 59841.340365004726, "sparsity": 0.09259259259259259, "fidelity": 0.9147381838983748, "faithfulness_gap": 0.0019211461540614982, "stability": 0.9683199972560638}, "explanation": {"top_features": ["marital-status_Married-civ-spouse: -0.0836", "education-num: 0.0833", "occupation_Prof-specialty: 0.0714", "age: -0.0507", "relationship_Husband: -0.0436", "marital-status_Never-married: -0.0330", "capital-gain: -0.0238", "relationship_Not-in-family: -0.0188", "workclass_Private: -0.0164", "capital-loss: -0.0084"], "raw_top": {"marital-status_Married-civ-spouse": -0.08356384948059913, "education-num": 0.08331339788565024, "occupation_Prof-specialty": 0.07136555205704935, "age": -0.050714397915866134, "relationship_Husband": -0.04359264610696153, "marital-status_Never-married": -0.0330254747718788, "capital-gain": -0.02382265956949983, "relationship_Not-in-family": -0.018805859358674643, "workclass_Private": -0.016421524702986204, "capital-loss": -0.008403144492224762}}}