{"instance_id": 1599, "quadrant": "TP", "true_label": 1, "prediction": 1, "prediction_correct": true, "metrics": {"cost": 38928.31896900316, "sparsity": 0.09259259259259259, "fidelity": 0.9564228854542915, "faithfulness_gap": 0.640991678280922, "stability": 0.9839075835438097}, "explanation": {"top_features": ["capital-gain: 0.3126", "education-num: 0.1474", "marital-status_Married-civ-spouse: 0.0755", "age: 0.0473", "workclass_Federal-gov: 0.0471", "relationship_Husband: 0.0448", "hours-per-week: 0.0444", "marital-status_Never-married: 0.0194", "occupation_Armed-Forces: 0.0191", "relationship_Own-child: 0.0099"], "raw_top": {"capital-gain": 0.31255373021005717, "education-num": 0.14736785595836435, "marital-status_Married-civ-spouse": 0.07545187261815199, "age": 0.04729093457154993, "workclass_Federal-gov": 0.04714100458488678, "relationship_Husband": 0.044813096940807144, "hours-per-week": 0.044379186819450085, "marital-status_Never-married": 0.019440818793619752, "occupation_Armed-Forces": 0.019116621409165376, "relationship_Own-child": 0.00985338080947784}}}