{"instance_id": 1606, "quadrant": "TN", "true_label": 0, "prediction": 0, "prediction_correct": true, "metrics": {"cost": 44007.049648003886, "sparsity": 0.09259259259259259, "fidelity": 0.5628221101897958, "faithfulness_gap": 0.015099258570181295, "stability": 0.8749383430402864}, "explanation": {"top_features": ["marital-status_Married-civ-spouse: -0.0396", "occupation_Sales: 0.0274", "education-num: -0.0259", "hours-per-week: -0.0250", "relationship_Husband: -0.0204", "capital-gain: -0.0195", "capital-loss: -0.0128", "education_Bachelors: -0.0041", "sex_Female: -0.0037", "sex_Male: -0.0030"], "raw_top": {"marital-status_Married-civ-spouse": -0.039597432055524184, "occupation_Sales": 0.02736470233634965, "education-num": -0.025921793420812, "hours-per-week": -0.02503761149322629, "relationship_Husband": -0.020395608410419985, "capital-gain": -0.0195150318975365, "capital-loss": -0.01278616354552199, "education_Bachelors": -0.0040666166149763905, "sex_Female": -0.003711955112691918, "sex_Male": -0.002982246920155321}}}