{"instance_id": 1809, "quadrant": "FN", "true_label": 1, "prediction": 0, "prediction_correct": false, "metrics": {"cost": 60112.25672299042, "sparsity": 0.09259259259259259, "fidelity": 0.800310887309749, "faithfulness_gap": 0.04815207635098516, "stability": 0.8677871123754657}, "explanation": {"top_features": ["age: -0.0486", "education-num: -0.0420", "race_Asian-Pac-Islander: 0.0287", "marital-status_Married-civ-spouse: 0.0272", "capital-gain: -0.0211", "capital-loss: -0.0171", "education_Bachelors: -0.0109", "workclass_State-gov: -0.0084", "hours-per-week: -0.0058", "fnlwgt: -0.0056"], "raw_top": {"age": -0.048635869282629585, "education-num": -0.041965844388985526, "race_Asian-Pac-Islander": 0.028726526004351823, "marital-status_Married-civ-spouse": 0.02722027591381992, "capital-gain": -0.021070351532862075, "capital-loss": -0.017073604094591358, "education_Bachelors": -0.010885520146523109, "workclass_State-gov": -0.008376976706611276, "hours-per-week": -0.005799789658322366, "fnlwgt": -0.005611983737934437}}}