{"instance_id": 1869, "quadrant": "FN", "true_label": 1, "prediction": 0, "prediction_correct": false, "metrics": {"cost": 58697.08494504448, "sparsity": 0.09259259259259259, "fidelity": 0.9693117098973653, "faithfulness_gap": 0.29411095063897436, "stability": 0.9447652278192454}, "explanation": {"top_features": ["capital-gain: 0.2092", "education-num: 0.1094", "occupation_Sales: 0.0949", "marital-status_Married-civ-spouse: -0.0939", "relationship_Husband: -0.0638", "marital-status_Divorced: -0.0518", "hours-per-week: 0.0413", "relationship_Not-in-family: -0.0241", "race_Black: 0.0151", "marital-status_Never-married: 0.0137"], "raw_top": {"capital-gain": 0.20922146434306413, "education-num": 0.1093957628310285, "occupation_Sales": 0.0948772663192875, "marital-status_Married-civ-spouse": -0.09385135892671294, "relationship_Husband": -0.06382067876599085, "marital-status_Divorced": -0.051849539892271375, "hours-per-week": 0.04133515371114921, "relationship_Not-in-family": -0.0240570808844296, "race_Black": 0.015105192518200382, "marital-status_Never-married": 0.013692736152774582}}}