{"instance_id": 1877, "quadrant": "TN", "true_label": 0, "prediction": 0, "prediction_correct": true, "metrics": {"cost": 61795.956560992636, "sparsity": 0.09259259259259259, "fidelity": 0.3375764197473589, "faithfulness_gap": 0.004965416171014314, "stability": 0.9129444099601476}, "explanation": {"top_features": ["age: -0.0364", "marital-status_Married-civ-spouse: -0.0233", "relationship_Husband: -0.0146", "hours-per-week: -0.0130", "occupation_Handlers-cleaners: -0.0101", "education-num: -0.0095", "marital-status_Never-married: -0.0087", "capital-loss: -0.0054", "capital-gain: -0.0053", "education_HS-grad: -0.0041"], "raw_top": {"age": -0.036401411717135755, "marital-status_Married-civ-spouse": -0.023274186926278643, "relationship_Husband": -0.01461956694580597, "hours-per-week": -0.013043645428098972, "occupation_Handlers-cleaners": -0.010148865010674912, "education-num": -0.00951391007837613, "marital-status_Never-married": -0.008674493962629946, "capital-loss": -0.005392539007820923, "capital-gain": -0.00527903337240548, "education_HS-grad": -0.004095128393705683}}}