{"instance_id": 1889, "quadrant": "FN", "true_label": 1, "prediction": 0, "prediction_correct": false, "metrics": {"cost": 36486.39938107226, "sparsity": 0.09259259259259259, "fidelity": 0.9295148360899586, "faithfulness_gap": 0.005742026422960261, "stability": 0.7053237018021897}, "explanation": {"top_features": ["education-num: -0.0657", "marital-status_Married-civ-spouse: 0.0378", "capital-gain: -0.0319", "age: 0.0231", "capital-loss: -0.0219", "relationship_Husband: 0.0210", "education_Bachelors: -0.0155", "occupation_Adm-clerical: 0.0131", "education_HS-grad: -0.0075", "hours-per-week: -0.0055"], "raw_top": {"education-num": -0.06570851151080649, "marital-status_Married-civ-spouse": 0.03780079143299906, "capital-gain": -0.03194226310618244, "age": 0.023147317196201583, "capital-loss": -0.02186812075454336, "relationship_Husband": 0.020976023830693306, "education_Bachelors": -0.01554961166233841, "occupation_Adm-clerical": 0.013091602335754748, "education_HS-grad": -0.0074759180419866934, "hours-per-week": -0.005497305810639494}}}