{"instance_id": 1941, "quadrant": "TN", "true_label": 0, "prediction": 0, "prediction_correct": true, "metrics": {"cost": 44594.63979900465, "sparsity": 0.09259259259259259, "fidelity": 0.7620709382933422, "faithfulness_gap": 0.09300960112327183, "stability": 0.7930539032314686}, "explanation": {"top_features": ["education-num: -0.0406", "occupation_Machine-op-inspct: -0.0313", "capital-gain: -0.0303", "marital-status_Married-civ-spouse: 0.0285", "age: -0.0234", "relationship_Husband: 0.0204", "capital-loss: -0.0167", "hours-per-week: 0.0138", "education_Bachelors: -0.0078", "fnlwgt: -0.0036"], "raw_top": {"education-num": -0.04058942821441565, "occupation_Machine-op-inspct": -0.03133913512885024, "capital-gain": -0.030251969273868005, "marital-status_Married-civ-spouse": 0.02850797493624621, "age": -0.02343764566879258, "relationship_Husband": 0.020374996812311728, "capital-loss": -0.016692135358506673, "hours-per-week": 0.01378101001782473, "education_Bachelors": -0.007834949309989743, "fnlwgt": -0.003587744867288245}}}