{"instance_id": 207, "quadrant": "TN", "true_label": 0, "prediction": 0, "prediction_correct": true, "metrics": {"cost": 45495.76989799971, "sparsity": 0.09259259259259259, "fidelity": 0.9430089867997314, "faithfulness_gap": 0.09705262023030262, "stability": 0.98105047277589}, "explanation": {"top_features": ["hours-per-week: -0.2762", "education-num: 0.0908", "occupation_Prof-specialty: 0.0819", "marital-status_Married-civ-spouse: 0.0492", "age: -0.0243", "capital-gain: -0.0214", "capital-loss: -0.0207", "relationship_Husband: 0.0141", "education_HS-grad: 0.0100", "education_Bachelors: 0.0055"], "raw_top": {"hours-per-week": -0.27620908086891427, "education-num": 0.09081016475039987, "occupation_Prof-specialty": 0.08186259241950865, "marital-status_Married-civ-spouse": 0.04916117211743957, "age": -0.024305155804218014, "capital-gain": -0.02143759577727155, "capital-loss": -0.020686375557237065, "relationship_Husband": 0.0141082122174712, "education_HS-grad": 0.01003080585977567, "education_Bachelors": 0.005545794465553547}}}