{"instance_id": 2163, "quadrant": "FP", "true_label": 0, "prediction": 1, "prediction_correct": false, "metrics": {"cost": 34981.134760018904, "sparsity": 0.09259259259259259, "fidelity": 0.9850283846854636, "faithfulness_gap": 0.6084493238244107, "stability": 0.9532968360747257}, "explanation": {"top_features": ["occupation_Prof-specialty: 0.1828", "education-num: 0.1822", "marital-status_Married-civ-spouse: 0.0993", "relationship_Husband: 0.0686", "capital-gain: -0.0291", "education_Bachelors: 0.0270", "education_HS-grad: 0.0146", "marital-status_Never-married: 0.0126", "relationship_Not-in-family: 0.0085", "relationship_Own-child: 0.0076"], "raw_top": {"occupation_Prof-specialty": 0.18279848746234273, "education-num": 0.18220388802106668, "marital-status_Married-civ-spouse": 0.09934627415327087, "relationship_Husband": 0.06856430667592239, "capital-gain": -0.029067854136387128, "education_Bachelors": 0.02702583548803121, "education_HS-grad": 0.01464300773196431, "marital-status_Never-married": 0.012598653482948651, "relationship_Not-in-family": 0.008486514570538464, "relationship_Own-child": 0.007557670003167512}}}