{"instance_id": 2222, "quadrant": "TN", "true_label": 0, "prediction": 0, "prediction_correct": true, "metrics": {"cost": 46439.7413310071, "sparsity": 0.09259259259259259, "fidelity": 0.9019766929720794, "faithfulness_gap": 0.01178413863979294, "stability": 0.9602161675166326}, "explanation": {"top_features": ["marital-status_Married-civ-spouse: -0.0961", "occupation_Prof-specialty: 0.0767", "education-num: 0.0668", "relationship_Husband: -0.0462", "relationship_Own-child: -0.0389", "marital-status_Divorced: -0.0386", "workclass_Private: -0.0201", "capital-gain: -0.0188", "capital-loss: -0.0073", "hours-per-week: -0.0069"], "raw_top": {"marital-status_Married-civ-spouse": -0.0961048665551384, "occupation_Prof-specialty": 0.07672928967401552, "education-num": 0.06675919164130277, "relationship_Husband": -0.0461623537550175, "relationship_Own-child": -0.03892481638669483, "marital-status_Divorced": -0.03861585756856116, "workclass_Private": -0.020141251284154137, "capital-gain": -0.018840052500286163, "capital-loss": -0.0072927183767479645, "hours-per-week": -0.006861906369900861}}}