{"instance_id": 2268, "quadrant": "TP", "true_label": 1, "prediction": 1, "prediction_correct": true, "metrics": {"cost": 42756.40760001261, "sparsity": 0.09259259259259259, "fidelity": 0.9726765699234254, "faithfulness_gap": 0.7428439941170755, "stability": 0.9840334032465493}, "explanation": {"top_features": ["education-num: 0.2562", "occupation_Prof-specialty: 0.1186", "marital-status_Married-civ-spouse: 0.1021", "workclass_Federal-gov: 0.0810", "relationship_Husband: 0.0547", "hours-per-week: 0.0415", "marital-status_Never-married: 0.0245", "fnlwgt: 0.0165", "age: 0.0161", "education_HS-grad: 0.0125"], "raw_top": {"education-num": 0.2561792915175081, "occupation_Prof-specialty": 0.11857775920658431, "marital-status_Married-civ-spouse": 0.10208988929903169, "workclass_Federal-gov": 0.08097278506271471, "relationship_Husband": 0.05472742692875321, "hours-per-week": 0.04153056683670045, "marital-status_Never-married": 0.024524493382047832, "fnlwgt": 0.01649111109586516, "age": 0.01613691336205039, "education_HS-grad": 0.01245495248832762}}}