{"instance_id": 2417, "quadrant": "FP", "true_label": 0, "prediction": 1, "prediction_correct": false, "metrics": {"cost": 58242.74738400709, "sparsity": 0.09259259259259259, "fidelity": 0.9917183469731092, "faithfulness_gap": 0.6625991028393834, "stability": 0.9859597568542913}, "explanation": {"top_features": ["capital-loss: 0.3884", "marital-status_Married-civ-spouse: 0.0949", "hours-per-week: 0.0625", "relationship_Husband: 0.0524", "occupation_Craft-repair: -0.0449", "education-num: -0.0395", "age: 0.0319", "fnlwgt: -0.0197", "capital-gain: -0.0160", "marital-status_Never-married: 0.0156"], "raw_top": {"capital-loss": 0.3884365416940511, "marital-status_Married-civ-spouse": 0.09494290073016631, "hours-per-week": 0.06250438502027206, "relationship_Husband": 0.05241774874919819, "occupation_Craft-repair": -0.04490530744751929, "education-num": -0.03949998870570686, "age": 0.03190952460365383, "fnlwgt": -0.01972526722344533, "capital-gain": -0.01599291745272957, "marital-status_Never-married": 0.015634450326194087}}}