{"instance_id": 2425, "quadrant": "TN", "true_label": 0, "prediction": 0, "prediction_correct": true, "metrics": {"cost": 34878.504828957375, "sparsity": 0.09259259259259259, "fidelity": 0.8359988265757173, "faithfulness_gap": 0.02243281312888562, "stability": 0.7675018849970734}, "explanation": {"top_features": ["education-num: -0.0419", "occupation_Machine-op-inspct: -0.0379", "capital-gain: -0.0317", "marital-status_Married-civ-spouse: 0.0309", "relationship_Husband: 0.0196", "capital-loss: -0.0190", "education_Bachelors: -0.0070", "marital-status_Never-married: 0.0042", "fnlwgt: -0.0039", "hours-per-week: -0.0028"], "raw_top": {"education-num": -0.04191841195788812, "occupation_Machine-op-inspct": -0.03793674273374111, "capital-gain": -0.03165979306329689, "marital-status_Married-civ-spouse": 0.030949182265514397, "relationship_Husband": 0.0196422670075439, "capital-loss": -0.01896930569164573, "education_Bachelors": -0.007013951800309414, "marital-status_Never-married": 0.004176345136206128, "fnlwgt": -0.00385610601565885, "hours-per-week": -0.0028441544172920228}}}