{"instance_id": 2454, "quadrant": "FN", "true_label": 1, "prediction": 0, "prediction_correct": false, "metrics": {"cost": 38190.351961995475, "sparsity": 0.09259259259259259, "fidelity": 0.9029213018972274, "faithfulness_gap": 0.005129670089591143, "stability": 0.801780036475076}, "explanation": {"top_features": ["education-num: -0.0786", "marital-status_Married-civ-spouse: 0.0361", "capital-gain: -0.0339", "occupation_Sales: 0.0333", "relationship_Husband: 0.0285", "capital-loss: -0.0249", "workclass_Self-emp-inc: 0.0245", "education_HS-grad: -0.0216", "hours-per-week: 0.0199", "age: 0.0121"], "raw_top": {"education-num": -0.0786235789911711, "marital-status_Married-civ-spouse": 0.03612066309697287, "capital-gain": -0.033871774777657356, "occupation_Sales": 0.03332234596006792, "relationship_Husband": 0.028468346445269844, "capital-loss": -0.024860995445099603, "workclass_Self-emp-inc": 0.02445313863366692, "education_HS-grad": -0.021616735356791043, "hours-per-week": 0.019891430685822234, "age": 0.012065770014631765}}}