{"instance_id": 254, "quadrant": "TP", "true_label": 1, "prediction": 1, "prediction_correct": true, "metrics": {"cost": 37398.8663199998, "sparsity": 0.09259259259259259, "fidelity": 0.9851473638387676, "faithfulness_gap": 0.4877919789466619, "stability": 0.9474290252202654}, "explanation": {"top_features": ["occupation_Exec-managerial: 0.1841", "education-num: 0.1722", "age: -0.1082", "marital-status_Married-civ-spouse: 0.0987", "relationship_Husband: 0.0590", "capital-gain: -0.0309", "education_Bachelors: 0.0211", "education_HS-grad: 0.0191", "marital-status_Never-married: 0.0146", "relationship_Not-in-family: 0.0069"], "raw_top": {"occupation_Exec-managerial": 0.1840987324412419, "education-num": 0.17224323464168345, "age": -0.10818931053377344, "marital-status_Married-civ-spouse": 0.0987366144324971, "relationship_Husband": 0.058962190377600525, "capital-gain": -0.030857129991007582, "education_Bachelors": 0.021103731697422957, "education_HS-grad": 0.01910915859780639, "marital-status_Never-married": 0.014584312968799612, "relationship_Not-in-family": 0.006912784190743426}}}