{"instance_id": 2627, "quadrant": "TN", "true_label": 0, "prediction": 0, "prediction_correct": true, "metrics": {"cost": 44435.25935499929, "sparsity": 0.09259259259259259, "fidelity": 0.7796328253045026, "faithfulness_gap": 0.13189488136850358, "stability": 0.9292127645834931}, "explanation": {"top_features": ["age: -0.0606", "marital-status_Married-civ-spouse: -0.0380", "hours-per-week: -0.0214", "relationship_Husband: -0.0142", "capital-gain: -0.0119", "native-country_United-States: -0.0115", "relationship_Own-child: -0.0061", "marital-status_Never-married: -0.0045", "capital-loss: -0.0045", "education_Bachelors: -0.0018"], "raw_top": {"age": -0.060584367136585646, "marital-status_Married-civ-spouse": -0.037972493368640614, "hours-per-week": -0.021439020787072362, "relationship_Husband": -0.014248854754917828, "capital-gain": -0.011949515188616228, "native-country_United-States": -0.011527779889111958, "relationship_Own-child": -0.006089487604899512, "marital-status_Never-married": -0.004535094473503232, "capital-loss": -0.00450024237427497, "education_Bachelors": -0.001839648514027653}}}