{"instance_id": 2780, "quadrant": "TN", "true_label": 0, "prediction": 0, "prediction_correct": true, "metrics": {"cost": 47506.527864024974, "sparsity": 0.09259259259259259, "fidelity": 0.593150169812849, "faithfulness_gap": 0.07079576477156498, "stability": 0.8983005711752203}, "explanation": {"top_features": ["marital-status_Married-civ-spouse: -0.0414", "age: -0.0216", "education-num: -0.0192", "relationship_Husband: -0.0163", "capital-gain: -0.0156", "marital-status_Never-married: -0.0127", "capital-loss: -0.0067", "native-country_United-States: -0.0055", "hours-per-week: -0.0029", "education_Bachelors: -0.0020"], "raw_top": {"marital-status_Married-civ-spouse": -0.04135973443378896, "age": -0.021563889376642307, "education-num": -0.01915756887514886, "relationship_Husband": -0.016345371650949958, "capital-gain": -0.015560145115459882, "marital-status_Never-married": -0.012692165619952168, "capital-loss": -0.006725006102929706, "native-country_United-States": -0.0054661506956134795, "hours-per-week": -0.0028713600144294844, "education_Bachelors": -0.002025145399434769}}}