{"instance_id": 2817, "quadrant": "FN", "true_label": 1, "prediction": 0, "prediction_correct": false, "metrics": {"cost": 61437.63862992637, "sparsity": 0.09259259259259259, "fidelity": 0.8312106515205685, "faithfulness_gap": 0.0609942319304394, "stability": 0.9454613587189914}, "explanation": {"top_features": ["marital-status_Married-civ-spouse: -0.0684", "occupation_Exec-managerial: 0.0656", "relationship_Husband: -0.0304", "education-num: -0.0283", "capital-gain: -0.0222", "marital-status_Divorced: -0.0154", "relationship_Not-in-family: -0.0130", "capital-loss: -0.0105", "age: 0.0074", "hours-per-week: -0.0036"], "raw_top": {"marital-status_Married-civ-spouse": -0.06839824552025217, "occupation_Exec-managerial": 0.0655891393230246, "relationship_Husband": -0.030415879794701024, "education-num": -0.028295873543952507, "capital-gain": -0.022173194702679287, "marital-status_Divorced": -0.015416454135127544, "relationship_Not-in-family": -0.013021236780981186, "capital-loss": -0.010537634556836926, "age": 0.007391220011183669, "hours-per-week": -0.003603583447971482}}}