{"instance_id": 2830, "quadrant": "FP", "true_label": 0, "prediction": 1, "prediction_correct": false, "metrics": {"cost": 44711.42412099289, "sparsity": 0.09259259259259259, "fidelity": 0.9823497350062489, "faithfulness_gap": 0.763829717160551, "stability": 0.9801233790592031}, "explanation": {"top_features": ["education-num: 0.3142", "occupation_Prof-specialty: 0.1551", "marital-status_Married-civ-spouse: 0.0935", "relationship_Husband: 0.0465", "hours-per-week: 0.0299", "capital-gain: -0.0298", "education_Prof-school: 0.0293", "marital-status_Never-married: 0.0187", "education_HS-grad: 0.0108", "relationship_Own-child: 0.0084"], "raw_top": {"education-num": 0.31418919869108375, "occupation_Prof-specialty": 0.15505893171008686, "marital-status_Married-civ-spouse": 0.0934672566899865, "relationship_Husband": 0.04646078956587641, "hours-per-week": 0.029863952441809758, "capital-gain": -0.029753680509537306, "education_Prof-school": 0.029342923657535224, "marital-status_Never-married": 0.01868449172155008, "education_HS-grad": 0.010765247822975214, "relationship_Own-child": 0.008351523230700337}}}