{"instance_id": 2833, "quadrant": "TN", "true_label": 0, "prediction": 0, "prediction_correct": true, "metrics": {"cost": 43529.92154401727, "sparsity": 0.09259259259259259, "fidelity": 0.4648221406637353, "faithfulness_gap": 0.04300359696287597, "stability": 0.9438037981097274}, "explanation": {"top_features": ["age: -0.0401", "marital-status_Married-civ-spouse: -0.0262", "education-num: -0.0252", "hours-per-week: -0.0189", "relationship_Husband: -0.0129", "capital-gain: -0.0121", "capital-loss: -0.0069", "marital-status_Never-married: -0.0067", "workclass_Private: -0.0041", "relationship_Own-child: -0.0040"], "raw_top": {"age": -0.04014241492532632, "marital-status_Married-civ-spouse": -0.026221759854049353, "education-num": -0.025190845576753277, "hours-per-week": -0.01892827840530405, "relationship_Husband": -0.01290748981918293, "capital-gain": -0.012142417960016517, "capital-loss": -0.006946524336242393, "marital-status_Never-married": -0.0067364636851901276, "workclass_Private": -0.004070102444898822, "relationship_Own-child": -0.0039668412241546935}}}