{"instance_id": 285, "quadrant": "TP", "true_label": 1, "prediction": 1, "prediction_correct": true, "metrics": {"cost": 47397.78796999599, "sparsity": 0.09259259259259259, "fidelity": 0.9953320940589299, "faithfulness_gap": 0.7391021599597972, "stability": 0.9966115949371567}, "explanation": {"top_features": ["capital-gain: 0.5217", "marital-status_Married-civ-spouse: 0.0641", "hours-per-week: 0.0433", "relationship_Husband: 0.0255", "age: 0.0239", "fnlwgt: 0.0131", "education-num: 0.0092", "marital-status_Never-married: 0.0086", "education_HS-grad: 0.0083", "relationship_Own-child: 0.0045"], "raw_top": {"capital-gain": 0.5217222162236043, "marital-status_Married-civ-spouse": 0.06408337160723887, "hours-per-week": 0.04325833621104864, "relationship_Husband": 0.025504792920284205, "age": 0.023873160240161496, "fnlwgt": 0.013081251686641027, "education-num": 0.009213833325468896, "marital-status_Never-married": 0.008623730213759348, "education_HS-grad": 0.008348967105423894, "relationship_Own-child": 0.004455134648492454}}}