{"instance_id": 2937, "quadrant": "FP", "true_label": 0, "prediction": 1, "prediction_correct": false, "metrics": {"cost": 52311.20985199232, "sparsity": 0.09259259259259259, "fidelity": 0.9858601079199552, "faithfulness_gap": 0.6997571627425322, "stability": 0.9587813153050089}, "explanation": {"top_features": ["education-num: 0.2102", "occupation_Sales: 0.1261", "marital-status_Married-civ-spouse: 0.0856", "relationship_Husband: 0.0671", "education_Bachelors: 0.0572", "hours-per-week: 0.0359", "marital-status_Never-married: 0.0154", "education_HS-grad: 0.0086", "relationship_Own-child: 0.0045", "age: 0.0028"], "raw_top": {"education-num": 0.21016936447998014, "occupation_Sales": 0.12606350592128668, "marital-status_Married-civ-spouse": 0.08563830572154019, "relationship_Husband": 0.06712903216750457, "education_Bachelors": 0.05715081635870687, "hours-per-week": 0.0358920611970353, "marital-status_Never-married": 0.01541562937498574, "education_HS-grad": 0.008617324535727213, "relationship_Own-child": 0.004544284261978868, "age": 0.0027986439465158552}}}