{"instance_id": 3029, "quadrant": "TN", "true_label": 0, "prediction": 0, "prediction_correct": true, "metrics": {"cost": 39664.12755701458, "sparsity": 0.09259259259259259, "fidelity": 0.9283448059079034, "faithfulness_gap": 0.02355625955297677, "stability": 0.9481928465436114}, "explanation": {"top_features": ["marital-status_Married-civ-spouse: -0.0713", "occupation_Sales: 0.0595", "age: -0.0584", "education-num: 0.0572", "relationship_Husband: -0.0457", "relationship_Own-child: -0.0326", "marital-status_Never-married: -0.0303", "capital-gain: -0.0210", "education_Bachelors: 0.0197", "capital-loss: -0.0084"], "raw_top": {"marital-status_Married-civ-spouse": -0.07131588476070079, "occupation_Sales": 0.059520934307209006, "age": -0.05841811570916048, "education-num": 0.05716514933170114, "relationship_Husband": -0.04573135344939925, "relationship_Own-child": -0.03256299498764742, "marital-status_Never-married": -0.030329775800553873, "capital-gain": -0.02099073433861062, "education_Bachelors": 0.019710608736912133, "capital-loss": -0.008434282290770978}}}