{"instance_id": 3051, "quadrant": "FN", "true_label": 1, "prediction": 0, "prediction_correct": false, "metrics": {"cost": 43399.78922798764, "sparsity": 0.09259259259259259, "fidelity": 0.7723680178467188, "faithfulness_gap": 0.07956000802377895, "stability": 0.9266739315792839}, "explanation": {"top_features": ["relationship_Wife: 0.0579", "marital-status_Married-AF-spouse: 0.0513", "marital-status_Married-civ-spouse: -0.0347", "occupation_Other-service: -0.0327", "education-num: -0.0314", "relationship_Husband: -0.0230", "capital-gain: -0.0214", "capital-loss: -0.0110", "education_Bachelors: -0.0047", "age: -0.0034"], "raw_top": {"relationship_Wife": 0.05786084074741183, "marital-status_Married-AF-spouse": 0.05132138661323512, "marital-status_Married-civ-spouse": -0.034739530242891864, "occupation_Other-service": -0.032730957187682874, "education-num": -0.03137172110487407, "relationship_Husband": -0.022959872711541617, "capital-gain": -0.02140324281479695, "capital-loss": -0.010975574430680004, "education_Bachelors": -0.0046682015927157665, "age": -0.0033979947425272702}}}