{"instance_id": 3208, "quadrant": "FP", "true_label": 0, "prediction": 1, "prediction_correct": false, "metrics": {"cost": 36799.24864502391, "sparsity": 0.09259259259259259, "fidelity": 0.9625838432770549, "faithfulness_gap": 0.6284201127012146, "stability": 0.9755800382313474}, "explanation": {"top_features": ["relationship_Wife: 0.1943", "education-num: 0.1793", "hours-per-week: -0.1392", "occupation_Prof-specialty: 0.1238", "marital-status_Married-civ-spouse: 0.0850", "sex_Male: 0.0214", "sex_Female: 0.0212", "education_Bachelors: 0.0084", "education_HS-grad: 0.0081", "age: 0.0079"], "raw_top": {"relationship_Wife": 0.19432196904970903, "education-num": 0.1792999930269086, "hours-per-week": -0.13923778293424444, "occupation_Prof-specialty": 0.1238090668904719, "marital-status_Married-civ-spouse": 0.08498548555321524, "sex_Male": 0.021378818548450598, "sex_Female": 0.021186210734832525, "education_Bachelors": 0.00840275089003545, "education_HS-grad": 0.008058619237436232, "age": 0.00785363801306449}}}