{"instance_id": 3256, "quadrant": "TN", "true_label": 0, "prediction": 0, "prediction_correct": true, "metrics": {"cost": 37833.938236988615, "sparsity": 0.09259259259259259, "fidelity": 0.9419808309211464, "faithfulness_gap": 0.10501559323040896, "stability": 0.851456328163013}, "explanation": {"top_features": ["education-num: -0.0853", "marital-status_Married-civ-spouse: 0.0320", "capital-gain: -0.0314", "workclass_Self-emp-not-inc: -0.0258", "capital-loss: -0.0199", "hours-per-week: 0.0124", "age: 0.0118", "relationship_Husband: 0.0094", "workclass_Private: -0.0073", "education_HS-grad: 0.0070"], "raw_top": {"education-num": -0.08530115373889491, "marital-status_Married-civ-spouse": 0.03199776122251404, "capital-gain": -0.0314426389968163, "workclass_Self-emp-not-inc": -0.025792733899477522, "capital-loss": -0.01987295246911205, "hours-per-week": 0.012432776496280641, "age": 0.011766474442776212, "relationship_Husband": 0.009444535362402617, "workclass_Private": -0.007258325198287987, "education_HS-grad": 0.006977134264153112}}}