{"instance_id": 3258, "quadrant": "TN", "true_label": 0, "prediction": 0, "prediction_correct": true, "metrics": {"cost": 40957.657349994406, "sparsity": 0.09259259259259259, "fidelity": 0.48539682399489403, "faithfulness_gap": 0.034378679397140496, "stability": 0.9277102959821638}, "explanation": {"top_features": ["marital-status_Married-civ-spouse: -0.0340", "relationship_Husband: -0.0214", "occupation_Other-service: -0.0200", "capital-gain: -0.0173", "education-num: -0.0164", "marital-status_Separated: -0.0154", "capital-loss: -0.0091", "age: -0.0067", "hours-per-week: -0.0036", "sex_Female: -0.0027"], "raw_top": {"marital-status_Married-civ-spouse": -0.03396379675926455, "relationship_Husband": -0.02141572485158163, "occupation_Other-service": -0.020034723271540492, "capital-gain": -0.017324377200183476, "education-num": -0.016420752913554805, "marital-status_Separated": -0.015365858920463098, "capital-loss": -0.0091414524898601, "age": -0.006744485517515113, "hours-per-week": -0.0036325104211748756, "sex_Female": -0.002696643525226916}}}