{"instance_id": 3282, "quadrant": "FP", "true_label": 0, "prediction": 1, "prediction_correct": false, "metrics": {"cost": 36066.028580011334, "sparsity": 0.09259259259259259, "fidelity": 0.9921022986389352, "faithfulness_gap": 0.5444113076163554, "stability": 0.9678912573024923}, "explanation": {"top_features": ["education-num: 0.1799", "occupation_Prof-specialty: 0.1792", "relationship_Wife: 0.1608", "age: -0.1321", "marital-status_Married-civ-spouse: 0.0969", "relationship_Husband: -0.0389", "capital-gain: -0.0263", "education_Bachelors: 0.0245", "education_HS-grad: 0.0172", "marital-status_Never-married: 0.0146"], "raw_top": {"education-num": 0.1798694392331179, "occupation_Prof-specialty": 0.17916617672613047, "relationship_Wife": 0.16079165932258335, "age": -0.13213595528409625, "marital-status_Married-civ-spouse": 0.09690931503183209, "relationship_Husband": -0.03888773393445861, "capital-gain": -0.026340742336140477, "education_Bachelors": 0.024511356362451782, "education_HS-grad": 0.017204227785115257, "marital-status_Never-married": 0.014569683105761906}}}