{"instance_id": 3328, "quadrant": "TN", "true_label": 0, "prediction": 0, "prediction_correct": true, "metrics": {"cost": 35165.34603599575, "sparsity": 0.09259259259259259, "fidelity": 0.529203738764922, "faithfulness_gap": 0.020055325160221862, "stability": 0.8417109173401277}, "explanation": {"top_features": ["age: -0.0329", "marital-status_Married-civ-spouse: -0.0323", "occupation_Sales: 0.0230", "relationship_Husband: -0.0206", "education-num: -0.0186", "capital-gain: -0.0170", "capital-loss: -0.0106", "marital-status_Never-married: -0.0105", "native-country_United-States: -0.0091", "education_Bachelors: -0.0044"], "raw_top": {"age": -0.03294005259303996, "marital-status_Married-civ-spouse": -0.03234458653300214, "occupation_Sales": 0.022983971841107814, "relationship_Husband": -0.02059684115884361, "education-num": -0.018571796902512157, "capital-gain": -0.016992858052549253, "capital-loss": -0.010584864024195036, "marital-status_Never-married": -0.010456689236037322, "native-country_United-States": -0.009079049267954775, "education_Bachelors": -0.004406946535502008}}}