{"instance_id": 3475, "quadrant": "TN", "true_label": 0, "prediction": 0, "prediction_correct": true, "metrics": {"cost": 42680.927697976585, "sparsity": 0.09259259259259259, "fidelity": 0.6892038178111406, "faithfulness_gap": 0.0950616266831627, "stability": 0.9679790018005825}, "explanation": {"top_features": ["age: -0.0473", "hours-per-week: -0.0365", "marital-status_Married-civ-spouse: -0.0322", "relationship_Husband: -0.0160", "capital-gain: -0.0144", "marital-status_Never-married: -0.0086", "race_White: -0.0084", "capital-loss: -0.0080", "education-num: -0.0058", "relationship_Own-child: -0.0053"], "raw_top": {"age": -0.04728932062138795, "hours-per-week": -0.03653701581539243, "marital-status_Married-civ-spouse": -0.03222696110470733, "relationship_Husband": -0.01604235696489241, "capital-gain": -0.01435991280775519, "marital-status_Never-married": -0.008646334337311481, "race_White": -0.008397019332711272, "capital-loss": -0.007981854804227544, "education-num": -0.005765386704595651, "relationship_Own-child": -0.00527370254727394}}}