{"instance_id": 3561, "quadrant": "TP", "true_label": 1, "prediction": 1, "prediction_correct": true, "metrics": {"cost": 38518.915578002634, "sparsity": 0.09259259259259259, "fidelity": 0.8918552509035951, "faithfulness_gap": 0.6572104117893399, "stability": 0.9967363053231455}, "explanation": {"top_features": ["capital-gain: 0.3779", "education-num: 0.1161", "occupation_Prof-specialty: 0.0592", "marital-status_Married-civ-spouse: 0.0408", "age: 0.0226", "relationship_Husband: 0.0180", "workclass_Self-emp-inc: 0.0079", "education_HS-grad: 0.0054", "education_Prof-school: 0.0045", "relationship_Own-child: 0.0036"], "raw_top": {"capital-gain": 0.3778926247699907, "education-num": 0.11605888945370724, "occupation_Prof-specialty": 0.059180532873671844, "marital-status_Married-civ-spouse": 0.040760213719546655, "age": 0.022611773854983374, "relationship_Husband": 0.01798504448233455, "workclass_Self-emp-inc": 0.007858051704249708, "education_HS-grad": 0.00537200582123682, "education_Prof-school": 0.004483575573363299, "relationship_Own-child": 0.0035532912655001914}}}