{"instance_id": 3634, "quadrant": "TP", "true_label": 1, "prediction": 1, "prediction_correct": true, "metrics": {"cost": 39707.35730500019, "sparsity": 0.09259259259259259, "fidelity": 0.9752299441758859, "faithfulness_gap": 0.6920064805040436, "stability": 0.9721175229887721}, "explanation": {"top_features": ["education-num: 0.2084", "occupation_Prof-specialty: 0.1387", "marital-status_Married-civ-spouse: 0.0925", "relationship_Husband: 0.0618", "age: 0.0382", "education_Bachelors: 0.0251", "hours-per-week: 0.0196", "education_HS-grad: 0.0052", "relationship_Not-in-family: 0.0048", "marital-status_Never-married: 0.0028"], "raw_top": {"education-num": 0.20837938181204696, "occupation_Prof-specialty": 0.13873334386390015, "marital-status_Married-civ-spouse": 0.09252995714554797, "relationship_Husband": 0.061776940651381645, "age": 0.0381733804257904, "education_Bachelors": 0.025117638070529802, "hours-per-week": 0.01963371175903011, "education_HS-grad": 0.005206471164813152, "relationship_Not-in-family": 0.004757732247422308, "marital-status_Never-married": 0.0028183922276087126}}}