{"instance_id": 3642, "quadrant": "FP", "true_label": 0, "prediction": 1, "prediction_correct": false, "metrics": {"cost": 40355.57772801258, "sparsity": 0.09259259259259259, "fidelity": 0.9380734688706515, "faithfulness_gap": 0.7899250872384611, "stability": 0.9838482793188167}, "explanation": {"top_features": ["capital-loss: 0.3074", "education-num: 0.1417", "marital-status_Married-civ-spouse: 0.1102", "occupation_Prof-specialty: 0.0927", "hours-per-week: -0.0488", "relationship_Husband: 0.0425", "age: 0.0402", "relationship_Own-child: 0.0087", "fnlwgt: 0.0084", "education_HS-grad: 0.0039"], "raw_top": {"capital-loss": 0.3074337630712002, "education-num": 0.1417171166613345, "marital-status_Married-civ-spouse": 0.11022659476972788, "occupation_Prof-specialty": 0.09274168301478747, "hours-per-week": -0.048786804934244976, "relationship_Husband": 0.04250970126564021, "age": 0.04024446344454795, "relationship_Own-child": 0.008705179382761972, "fnlwgt": 0.008367251880409075, "education_HS-grad": 0.0038915560336481025}}}