{"instance_id": 3681, "quadrant": "FP", "true_label": 0, "prediction": 1, "prediction_correct": false, "metrics": {"cost": 38414.05856702477, "sparsity": 0.09259259259259259, "fidelity": 0.9631857969465697, "faithfulness_gap": 0.5342404507089094, "stability": 0.8842925106757715}, "explanation": {"top_features": ["education-num: 0.1691", "marital-status_Married-civ-spouse: 0.0881", "occupation_Protective-serv: 0.0621", "relationship_Husband: 0.0473", "education_Bachelors: 0.0437", "capital-gain: -0.0367", "marital-status_Never-married: 0.0115", "education_HS-grad: 0.0106", "workclass_Private: 0.0037", "relationship_Not-in-family: 0.0035"], "raw_top": {"education-num": 0.16905655877360143, "marital-status_Married-civ-spouse": 0.08811443073393409, "occupation_Protective-serv": 0.06213725515432587, "relationship_Husband": 0.04730250211350315, "education_Bachelors": 0.04369986199431811, "capital-gain": -0.03666628437600598, "marital-status_Never-married": 0.011548895006118566, "education_HS-grad": 0.010583409426603744, "workclass_Private": 0.003678602766879007, "relationship_Not-in-family": 0.003525765091973443}}}