{"instance_id": 3687, "quadrant": "FN", "true_label": 1, "prediction": 0, "prediction_correct": false, "metrics": {"cost": 55551.236198982224, "sparsity": 0.09259259259259259, "fidelity": 0.8845788490527293, "faithfulness_gap": 0.03874360675840305, "stability": 0.8200644235791607}, "explanation": {"top_features": ["education-num: -0.0452", "occupation_Machine-op-inspct: -0.0440", "marital-status_Married-civ-spouse: 0.0342", "capital-gain: -0.0328", "relationship_Husband: 0.0209", "capital-loss: -0.0196", "hours-per-week: 0.0109", "education_Bachelors: -0.0066", "marital-status_Never-married: 0.0054", "education_HS-grad: -0.0040"], "raw_top": {"education-num": -0.04524399017140851, "occupation_Machine-op-inspct": -0.044046801156592576, "marital-status_Married-civ-spouse": 0.034212839003736846, "capital-gain": -0.032806887232267434, "relationship_Husband": 0.020886897170484395, "capital-loss": -0.019579969580836323, "hours-per-week": 0.010902359092651841, "education_Bachelors": -0.006618263352227724, "marital-status_Never-married": 0.005369305811648226, "education_HS-grad": -0.003976230600111553}}}