{"instance_id": 3706, "quadrant": "FN", "true_label": 1, "prediction": 0, "prediction_correct": false, "metrics": {"cost": 35454.40304803196, "sparsity": 0.09259259259259259, "fidelity": 0.9446271323539409, "faithfulness_gap": 0.13504805340133708, "stability": 0.9170855047792247}, "explanation": {"top_features": ["occupation_Machine-op-inspct: -0.1295", "education-num: 0.1156", "marital-status_Married-civ-spouse: 0.0740", "relationship_Husband: 0.0472", "capital-gain: -0.0375", "age: 0.0277", "education_Bachelors: 0.0230", "capital-loss: -0.0209", "marital-status_Never-married: 0.0103", "education_HS-grad: 0.0075"], "raw_top": {"occupation_Machine-op-inspct": -0.12952990585692378, "education-num": 0.11564187813600704, "marital-status_Married-civ-spouse": 0.07396927354927507, "relationship_Husband": 0.0471710892873426, "capital-gain": -0.03751304820704395, "age": 0.027725679202988844, "education_Bachelors": 0.022982619027112877, "capital-loss": -0.020873175847250378, "marital-status_Never-married": 0.010335652947153991, "education_HS-grad": 0.007491396866419198}}}