{"instance_id": 3831, "quadrant": "TN", "true_label": 0, "prediction": 0, "prediction_correct": true, "metrics": {"cost": 42307.67775399727, "sparsity": 0.09259259259259259, "fidelity": 0.9214667082625904, "faithfulness_gap": 0.03313163682506612, "stability": 0.9624200133890589}, "explanation": {"top_features": ["marital-status_Married-civ-spouse: -0.1011", "education-num: 0.0801", "occupation_Prof-specialty: 0.0778", "relationship_Husband: -0.0573", "marital-status_Never-married: -0.0453", "relationship_Not-in-family: -0.0273", "capital-gain: -0.0243", "hours-per-week: 0.0152", "workclass_Private: -0.0091", "capital-loss: -0.0072"], "raw_top": {"marital-status_Married-civ-spouse": -0.10110165734205355, "education-num": 0.08011057198293466, "occupation_Prof-specialty": 0.07779967702320541, "relationship_Husband": -0.05730469261804003, "marital-status_Never-married": -0.04531067180843528, "relationship_Not-in-family": -0.027287545461272968, "capital-gain": -0.02429865311463865, "hours-per-week": 0.01520826335223123, "workclass_Private": -0.009125597680512514, "capital-loss": -0.0072336311993980345}}}