{"instance_id": 4142, "quadrant": "TN", "true_label": 0, "prediction": 0, "prediction_correct": true, "metrics": {"cost": 40353.338813001756, "sparsity": 0.09259259259259259, "fidelity": 0.921729030838212, "faithfulness_gap": 0.08188886330027875, "stability": 0.8776129680903955}, "explanation": {"top_features": ["education-num: -0.0650", "age: -0.0353", "marital-status_Married-civ-spouse: 0.0296", "capital-gain: -0.0292", "capital-loss: -0.0234", "occupation_Sales: 0.0215", "relationship_Husband: 0.0189", "education_Bachelors: -0.0186", "education_HS-grad: -0.0074", "marital-status_Never-married: 0.0045"], "raw_top": {"education-num": -0.064957046406345, "age": -0.035295633151660954, "marital-status_Married-civ-spouse": 0.02956320909186141, "capital-gain": -0.029180130983449258, "capital-loss": -0.023402650359601616, "occupation_Sales": 0.021515809173800204, "relationship_Husband": 0.01886780373777618, "education_Bachelors": -0.018622572832413038, "education_HS-grad": -0.007411178704846731, "marital-status_Never-married": 0.00451173215848738}}}