{"instance_id": 4181, "quadrant": "FN", "true_label": 1, "prediction": 0, "prediction_correct": false, "metrics": {"cost": 48580.64997999463, "sparsity": 0.09259259259259259, "fidelity": 0.8743690229678026, "faithfulness_gap": 0.09502206318335116, "stability": 0.9208508923919256}, "explanation": {"top_features": ["marital-status_Married-civ-spouse: -0.0547", "occupation_Other-service: -0.0546", "relationship_Husband: -0.0350", "education-num: 0.0330", "capital-gain: -0.0202", "marital-status_Divorced: -0.0159", "native-country_United-States: -0.0149", "native-country_nan: 0.0128", "capital-loss: -0.0118", "relationship_Not-in-family: -0.0097"], "raw_top": {"marital-status_Married-civ-spouse": -0.05472790978056695, "occupation_Other-service": -0.05463941378923698, "relationship_Husband": -0.03498190667789749, "education-num": 0.03295713920898376, "capital-gain": -0.020160857031884402, "marital-status_Divorced": -0.015943490856660338, "native-country_United-States": -0.014926852314985506, "native-country_nan": 0.012751469783753827, "capital-loss": -0.01182791958248213, "relationship_Not-in-family": -0.009718917735667784}}}