{"instance_id": 4303, "quadrant": "TN", "true_label": 0, "prediction": 0, "prediction_correct": true, "metrics": {"cost": 34818.9964700141, "sparsity": 0.09259259259259259, "fidelity": 0.8450120435360247, "faithfulness_gap": 0.06416922043613724, "stability": 0.9691534900978254}, "explanation": {"top_features": ["age: -0.0616", "marital-status_Married-civ-spouse: -0.0462", "occupation_Exec-managerial: 0.0423", "education-num: -0.0259", "relationship_Husband: -0.0238", "capital-gain: -0.0160", "relationship_Unmarried: -0.0152", "marital-status_Separated: -0.0131", "capital-loss: -0.0117", "sex_Male: -0.0034"], "raw_top": {"age": -0.06159443449499243, "marital-status_Married-civ-spouse": -0.04622462923178074, "occupation_Exec-managerial": 0.042346226529069414, "education-num": -0.025859387411801136, "relationship_Husband": -0.023790372251409547, "capital-gain": -0.01595112737414904, "relationship_Unmarried": -0.015221930098515166, "marital-status_Separated": -0.013113850859842843, "capital-loss": -0.011734447499005698, "sex_Male": -0.003424192639678386}}}