{"instance_id": 4340, "quadrant": "TP", "true_label": 1, "prediction": 1, "prediction_correct": true, "metrics": {"cost": 44226.674905992695, "sparsity": 0.09259259259259259, "fidelity": 0.9399137054245306, "faithfulness_gap": 0.3508996036869588, "stability": 0.9415298372736384}, "explanation": {"top_features": ["occupation_Exec-managerial: 0.1913", "age: 0.0663", "education-num: -0.0625", "marital-status_Married-civ-spouse: 0.0561", "relationship_Husband: 0.0520", "hours-per-week: 0.0454", "fnlwgt: -0.0447", "workclass_Private: -0.0382", "capital-gain: -0.0333", "workclass_Self-emp-inc: 0.0288"], "raw_top": {"occupation_Exec-managerial": 0.19132602134733392, "age": 0.06632027413644294, "education-num": -0.06249406730573884, "marital-status_Married-civ-spouse": 0.05614126274881667, "relationship_Husband": 0.051999855772877024, "hours-per-week": 0.045391324544239074, "fnlwgt": -0.044711194743096185, "workclass_Private": -0.03823184838150925, "capital-gain": -0.03334881446784227, "workclass_Self-emp-inc": 0.02883198650601063}}}