{"instance_id": 436, "quadrant": "TP", "true_label": 1, "prediction": 1, "prediction_correct": true, "metrics": {"cost": 36777.5671309937, "sparsity": 0.09259259259259259, "fidelity": 0.9279679499669017, "faithfulness_gap": 0.7334505898977373, "stability": 0.9803307531660449}, "explanation": {"top_features": ["capital-loss: 0.2144", "occupation_Exec-managerial: 0.1367", "marital-status_Married-civ-spouse: 0.1220", "relationship_Husband: 0.0527", "age: 0.0368", "hours-per-week: 0.0293", "education-num: 0.0256", "marital-status_Never-married: 0.0194", "education_Some-college: 0.0193", "relationship_Not-in-family: 0.0121"], "raw_top": {"capital-loss": 0.2143981899974327, "occupation_Exec-managerial": 0.1367453222204707, "marital-status_Married-civ-spouse": 0.12201971396200749, "relationship_Husband": 0.05274965590654913, "age": 0.036750062406677934, "hours-per-week": 0.029288437001338975, "education-num": 0.025562854597514877, "marital-status_Never-married": 0.019366851193929016, "education_Some-college": 0.019309076839584133, "relationship_Not-in-family": 0.012090857762429796}}}