{"instance_id": 4363, "quadrant": "FN", "true_label": 1, "prediction": 0, "prediction_correct": false, "metrics": {"cost": 40956.01749198977, "sparsity": 0.09259259259259259, "fidelity": 0.8079870214722767, "faithfulness_gap": 0.09546636318627025, "stability": 0.7738300690350749}, "explanation": {"top_features": ["education-num: -0.0386", "capital-gain: -0.0306", "occupation_Transport-moving: -0.0293", "marital-status_Married-civ-spouse: 0.0276", "age: -0.0245", "capital-loss: -0.0239", "relationship_Husband: 0.0158", "hours-per-week: 0.0091", "education_Bachelors: -0.0063", "marital-status_Never-married: 0.0047"], "raw_top": {"education-num": -0.03863526371977953, "capital-gain": -0.030637150004556787, "occupation_Transport-moving": -0.02931577195631033, "marital-status_Married-civ-spouse": 0.02762687745771198, "age": -0.024521114786154482, "capital-loss": -0.023868795505571153, "relationship_Husband": 0.015795480410794246, "hours-per-week": 0.009146455708996516, "education_Bachelors": -0.006343417345583414, "marital-status_Never-married": 0.004715676565037713}}}