{"instance_id": 4477, "quadrant": "FP", "true_label": 0, "prediction": 1, "prediction_correct": false, "metrics": {"cost": 36681.76845397102, "sparsity": 0.09259259259259259, "fidelity": 0.98422756682449, "faithfulness_gap": 0.7221912189794953, "stability": 0.9665249043428089}, "explanation": {"top_features": ["education-num: 0.2082", "occupation_Sales: 0.1292", "marital-status_Married-civ-spouse: 0.0925", "education_Bachelors: 0.0648", "relationship_Husband: 0.0624", "hours-per-week: 0.0271", "age: 0.0210", "marital-status_Never-married: 0.0140", "education_HS-grad: 0.0103", "relationship_Own-child: 0.0061"], "raw_top": {"education-num": 0.20816546078020165, "occupation_Sales": 0.12923321382864736, "marital-status_Married-civ-spouse": 0.09247773168366732, "education_Bachelors": 0.0648467788894038, "relationship_Husband": 0.06242361888118647, "hours-per-week": 0.027136104197206554, "age": 0.020980289019399783, "marital-status_Never-married": 0.013997133365734863, "education_HS-grad": 0.010335744204172348, "relationship_Own-child": 0.006056091470580172}}}