{"instance_id": 4589, "quadrant": "TN", "true_label": 0, "prediction": 0, "prediction_correct": true, "metrics": {"cost": 45918.15796698211, "sparsity": 0.09259259259259259, "fidelity": 0.7579099834297118, "faithfulness_gap": 0.0586579000407962, "stability": 0.9210308369135157}, "explanation": {"top_features": ["marital-status_Married-civ-spouse: -0.0456", "occupation_Other-service: -0.0322", "relationship_Husband: -0.0236", "capital-gain: -0.0192", "capital-loss: -0.0098", "education-num: -0.0073", "marital-status_Divorced: -0.0067", "education_HS-grad: -0.0052", "sex_Male: -0.0021", "sex_Female: -0.0020"], "raw_top": {"marital-status_Married-civ-spouse": -0.04559912140982714, "occupation_Other-service": -0.03219433627714266, "relationship_Husband": -0.023579328230515107, "capital-gain": -0.019219240548374754, "capital-loss": -0.009836256508938457, "education-num": -0.007259667243208949, "marital-status_Divorced": -0.00673134808568357, "education_HS-grad": -0.005194392034746841, "sex_Male": -0.0021468905848368303, "sex_Female": -0.001984991106647553}}}