{"instance_id": 476, "quadrant": "FN", "true_label": 1, "prediction": 0, "prediction_correct": false, "metrics": {"cost": 54818.311388022266, "sparsity": 0.09259259259259259, "fidelity": 0.9253219294924189, "faithfulness_gap": 0.0490118468114466, "stability": 0.8495704471492844}, "explanation": {"top_features": ["occupation_Transport-moving: -0.0792", "education-num: 0.0519", "marital-status_Married-civ-spouse: 0.0503", "hours-per-week: -0.0382", "capital-gain: -0.0356", "age: 0.0290", "capital-loss: -0.0252", "relationship_Husband: 0.0232", "education_Assoc-acdm: 0.0183", "marital-status_Never-married: 0.0067"], "raw_top": {"occupation_Transport-moving": -0.07922051770328482, "education-num": 0.05186402055036719, "marital-status_Married-civ-spouse": 0.05034670581481073, "hours-per-week": -0.038206228570053985, "capital-gain": -0.0355999267413641, "age": 0.028967152796249344, "capital-loss": -0.02524379900713126, "relationship_Husband": 0.02319270355785765, "education_Assoc-acdm": 0.018280322792863606, "marital-status_Never-married": 0.006720577758659387}}}