{"instance_id": 4816, "quadrant": "FP", "true_label": 0, "prediction": 1, "prediction_correct": false, "metrics": {"cost": 40109.54942298122, "sparsity": 0.09259259259259259, "fidelity": 0.9844079792691791, "faithfulness_gap": 0.40700854423651445, "stability": 0.9695998135442464}, "explanation": {"top_features": ["capital-loss: 0.2270", "marital-status_Married-civ-spouse: 0.0845", "education-num: -0.0507", "relationship_Husband: 0.0390", "capital-gain: -0.0222", "education_HS-grad: 0.0154", "fnlwgt: -0.0109", "marital-status_Never-married: 0.0093", "relationship_Own-child: 0.0057", "relationship_Not-in-family: 0.0057"], "raw_top": {"capital-loss": 0.22698050277060916, "marital-status_Married-civ-spouse": 0.0844967291170907, "education-num": -0.050661440283913436, "relationship_Husband": 0.03902675626202816, "capital-gain": -0.022154645677173863, "education_HS-grad": 0.015400835125420124, "fnlwgt": -0.010867863527260158, "marital-status_Never-married": 0.009333055955160955, "relationship_Own-child": 0.005749805528433609, "relationship_Not-in-family": 0.005664467164731744}}}