{"instance_id": 4820, "quadrant": "TP", "true_label": 1, "prediction": 1, "prediction_correct": true, "metrics": {"cost": 46106.58620100003, "sparsity": 0.09259259259259259, "fidelity": 0.9754887804892076, "faithfulness_gap": 0.6274513831518302, "stability": 0.9668452563613208}, "explanation": {"top_features": ["education-num: 0.1892", "marital-status_Married-civ-spouse: 0.1032", "occupation_Adm-clerical: 0.0666", "relationship_Husband: 0.0572", "hours-per-week: 0.0535", "education_Bachelors: 0.0457", "age: 0.0211", "marital-status_Never-married: 0.0141", "education_HS-grad: 0.0092", "relationship_Not-in-family: 0.0041"], "raw_top": {"education-num": 0.18924654769179655, "marital-status_Married-civ-spouse": 0.10318335304064889, "occupation_Adm-clerical": 0.06658493222044162, "relationship_Husband": 0.05723803912241072, "hours-per-week": 0.05353862503296436, "education_Bachelors": 0.04572298532969351, "age": 0.0211217140788184, "marital-status_Never-married": 0.014113596553848123, "education_HS-grad": 0.009205816217858714, "relationship_Not-in-family": 0.004089902376636201}}}