{"instance_id": 4834, "quadrant": "FP", "true_label": 0, "prediction": 1, "prediction_correct": false, "metrics": {"cost": 58767.7592090331, "sparsity": 0.09259259259259259, "fidelity": 0.981314652390366, "faithfulness_gap": 0.7208529427185625, "stability": 0.9513080482571595}, "explanation": {"top_features": ["education-num: 0.2082", "occupation_Sales: 0.1246", "marital-status_Married-civ-spouse: 0.0924", "relationship_Husband: 0.0669", "education_Bachelors: 0.0618", "hours-per-week: 0.0336", "age: 0.0310", "marital-status_Never-married: 0.0108", "education_HS-grad: 0.0102", "relationship_Not-in-family: 0.0048"], "raw_top": {"education-num": 0.2081966234115744, "occupation_Sales": 0.12458342612161645, "marital-status_Married-civ-spouse": 0.0923759083964312, "relationship_Husband": 0.0668785209817103, "education_Bachelors": 0.06180832980256891, "hours-per-week": 0.033588015366475106, "age": 0.031032111645069627, "marital-status_Never-married": 0.010751155157274787, "education_HS-grad": 0.0101895942397741, "relationship_Not-in-family": 0.004771887852048962}}}