{"instance_id": 4930, "quadrant": "TN", "true_label": 0, "prediction": 0, "prediction_correct": true, "metrics": {"cost": 40401.33419900667, "sparsity": 0.09259259259259259, "fidelity": 0.8163229728443686, "faithfulness_gap": 0.10482284971043503, "stability": 0.9229238624758103}, "explanation": {"top_features": ["marital-status_Married-civ-spouse: -0.0502", "occupation_Other-service: -0.0329", "relationship_Husband: -0.0203", "capital-gain: -0.0182", "marital-status_Never-married: -0.0117", "capital-loss: -0.0098", "relationship_Not-in-family: -0.0057", "education-num: -0.0045", "hours-per-week: -0.0017", "education_HS-grad: -0.0012"], "raw_top": {"marital-status_Married-civ-spouse": -0.05023344830709954, "occupation_Other-service": -0.032872369406271085, "relationship_Husband": -0.020257237348919325, "capital-gain": -0.018194038735531045, "marital-status_Never-married": -0.011659715342485714, "capital-loss": -0.009806118095235817, "relationship_Not-in-family": -0.005748878594888922, "education-num": -0.004530897266062497, "hours-per-week": -0.001690519223263429, "education_HS-grad": -0.001231053837062318}}}