{"instance_id": 5020, "quadrant": "FN", "true_label": 1, "prediction": 0, "prediction_correct": false, "metrics": {"cost": 42409.52056000242, "sparsity": 0.09259259259259259, "fidelity": 0.9600339047744749, "faithfulness_gap": 0.08750756024421355, "stability": 0.952703446135497}, "explanation": {"top_features": ["occupation_Exec-managerial: 0.1290", "education-num: 0.1181", "marital-status_Married-civ-spouse: -0.1098", "relationship_Husband: -0.0536", "marital-status_Divorced: -0.0418", "relationship_Not-in-family: -0.0340", "capital-gain: -0.0280", "hours-per-week: 0.0216", "marital-status_Never-married: 0.0118", "capital-loss: -0.0069"], "raw_top": {"occupation_Exec-managerial": 0.12900172893292755, "education-num": 0.11813530182365455, "marital-status_Married-civ-spouse": -0.10980515449720991, "relationship_Husband": -0.05362477781231179, "marital-status_Divorced": -0.04176185131645462, "relationship_Not-in-family": -0.03397460315237494, "capital-gain": -0.027997917281619066, "hours-per-week": 0.021604765193831532, "marital-status_Never-married": 0.011798525079743945, "capital-loss": -0.006936206724886977}}}