{"instance_id": 5079, "quadrant": "FN", "true_label": 1, "prediction": 0, "prediction_correct": false, "metrics": {"cost": 41138.61461303895, "sparsity": 0.09259259259259259, "fidelity": 0.9167206841253224, "faithfulness_gap": 0.06240220515896694, "stability": 0.9437856136630528}, "explanation": {"top_features": ["education-num: 0.1205", "marital-status_Married-civ-spouse: -0.1047", "occupation_Prof-specialty: 0.0792", "relationship_Husband: -0.0462", "relationship_Unmarried: -0.0310", "hours-per-week: -0.0284", "capital-gain: -0.0255", "age: 0.0156", "fnlwgt: 0.0151", "capital-loss: -0.0115"], "raw_top": {"education-num": 0.1205155335491849, "marital-status_Married-civ-spouse": -0.10469513991259671, "occupation_Prof-specialty": 0.07917719689197984, "relationship_Husband": -0.046240847161203275, "relationship_Unmarried": -0.03095730895750033, "hours-per-week": -0.02842209590302723, "capital-gain": -0.0254635228223605, "age": 0.015574538564391985, "fnlwgt": 0.015102203494251058, "capital-loss": -0.011542369652188897}}}