{"instance_id": 5248, "quadrant": "FN", "true_label": 1, "prediction": 0, "prediction_correct": false, "metrics": {"cost": 43681.09951703809, "sparsity": 0.09259259259259259, "fidelity": 0.9115546040497393, "faithfulness_gap": 0.3420574441394463, "stability": 0.934219294196129}, "explanation": {"top_features": ["occupation_Exec-managerial: 0.2007", "relationship_Wife: 0.0929", "marital-status_Married-civ-spouse: 0.0750", "hours-per-week: -0.0619", "relationship_Husband: -0.0453", "age: 0.0395", "capital-gain: -0.0322", "education_HS-grad: 0.0258", "fnlwgt: -0.0228", "capital-loss: -0.0182"], "raw_top": {"occupation_Exec-managerial": 0.20071024419504535, "relationship_Wife": 0.09289370901630417, "marital-status_Married-civ-spouse": 0.07497588951072123, "hours-per-week": -0.06187738828996923, "relationship_Husband": -0.04526672726219473, "age": 0.039481557720855244, "capital-gain": -0.032169318388557695, "education_HS-grad": 0.02582232356100981, "fnlwgt": -0.022763954660984038, "capital-loss": -0.01824168560123285}}}