{"instance_id": 5320, "quadrant": "TP", "true_label": 1, "prediction": 1, "prediction_correct": true, "metrics": {"cost": 40289.00124099164, "sparsity": 0.09259259259259259, "fidelity": 0.9762266727999507, "faithfulness_gap": 0.7140836382364919, "stability": 0.9801454266512153}, "explanation": {"top_features": ["education-num: 0.2266", "relationship_Wife: 0.1661", "occupation_Prof-specialty: 0.1181", "marital-status_Married-civ-spouse: 0.1031", "age: 0.0193", "marital-status_Never-married: 0.0120", "education_HS-grad: 0.0098", "native-country_England: 0.0074", "hours-per-week: 0.0043", "workclass_Private: 0.0038"], "raw_top": {"education-num": 0.226627019323485, "relationship_Wife": 0.16608213306851605, "occupation_Prof-specialty": 0.11812944948583692, "marital-status_Married-civ-spouse": 0.1031258407885202, "age": 0.019343261271561166, "marital-status_Never-married": 0.012022567159723316, "education_HS-grad": 0.009815007303876229, "native-country_England": 0.007354278288156823, "hours-per-week": 0.004253627654219229, "workclass_Private": 0.003765264652337952}}}