{"instance_id": 5402, "quadrant": "FN", "true_label": 1, "prediction": 0, "prediction_correct": false, "metrics": {"cost": 45161.837104009464, "sparsity": 0.09259259259259259, "fidelity": 0.8172332244428683, "faithfulness_gap": 0.03331601778378998, "stability": 0.8438066975641626}, "explanation": {"top_features": ["education-num: -0.0392", "occupation_Transport-moving: -0.0333", "capital-gain: -0.0315", "marital-status_Married-civ-spouse: 0.0284", "capital-loss: -0.0235", "relationship_Husband: 0.0160", "education_Bachelors: -0.0070", "marital-status_Never-married: 0.0051", "fnlwgt: -0.0043", "hours-per-week: -0.0026"], "raw_top": {"education-num": -0.03918083061111692, "occupation_Transport-moving": -0.033261027325180936, "capital-gain": -0.03146602193385005, "marital-status_Married-civ-spouse": 0.028364962397877214, "capital-loss": -0.02346543861129459, "relationship_Husband": 0.01599720204652773, "education_Bachelors": -0.006961026195471871, "marital-status_Never-married": 0.005147516775437205, "fnlwgt": -0.004322828611265883, "hours-per-week": -0.002618683486750304}}}