{"instance_id": 556, "quadrant": "TN", "true_label": 0, "prediction": 0, "prediction_correct": true, "metrics": {"cost": 34793.134331004694, "sparsity": 0.09259259259259259, "fidelity": 0.7057019731745382, "faithfulness_gap": 0.03237856764656294, "stability": 0.9286517475575727}, "explanation": {"top_features": ["hours-per-week: -0.0465", "education-num: -0.0433", "capital-gain: -0.0167", "marital-status_Married-civ-spouse: 0.0140", "workclass_Private: -0.0121", "capital-loss: -0.0114", "relationship_Husband: 0.0096", "education_5th-6th: 0.0079", "age: -0.0058", "occupation_nan: 0.0031"], "raw_top": {"hours-per-week": -0.04651609761493386, "education-num": -0.043258495068354816, "capital-gain": -0.01670538465995349, "marital-status_Married-civ-spouse": 0.014047927176233696, "workclass_Private": -0.012091770671192558, "capital-loss": -0.01137536528723393, "relationship_Husband": 0.009625896878738627, "education_5th-6th": 0.007949134972897634, "age": -0.00583165698724556, "occupation_nan": 0.003139817369024578}}}