{"instance_id": 5591, "quadrant": "TP", "true_label": 1, "prediction": 1, "prediction_correct": true, "metrics": {"cost": 61518.46440300869, "sparsity": 0.09259259259259259, "fidelity": 0.9858104659507672, "faithfulness_gap": 0.6960644869866222, "stability": 0.9672730660053735}, "explanation": {"top_features": ["education-num: 0.2065", "occupation_Sales: 0.1282", "marital-status_Married-civ-spouse: 0.0850", "relationship_Husband: 0.0652", "education_Bachelors: 0.0570", "hours-per-week: 0.0393", "marital-status_Never-married: 0.0115", "education_HS-grad: 0.0089", "relationship_Own-child: 0.0025", "relationship_Not-in-family: 0.0018"], "raw_top": {"education-num": 0.20646809766500893, "occupation_Sales": 0.1281616079267438, "marital-status_Married-civ-spouse": 0.0850410819177714, "relationship_Husband": 0.06524235255568116, "education_Bachelors": 0.05701134186599265, "hours-per-week": 0.03929095572286411, "marital-status_Never-married": 0.011528946040035905, "education_HS-grad": 0.008929576072903041, "relationship_Own-child": 0.002509019090436435, "relationship_Not-in-family": 0.0017765372356287612}}}