{"instance_id": 5667, "quadrant": "TP", "true_label": 1, "prediction": 1, "prediction_correct": true, "metrics": {"cost": 44961.641330010025, "sparsity": 0.09259259259259259, "fidelity": 0.9941672506183006, "faithfulness_gap": 0.8350797107779275, "stability": 0.9987366346664247}, "explanation": {"top_features": ["capital-gain: 0.6509", "education-num: 0.0509", "marital-status_Married-civ-spouse: 0.0313", "occupation_Sales: 0.0276", "relationship_Husband: 0.0192", "fnlwgt: -0.0185", "age: 0.0106", "education_HS-grad: 0.0038", "marital-status_Never-married: 0.0029", "sex_Male: 0.0024"], "raw_top": {"capital-gain": 0.6509094868866604, "education-num": 0.050913968352252564, "marital-status_Married-civ-spouse": 0.03125027957409969, "occupation_Sales": 0.027595556254362864, "relationship_Husband": 0.01917756926354815, "fnlwgt": -0.018493489621720826, "age": 0.01055569435989975, "education_HS-grad": 0.003772204800052961, "marital-status_Never-married": 0.002909393058941223, "sex_Male": 0.002393595830292913}}}