{"instance_id": 5720, "quadrant": "FN", "true_label": 1, "prediction": 0, "prediction_correct": false, "metrics": {"cost": 59798.250078980345, "sparsity": 0.09259259259259259, "fidelity": 0.8442246923873016, "faithfulness_gap": 0.0579528135957955, "stability": 0.8014456359389215}, "explanation": {"top_features": ["occupation_Handlers-cleaners: -0.0554", "education-num: -0.0353", "capital-gain: -0.0308", "marital-status_Married-civ-spouse: 0.0285", "capital-loss: -0.0240", "relationship_Husband: 0.0178", "age: 0.0050", "marital-status_Never-married: 0.0038", "education_Bachelors: -0.0033", "hours-per-week: -0.0028"], "raw_top": {"occupation_Handlers-cleaners": -0.05535064074267942, "education-num": -0.03527612747862308, "capital-gain": -0.030816180437736308, "marital-status_Married-civ-spouse": 0.02852702699359328, "capital-loss": -0.02404944054592426, "relationship_Husband": 0.017753706562131516, "age": 0.004968677947469874, "marital-status_Never-married": 0.003753234825200208, "education_Bachelors": -0.0033114444105705513, "hours-per-week": -0.002776747946237673}}}