{"instance_id": 5775, "quadrant": "FN", "true_label": 1, "prediction": 0, "prediction_correct": false, "metrics": {"cost": 34201.93714299239, "sparsity": 0.09259259259259259, "fidelity": 0.9145434799939514, "faithfulness_gap": 0.015939741718084127, "stability": 0.816062615154078}, "explanation": {"top_features": ["education-num: -0.0767", "marital-status_Married-civ-spouse: 0.0400", "capital-gain: -0.0345", "relationship_Husband: 0.0266", "hours-per-week: 0.0254", "capital-loss: -0.0247", "education_HS-grad: -0.0232", "age: 0.0205", "education_Bachelors: -0.0166", "occupation_Sales: 0.0152"], "raw_top": {"education-num": -0.07672633336818935, "marital-status_Married-civ-spouse": 0.04000381270238032, "capital-gain": -0.03452815278279979, "relationship_Husband": 0.026556678402706046, "hours-per-week": 0.02537026565021725, "capital-loss": -0.024741973380947753, "education_HS-grad": -0.023232213309522062, "age": 0.02048227753356488, "education_Bachelors": -0.01656472265634905, "occupation_Sales": 0.015180093888417304}}}