{"instance_id": 5806, "quadrant": "FN", "true_label": 1, "prediction": 0, "prediction_correct": false, "metrics": {"cost": 60628.15747002605, "sparsity": 0.09259259259259259, "fidelity": 0.942949150630986, "faithfulness_gap": 0.040646993881774396, "stability": 0.9654336130399243}, "explanation": {"top_features": ["occupation_Exec-managerial: 0.1239", "marital-status_Married-civ-spouse: -0.1105", "education-num: 0.1063", "marital-status_Never-married: -0.0594", "relationship_Husband: -0.0537", "relationship_Not-in-family: -0.0384", "capital-gain: -0.0277", "hours-per-week: 0.0160", "age: 0.0098", "capital-loss: -0.0076"], "raw_top": {"occupation_Exec-managerial": 0.12386372339480997, "marital-status_Married-civ-spouse": -0.1105272932603926, "education-num": 0.10632199089655187, "marital-status_Never-married": -0.0594249423789921, "relationship_Husband": -0.05374155972995942, "relationship_Not-in-family": -0.038421582804138196, "capital-gain": -0.027657454406665026, "hours-per-week": 0.01603822461418197, "age": 0.009819901202397584, "capital-loss": -0.0075808097557004475}}}