{"instance_id": 5817, "quadrant": "TN", "true_label": 0, "prediction": 0, "prediction_correct": true, "metrics": {"cost": 40066.39455299592, "sparsity": 0.09259259259259259, "fidelity": 0.4949806036395915, "faithfulness_gap": 0.0018238877334330883, "stability": 0.9277594210262128}, "explanation": {"top_features": ["marital-status_Married-civ-spouse: -0.0275", "occupation_Other-service: -0.0187", "age: -0.0182", "relationship_Husband: -0.0164", "capital-gain: -0.0163", "capital-loss: -0.0136", "education-num: -0.0097", "marital-status_Never-married: -0.0088", "workclass_Private: -0.0083", "sex_Female: -0.0046"], "raw_top": {"marital-status_Married-civ-spouse": -0.027466981067837584, "occupation_Other-service": -0.018730185417182982, "age": -0.01816338650257402, "relationship_Husband": -0.016446419591463108, "capital-gain": -0.016315138048474735, "capital-loss": -0.013597532305440476, "education-num": -0.009692515267682032, "marital-status_Never-married": -0.008798371186070773, "workclass_Private": -0.008296058803667879, "sex_Female": -0.0045952575610552215}}}