{"instance_id": 5966, "quadrant": "TP", "true_label": 1, "prediction": 1, "prediction_correct": true, "metrics": {"cost": 62015.43716999004, "sparsity": 0.09259259259259259, "fidelity": 0.9881673590070796, "faithfulness_gap": 0.7410355769830044, "stability": 0.968581688810999}, "explanation": {"top_features": ["occupation_Exec-managerial: 0.2030", "education-num: 0.1780", "marital-status_Married-civ-spouse: 0.1055", "relationship_Husband: 0.0650", "hours-per-week: 0.0519", "education_Bachelors: 0.0198", "education_HS-grad: 0.0143", "marital-status_Never-married: 0.0141", "relationship_Own-child: 0.0059", "relationship_Not-in-family: 0.0022"], "raw_top": {"occupation_Exec-managerial": 0.20303431163758845, "education-num": 0.1779743204920485, "marital-status_Married-civ-spouse": 0.10553311241879468, "relationship_Husband": 0.06501205589809075, "hours-per-week": 0.05185926016911173, "education_Bachelors": 0.019844682895864104, "education_HS-grad": 0.014291238981375945, "marital-status_Never-married": 0.014125388226124224, "relationship_Own-child": 0.005882264797449274, "relationship_Not-in-family": 0.0021868611420788886}}}