{"instance_id": 5989, "quadrant": "FN", "true_label": 1, "prediction": 0, "prediction_correct": false, "metrics": {"cost": 60816.79041299503, "sparsity": 0.09259259259259259, "fidelity": 0.8394889315876899, "faithfulness_gap": 0.08425009976722309, "stability": 0.7580635261645451}, "explanation": {"top_features": ["education-num: -0.0571", "capital-gain: -0.0357", "marital-status_Married-civ-spouse: 0.0332", "capital-loss: -0.0242", "occupation_Craft-repair: -0.0186", "hours-per-week: 0.0181", "relationship_Husband: 0.0175", "education_HS-grad: -0.0153", "age: 0.0124", "education_Bachelors: -0.0060"], "raw_top": {"education-num": -0.05709577275829447, "capital-gain": -0.03574435415788047, "marital-status_Married-civ-spouse": 0.03323298566640666, "capital-loss": -0.024196929357855067, "occupation_Craft-repair": -0.018645458172557104, "hours-per-week": 0.01813379199759733, "relationship_Husband": 0.017509944623145986, "education_HS-grad": -0.015279665303912594, "age": 0.012369503719946141, "education_Bachelors": -0.006035021672084556}}}