{"instance_id": 6014, "quadrant": "TP", "true_label": 1, "prediction": 1, "prediction_correct": true, "metrics": {"cost": 56262.845557008404, "sparsity": 0.09259259259259259, "fidelity": 0.9573009176826369, "faithfulness_gap": 0.3540274299610339, "stability": 0.8653937015981612}, "explanation": {"top_features": ["occupation_Protective-serv: 0.0885", "hours-per-week: 0.0635", "marital-status_Married-civ-spouse: 0.0600", "workclass_Local-gov: 0.0569", "capital-gain: -0.0417", "relationship_Husband: 0.0328", "workclass_Private: 0.0270", "capital-loss: -0.0243", "fnlwgt: 0.0127", "marital-status_Never-married: 0.0057"], "raw_top": {"occupation_Protective-serv": 0.08848411666654893, "hours-per-week": 0.06345019323536762, "marital-status_Married-civ-spouse": 0.05996182781556388, "workclass_Local-gov": 0.056861293678062357, "capital-gain": -0.041674817445567496, "relationship_Husband": 0.0328318980293262, "workclass_Private": 0.026982188947233657, "capital-loss": -0.024317674417265345, "fnlwgt": 0.012724798735710151, "marital-status_Never-married": 0.005686709078235481}}}