{"instance_id": 6141, "quadrant": "FP", "true_label": 0, "prediction": 1, "prediction_correct": false, "metrics": {"cost": 38589.250948047265, "sparsity": 0.09259259259259259, "fidelity": 0.9723876514018452, "faithfulness_gap": 0.7504128669948391, "stability": 0.9530296725865013}, "explanation": {"top_features": ["education-num: 0.1821", "capital-loss: 0.1417", "marital-status_Married-civ-spouse: 0.1264", "occupation_Prof-specialty: 0.1121", "relationship_Husband: 0.0654", "age: -0.0494", "marital-status_Never-married: 0.0185", "education_Bachelors: 0.0185", "hours-per-week: 0.0172", "relationship_Own-child: 0.0123"], "raw_top": {"education-num": 0.18213695414063502, "capital-loss": 0.14171925085150802, "marital-status_Married-civ-spouse": 0.12636885292775396, "occupation_Prof-specialty": 0.11210035490378004, "relationship_Husband": 0.06543870257203654, "age": -0.04943567721649422, "marital-status_Never-married": 0.018539183805840905, "education_Bachelors": 0.018513387881125675, "hours-per-week": 0.017234935728406845, "relationship_Own-child": 0.01232729147823746}}}