{"instance_id": 6172, "quadrant": "TN", "true_label": 0, "prediction": 0, "prediction_correct": true, "metrics": {"cost": 37389.47418201133, "sparsity": 0.09259259259259259, "fidelity": 0.6167484728496493, "faithfulness_gap": 0.01879334134983228, "stability": 0.8928794089030726}, "explanation": {"top_features": ["marital-status_Married-civ-spouse: -0.0391", "relationship_Husband: -0.0241", "education-num: -0.0236", "capital-gain: -0.0201", "occupation_Craft-repair: 0.0192", "marital-status_Never-married: -0.0165", "race_White: -0.0112", "capital-loss: -0.0098", "age: -0.0045", "education_Bachelors: -0.0035"], "raw_top": {"marital-status_Married-civ-spouse": -0.03905281971086873, "relationship_Husband": -0.024115551424282036, "education-num": -0.02360682689812836, "capital-gain": -0.02008184155957998, "occupation_Craft-repair": 0.01918125395216219, "marital-status_Never-married": -0.016457287792159728, "race_White": -0.011152321062800563, "capital-loss": -0.00977569654155865, "age": -0.0044765891678737015, "education_Bachelors": -0.0034659474223489254}}}