{"instance_id": 6181, "quadrant": "TN", "true_label": 0, "prediction": 0, "prediction_correct": true, "metrics": {"cost": 40509.44485299988, "sparsity": 0.09259259259259259, "fidelity": 0.9620661217853547, "faithfulness_gap": 0.10752058944245652, "stability": 0.9543573815200094}, "explanation": {"top_features": ["hours-per-week: -0.1359", "marital-status_Married-civ-spouse: 0.0262", "occupation_Sales: 0.0262", "capital-loss: -0.0255", "capital-gain: -0.0245", "education-num: -0.0164", "age: 0.0114", "relationship_Husband: 0.0105", "education_Bachelors: -0.0088", "education_HS-grad: 0.0074"], "raw_top": {"hours-per-week": -0.13587098098203584, "marital-status_Married-civ-spouse": 0.026219740127408797, "occupation_Sales": 0.026192316414745193, "capital-loss": -0.025491749091662654, "capital-gain": -0.024474811847526225, "education-num": -0.01636802025851243, "age": 0.011377062117272, "relationship_Husband": 0.01053743615839745, "education_Bachelors": -0.008848469431285783, "education_HS-grad": 0.007427409147521595}}}