{"instance_id": 6219, "quadrant": "TN", "true_label": 0, "prediction": 0, "prediction_correct": true, "metrics": {"cost": 42524.96397399227, "sparsity": 0.09259259259259259, "fidelity": 0.7972504522411623, "faithfulness_gap": 0.10438561412334676, "stability": 0.8726606442663142}, "explanation": {"top_features": ["marital-status_Married-civ-spouse: -0.0648", "occupation_Tech-support: 0.0547", "hours-per-week: -0.0430", "relationship_Husband: -0.0232", "marital-status_Separated: -0.0203", "capital-gain: -0.0158", "relationship_Not-in-family: -0.0132", "fnlwgt: -0.0113", "education_Assoc-voc: -0.0110", "capital-loss: -0.0078"], "raw_top": {"marital-status_Married-civ-spouse": -0.0648324030929626, "occupation_Tech-support": 0.054707366826760855, "hours-per-week": -0.04301485578449023, "relationship_Husband": -0.02318076093376184, "marital-status_Separated": -0.020342948670235235, "capital-gain": -0.015777305341420998, "relationship_Not-in-family": -0.013216328988077241, "fnlwgt": -0.011304404923716536, "education_Assoc-voc": -0.011007443088390717, "capital-loss": -0.007762331178662637}}}