{"instance_id": 6289, "quadrant": "TP", "true_label": 1, "prediction": 1, "prediction_correct": true, "metrics": {"cost": 40652.728038985515, "sparsity": 0.09259259259259259, "fidelity": 0.9227575887202686, "faithfulness_gap": 0.7801471731774576, "stability": 0.9829507333558494}, "explanation": {"top_features": ["capital-loss: 0.2174", "education-num: 0.1636", "marital-status_Married-civ-spouse: 0.1250", "occupation_Protective-serv: 0.0570", "relationship_Husband: 0.0539", "marital-status_Never-married: 0.0150", "relationship_Not-in-family: 0.0111", "fnlwgt: 0.0091", "relationship_Own-child: 0.0086", "education_Bachelors: 0.0025"], "raw_top": {"capital-loss": 0.21741040974984224, "education-num": 0.1635723844120699, "marital-status_Married-civ-spouse": 0.12502167448473941, "occupation_Protective-serv": 0.057044458581669635, "relationship_Husband": 0.05386223916468598, "marital-status_Never-married": 0.0149860625733118, "relationship_Not-in-family": 0.011065158466503246, "fnlwgt": 0.009076599382718877, "relationship_Own-child": 0.008556199073835525, "education_Bachelors": 0.0024512924672478453}}}