{"instance_id": 6302, "quadrant": "TN", "true_label": 0, "prediction": 0, "prediction_correct": true, "metrics": {"cost": 38697.26168201305, "sparsity": 0.09259259259259259, "fidelity": 0.6717476539559009, "faithfulness_gap": 0.05389277588910692, "stability": 0.9442535622707529}, "explanation": {"top_features": ["marital-status_Married-civ-spouse: -0.0381", "education-num: -0.0328", "occupation_Other-service: -0.0243", "relationship_Husband: -0.0184", "capital-gain: -0.0172", "capital-loss: -0.0083", "relationship_Unmarried: -0.0071", "marital-status_Divorced: -0.0055", "education_HS-grad: -0.0027", "sex_Male: -0.0027"], "raw_top": {"marital-status_Married-civ-spouse": -0.03811934249965313, "education-num": -0.032761289650691645, "occupation_Other-service": -0.024286580572418646, "relationship_Husband": -0.018438460652183082, "capital-gain": -0.017244994083501712, "capital-loss": -0.00829774303272294, "relationship_Unmarried": -0.007146436938397258, "marital-status_Divorced": -0.005537226874768535, "education_HS-grad": -0.0027224986146551777, "sex_Male": -0.00271570582199874}}}