{"instance_id": 6316, "quadrant": "FN", "true_label": 1, "prediction": 0, "prediction_correct": false, "metrics": {"cost": 49701.814012019895, "sparsity": 0.09259259259259259, "fidelity": 0.7769342179740361, "faithfulness_gap": 0.03135617025293817, "stability": 0.8639628418506929}, "explanation": {"top_features": ["age: -0.0491", "education-num: -0.0317", "capital-gain: -0.0266", "marital-status_Married-civ-spouse: 0.0216", "capital-loss: -0.0194", "occupation_Transport-moving: -0.0160", "relationship_Husband: 0.0140", "education_Bachelors: -0.0061", "education_HS-grad: 0.0050", "hours-per-week: -0.0043"], "raw_top": {"age": -0.049079962660410495, "education-num": -0.03167946215050782, "capital-gain": -0.026641179368246955, "marital-status_Married-civ-spouse": 0.021586942816932932, "capital-loss": -0.019442757553229533, "occupation_Transport-moving": -0.01597666358405565, "relationship_Husband": 0.013988135751903405, "education_Bachelors": -0.006060761577826602, "education_HS-grad": 0.005034218014473069, "hours-per-week": -0.0042770061772269795}}}