{"instance_id": 6320, "quadrant": "TN", "true_label": 0, "prediction": 0, "prediction_correct": true, "metrics": {"cost": 41987.167990009766, "sparsity": 0.09259259259259259, "fidelity": 0.6431483001787576, "faithfulness_gap": 0.05474676299224964, "stability": 0.965450979469325}, "explanation": {"top_features": ["age: -0.0428", "hours-per-week: -0.0324", "marital-status_Married-civ-spouse: -0.0229", "capital-gain: -0.0126", "workclass_Private: -0.0107", "education-num: -0.0098", "capital-loss: -0.0096", "relationship_Husband: -0.0096", "occupation_Other-service: -0.0057", "marital-status_Never-married: -0.0052"], "raw_top": {"age": -0.04284655867260281, "hours-per-week": -0.032420405616828026, "marital-status_Married-civ-spouse": -0.022860210959205905, "capital-gain": -0.012625134715343003, "workclass_Private": -0.010689280126145135, "education-num": -0.00980428293284873, "capital-loss": -0.009609628892792875, "relationship_Husband": -0.009594868563859086, "occupation_Other-service": -0.005696530614794055, "marital-status_Never-married": -0.005200150668846326}}}