{"instance_id": 6335, "quadrant": "TP", "true_label": 1, "prediction": 1, "prediction_correct": true, "metrics": {"cost": 35333.59044100507, "sparsity": 0.09259259259259259, "fidelity": 0.9606782703368167, "faithfulness_gap": 0.5784852248024157, "stability": 0.9771735468806535}, "explanation": {"top_features": ["capital-gain: 0.3898", "education-num: 0.1548", "marital-status_Married-civ-spouse: 0.0718", "occupation_Prof-specialty: 0.0660", "workclass_Self-emp-not-inc: -0.0600", "hours-per-week: -0.0433", "relationship_Husband: 0.0363", "marital-status_Never-married: 0.0163", "relationship_Own-child: 0.0099", "workclass_Private: 0.0083"], "raw_top": {"capital-gain": 0.3897573269872245, "education-num": 0.15480196556359926, "marital-status_Married-civ-spouse": 0.07180540591877763, "occupation_Prof-specialty": 0.06601634821818902, "workclass_Self-emp-not-inc": -0.059997451207038324, "hours-per-week": -0.04327638360444003, "relationship_Husband": 0.03629138203898743, "marital-status_Never-married": 0.01628786832991004, "relationship_Own-child": 0.00987592265058703, "workclass_Private": 0.008286769035504626}}}