{"instance_id": 6384, "quadrant": "FP", "true_label": 0, "prediction": 1, "prediction_correct": false, "metrics": {"cost": 59155.14741197694, "sparsity": 0.09259259259259259, "fidelity": 0.9787565059289209, "faithfulness_gap": 0.7004469061853371, "stability": 0.9680288341096671}, "explanation": {"top_features": ["occupation_Exec-managerial: 0.2155", "education-num: 0.1615", "marital-status_Married-civ-spouse: 0.1039", "relationship_Husband: 0.0623", "age: 0.0365", "education_HS-grad: 0.0159", "education_Bachelors: 0.0140", "marital-status_Never-married: 0.0114", "relationship_Own-child: 0.0055", "relationship_Not-in-family: 0.0054"], "raw_top": {"occupation_Exec-managerial": 0.21546333248659116, "education-num": 0.1614547154073131, "marital-status_Married-civ-spouse": 0.10390640765562548, "relationship_Husband": 0.06231203537338438, "age": 0.03652407203910517, "education_HS-grad": 0.01592273991484654, "education_Bachelors": 0.014035837960331915, "marital-status_Never-married": 0.011378474161131457, "relationship_Own-child": 0.005505976085274145, "relationship_Not-in-family": 0.005423861683943604}}}