{"instance_id": 6479, "quadrant": "TP", "true_label": 1, "prediction": 1, "prediction_correct": true, "metrics": {"cost": 43528.54176699839, "sparsity": 0.09259259259259259, "fidelity": 0.9832868984443651, "faithfulness_gap": 0.5736040749544689, "stability": 0.9654573933548318}, "explanation": {"top_features": ["occupation_Exec-managerial: 0.2710", "marital-status_Married-civ-spouse: 0.0849", "age: 0.0784", "relationship_Husband: 0.0471", "capital-gain: -0.0372", "education_Some-college: 0.0268", "education_HS-grad: 0.0202", "marital-status_Never-married: 0.0151", "education-num: 0.0089", "relationship_Not-in-family: 0.0062"], "raw_top": {"occupation_Exec-managerial": 0.27104551115267467, "marital-status_Married-civ-spouse": 0.08493250135573993, "age": 0.07841860829550394, "relationship_Husband": 0.0470715547833486, "capital-gain": -0.0371814649283615, "education_Some-college": 0.02679416410168826, "education_HS-grad": 0.020210371719324768, "marital-status_Never-married": 0.015054753810718257, "education-num": 0.008915088106643258, "relationship_Not-in-family": 0.006190223656383664}}}