{"instance_id": 6748, "quadrant": "TP", "true_label": 1, "prediction": 1, "prediction_correct": true, "metrics": {"cost": 49221.90874199441, "sparsity": 0.09259259259259259, "fidelity": 0.9859176868263522, "faithfulness_gap": 0.7177357006021288, "stability": 0.9591275116364922}, "explanation": {"top_features": ["education-num: 0.1952", "occupation_Prof-specialty: 0.1754", "marital-status_Married-civ-spouse: 0.1013", "relationship_Husband: 0.0637", "education_Bachelors: 0.0356", "hours-per-week: 0.0161", "age: 0.0153", "marital-status_Never-married: 0.0121", "education_HS-grad: 0.0086", "relationship_Own-child: 0.0048"], "raw_top": {"education-num": 0.1951918875570248, "occupation_Prof-specialty": 0.17538066423202117, "marital-status_Married-civ-spouse": 0.10126630542711773, "relationship_Husband": 0.06372449259091918, "education_Bachelors": 0.0356043902133656, "hours-per-week": 0.016122582200654323, "age": 0.015298939803183061, "marital-status_Never-married": 0.012122836071632873, "education_HS-grad": 0.00864079228214331, "relationship_Own-child": 0.004775030607768738}}}