{"instance_id": 6850, "quadrant": "TP", "true_label": 1, "prediction": 1, "prediction_correct": true, "metrics": {"cost": 45987.57606798608, "sparsity": 0.09259259259259259, "fidelity": 0.9846238468685756, "faithfulness_gap": 0.7459452500284658, "stability": 0.9746066691604939}, "explanation": {"top_features": ["occupation_Exec-managerial: 0.2146", "education-num: 0.2069", "marital-status_Married-civ-spouse: 0.1082", "relationship_Husband: 0.0528", "age: 0.0489", "marital-status_Never-married: 0.0162", "education_HS-grad: 0.0136", "relationship_Own-child: 0.0063", "hours-per-week: 0.0062", "education_Masters: 0.0030"], "raw_top": {"occupation_Exec-managerial": 0.21462431835711784, "education-num": 0.20686177427887473, "marital-status_Married-civ-spouse": 0.10821157499392355, "relationship_Husband": 0.05280009389142019, "age": 0.04885257045523357, "marital-status_Never-married": 0.01622339746777885, "education_HS-grad": 0.013613524766626332, "relationship_Own-child": 0.006309832073932336, "hours-per-week": 0.006236693619652862, "education_Masters": 0.0029811322525323813}}}