{"instance_id": 6943, "quadrant": "TP", "true_label": 1, "prediction": 1, "prediction_correct": true, "metrics": {"cost": 44820.70733499131, "sparsity": 0.09259259259259259, "fidelity": 0.9865506888867301, "faithfulness_gap": 0.7196430117732912, "stability": 0.9992900778714698}, "explanation": {"top_features": ["capital-gain: 0.6220", "education-num: 0.0696", "occupation_Exec-managerial: 0.0663", "marital-status_Married-civ-spouse: -0.0459", "marital-status_Separated: -0.0290", "relationship_Husband: -0.0260", "hours-per-week: 0.0200", "age: 0.0171", "relationship_Not-in-family: -0.0153", "education_HS-grad: 0.0075"], "raw_top": {"capital-gain": 0.6219788496839024, "education-num": 0.06958780074136735, "occupation_Exec-managerial": 0.06629928755729839, "marital-status_Married-civ-spouse": -0.04589482163908521, "marital-status_Separated": -0.029025847326768044, "relationship_Husband": -0.0260050147702717, "hours-per-week": 0.020027890907464423, "age": 0.01713222605759719, "relationship_Not-in-family": -0.01529789128772664, "education_HS-grad": 0.007477377195805879}}}