{"instance_id": 6976, "quadrant": "FN", "true_label": 1, "prediction": 0, "prediction_correct": false, "metrics": {"cost": 56828.12222104985, "sparsity": 0.09259259259259259, "fidelity": 0.8498372491826005, "faithfulness_gap": 0.09897459496690397, "stability": 0.7718800090024059}, "explanation": {"top_features": ["education-num: -0.0592", "capital-gain: -0.0361", "marital-status_Married-civ-spouse: 0.0342", "capital-loss: -0.0236", "occupation_Craft-repair: -0.0212", "hours-per-week: 0.0194", "relationship_Husband: 0.0187", "age: 0.0154", "education_HS-grad: -0.0139", "education_Bachelors: -0.0070"], "raw_top": {"education-num": -0.05923418033801914, "capital-gain": -0.03606057370218482, "marital-status_Married-civ-spouse": 0.034223077029944, "capital-loss": -0.02364229532145376, "occupation_Craft-repair": -0.02121548801901053, "hours-per-week": 0.019427010430791914, "relationship_Husband": 0.018692353570280523, "age": 0.01538110191808187, "education_HS-grad": -0.013933418893754783, "education_Bachelors": -0.0069617426526635134}}}