{"instance_id": 6979, "quadrant": "TN", "true_label": 0, "prediction": 0, "prediction_correct": true, "metrics": {"cost": 34238.41363200336, "sparsity": 0.09259259259259259, "fidelity": 0.43658044970664656, "faithfulness_gap": 0.0009166149412775937, "stability": 0.9314763311304176}, "explanation": {"top_features": ["age: -0.0340", "marital-status_Married-civ-spouse: -0.0220", "relationship_Husband: -0.0153", "education-num: -0.0151", "capital-gain: -0.0127", "sex_Female: -0.0059", "marital-status_Never-married: -0.0053", "sex_Male: -0.0049", "occupation_Other-service: -0.0049", "education_HS-grad: -0.0048"], "raw_top": {"age": -0.03404158901937948, "marital-status_Married-civ-spouse": -0.021983543176167, "relationship_Husband": -0.01531294796590051, "education-num": -0.015096600789843538, "capital-gain": -0.012728907941605834, "sex_Female": -0.005877063547378826, "marital-status_Never-married": -0.0053150947397693216, "sex_Male": -0.004927762795253629, "occupation_Other-service": -0.0048767420184171505, "education_HS-grad": -0.0048303611163098325}}}