{"instance_id": 7013, "quadrant": "FN", "true_label": 1, "prediction": 0, "prediction_correct": false, "metrics": {"cost": 60636.36080699507, "sparsity": 0.09259259259259259, "fidelity": 0.9518870661592539, "faithfulness_gap": 0.07954937522340146, "stability": 0.9515032632888752}, "explanation": {"top_features": ["marital-status_Married-civ-spouse: -0.0937", "education-num: 0.0760", "occupation_Protective-serv: 0.0634", "relationship_Husband: -0.0542", "workclass_Local-gov: 0.0399", "marital-status_Divorced: -0.0379", "capital-gain: -0.0235", "relationship_Not-in-family: -0.0228", "fnlwgt: -0.0093", "capital-loss: -0.0076"], "raw_top": {"marital-status_Married-civ-spouse": -0.0937010109693288, "education-num": 0.07600578905872653, "occupation_Protective-serv": 0.06343988792949061, "relationship_Husband": -0.0541571775860473, "workclass_Local-gov": 0.03985466455294967, "marital-status_Divorced": -0.037937893969207916, "capital-gain": -0.023460409638862645, "relationship_Not-in-family": -0.02280848182429301, "fnlwgt": -0.009333450988414843, "capital-loss": -0.007626073106595452}}}