{"instance_id": 7016, "quadrant": "FP", "true_label": 0, "prediction": 1, "prediction_correct": false, "metrics": {"cost": 59419.79823698057, "sparsity": 0.09259259259259259, "fidelity": 0.9760042745132058, "faithfulness_gap": 0.6631401779965838, "stability": 0.9658489641799437}, "explanation": {"top_features": ["education-num: 0.1784", "occupation_Prof-specialty: 0.1706", "marital-status_Married-civ-spouse: 0.0958", "relationship_Husband: 0.0696", "hours-per-week: 0.0234", "education_Bachelors: 0.0206", "marital-status_Never-married: 0.0104", "education_HS-grad: 0.0095", "relationship_Own-child: 0.0039", "relationship_Not-in-family: 0.0037"], "raw_top": {"education-num": 0.17840492327705113, "occupation_Prof-specialty": 0.1705866660415646, "marital-status_Married-civ-spouse": 0.095795503242796, "relationship_Husband": 0.06956347225449129, "hours-per-week": 0.023361254237914665, "education_Bachelors": 0.020638716884185577, "marital-status_Never-married": 0.010413153722919946, "education_HS-grad": 0.009525034099234221, "relationship_Own-child": 0.0039054469961209205, "relationship_Not-in-family": 0.0036964212385225403}}}