{"instance_id": 7122, "quadrant": "FP", "true_label": 0, "prediction": 1, "prediction_correct": false, "metrics": {"cost": 44005.74895000318, "sparsity": 0.09259259259259259, "fidelity": 0.9810273963058336, "faithfulness_gap": 0.44580928277929666, "stability": 0.9438036280984808}, "explanation": {"top_features": ["occupation_Exec-managerial: 0.2148", "education-num: 0.1145", "marital-status_Married-civ-spouse: 0.0938", "age: -0.0854", "relationship_Husband: 0.0480", "capital-gain: -0.0351", "education_HS-grad: 0.0200", "education_Assoc-acdm: -0.0181", "capital-loss: -0.0165", "marital-status_Never-married: 0.0150"], "raw_top": {"occupation_Exec-managerial": 0.21475649297539592, "education-num": 0.11448766842143492, "marital-status_Married-civ-spouse": 0.09379903139770378, "age": -0.08537133120678976, "relationship_Husband": 0.04797946256383711, "capital-gain": -0.035064010896644945, "education_HS-grad": 0.020031754267663657, "education_Assoc-acdm": -0.018136377804843947, "capital-loss": -0.01648113835028353, "marital-status_Never-married": 0.014959177870564022}}}