{"instance_id": 7214, "quadrant": "FP", "true_label": 0, "prediction": 1, "prediction_correct": false, "metrics": {"cost": 46972.18860103749, "sparsity": 0.09259259259259259, "fidelity": 0.9895245946661245, "faithfulness_gap": 0.6601220720164428, "stability": 0.9643294360653125}, "explanation": {"top_features": ["education-num: 0.2012", "occupation_Sales: 0.1328", "marital-status_Married-civ-spouse: 0.0842", "relationship_Husband: 0.0682", "education_Bachelors: 0.0582", "hours-per-week: 0.0464", "age: -0.0321", "capital-gain: -0.0289", "marital-status_Never-married: 0.0175", "education_HS-grad: 0.0123"], "raw_top": {"education-num": 0.20115278679192694, "occupation_Sales": 0.132801433108402, "marital-status_Married-civ-spouse": 0.08417085691995609, "relationship_Husband": 0.06819277959033655, "education_Bachelors": 0.0582276141706406, "hours-per-week": 0.04643518128472915, "age": -0.03214563391226784, "capital-gain": -0.028936924041775947, "marital-status_Never-married": 0.01745893317030871, "education_HS-grad": 0.012286530421309122}}}