{"instance_id": 7222, "quadrant": "TP", "true_label": 1, "prediction": 1, "prediction_correct": true, "metrics": {"cost": 43164.472421995015, "sparsity": 0.09259259259259259, "fidelity": 0.975099954500654, "faithfulness_gap": 0.7298970256133975, "stability": 0.9661266705186822}, "explanation": {"top_features": ["education-num: 0.2023", "marital-status_Married-civ-spouse: 0.1065", "occupation_Protective-serv: 0.1051", "relationship_Husband: 0.0598", "workclass_Local-gov: 0.0530", "age: 0.0450", "education_Bachelors: 0.0287", "marital-status_Never-married: 0.0132", "workclass_Private: 0.0123", "education_HS-grad: 0.0120"], "raw_top": {"education-num": 0.20225518836018344, "marital-status_Married-civ-spouse": 0.10651735233907386, "occupation_Protective-serv": 0.10510117427852465, "relationship_Husband": 0.05976201166982396, "workclass_Local-gov": 0.05299822122500698, "age": 0.04503848287999091, "education_Bachelors": 0.028741001843019944, "marital-status_Never-married": 0.013172157466851693, "workclass_Private": 0.012319391969574305, "education_HS-grad": 0.011994664901243235}}}