{"instance_id": 7263, "quadrant": "TP", "true_label": 1, "prediction": 1, "prediction_correct": true, "metrics": {"cost": 48061.61970500398, "sparsity": 0.09259259259259259, "fidelity": 0.7629908182032306, "faithfulness_gap": 0.705226393354713, "stability": 0.9769071328995604}, "explanation": {"top_features": ["education-num: 0.1722", "capital-loss: 0.1630", "marital-status_Married-civ-spouse: 0.1134", "occupation_Exec-managerial: 0.1052", "relationship_Husband: 0.0589", "age: 0.0312", "workclass_Local-gov: -0.0262", "hours-per-week: 0.0261", "marital-status_Never-married: 0.0210", "relationship_Own-child: 0.0091"], "raw_top": {"education-num": 0.17219854224189746, "capital-loss": 0.16301118389839792, "marital-status_Married-civ-spouse": 0.11335100192721233, "occupation_Exec-managerial": 0.10519373151818087, "relationship_Husband": 0.05890583611948843, "age": 0.031155469893038953, "workclass_Local-gov": -0.026153427030986776, "hours-per-week": 0.026076171026621475, "marital-status_Never-married": 0.021037916422277748, "relationship_Own-child": 0.009139433553309017}}}