{"instance_id": 730, "quadrant": "FN", "true_label": 1, "prediction": 0, "prediction_correct": false, "metrics": {"cost": 60597.767079016194, "sparsity": 0.09259259259259259, "fidelity": 0.7442604941937585, "faithfulness_gap": 0.06089791102914452, "stability": 0.8738162509329512}, "explanation": {"top_features": ["marital-status_Married-civ-spouse: -0.0477", "occupation_Sales: 0.0297", "age: -0.0270", "relationship_Husband: -0.0253", "capital-gain: -0.0215", "marital-status_Never-married: -0.0157", "capital-loss: -0.0118", "education-num: -0.0093", "education_Some-college: 0.0062", "education_Bachelors: -0.0058"], "raw_top": {"marital-status_Married-civ-spouse": -0.047694523684860095, "occupation_Sales": 0.029742262210681894, "age": -0.026988562558609284, "relationship_Husband": -0.02531132515651194, "capital-gain": -0.021460405200511127, "marital-status_Never-married": -0.01568989469810832, "capital-loss": -0.011820072523471302, "education-num": -0.009302444424955283, "education_Some-college": 0.006215971257974295, "education_Bachelors": -0.00575303222180094}}}