{"instance_id": 7332, "quadrant": "TP", "true_label": 1, "prediction": 1, "prediction_correct": true, "metrics": {"cost": 54447.86417100113, "sparsity": 0.09259259259259259, "fidelity": 0.9259963895247196, "faithfulness_gap": 0.7941533883225917, "stability": 0.9857173602160001}, "explanation": {"top_features": ["capital-loss: 0.2064", "education-num: 0.1512", "occupation_Exec-managerial: 0.1152", "marital-status_Married-civ-spouse: 0.1133", "relationship_Husband: 0.0562", "hours-per-week: 0.0317", "marital-status_Never-married: 0.0210", "education_Bachelors: 0.0122", "relationship_Own-child: 0.0100", "relationship_Not-in-family: 0.0091"], "raw_top": {"capital-loss": 0.20642499096678327, "education-num": 0.15124081689370614, "occupation_Exec-managerial": 0.1152396198657091, "marital-status_Married-civ-spouse": 0.11325526003645861, "relationship_Husband": 0.0561559161686384, "hours-per-week": 0.03169592418349904, "marital-status_Never-married": 0.020961219714110364, "education_Bachelors": 0.012238792330219732, "relationship_Own-child": 0.010003328451080836, "relationship_Not-in-family": 0.009140930631955313}}}