{"instance_id": 7367, "quadrant": "TP", "true_label": 1, "prediction": 1, "prediction_correct": true, "metrics": {"cost": 39227.17703199305, "sparsity": 0.09259259259259259, "fidelity": 0.9863316571730574, "faithfulness_gap": 0.7019044680052499, "stability": 0.9746726349735153}, "explanation": {"top_features": ["education-num: 0.2724", "occupation_Sales: 0.0956", "marital-status_Married-civ-spouse: 0.0955", "relationship_Husband: 0.0526", "hours-per-week: 0.0463", "age: 0.0321", "education_HS-grad: 0.0145", "marital-status_Never-married: 0.0136", "education_Masters: 0.0068", "relationship_Own-child: 0.0062"], "raw_top": {"education-num": 0.27235610162885, "occupation_Sales": 0.09557333929523525, "marital-status_Married-civ-spouse": 0.09550175412106664, "relationship_Husband": 0.0525883403609823, "hours-per-week": 0.046291996865964094, "age": 0.03209906174084602, "education_HS-grad": 0.014501596515085178, "marital-status_Never-married": 0.013584363365957065, "education_Masters": 0.006779854771407086, "relationship_Own-child": 0.006192265336190994}}}