{"instance_id": 7478, "quadrant": "TN", "true_label": 0, "prediction": 0, "prediction_correct": true, "metrics": {"cost": 51446.21577399084, "sparsity": 0.09259259259259259, "fidelity": 0.9280523329886925, "faithfulness_gap": 0.2591512881914641, "stability": 0.8206464699406428}, "explanation": {"top_features": ["occupation_Prof-specialty: 0.1226", "marital-status_Married-civ-spouse: 0.0728", "capital-gain: -0.0398", "relationship_Husband: 0.0302", "hours-per-week: 0.0267", "fnlwgt: 0.0229", "capital-loss: -0.0199", "education_HS-grad: 0.0184", "education_Bachelors: -0.0125", "marital-status_Never-married: 0.0090"], "raw_top": {"occupation_Prof-specialty": 0.12255810520066857, "marital-status_Married-civ-spouse": 0.07284929996489119, "capital-gain": -0.03975297011523084, "relationship_Husband": 0.030163583538452547, "hours-per-week": 0.026686908463582952, "fnlwgt": 0.02285708524049794, "capital-loss": -0.0199454449172853, "education_HS-grad": 0.018385539954464545, "education_Bachelors": -0.012456483785291073, "marital-status_Never-married": 0.00899150160744255}}}