{"instance_id": 7511, "quadrant": "FN", "true_label": 1, "prediction": 0, "prediction_correct": false, "metrics": {"cost": 39141.33883302566, "sparsity": 0.09259259259259259, "fidelity": 0.9281255109803269, "faithfulness_gap": 0.08768117499111541, "stability": 0.8070883679466012}, "explanation": {"top_features": ["education-num: -0.0745", "marital-status_Married-civ-spouse: 0.0446", "workclass_Self-emp-inc: 0.0397", "education_HS-grad: -0.0356", "capital-gain: -0.0335", "age: 0.0276", "capital-loss: -0.0237", "relationship_Husband: 0.0232", "occupation_Sales: 0.0209", "fnlwgt: 0.0117"], "raw_top": {"education-num": -0.0744664103702679, "marital-status_Married-civ-spouse": 0.04458151409348797, "workclass_Self-emp-inc": 0.039736668437486966, "education_HS-grad": -0.03556254457346365, "capital-gain": -0.033452614325260595, "age": 0.02756915020576565, "capital-loss": -0.023706985407049706, "relationship_Husband": 0.02320514315788708, "occupation_Sales": 0.020890333492092836, "fnlwgt": 0.011681623451535571}}}