{"instance_id": 7517, "quadrant": "FN", "true_label": 1, "prediction": 0, "prediction_correct": false, "metrics": {"cost": 38833.93826696556, "sparsity": 0.09259259259259259, "fidelity": 0.8904140763618986, "faithfulness_gap": 0.03021037729336855, "stability": 0.9613639413469727}, "explanation": {"top_features": ["occupation_Tech-support: 0.0992", "marital-status_Married-civ-spouse: -0.0923", "education-num: 0.0803", "relationship_Husband: -0.0431", "marital-status_Never-married: -0.0345", "relationship_Not-in-family: -0.0286", "hours-per-week: -0.0259", "capital-gain: -0.0221", "capital-loss: -0.0097", "fnlwgt: -0.0067"], "raw_top": {"occupation_Tech-support": 0.0991906757792963, "marital-status_Married-civ-spouse": -0.09229523795533241, "education-num": 0.08032661511447098, "relationship_Husband": -0.04309893300458197, "marital-status_Never-married": -0.03449911830186257, "relationship_Not-in-family": -0.028641314704602443, "hours-per-week": -0.025882718151174964, "capital-gain": -0.0221044299384542, "capital-loss": -0.009661926617579754, "fnlwgt": -0.006737424830204078}}}