{"instance_id": 7520, "quadrant": "TN", "true_label": 0, "prediction": 0, "prediction_correct": true, "metrics": {"cost": 36261.08524098527, "sparsity": 0.09259259259259259, "fidelity": 0.5540426418606202, "faithfulness_gap": 0.03288089334177503, "stability": 0.938989305740834}, "explanation": {"top_features": ["education-num: -0.0763", "age: -0.0339", "capital-gain: -0.0204", "marital-status_Married-civ-spouse: 0.0195", "relationship_Husband: 0.0124", "capital-loss: -0.0111", "hours-per-week: 0.0077", "occupation_Transport-moving: -0.0072", "education_7th-8th: 0.0059", "education_Bachelors: -0.0056"], "raw_top": {"education-num": -0.07632110215269897, "age": -0.03394884974620476, "capital-gain": -0.020354165528471593, "marital-status_Married-civ-spouse": 0.019481792394173168, "relationship_Husband": 0.012432361308626358, "capital-loss": -0.011101778602582418, "hours-per-week": 0.007711301686389601, "occupation_Transport-moving": -0.007156382316218963, "education_7th-8th": 0.005932118318175458, "education_Bachelors": -0.0056033501089688366}}}