{"instance_id": 7559, "quadrant": "TN", "true_label": 0, "prediction": 0, "prediction_correct": true, "metrics": {"cost": 43689.78550701286, "sparsity": 0.09259259259259259, "fidelity": 0.7492353354933113, "faithfulness_gap": 0.07541980017568631, "stability": 0.9515111881627357}, "explanation": {"top_features": ["marital-status_Married-civ-spouse: -0.0408", "occupation_Handlers-cleaners: -0.0362", "relationship_Husband: -0.0226", "capital-gain: -0.0182", "marital-status_Divorced: -0.0117", "capital-loss: -0.0107", "workclass_Private: -0.0100", "education-num: -0.0081", "fnlwgt: -0.0056", "age: -0.0052"], "raw_top": {"marital-status_Married-civ-spouse": -0.040764814183607966, "occupation_Handlers-cleaners": -0.03622999805655587, "relationship_Husband": -0.02263284702871923, "capital-gain": -0.01820034951874066, "marital-status_Divorced": -0.011733295878970417, "capital-loss": -0.010685862974779477, "workclass_Private": -0.009998417831851807, "education-num": -0.0081162054796514, "fnlwgt": -0.005623126623760054, "age": -0.005180888657596888}}}