{"instance_id": 7632, "quadrant": "FN", "true_label": 1, "prediction": 0, "prediction_correct": false, "metrics": {"cost": 37754.017387051135, "sparsity": 0.09259259259259259, "fidelity": 0.8809918368392572, "faithfulness_gap": 0.07840210966295202, "stability": 0.7260454572313562}, "explanation": {"top_features": ["marital-status_Married-civ-spouse: 0.0437", "age: 0.0404", "capital-gain: -0.0311", "relationship_Husband: 0.0311", "native-country_United-States: -0.0282", "capital-loss: -0.0215", "race_White: -0.0171", "education_Bachelors: -0.0155", "race_Black: 0.0151", "education-num: -0.0143"], "raw_top": {"marital-status_Married-civ-spouse": 0.04369889623858743, "age": 0.0403798530279416, "capital-gain": -0.031114336112862656, "relationship_Husband": 0.031057778394125688, "native-country_United-States": -0.028232289705089147, "capital-loss": -0.021461184381662574, "race_White": -0.017100354830534133, "education_Bachelors": -0.015478988755842247, "race_Black": 0.01510529887654969, "education-num": -0.014346478948096444}}}