{"instance_id": 7634, "quadrant": "FP", "true_label": 0, "prediction": 1, "prediction_correct": false, "metrics": {"cost": 44334.98350298032, "sparsity": 0.09259259259259259, "fidelity": 0.9926096123091304, "faithfulness_gap": 0.6132288687200478, "stability": 0.9940890342221974}, "explanation": {"top_features": ["capital-loss: 0.4050", "marital-status_Married-civ-spouse: 0.0605", "education-num: -0.0401", "relationship_Husband: 0.0316", "age: 0.0230", "fnlwgt: 0.0147", "marital-status_Never-married: 0.0091", "sex_Male: 0.0089", "sex_Female: 0.0049", "relationship_Own-child: 0.0017"], "raw_top": {"capital-loss": 0.40502574664495034, "marital-status_Married-civ-spouse": 0.06051412203600006, "education-num": -0.04013677484997525, "relationship_Husband": 0.03157121633291341, "age": 0.023025289271548472, "fnlwgt": 0.014738011941003855, "marital-status_Never-married": 0.009073373275424283, "sex_Male": 0.008909954790807358, "sex_Female": 0.004913746406644069, "relationship_Own-child": 0.0017388719085329463}}}