{"instance_id": 7664, "quadrant": "TN", "true_label": 0, "prediction": 0, "prediction_correct": true, "metrics": {"cost": 44056.07905599754, "sparsity": 0.09259259259259259, "fidelity": 0.43983371891446954, "faithfulness_gap": 0.020512517901150912, "stability": 0.8049247239705237}, "explanation": {"top_features": ["marital-status_Married-civ-spouse: -0.0336", "education-num: -0.0210", "capital-gain: -0.0207", "relationship_Husband: -0.0199", "occupation_Craft-repair: 0.0168", "age: 0.0100", "capital-loss: -0.0088", "marital-status_Divorced: -0.0080", "hours-per-week: -0.0078", "fnlwgt: -0.0056"], "raw_top": {"marital-status_Married-civ-spouse": -0.03359449719273434, "education-num": -0.020989534705207685, "capital-gain": -0.020678385530419882, "relationship_Husband": -0.019869903723294717, "occupation_Craft-repair": 0.016805954515349827, "age": 0.010037261118171492, "capital-loss": -0.008804771550145963, "marital-status_Divorced": -0.007999536687304586, "hours-per-week": -0.00783769071993793, "fnlwgt": -0.00562657862594122}}}