{"instance_id": 7691, "quadrant": "FP", "true_label": 0, "prediction": 1, "prediction_correct": false, "metrics": {"cost": 47639.96248802869, "sparsity": 0.09259259259259259, "fidelity": 0.9777749829691339, "faithfulness_gap": 0.6241678923804685, "stability": 0.9758215876568304}, "explanation": {"top_features": ["occupation_Exec-managerial: 0.2650", "marital-status_Married-civ-spouse: 0.0911", "age: 0.0531", "education_Some-college: 0.0415", "relationship_Husband: 0.0390", "education_HS-grad: 0.0235", "education-num: 0.0098", "marital-status_Never-married: 0.0098", "fnlwgt: 0.0088", "sex_Male: 0.0033"], "raw_top": {"occupation_Exec-managerial": 0.2650301581682964, "marital-status_Married-civ-spouse": 0.09105319404970875, "age": 0.05310616614492348, "education_Some-college": 0.04149499457175495, "relationship_Husband": 0.039016133808015094, "education_HS-grad": 0.02346080369392354, "education-num": 0.009839511103276294, "marital-status_Never-married": 0.009823554355725303, "fnlwgt": 0.008824253929084154, "sex_Male": 0.0033058236313868727}}}