{"instance_id": 7716, "quadrant": "TN", "true_label": 0, "prediction": 0, "prediction_correct": true, "metrics": {"cost": 45678.155483998125, "sparsity": 0.09259259259259259, "fidelity": 0.5428223176727633, "faithfulness_gap": 0.04348693921037499, "stability": 0.8968482316388678}, "explanation": {"top_features": ["marital-status_Married-civ-spouse: -0.0338", "relationship_Other-relative: -0.0286", "age: -0.0236", "relationship_Husband: -0.0198", "education-num: -0.0196", "capital-gain: -0.0186", "occupation_Craft-repair: 0.0143", "marital-status_Never-married: -0.0135", "capital-loss: -0.0115", "hours-per-week: -0.0039"], "raw_top": {"marital-status_Married-civ-spouse": -0.03384796895031954, "relationship_Other-relative": -0.028557048677053873, "age": -0.02360083267713562, "relationship_Husband": -0.01984664333442898, "education-num": -0.019603947070925876, "capital-gain": -0.018615214486791435, "occupation_Craft-repair": 0.014254525801784601, "marital-status_Never-married": -0.0135404154279681, "capital-loss": -0.011538995655997523, "hours-per-week": -0.003932599097042251}}}