{"instance_id": 7735, "quadrant": "FP", "true_label": 0, "prediction": 1, "prediction_correct": false, "metrics": {"cost": 45935.6229120167, "sparsity": 0.09259259259259259, "fidelity": 0.9821462434981237, "faithfulness_gap": 0.7196568887575516, "stability": 0.9535539618807386}, "explanation": {"top_features": ["occupation_Tech-support: 0.1897", "education-num: 0.1656", "marital-status_Married-civ-spouse: 0.1096", "relationship_Husband: 0.0606", "age: 0.0573", "education_Bachelors: 0.0273", "marital-status_Never-married: 0.0129", "education_HS-grad: 0.0126", "relationship_Own-child: 0.0062", "relationship_Not-in-family: 0.0055"], "raw_top": {"occupation_Tech-support": 0.18974748072436756, "education-num": 0.16561215717908973, "marital-status_Married-civ-spouse": 0.10956208341954438, "relationship_Husband": 0.06062734541143673, "age": 0.05732239586254531, "education_Bachelors": 0.027305679613621965, "marital-status_Never-married": 0.012927574209313127, "education_HS-grad": 0.012616304101425986, "relationship_Own-child": 0.006159603522813229, "relationship_Not-in-family": 0.005503347661446556}}}