{"instance_id": 7811, "quadrant": "FP", "true_label": 0, "prediction": 1, "prediction_correct": false, "metrics": {"cost": 44951.17808098439, "sparsity": 0.09259259259259259, "fidelity": 0.9772904634788673, "faithfulness_gap": 0.3883939439536316, "stability": 0.9714876668405578}, "explanation": {"top_features": ["education-num: 0.1615", "age: -0.1603", "occupation_Sales: 0.1274", "capital-gain: 0.0834", "marital-status_Married-civ-spouse: 0.0771", "education_Bachelors: 0.0642", "relationship_Husband: 0.0547", "marital-status_Never-married: 0.0083", "relationship_Not-in-family: 0.0062", "relationship_Own-child: 0.0049"], "raw_top": {"education-num": 0.16151195350891626, "age": -0.1603175380279222, "occupation_Sales": 0.12744644236010874, "capital-gain": 0.08340147286871587, "marital-status_Married-civ-spouse": 0.07706268804259761, "education_Bachelors": 0.06417127620394775, "relationship_Husband": 0.054725808947517475, "marital-status_Never-married": 0.00833100748240615, "relationship_Not-in-family": 0.006154633034361058, "relationship_Own-child": 0.004899341669108215}}}