{"instance_id": 7934, "quadrant": "TP", "true_label": 1, "prediction": 1, "prediction_correct": true, "metrics": {"cost": 53100.71462899214, "sparsity": 0.09259259259259259, "fidelity": 0.9456306424292282, "faithfulness_gap": 0.6632895822127144, "stability": 0.9374133109789857}, "explanation": {"top_features": ["education-num: 0.1987", "occupation_Sales: 0.1032", "marital-status_Married-civ-spouse: 0.0881", "relationship_Husband: 0.0407", "fnlwgt: 0.0339", "age: 0.0254", "hours-per-week: 0.0251", "education_Bachelors: 0.0211", "marital-status_Never-married: 0.0097", "education_HS-grad: 0.0096"], "raw_top": {"education-num": 0.19870492389904504, "occupation_Sales": 0.10317786859968313, "marital-status_Married-civ-spouse": 0.08813971334953051, "relationship_Husband": 0.04072063788886743, "fnlwgt": 0.03388259178645889, "age": 0.025388320518606365, "hours-per-week": 0.025054282578712804, "education_Bachelors": 0.021137552427554517, "marital-status_Never-married": 0.00972785334337778, "education_HS-grad": 0.009586350317183894}}}