{"instance_id": 8045, "quadrant": "FN", "true_label": 1, "prediction": 0, "prediction_correct": false, "metrics": {"cost": 52580.88092599064, "sparsity": 0.09259259259259259, "fidelity": 0.9462966072066462, "faithfulness_gap": 0.047984206687159886, "stability": 0.7870172987274342}, "explanation": {"top_features": ["occupation_Transport-moving: -0.0785", "marital-status_Married-civ-spouse: 0.0480", "capital-gain: -0.0420", "fnlwgt: 0.0342", "hours-per-week: 0.0276", "relationship_Husband: 0.0198", "education_Some-college: 0.0155", "age: 0.0149", "education_HS-grad: 0.0083", "marital-status_Never-married: 0.0070"], "raw_top": {"occupation_Transport-moving": -0.07847468935085537, "marital-status_Married-civ-spouse": 0.047996542352804546, "capital-gain": -0.04197473652380397, "fnlwgt": 0.034180944024322986, "hours-per-week": 0.027604514150822653, "relationship_Husband": 0.01979335473601158, "education_Some-college": 0.015511590754984258, "age": 0.014928526351700515, "education_HS-grad": 0.00830467043707889, "marital-status_Never-married": 0.00697548026956317}}}