{"instance_id": 812, "quadrant": "TP", "true_label": 1, "prediction": 1, "prediction_correct": true, "metrics": {"cost": 39912.59295900818, "sparsity": 0.09259259259259259, "fidelity": 0.9688236453959975, "faithfulness_gap": 0.7202435675895251, "stability": 0.9636004443727746}, "explanation": {"top_features": ["occupation_Exec-managerial: 0.2179", "education-num: 0.1951", "marital-status_Married-civ-spouse: 0.1094", "relationship_Husband: 0.0504", "age: 0.0362", "education_HS-grad: 0.0181", "marital-status_Never-married: 0.0149", "relationship_Own-child: 0.0051", "hours-per-week: 0.0035", "relationship_Not-in-family: 0.0029"], "raw_top": {"occupation_Exec-managerial": 0.21793042224958964, "education-num": 0.19511388786322273, "marital-status_Married-civ-spouse": 0.10935623377440021, "relationship_Husband": 0.05038082952217496, "age": 0.036171261236246546, "education_HS-grad": 0.018126223106511172, "marital-status_Never-married": 0.014910614903225925, "relationship_Own-child": 0.005122385997352905, "hours-per-week": 0.0035371203154824847, "relationship_Not-in-family": 0.002867028197313992}}}