{"instance_id": 8268, "quadrant": "FP", "true_label": 0, "prediction": 1, "prediction_correct": false, "metrics": {"cost": 59769.61866603233, "sparsity": 0.09259259259259259, "fidelity": 0.9864900481404315, "faithfulness_gap": 0.5237991546098555, "stability": 0.9653061587242462}, "explanation": {"top_features": ["education-num: 0.2250", "occupation_Prof-specialty: 0.1606", "marital-status_Married-civ-spouse: 0.0916", "hours-per-week: -0.0910", "relationship_Husband: 0.0519", "age: 0.0326", "capital-gain: -0.0275", "fnlwgt: -0.0167", "education_Masters: 0.0111", "marital-status_Never-married: 0.0084"], "raw_top": {"education-num": 0.2249995461852386, "occupation_Prof-specialty": 0.16061626518849872, "marital-status_Married-civ-spouse": 0.09155672243289742, "hours-per-week": -0.0910354823805483, "relationship_Husband": 0.05192579924290258, "age": 0.03256246336314109, "capital-gain": -0.02752439559572397, "fnlwgt": -0.016675885246493955, "education_Masters": 0.011093045928931762, "marital-status_Never-married": 0.008443497008588707}}}