{"instance_id": 8279, "quadrant": "TP", "true_label": 1, "prediction": 1, "prediction_correct": true, "metrics": {"cost": 62104.66387300403, "sparsity": 0.09259259259259259, "fidelity": 0.9805746473812088, "faithfulness_gap": 0.7884248346999541, "stability": 0.9948551358234119}, "explanation": {"top_features": ["capital-loss: 0.4683", "occupation_Exec-managerial: 0.1111", "marital-status_Married-civ-spouse: 0.0842", "workclass_Self-emp-not-inc: -0.0388", "relationship_Husband: 0.0346", "workclass_Private: -0.0270", "age: -0.0232", "education_Some-college: 0.0192", "education-num: 0.0152", "relationship_Not-in-family: 0.0130"], "raw_top": {"capital-loss": 0.4682860516362588, "occupation_Exec-managerial": 0.11108716970599612, "marital-status_Married-civ-spouse": 0.08418572511907411, "workclass_Self-emp-not-inc": -0.03876018454932389, "relationship_Husband": 0.03460058638261515, "workclass_Private": -0.027036041475227236, "age": -0.023237508687600772, "education_Some-college": 0.019174405904134627, "education-num": 0.015240694157846858, "relationship_Not-in-family": 0.013020247300632063}}}