{"instance_id": 8380, "quadrant": "TN", "true_label": 0, "prediction": 0, "prediction_correct": true, "metrics": {"cost": 35222.91910700733, "sparsity": 0.09259259259259259, "fidelity": 0.8999846207976905, "faithfulness_gap": 0.028886844478972024, "stability": 0.9617299106204478}, "explanation": {"top_features": ["hours-per-week: -0.0880", "occupation_Tech-support: 0.0793", "marital-status_Married-civ-spouse: -0.0670", "education-num: 0.0447", "capital-gain: 0.0363", "marital-status_Divorced: -0.0335", "age: -0.0283", "relationship_Husband: -0.0261", "relationship_Own-child: -0.0215", "capital-loss: -0.0114"], "raw_top": {"hours-per-week": -0.08797196045058164, "occupation_Tech-support": 0.07930861972252477, "marital-status_Married-civ-spouse": -0.06704671835997786, "education-num": 0.0446767161835904, "capital-gain": 0.036278997743718365, "marital-status_Divorced": -0.03350357910557563, "age": -0.02826255062637273, "relationship_Husband": -0.02605565621912134, "relationship_Own-child": -0.021486171200385828, "capital-loss": -0.011358405216827752}}}