{"instance_id": 8392, "quadrant": "TP", "true_label": 1, "prediction": 1, "prediction_correct": true, "metrics": {"cost": 62563.60181499622, "sparsity": 0.09259259259259259, "fidelity": 0.9901500601697455, "faithfulness_gap": 0.7198315086549464, "stability": 0.96598664997195}, "explanation": {"top_features": ["education-num: 0.2424", "occupation_Prof-specialty: 0.1706", "marital-status_Married-civ-spouse: 0.1078", "relationship_Husband: 0.0495", "age: 0.0344", "marital-status_Never-married: 0.0131", "education_HS-grad: 0.0121", "education_Masters: 0.0063", "relationship_Not-in-family: 0.0057", "relationship_Own-child: 0.0026"], "raw_top": {"education-num": 0.2424289425897637, "occupation_Prof-specialty": 0.17061855529002762, "marital-status_Married-civ-spouse": 0.10778300722721333, "relationship_Husband": 0.049456794763955994, "age": 0.03440726840869044, "marital-status_Never-married": 0.013062677266611455, "education_HS-grad": 0.012100174593618868, "education_Masters": 0.006335665933612836, "relationship_Not-in-family": 0.0057334599459015236, "relationship_Own-child": 0.002580123307797666}}}