{"instance_id": 841, "quadrant": "FP", "true_label": 0, "prediction": 1, "prediction_correct": false, "metrics": {"cost": 54448.713215009775, "sparsity": 0.09259259259259259, "fidelity": 0.9406793156364889, "faithfulness_gap": 0.41206960093423217, "stability": 0.9308038547269717}, "explanation": {"top_features": ["occupation_Exec-managerial: 0.2179", "marital-status_Married-civ-spouse: 0.0736", "age: 0.0561", "relationship_Husband: 0.0559", "race_White: -0.0435", "hours-per-week: 0.0389", "native-country_United-States: -0.0341", "capital-gain: -0.0330", "native-country_nan: -0.0311", "education_HS-grad: 0.0196"], "raw_top": {"occupation_Exec-managerial": 0.2179358221351769, "marital-status_Married-civ-spouse": 0.07357571569484136, "age": 0.05605415490243959, "relationship_Husband": 0.055949114326344765, "race_White": -0.043534969041798245, "hours-per-week": 0.03886633083980496, "native-country_United-States": -0.034139419323005196, "capital-gain": -0.03300315381790853, "native-country_nan": -0.03105958005633798, "education_HS-grad": 0.019576721330342217}}}