{"instance_id": 8489, "quadrant": "FN", "true_label": 1, "prediction": 0, "prediction_correct": false, "metrics": {"cost": 38866.755240014754, "sparsity": 0.09259259259259259, "fidelity": 0.8933415879725872, "faithfulness_gap": 0.10259534079005686, "stability": 0.7981162648521165}, "explanation": {"top_features": ["education-num: -0.0691", "marital-status_Married-civ-spouse: 0.0345", "capital-gain: -0.0316", "capital-loss: -0.0245", "education_HS-grad: -0.0229", "relationship_Husband: 0.0226", "education_Bachelors: -0.0151", "occupation_Sales: 0.0144", "age: 0.0095", "hours-per-week: -0.0038"], "raw_top": {"education-num": -0.06905285718494573, "marital-status_Married-civ-spouse": 0.03449162865882588, "capital-gain": -0.031576069508646665, "capital-loss": -0.02448937562267839, "education_HS-grad": -0.022940171572531816, "relationship_Husband": 0.022564271435574573, "education_Bachelors": -0.015103976592277706, "occupation_Sales": 0.014351256865889993, "age": 0.009454613878807866, "hours-per-week": -0.0037538862415770063}}}