{"instance_id": 8501, "quadrant": "FP", "true_label": 0, "prediction": 1, "prediction_correct": false, "metrics": {"cost": 35953.666384972166, "sparsity": 0.09259259259259259, "fidelity": 0.9863554996319663, "faithfulness_gap": 0.6720872682612369, "stability": 0.9604910216732379}, "explanation": {"top_features": ["education-num: 0.2013", "relationship_Wife: 0.1792", "marital-status_Married-civ-spouse: 0.1027", "occupation_Adm-clerical: 0.0719", "education_Bachelors: 0.0471", "fnlwgt: -0.0434", "relationship_Husband: -0.0376", "age: 0.0300", "capital-gain: -0.0239", "education_HS-grad: 0.0157"], "raw_top": {"education-num": 0.20126880989575227, "relationship_Wife": 0.1792254543779166, "marital-status_Married-civ-spouse": 0.10271994548394801, "occupation_Adm-clerical": 0.07193964514827866, "education_Bachelors": 0.04713424144873155, "fnlwgt": -0.0434074765173646, "relationship_Husband": -0.03759775908175695, "age": 0.030019143139821368, "capital-gain": -0.023860893336403732, "education_HS-grad": 0.015665400690934615}}}