{"instance_id": 8540, "quadrant": "FP", "true_label": 0, "prediction": 1, "prediction_correct": false, "metrics": {"cost": 59994.505608978216, "sparsity": 0.09259259259259259, "fidelity": 0.9914823771043706, "faithfulness_gap": 0.4552130440429268, "stability": 0.9687701771444163}, "explanation": {"top_features": ["age: -0.1844", "occupation_Prof-specialty: 0.1702", "education-num: 0.1667", "relationship_Wife: 0.1555", "marital-status_Married-civ-spouse: 0.0845", "relationship_Husband: -0.0397", "education_Bachelors: 0.0266", "capital-gain: -0.0232", "education_HS-grad: 0.0177", "relationship_Not-in-family: 0.0077"], "raw_top": {"age": -0.18444521448592374, "occupation_Prof-specialty": 0.17017834410628804, "education-num": 0.1666827753557494, "relationship_Wife": 0.1554769749414733, "marital-status_Married-civ-spouse": 0.0845358756136025, "relationship_Husband": -0.039742248915450674, "education_Bachelors": 0.026582977417038148, "capital-gain": -0.023195593021488208, "education_HS-grad": 0.017729971416342895, "relationship_Not-in-family": 0.0077120287207052}}}