{"instance_id": 858, "quadrant": "TN", "true_label": 0, "prediction": 0, "prediction_correct": true, "metrics": {"cost": 39831.886300002225, "sparsity": 0.09259259259259259, "fidelity": 0.9316228076323789, "faithfulness_gap": 0.009458743909602316, "stability": 0.9451946510422484}, "explanation": {"top_features": ["occupation_Tech-support: 0.0954", "marital-status_Married-civ-spouse: -0.0863", "relationship_Husband: -0.0422", "education-num: 0.0375", "marital-status_Never-married: -0.0338", "capital-gain: -0.0248", "relationship_Not-in-family: -0.0202", "age: -0.0136", "capital-loss: -0.0111", "education_Assoc-acdm: -0.0098"], "raw_top": {"occupation_Tech-support": 0.0954343920559565, "marital-status_Married-civ-spouse": -0.08625513541760702, "relationship_Husband": -0.04221515142224604, "education-num": 0.03747847407304129, "marital-status_Never-married": -0.0337514687264831, "capital-gain": -0.024778587891846247, "relationship_Not-in-family": -0.020182370451190246, "age": -0.01364991708099793, "capital-loss": -0.011140744081871807, "education_Assoc-acdm": -0.009837860974428403}}}