{"instance_id": 8593, "quadrant": "FN", "true_label": 1, "prediction": 0, "prediction_correct": false, "metrics": {"cost": 37808.68499801727, "sparsity": 0.09259259259259259, "fidelity": 0.9333701250363028, "faithfulness_gap": 0.29840892967028365, "stability": 0.9613353123095434}, "explanation": {"top_features": ["education-num: 0.1890", "occupation_Prof-specialty: 0.0934", "marital-status_Married-civ-spouse: -0.0900", "hours-per-week: 0.0628", "relationship_Husband: -0.0471", "marital-status_Divorced: -0.0393", "education_Prof-school: 0.0386", "capital-gain: -0.0261", "marital-status_Never-married: 0.0212", "relationship_Not-in-family: -0.0204"], "raw_top": {"education-num": 0.18899143432066914, "occupation_Prof-specialty": 0.09336535218565706, "marital-status_Married-civ-spouse": -0.09001505898157756, "hours-per-week": 0.06281000750601778, "relationship_Husband": -0.04714806273223852, "marital-status_Divorced": -0.039280652006597236, "education_Prof-school": 0.03864949021863667, "capital-gain": -0.026066665413801187, "marital-status_Never-married": 0.021229021166231737, "relationship_Not-in-family": -0.020374456549656875}}}