{"instance_id": 8603, "quadrant": "FN", "true_label": 1, "prediction": 0, "prediction_correct": false, "metrics": {"cost": 46074.401821009815, "sparsity": 0.09259259259259259, "fidelity": 0.912381319158025, "faithfulness_gap": 0.21139041235558126, "stability": 0.7809523070552983}, "explanation": {"top_features": ["education-num: 0.0813", "marital-status_Married-civ-spouse: 0.0615", "capital-gain: -0.0390", "age: 0.0326", "relationship_Husband: 0.0289", "education_Assoc-acdm: 0.0214", "capital-loss: -0.0202", "fnlwgt: -0.0164", "occupation_Craft-repair: -0.0159", "education_HS-grad: 0.0118"], "raw_top": {"education-num": 0.08128293722130592, "marital-status_Married-civ-spouse": 0.061514104778019114, "capital-gain": -0.038984838866769955, "age": 0.03264790607706279, "relationship_Husband": 0.028900314028204494, "education_Assoc-acdm": 0.021399638142416792, "capital-loss": -0.02017955923591613, "fnlwgt": -0.016396114743964685, "occupation_Craft-repair": -0.015938169793343202, "education_HS-grad": 0.011826825472547944}}}