{"instance_id": 8638, "quadrant": "TP", "true_label": 1, "prediction": 1, "prediction_correct": true, "metrics": {"cost": 45584.50573999289, "sparsity": 0.09259259259259259, "fidelity": 0.9878928738376305, "faithfulness_gap": 0.5168144786152586, "stability": 0.9282905828949052}, "explanation": {"top_features": ["occupation_Exec-managerial: 0.1964", "education-num: 0.1717", "age: -0.1050", "marital-status_Married-civ-spouse: 0.0997", "relationship_Husband: 0.0608", "capital-gain: -0.0308", "education_Bachelors: 0.0269", "education_HS-grad: 0.0180", "marital-status_Never-married: 0.0153", "relationship_Not-in-family: 0.0088"], "raw_top": {"occupation_Exec-managerial": 0.19638096952243625, "education-num": 0.17166831444454303, "age": -0.10495014649305581, "marital-status_Married-civ-spouse": 0.09967242280696689, "relationship_Husband": 0.0608097087856021, "capital-gain": -0.03075755060194757, "education_Bachelors": 0.02691444620146487, "education_HS-grad": 0.01796042650608739, "marital-status_Never-married": 0.015310234569231479, "relationship_Not-in-family": 0.00883554645028524}}}