{"instance_id": 8715, "quadrant": "TN", "true_label": 0, "prediction": 0, "prediction_correct": true, "metrics": {"cost": 41552.51371499617, "sparsity": 0.09259259259259259, "fidelity": 0.8542062070859986, "faithfulness_gap": 0.08878465091998036, "stability": 0.9636533283795778}, "explanation": {"top_features": ["hours-per-week: -0.1016", "education-num: -0.0315", "marital-status_Married-civ-spouse: 0.0197", "capital-loss: -0.0184", "capital-gain: -0.0178", "race_White: -0.0090", "workclass_Private: -0.0070", "fnlwgt: -0.0057", "occupation_nan: -0.0029", "workclass_nan: -0.0021"], "raw_top": {"hours-per-week": -0.10163928188270244, "education-num": -0.03153452764463821, "marital-status_Married-civ-spouse": 0.0197265174900759, "capital-loss": -0.018399864455398537, "capital-gain": -0.017766126408005286, "race_White": -0.008957117455004267, "workclass_Private": -0.006980395110969121, "fnlwgt": -0.0056565389761980955, "occupation_nan": -0.0028582813882548352, "workclass_nan": -0.0020565259939835673}}}