{"instance_id": 8814, "quadrant": "FP", "true_label": 0, "prediction": 1, "prediction_correct": false, "metrics": {"cost": 36483.767580997664, "sparsity": 0.09259259259259259, "fidelity": 0.9581226009331218, "faithfulness_gap": 0.3349497788499797, "stability": 0.9610358839776583}, "explanation": {"top_features": ["capital-gain: 0.3052", "marital-status_Married-civ-spouse: 0.0720", "workclass_Self-emp-not-inc: -0.0672", "relationship_Husband: 0.0440", "fnlwgt: -0.0351", "education_Some-college: -0.0338", "age: 0.0337", "hours-per-week: 0.0330", "workclass_Private: -0.0234", "education_HS-grad: 0.0116"], "raw_top": {"capital-gain": 0.30515312578913545, "marital-status_Married-civ-spouse": 0.07198967713317896, "workclass_Self-emp-not-inc": -0.06721539061709207, "relationship_Husband": 0.04397215466239952, "fnlwgt": -0.03512646680762739, "education_Some-college": -0.03375535828158638, "age": 0.03369622022301763, "hours-per-week": 0.032953340242865184, "workclass_Private": -0.023390538336497305, "education_HS-grad": 0.011638608858941135}}}