{"instance_id": 8996, "quadrant": "TN", "true_label": 0, "prediction": 0, "prediction_correct": true, "metrics": {"cost": 59790.78749899054, "sparsity": 0.09259259259259259, "fidelity": 0.8897463528758143, "faithfulness_gap": 8.118617377086967e-05, "stability": 0.9723591192641816}, "explanation": {"top_features": ["education-num: 0.1045", "marital-status_Married-civ-spouse: -0.0728", "marital-status_Never-married: -0.0554", "occupation_Prof-specialty: 0.0423", "relationship_Husband: -0.0422", "age: -0.0356", "education_Prof-school: 0.0237", "capital-gain: -0.0230", "relationship_Not-in-family: -0.0181", "capital-loss: -0.0146"], "raw_top": {"education-num": 0.10453039979427754, "marital-status_Married-civ-spouse": -0.07283877695841506, "marital-status_Never-married": -0.05538895679561532, "occupation_Prof-specialty": 0.042338997188808805, "relationship_Husband": -0.042184974893921666, "age": -0.035600846045767076, "education_Prof-school": 0.023722187364055014, "capital-gain": -0.0229941949029124, "relationship_Not-in-family": -0.01809292391028446, "capital-loss": -0.014630114328692961}}}