{"instance_id": 9027, "quadrant": "FP", "true_label": 0, "prediction": 1, "prediction_correct": false, "metrics": {"cost": 36347.96305000782, "sparsity": 0.09259259259259259, "fidelity": 0.9767970299142853, "faithfulness_gap": 0.3509384579561716, "stability": 0.9579405764352789}, "explanation": {"top_features": ["education-num: 0.1892", "occupation_Exec-managerial: 0.1822", "age: -0.0875", "marital-status_Married-civ-spouse: 0.0850", "native-country_United-States: -0.0606", "relationship_Husband: 0.0519", "race_White: -0.0318", "capital-gain: -0.0310", "race_Asian-Pac-Islander: 0.0264", "education_Masters: 0.0178"], "raw_top": {"education-num": 0.1892241595682038, "occupation_Exec-managerial": 0.18216595653377335, "age": -0.08753099688073664, "marital-status_Married-civ-spouse": 0.08502271842842932, "native-country_United-States": -0.06056138004540552, "relationship_Husband": 0.05192823579553207, "race_White": -0.03176854577943612, "capital-gain": -0.030997434687860117, "race_Asian-Pac-Islander": 0.026418158912560177, "education_Masters": 0.017817813963494744}}}