{"instance_id": 9063, "quadrant": "TP", "true_label": 1, "prediction": 1, "prediction_correct": true, "metrics": {"cost": 54005.91669898131, "sparsity": 0.09259259259259259, "fidelity": 0.9927784064127971, "faithfulness_gap": 0.7344711791356989, "stability": 0.9952831344544557}, "explanation": {"top_features": ["capital-loss: 0.5036", "education-num: 0.1674", "marital-status_Married-civ-spouse: -0.0634", "occupation_Sales: 0.0414", "relationship_Husband: -0.0331", "marital-status_Separated: -0.0258", "relationship_Not-in-family: -0.0251", "hours-per-week: 0.0196", "marital-status_Never-married: 0.0148", "education_Bachelors: 0.0147"], "raw_top": {"capital-loss": 0.5035682310339931, "education-num": 0.1674014382054264, "marital-status_Married-civ-spouse": -0.06337571449928814, "occupation_Sales": 0.041422373996869544, "relationship_Husband": -0.03307596635019902, "marital-status_Separated": -0.02581556967606757, "relationship_Not-in-family": -0.025148463327371223, "hours-per-week": 0.0196094462271747, "marital-status_Never-married": 0.014814081468392934, "education_Bachelors": 0.014704529895384177}}}