{"instance_id": 908, "quadrant": "TN", "true_label": 0, "prediction": 0, "prediction_correct": true, "metrics": {"cost": 61168.62974700052, "sparsity": 0.09259259259259259, "fidelity": 0.7703526232565685, "faithfulness_gap": 0.09308013721816706, "stability": 0.9054162735663133}, "explanation": {"top_features": ["marital-status_Married-civ-spouse: -0.0528", "relationship_Husband: -0.0213", "capital-gain: -0.0167", "relationship_Unmarried: -0.0148", "marital-status_Divorced: -0.0115", "capital-loss: -0.0104", "education-num: -0.0085", "race_White: -0.0063", "hours-per-week: -0.0027", "education_Bachelors: -0.0022"], "raw_top": {"marital-status_Married-civ-spouse": -0.052761916844872477, "relationship_Husband": -0.021253662490006937, "capital-gain": -0.01673598991541602, "relationship_Unmarried": -0.014797093909473643, "marital-status_Divorced": -0.011463627182101244, "capital-loss": -0.010355528105016859, "education-num": -0.008505560286281683, "race_White": -0.006279047657427224, "hours-per-week": -0.002661881135402634, "education_Bachelors": -0.0021912857535875685}}}