{"instance_id": 9083, "quadrant": "TP", "true_label": 1, "prediction": 1, "prediction_correct": true, "metrics": {"cost": 41700.882721997914, "sparsity": 0.09259259259259259, "fidelity": 0.9841114931253836, "faithfulness_gap": 0.6965348155980362, "stability": 0.9644069077950981}, "explanation": {"top_features": ["education-num: 0.2112", "occupation_Sales: 0.1063", "marital-status_Married-civ-spouse: 0.1017", "relationship_Husband: 0.0632", "hours-per-week: 0.0478", "age: 0.0444", "education_Bachelors: 0.0423", "education_HS-grad: 0.0226", "marital-status_Never-married: 0.0170", "fnlwgt: 0.0069"], "raw_top": {"education-num": 0.2111885037045101, "occupation_Sales": 0.10628335633280463, "marital-status_Married-civ-spouse": 0.10172602995614635, "relationship_Husband": 0.06317120246801092, "hours-per-week": 0.047829505704120895, "age": 0.044388770369809136, "education_Bachelors": 0.042260724443717056, "education_HS-grad": 0.022629367124698097, "marital-status_Never-married": 0.017035452520529154, "fnlwgt": 0.0069075163503266035}}}