{"instance_id": 9250, "quadrant": "TN", "true_label": 0, "prediction": 0, "prediction_correct": true, "metrics": {"cost": 44915.62858101679, "sparsity": 0.09259259259259259, "fidelity": 0.4511829133176356, "faithfulness_gap": 0.032263561110430605, "stability": 0.905084237023136}, "explanation": {"top_features": ["marital-status_Married-civ-spouse: -0.0328", "occupation_Handlers-cleaners: -0.0259", "relationship_Husband: -0.0211", "capital-gain: -0.0150", "education-num: -0.0121", "race_White: -0.0111", "native-country_United-States: -0.0106", "capital-loss: -0.0100", "relationship_Unmarried: -0.0060", "sex_Male: -0.0040"], "raw_top": {"marital-status_Married-civ-spouse": -0.032757460751405766, "occupation_Handlers-cleaners": -0.02587292616239728, "relationship_Husband": -0.021078661625661726, "capital-gain": -0.015009290679837507, "education-num": -0.012061417644366561, "race_White": -0.011106690969177635, "native-country_United-States": -0.010599434830524324, "capital-loss": -0.009951683887451677, "relationship_Unmarried": -0.006014941291190069, "sex_Male": -0.00398383923881418}}}