{"instance_id": 9263, "quadrant": "FP", "true_label": 0, "prediction": 1, "prediction_correct": false, "metrics": {"cost": 42556.11295503331, "sparsity": 0.09259259259259259, "fidelity": 0.9889936447595051, "faithfulness_gap": 0.33545787842057273, "stability": 0.9732423629911723}, "explanation": {"top_features": ["capital-gain: 0.2856", "marital-status_Married-civ-spouse: 0.0564", "age: -0.0521", "education-num: -0.0463", "relationship_Husband: 0.0319", "marital-status_Never-married: 0.0101", "capital-loss: -0.0089", "education_Bachelors: -0.0067", "occupation_Craft-repair: 0.0061", "sex_Male: 0.0049"], "raw_top": {"capital-gain": 0.285629442187274, "marital-status_Married-civ-spouse": 0.056400559066416, "age": -0.05211620092582487, "education-num": -0.046262854401674026, "relationship_Husband": 0.03190230380798526, "marital-status_Never-married": 0.010120025620653972, "capital-loss": -0.008947408814631325, "education_Bachelors": -0.006732814687182558, "occupation_Craft-repair": 0.006084544733671822, "sex_Male": 0.004912937736527123}}}