{"instance_id": 9295, "quadrant": "TN", "true_label": 0, "prediction": 0, "prediction_correct": true, "metrics": {"cost": 59838.937915017596, "sparsity": 0.09259259259259259, "fidelity": 0.9228231595767179, "faithfulness_gap": 0.05368507949241913, "stability": 0.8580252417021721}, "explanation": {"top_features": ["age: -0.0573", "education-num: -0.0479", "marital-status_Married-civ-spouse: 0.0260", "capital-gain: -0.0255", "occupation_Adm-clerical: 0.0187", "capital-loss: -0.0172", "education_Bachelors: -0.0109", "relationship_Husband: 0.0105", "hours-per-week: -0.0061", "workclass_Self-emp-not-inc: -0.0039"], "raw_top": {"age": -0.057317866909953524, "education-num": -0.047913459547131464, "marital-status_Married-civ-spouse": 0.02597448057053642, "capital-gain": -0.02550122055140906, "occupation_Adm-clerical": 0.018692553486400722, "capital-loss": -0.01716485685327768, "education_Bachelors": -0.010911571156298374, "relationship_Husband": 0.010498119349759784, "hours-per-week": -0.0061279188984926895, "workclass_Self-emp-not-inc": -0.003884978059472466}}}