{"instance_id": 9464, "quadrant": "FP", "true_label": 0, "prediction": 1, "prediction_correct": false, "metrics": {"cost": 34478.21406903677, "sparsity": 0.09259259259259259, "fidelity": 0.9817907140886761, "faithfulness_gap": 0.29081776569979795, "stability": 0.918599697524734}, "explanation": {"top_features": ["workclass_Federal-gov: 0.1596", "marital-status_Married-civ-spouse: 0.0688", "education-num: -0.0621", "occupation_Adm-clerical: 0.0611", "capital-gain: -0.0387", "relationship_Husband: 0.0255", "workclass_Private: 0.0177", "age: 0.0126", "fnlwgt: 0.0083", "marital-status_Never-married: 0.0079"], "raw_top": {"workclass_Federal-gov": 0.15960820149932073, "marital-status_Married-civ-spouse": 0.06879334105989189, "education-num": -0.06205706327502788, "occupation_Adm-clerical": 0.061070134606488614, "capital-gain": -0.038701601566117905, "relationship_Husband": 0.025529381340015582, "workclass_Private": 0.017677933505956384, "age": 0.012588093183101797, "fnlwgt": 0.00833732277089321, "marital-status_Never-married": 0.007850338020901626}}}