{"instance_id": 9511, "quadrant": "FP", "true_label": 0, "prediction": 1, "prediction_correct": false, "metrics": {"cost": 36387.144742009696, "sparsity": 0.09259259259259259, "fidelity": 0.9798053155849467, "faithfulness_gap": 0.4311248054243827, "stability": 0.9729078988363045}, "explanation": {"top_features": ["capital-gain: 0.3218", "marital-status_Married-civ-spouse: 0.0706", "education-num: -0.0494", "age: 0.0420", "relationship_Husband: 0.0274", "education_HS-grad: -0.0253", "capital-loss: -0.0142", "marital-status_Never-married: 0.0132", "occupation_Craft-repair: -0.0095", "fnlwgt: 0.0055"], "raw_top": {"capital-gain": 0.32183683556411763, "marital-status_Married-civ-spouse": 0.07058879427903787, "education-num": -0.049411544949598596, "age": 0.04198138658016099, "relationship_Husband": 0.02741415590738976, "education_HS-grad": -0.02527130736653355, "capital-loss": -0.014229554474466527, "marital-status_Never-married": 0.013189962899258606, "occupation_Craft-repair": -0.0095153925321937, "fnlwgt": 0.005487965220889457}}}