{"instance_id": 9558, "quadrant": "TN", "true_label": 0, "prediction": 0, "prediction_correct": true, "metrics": {"cost": 34105.23759300122, "sparsity": 0.09259259259259259, "fidelity": 0.9091217982520299, "faithfulness_gap": 0.20579750980680023, "stability": 0.891392749932378}, "explanation": {"top_features": ["occupation_Farming-fishing: -0.0600", "marital-status_Married-civ-spouse: -0.0552", "relationship_Husband: -0.0233", "capital-gain: -0.0209", "marital-status_Never-married: -0.0203", "fnlwgt: 0.0128", "relationship_Not-in-family: -0.0115", "capital-loss: -0.0114", "hours-per-week: 0.0109", "age: 0.0076"], "raw_top": {"occupation_Farming-fishing": -0.060044719968745955, "marital-status_Married-civ-spouse": -0.055159653622184654, "relationship_Husband": -0.023324692432858434, "capital-gain": -0.020903440142182258, "marital-status_Never-married": -0.020282558410710094, "fnlwgt": 0.012816134120631076, "relationship_Not-in-family": -0.011458805659859643, "capital-loss": -0.01143104591243727, "hours-per-week": 0.010932673034593322, "age": 0.007571579076014329}}}