{"instance_id": 9577, "quadrant": "TN", "true_label": 0, "prediction": 0, "prediction_correct": true, "metrics": {"cost": 38914.93742601597, "sparsity": 0.09259259259259259, "fidelity": 0.5308474516996998, "faithfulness_gap": 0.0771181561423045, "stability": 0.9381469154494573}, "explanation": {"top_features": ["marital-status_Married-civ-spouse: -0.0417", "age: -0.0376", "relationship_Husband: -0.0193", "capital-gain: -0.0188", "occupation_Machine-op-inspct: -0.0179", "marital-status_Never-married: -0.0125", "capital-loss: -0.0079", "hours-per-week: -0.0032", "relationship_Not-in-family: -0.0017", "education_HS-grad: -0.0011"], "raw_top": {"marital-status_Married-civ-spouse": -0.04173847231874975, "age": -0.03756319623874532, "relationship_Husband": -0.01930987755729311, "capital-gain": -0.018845254142122368, "occupation_Machine-op-inspct": -0.017858992157725555, "marital-status_Never-married": -0.012524710828925322, "capital-loss": -0.007892599485576657, "hours-per-week": -0.003208292501783724, "relationship_Not-in-family": -0.0017433941009564646, "education_HS-grad": -0.0010863043572715836}}}