{"instance_id": 9618, "quadrant": "TP", "true_label": 1, "prediction": 1, "prediction_correct": true, "metrics": {"cost": 43181.07905899524, "sparsity": 0.09259259259259259, "fidelity": 0.9160317148895154, "faithfulness_gap": 0.7818678304205287, "stability": 0.9898826591637737}, "explanation": {"top_features": ["education-num: 0.2116", "capital-loss: 0.2072", "marital-status_Married-civ-spouse: 0.0897", "occupation_Prof-specialty: 0.0694", "relationship_Husband: 0.0502", "age: 0.0400", "hours-per-week: 0.0191", "marital-status_Never-married: 0.0183", "relationship_Own-child: 0.0068", "sex_Female: 0.0066"], "raw_top": {"education-num": 0.21160490446985275, "capital-loss": 0.20721311344946938, "marital-status_Married-civ-spouse": 0.08967386046168754, "occupation_Prof-specialty": 0.06940696397701807, "relationship_Husband": 0.050229295437440036, "age": 0.03997218242457185, "hours-per-week": 0.019052037345832395, "marital-status_Never-married": 0.018292020678653605, "relationship_Own-child": 0.006800892276741429, "sex_Female": 0.006551088021650053}}}