{"instance_id": 9723, "quadrant": "TN", "true_label": 0, "prediction": 0, "prediction_correct": true, "metrics": {"cost": 45028.19819599972, "sparsity": 0.09259259259259259, "fidelity": 0.3385482285662896, "faithfulness_gap": 0.0696517432323163, "stability": 0.9648280034249335}, "explanation": {"top_features": ["age: -0.0482", "hours-per-week: -0.0404", "marital-status_Married-civ-spouse: -0.0269", "capital-gain: -0.0136", "capital-loss: -0.0096", "relationship_Husband: -0.0094", "education-num: -0.0053", "marital-status_Never-married: -0.0050", "education_Bachelors: -0.0017", "relationship_Own-child: -0.0015"], "raw_top": {"age": -0.04823283107189335, "hours-per-week": -0.04044054062493629, "marital-status_Married-civ-spouse": -0.026941505629735272, "capital-gain": -0.013572385653515788, "capital-loss": -0.009631777960354844, "relationship_Husband": -0.009431136225901842, "education-num": -0.005291298494701347, "marital-status_Never-married": -0.005018378536707587, "education_Bachelors": -0.001700529895566125, "relationship_Own-child": -0.0015045216185242127}}}