{"instance_id": 991, "quadrant": "TP", "true_label": 1, "prediction": 1, "prediction_correct": true, "metrics": {"cost": 42746.5158420091, "sparsity": 0.09259259259259259, "fidelity": 0.9929136242944588, "faithfulness_gap": 0.6207289831232394, "stability": 0.9888717955512007}, "explanation": {"top_features": ["capital-gain: 0.5036", "education-num: 0.1440", "marital-status_Married-civ-spouse: -0.0874", "occupation_Prof-specialty: 0.0714", "marital-status_Divorced: -0.0608", "relationship_Husband: -0.0425", "age: 0.0358", "relationship_Not-in-family: -0.0335", "hours-per-week: -0.0255", "workclass_Local-gov: 0.0164"], "raw_top": {"capital-gain": 0.5036233754063987, "education-num": 0.1439935737852139, "marital-status_Married-civ-spouse": -0.08740524882484513, "occupation_Prof-specialty": 0.07142347958393089, "marital-status_Divorced": -0.060818915117962266, "relationship_Husband": -0.04249232575549258, "age": 0.035816393638820186, "relationship_Not-in-family": -0.03353315666002487, "hours-per-week": -0.0254726066966178, "workclass_Local-gov": 0.016387017896140055}}}