{"instance_id": 1029, "quadrant": "TN", "true_label": 0, "prediction": 0, "prediction_correct": true, "metrics": {"cost": 37478.735415963456, "sparsity": 0.09259259259259259, "fidelity": 0.8969315791766271, "faithfulness_gap": 0.060178200166092294, "stability": 0.9620964066536221}, "explanation": {"top_features": ["age: -0.1109", "relationship_Wife: 0.0482", "education-num: -0.0393", "marital-status_Married-civ-spouse: 0.0245", "capital-gain: -0.0178", "relationship_Husband: -0.0162", "capital-loss: -0.0140", "native-country_United-States: -0.0138", "native-country_Mexico: -0.0087", "education_Bachelors: -0.0062"], "raw_top": {"age": -0.11094116970935536, "relationship_Wife": 0.04821902574221497, "education-num": -0.0392776164452857, "marital-status_Married-civ-spouse": 0.024494875807118042, "capital-gain": -0.01779526774849837, "relationship_Husband": -0.016157425106734565, "capital-loss": -0.013962202473416417, "native-country_United-States": -0.013755127191373616, "native-country_Mexico": -0.008716047251029991, "education_Bachelors": -0.00615465513061908}}}