{"instance_id": 1039, "quadrant": "TN", "true_label": 0, "prediction": 0, "prediction_correct": true, "metrics": {"cost": 36796.550467959605, "sparsity": 0.09259259259259259, "fidelity": 0.810503682260392, "faithfulness_gap": 0.07637795990258067, "stability": 0.8942686465801176}, "explanation": {"top_features": ["marital-status_Married-civ-spouse: -0.0494", "relationship_Husband: -0.0205", "capital-gain: -0.0162", "relationship_Unmarried: -0.0141", "age: -0.0139", "marital-status_Divorced: -0.0122", "capital-loss: -0.0110", "education-num: -0.0104", "hours-per-week: -0.0055", "fnlwgt: -0.0049"], "raw_top": {"marital-status_Married-civ-spouse": -0.04939064254982676, "relationship_Husband": -0.0205351645202337, "capital-gain": -0.016231530649937948, "relationship_Unmarried": -0.014096108935733133, "age": -0.013914937686764514, "marital-status_Divorced": -0.012205298574365416, "capital-loss": -0.010968200382600143, "education-num": -0.010436672898293071, "hours-per-week": -0.005498204906320901, "fnlwgt": -0.004912371964119783}}}