{"instance_id": 1042, "quadrant": "TN", "true_label": 0, "prediction": 0, "prediction_correct": true, "metrics": {"cost": 40129.3531889678, "sparsity": 0.09259259259259259, "fidelity": 0.6654625697144826, "faithfulness_gap": 0.040107819671292684, "stability": 0.9501393320140693}, "explanation": {"top_features": ["marital-status_Married-civ-spouse: -0.0374", "age: -0.0254", "hours-per-week: -0.0238", "relationship_Husband: -0.0176", "capital-gain: -0.0162", "workclass_Private: -0.0142", "capital-loss: -0.0137", "education-num: -0.0104", "relationship_Unmarried: -0.0087", "marital-status_Divorced: -0.0081"], "raw_top": {"marital-status_Married-civ-spouse": -0.03736370217615675, "age": -0.025355192043335813, "hours-per-week": -0.023798586498578248, "relationship_Husband": -0.017594361710885797, "capital-gain": -0.0161989584714267, "workclass_Private": -0.014234936604741188, "capital-loss": -0.013667433872485943, "education-num": -0.010428184843311044, "relationship_Unmarried": -0.008712431590603864, "marital-status_Divorced": -0.008118164079118126}}}