{"instance_id": 1068, "quadrant": "FP", "true_label": 0, "prediction": 1, "prediction_correct": false, "metrics": {"cost": 41759.77011199575, "sparsity": 0.09259259259259259, "fidelity": 0.9855421161396307, "faithfulness_gap": 0.6414740260918197, "stability": 0.9498213410881539}, "explanation": {"top_features": ["education-num: 0.1907", "occupation_Sales: 0.1406", "marital-status_Married-civ-spouse: 0.0895", "education_Bachelors: 0.0661", "relationship_Husband: 0.0629", "age: -0.0395", "capital-gain: -0.0302", "marital-status_Never-married: 0.0138", "education_HS-grad: 0.0122", "relationship_Not-in-family: 0.0092"], "raw_top": {"education-num": 0.19068007473342283, "occupation_Sales": 0.14056622710609146, "marital-status_Married-civ-spouse": 0.08948326249420262, "education_Bachelors": 0.06607206902644071, "relationship_Husband": 0.0628808228954174, "age": -0.039477211707742245, "capital-gain": -0.030172982918758227, "marital-status_Never-married": 0.013780370447856054, "education_HS-grad": 0.012187174790492826, "relationship_Not-in-family": 0.00919698018783588}}}