{"instance_id": 1114, "quadrant": "TN", "true_label": 0, "prediction": 0, "prediction_correct": true, "metrics": {"cost": 42563.684613094665, "sparsity": 0.09259259259259259, "fidelity": 0.9265555727422645, "faithfulness_gap": 0.012333970228968524, "stability": 0.944253299545824}, "explanation": {"top_features": ["occupation_Prof-specialty: 0.0803", "marital-status_Married-civ-spouse: -0.0765", "age: -0.0619", "education-num: 0.0520", "relationship_Husband: -0.0404", "marital-status_Never-married: -0.0237", "relationship_Not-in-family: -0.0201", "capital-gain: -0.0183", "capital-loss: -0.0098", "sex_Male: -0.0035"], "raw_top": {"occupation_Prof-specialty": 0.08034623379279206, "marital-status_Married-civ-spouse": -0.07653938990041513, "age": -0.06188072469166588, "education-num": 0.051977806080886826, "relationship_Husband": -0.040393769623685925, "marital-status_Never-married": -0.023686831298110105, "relationship_Not-in-family": -0.020108950522113332, "capital-gain": -0.01829763191574342, "capital-loss": -0.009812012895067274, "sex_Male": -0.0034908035573673057}}}