{"instance_id": 1154, "quadrant": "TN", "true_label": 0, "prediction": 0, "prediction_correct": true, "metrics": {"cost": 60421.94442398613, "sparsity": 0.09259259259259259, "fidelity": 0.315851540963877, "faithfulness_gap": 0.00413567084726528, "stability": 0.9078013470926029}, "explanation": {"top_features": ["hours-per-week: -0.0381", "marital-status_Married-civ-spouse: -0.0308", "occupation_Sales: 0.0239", "education-num: -0.0194", "relationship_Husband: -0.0167", "capital-gain: -0.0153", "capital-loss: -0.0111", "age: -0.0078", "marital-status_Divorced: -0.0061", "education_Bachelors: -0.0010"], "raw_top": {"hours-per-week": -0.03811749399999873, "marital-status_Married-civ-spouse": -0.030838671816037763, "occupation_Sales": 0.02394538695452152, "education-num": -0.019422297556406478, "relationship_Husband": -0.016701370837126587, "capital-gain": -0.015330849244297668, "capital-loss": -0.011149102235053226, "age": -0.007838459565295674, "marital-status_Divorced": -0.00612353409469831, "education_Bachelors": -0.0009822774709901116}}}