{"instance_id": 1238, "quadrant": "FP", "true_label": 0, "prediction": 1, "prediction_correct": false, "metrics": {"cost": 42980.53007799899, "sparsity": 0.09259259259259259, "fidelity": 0.9664966182556716, "faithfulness_gap": 0.6490774165076942, "stability": 0.95767895286954}, "explanation": {"top_features": ["occupation_Exec-managerial: 0.2006", "education-num: 0.1556", "marital-status_Married-civ-spouse: 0.1058", "relationship_Husband: 0.0518", "age: 0.0326", "education_HS-grad: 0.0171", "native-country_Yugoslavia: 0.0135", "marital-status_Never-married: 0.0091", "relationship_Not-in-family: 0.0043", "education_Bachelors: 0.0040"], "raw_top": {"occupation_Exec-managerial": 0.2006321357230013, "education-num": 0.15561677164007212, "marital-status_Married-civ-spouse": 0.10580537873658254, "relationship_Husband": 0.051781918353995704, "age": 0.03255020848613352, "education_HS-grad": 0.017095892195919855, "native-country_Yugoslavia": 0.013466874269239692, "marital-status_Never-married": 0.009146351454454865, "relationship_Not-in-family": 0.004292783905198289, "education_Bachelors": 0.0040100932004609735}}}