{"instance_id": 1441, "quadrant": "TN", "true_label": 0, "prediction": 0, "prediction_correct": true, "metrics": {"cost": 44762.82191800419, "sparsity": 0.09259259259259259, "fidelity": 0.8296495817861615, "faithfulness_gap": 0.014371298443059163, "stability": 0.920859349525179}, "explanation": {"top_features": ["occupation_Prof-specialty: 0.0603", "marital-status_Married-civ-spouse: -0.0451", "age: -0.0438", "relationship_Husband: -0.0225", "capital-gain: -0.0176", "capital-loss: -0.0119", "marital-status_Never-married: -0.0105", "fnlwgt: -0.0099", "hours-per-week: -0.0096", "education-num: -0.0079"], "raw_top": {"occupation_Prof-specialty": 0.06033925213564486, "marital-status_Married-civ-spouse": -0.04507191185045198, "age": -0.04380063842648812, "relationship_Husband": -0.02247947972751533, "capital-gain": -0.017632993498634567, "capital-loss": -0.011881060744415908, "marital-status_Never-married": -0.010548949349446805, "fnlwgt": -0.009862537552268472, "hours-per-week": -0.009648589969972761, "education-num": -0.007879793745971343}}}