{"instance_id": 1455, "quadrant": "TN", "true_label": 0, "prediction": 0, "prediction_correct": true, "metrics": {"cost": 37702.28191302158, "sparsity": 0.09259259259259259, "fidelity": 0.5747314810806221, "faithfulness_gap": 0.0455590394080591, "stability": 0.9590872325678241}, "explanation": {"top_features": ["age: -0.0367", "marital-status_Married-civ-spouse: -0.0321", "hours-per-week: -0.0221", "education-num: -0.0187", "relationship_Husband: -0.0146", "capital-gain: -0.0138", "capital-loss: -0.0108", "marital-status_Never-married: -0.0106", "workclass_Private: -0.0085", "workclass_nan: -0.0025"], "raw_top": {"age": -0.036716644390448, "marital-status_Married-civ-spouse": -0.032117454357146046, "hours-per-week": -0.02213838600602491, "education-num": -0.01868833867999695, "relationship_Husband": -0.014598716730836023, "capital-gain": -0.01382271067494734, "capital-loss": -0.010752450419631552, "marital-status_Never-married": -0.010611544250816984, "workclass_Private": -0.008491408831179393, "workclass_nan": -0.002508601447626435}}}