{"instance_id": 1654, "quadrant": "FN", "true_label": 1, "prediction": 0, "prediction_correct": false, "metrics": {"cost": 42648.47550803097, "sparsity": 0.09259259259259259, "fidelity": 0.8109239442975754, "faithfulness_gap": 0.013315843302809355, "stability": 0.7875253566709489}, "explanation": {"top_features": ["education-num: -0.0509", "capital-gain: -0.0301", "marital-status_Married-civ-spouse: 0.0261", "capital-loss: -0.0223", "relationship_Husband: 0.0156", "occupation_Craft-repair: -0.0141", "fnlwgt: -0.0099", "age: 0.0090", "education_Bachelors: -0.0086", "education_HS-grad: -0.0072"], "raw_top": {"education-num": -0.05094032309130446, "capital-gain": -0.030056596999647533, "marital-status_Married-civ-spouse": 0.026113015967028266, "capital-loss": -0.022331286104218886, "relationship_Husband": 0.01558034895879717, "occupation_Craft-repair": -0.014064216912668423, "fnlwgt": -0.009948223183791436, "age": 0.009017156007650295, "education_Bachelors": -0.00863218596672684, "education_HS-grad": -0.007195230300080489}}}