{"instance_id": 1689, "quadrant": "FP", "true_label": 0, "prediction": 1, "prediction_correct": false, "metrics": {"cost": 82761.35460499972, "sparsity": 0.09259259259259259, "fidelity": 0.9418194299488479, "faithfulness_gap": 0.6342666353419811, "stability": 0.9489505174453411}, "explanation": {"top_features": ["education-num: 0.1951", "occupation_Prof-specialty: 0.1014", "marital-status_Married-civ-spouse: 0.0914", "relationship_Husband: 0.0451", "fnlwgt: 0.0369", "education_Bachelors: 0.0165", "age: 0.0142", "education_HS-grad: 0.0127", "marital-status_Never-married: 0.0107", "hours-per-week: 0.0082"], "raw_top": {"education-num": 0.1950623364531491, "occupation_Prof-specialty": 0.10144457876952469, "marital-status_Married-civ-spouse": 0.0913808701797742, "relationship_Husband": 0.0451458294428441, "fnlwgt": 0.03694638899078367, "education_Bachelors": 0.016514967028098328, "age": 0.014207724120297967, "education_HS-grad": 0.01266110406298805, "marital-status_Never-married": 0.010689788204355084, "hours-per-week": 0.00823765449820435}}}