{"instance_id": 1712, "quadrant": "TN", "true_label": 0, "prediction": 0, "prediction_correct": true, "metrics": {"cost": 60193.07757198112, "sparsity": 0.09259259259259259, "fidelity": 0.8940516832286156, "faithfulness_gap": 0.15029449670584305, "stability": 0.8367556049124841}, "explanation": {"top_features": ["education-num: -0.0275", "hours-per-week: -0.0273", "capital-gain: -0.0141", "age: -0.0139", "occupation_Handlers-cleaners: -0.0114", "capital-loss: -0.0101", "marital-status_Married-civ-spouse: 0.0094", "relationship_Husband: 0.0082", "marital-status_Never-married: -0.0022", "fnlwgt: -0.0016"], "raw_top": {"education-num": -0.027450026706669867, "hours-per-week": -0.027348058977071415, "capital-gain": -0.014123996089297715, "age": -0.013934107590286574, "occupation_Handlers-cleaners": -0.011393743642731565, "capital-loss": -0.010138076851298056, "marital-status_Married-civ-spouse": 0.00943315952038573, "relationship_Husband": 0.008246605115376048, "marital-status_Never-married": -0.002232420743614361, "fnlwgt": -0.0015540599192198495}}}