{"instance_id": 1754, "quadrant": "TP", "true_label": 1, "prediction": 1, "prediction_correct": true, "metrics": {"cost": 51810.05924998317, "sparsity": 0.09259259259259259, "fidelity": 0.985576845209249, "faithfulness_gap": 0.6837828057106425, "stability": 0.9738580579213891}, "explanation": {"top_features": ["education-num: 0.1978", "occupation_Prof-specialty: 0.1584", "marital-status_Married-civ-spouse: 0.1105", "relationship_Husband: 0.0536", "age: 0.0371", "education_Bachelors: 0.0282", "education_HS-grad: 0.0177", "marital-status_Never-married: 0.0167", "fnlwgt: 0.0081", "relationship_Not-in-family: 0.0071"], "raw_top": {"education-num": 0.1978439055486206, "occupation_Prof-specialty": 0.15842968763781706, "marital-status_Married-civ-spouse": 0.11051874621347034, "relationship_Husband": 0.05360085952306936, "age": 0.03711856489765648, "education_Bachelors": 0.0282217063521247, "education_HS-grad": 0.017745561266784088, "marital-status_Never-married": 0.01673366940297889, "fnlwgt": 0.008073247019792335, "relationship_Not-in-family": 0.007053246066973662}}}