{"instance_id": 1812, "quadrant": "FN", "true_label": 1, "prediction": 0, "prediction_correct": false, "metrics": {"cost": 39494.10477397032, "sparsity": 0.09259259259259259, "fidelity": 0.8120774587277171, "faithfulness_gap": 0.020710394872354806, "stability": 0.9444917218776971}, "explanation": {"top_features": ["education-num: -0.0831", "relationship_Wife: 0.0386", "race_Asian-Pac-Islander: 0.0239", "relationship_Husband: -0.0185", "race_White: -0.0155", "capital-gain: -0.0146", "age: -0.0134", "occupation_Machine-op-inspct: -0.0125", "capital-loss: -0.0083", "native-country_United-States: -0.0075"], "raw_top": {"education-num": -0.08308446656612269, "relationship_Wife": 0.03857271698178006, "race_Asian-Pac-Islander": 0.023853257468238537, "relationship_Husband": -0.018480494705386707, "race_White": -0.015456612637240663, "capital-gain": -0.014581867573585665, "age": -0.013431234208409821, "occupation_Machine-op-inspct": -0.012505291253240984, "capital-loss": -0.008294459355229346, "native-country_United-States": -0.007494378548969394}}}