{"instance_id": 1819, "quadrant": "TN", "true_label": 0, "prediction": 0, "prediction_correct": true, "metrics": {"cost": 35734.62892399402, "sparsity": 0.09259259259259259, "fidelity": 0.882077732550236, "faithfulness_gap": 0.016020293712601802, "stability": 0.8099146960556138}, "explanation": {"top_features": ["native-country_Philippines: 0.0455", "relationship_Other-relative: -0.0427", "marital-status_Married-civ-spouse: 0.0353", "relationship_Husband: -0.0275", "native-country_United-States: -0.0264", "capital-gain: -0.0233", "capital-loss: -0.0178", "fnlwgt: -0.0129", "race_White: -0.0110", "education-num: -0.0096"], "raw_top": {"native-country_Philippines": 0.04547404882523953, "relationship_Other-relative": -0.042667957452679095, "marital-status_Married-civ-spouse": 0.03531962270528661, "relationship_Husband": -0.027487572556067586, "native-country_United-States": -0.026432425071868833, "capital-gain": -0.023302048528832435, "capital-loss": -0.017786755235701623, "fnlwgt": -0.012932137195970628, "race_White": -0.011032089088047592, "education-num": -0.00961910374530134}}}