{"instance_id": 1857, "quadrant": "TP", "true_label": 1, "prediction": 1, "prediction_correct": true, "metrics": {"cost": 59495.23565097479, "sparsity": 0.09259259259259259, "fidelity": 0.9670895802355822, "faithfulness_gap": 0.3562396795986946, "stability": 0.9363956080159412}, "explanation": {"top_features": ["occupation_Exec-managerial: 0.2039", "marital-status_Married-civ-spouse: 0.0698", "age: 0.0650", "education-num: -0.0494", "relationship_Husband: 0.0410", "education_HS-grad: -0.0352", "capital-gain: -0.0330", "capital-loss: -0.0186", "marital-status_Never-married: 0.0124", "sex_Female: 0.0078"], "raw_top": {"occupation_Exec-managerial": 0.20391869920747735, "marital-status_Married-civ-spouse": 0.06976190742825235, "age": 0.06503716591085858, "education-num": -0.049426108937128524, "relationship_Husband": 0.04102424151403991, "education_HS-grad": -0.03517717081707814, "capital-gain": -0.03296360016126789, "capital-loss": -0.018569434110772682, "marital-status_Never-married": 0.012425430706091915, "sex_Female": 0.007757685318723118}}}