{"instance_id": 1964, "quadrant": "FN", "true_label": 1, "prediction": 0, "prediction_correct": false, "metrics": {"cost": 46869.62796401349, "sparsity": 0.09259259259259259, "fidelity": 0.9556303063995255, "faithfulness_gap": 0.282087481950692, "stability": 0.9352817480709756}, "explanation": {"top_features": ["occupation_Tech-support: 0.1711", "education-num: -0.0505", "marital-status_Married-civ-spouse: 0.0466", "age: 0.0430", "relationship_Husband: 0.0379", "capital-gain: -0.0329", "capital-loss: -0.0190", "fnlwgt: -0.0149", "education_HS-grad: -0.0130", "sex_Male: 0.0082"], "raw_top": {"occupation_Tech-support": 0.17114362963878202, "education-num": -0.05053003273768039, "marital-status_Married-civ-spouse": 0.04658291099631947, "age": 0.043025608519959485, "relationship_Husband": 0.03787440135974737, "capital-gain": -0.03285410959663783, "capital-loss": -0.01901590566696093, "fnlwgt": -0.014923962618176653, "education_HS-grad": -0.013007676344439277, "sex_Male": 0.008238332420179406}}}