{"instance_id": 1973, "quadrant": "TP", "true_label": 1, "prediction": 1, "prediction_correct": true, "metrics": {"cost": 35890.69633401232, "sparsity": 0.09259259259259259, "fidelity": 0.9438931074847924, "faithfulness_gap": 0.44802263439803147, "stability": 0.9223080664447577}, "explanation": {"top_features": ["capital-gain: 0.1605", "marital-status_Married-civ-spouse: 0.0761", "age: 0.0625", "relationship_Husband: 0.0364", "education_HS-grad: 0.0208", "occupation_Sales: 0.0152", "fnlwgt: 0.0127", "marital-status_Never-married: 0.0061", "marital-status_Divorced: 0.0025", "relationship_Not-in-family: 0.0011"], "raw_top": {"capital-gain": 0.16046923805431837, "marital-status_Married-civ-spouse": 0.07605492823500581, "age": 0.06248709156462069, "relationship_Husband": 0.036427731971918335, "education_HS-grad": 0.020782137810860836, "occupation_Sales": 0.015208511860547653, "fnlwgt": 0.012748181568033106, "marital-status_Never-married": 0.0061362336804350074, "marital-status_Divorced": 0.002477132881068598, "relationship_Not-in-family": 0.0010637320266229655}}}