{"instance_id": 2010, "quadrant": "FN", "true_label": 1, "prediction": 0, "prediction_correct": false, "metrics": {"cost": 47684.24463100382, "sparsity": 0.09259259259259259, "fidelity": 0.9066955590480512, "faithfulness_gap": 0.11663262813370087, "stability": 0.8751604160348474}, "explanation": {"top_features": ["relationship_Wife: 0.0877", "education-num: -0.0658", "marital-status_Married-civ-spouse: 0.0534", "education_HS-grad: -0.0299", "fnlwgt: 0.0273", "capital-gain: -0.0256", "occupation_Adm-clerical: 0.0226", "capital-loss: -0.0185", "relationship_Husband: -0.0169", "education_Bachelors: -0.0071"], "raw_top": {"relationship_Wife": 0.08765789397840283, "education-num": -0.06575622774101703, "marital-status_Married-civ-spouse": 0.05343334523158288, "education_HS-grad": -0.029853638847142504, "fnlwgt": 0.02729567019122094, "capital-gain": -0.02556396609384778, "occupation_Adm-clerical": 0.022568446712005644, "capital-loss": -0.018469779471972887, "relationship_Husband": -0.016855209853419536, "education_Bachelors": -0.00712687398713209}}}