{"instance_id": 2122, "quadrant": "TN", "true_label": 0, "prediction": 0, "prediction_correct": true, "metrics": {"cost": 60406.0228659655, "sparsity": 0.09259259259259259, "fidelity": 0.7565260582693883, "faithfulness_gap": 0.016204621057718, "stability": 0.801927772320746}, "explanation": {"top_features": ["education-num: -0.0378", "capital-gain: -0.0262", "marital-status_Married-civ-spouse: 0.0250", "capital-loss: -0.0247", "age: -0.0158", "occupation_Transport-moving: -0.0139", "relationship_Husband: 0.0112", "workclass_Private: -0.0087", "education_Bachelors: -0.0039", "hours-per-week: -0.0034"], "raw_top": {"education-num": -0.03783591157627448, "capital-gain": -0.026239624628184088, "marital-status_Married-civ-spouse": 0.024987990777081512, "capital-loss": -0.024669310403909336, "age": -0.01584852491519723, "occupation_Transport-moving": -0.013923994499645953, "relationship_Husband": 0.011190688113552949, "workclass_Private": -0.008714106936029656, "education_Bachelors": -0.0038738068936028393, "hours-per-week": -0.003445437096180127}}}