{"instance_id": 2396, "quadrant": "FP", "true_label": 0, "prediction": 1, "prediction_correct": false, "metrics": {"cost": 44741.82481999742, "sparsity": 0.09259259259259259, "fidelity": 0.9756431476492913, "faithfulness_gap": 0.5848092484380122, "stability": 0.9596552391573788}, "explanation": {"top_features": ["occupation_Exec-managerial: 0.2341", "relationship_Wife: 0.1158", "marital-status_Married-civ-spouse: 0.0880", "age: 0.0678", "relationship_Husband: -0.0470", "fnlwgt: -0.0384", "education_HS-grad: 0.0268", "hours-per-week: 0.0156", "education_Some-college: 0.0138", "education-num: 0.0137"], "raw_top": {"occupation_Exec-managerial": 0.2340843017052058, "relationship_Wife": 0.11577966385512305, "marital-status_Married-civ-spouse": 0.08797781475763905, "age": 0.06781999062418413, "relationship_Husband": -0.04703823230504575, "fnlwgt": -0.03842810317463208, "education_HS-grad": 0.026771037004038423, "hours-per-week": 0.015628499841382246, "education_Some-college": 0.01382352341750334, "education-num": 0.013685520937446237}}}