{"instance_id": 2417, "quadrant": "FN", "true_label": 1, "prediction": 0, "prediction_correct": false, "metrics": {"cost": 39703.25466201757, "sparsity": 0.09259259259259259, "fidelity": 0.7426258609468395, "faithfulness_gap": 0.036972005773516614, "stability": 0.7981660422378963}, "explanation": {"top_features": ["education-num: -0.0413", "age: -0.0360", "capital-gain: -0.0254", "hours-per-week: 0.0239", "marital-status_Married-civ-spouse: 0.0221", "native-country_Ireland: 0.0219", "capital-loss: -0.0202", "native-country_United-States: -0.0120", "workclass_Self-emp-not-inc: -0.0101", "education_Bachelors: -0.0055"], "raw_top": {"education-num": -0.04126687035105762, "age": -0.03604698113000775, "capital-gain": -0.025364577361140648, "hours-per-week": 0.02390527470728412, "marital-status_Married-civ-spouse": 0.022062592530272963, "native-country_Ireland": 0.021927048301251622, "capital-loss": -0.020225644998426617, "native-country_United-States": -0.012011260917441341, "workclass_Self-emp-not-inc": -0.010095608201728192, "education_Bachelors": -0.0055124165127112545}}}