{"instance_id": 2532, "quadrant": "TN", "true_label": 0, "prediction": 0, "prediction_correct": true, "metrics": {"cost": 42199.54168400727, "sparsity": 0.09259259259259259, "fidelity": 0.9043567438720514, "faithfulness_gap": 0.0026960641748419167, "stability": 0.8772442515280015}, "explanation": {"top_features": ["relationship_Wife: 0.0680", "education-num: -0.0602", "marital-status_Married-civ-spouse: 0.0312", "capital-gain: -0.0269", "age: -0.0257", "relationship_Husband: -0.0219", "occupation_Craft-repair: 0.0184", "capital-loss: -0.0163", "education_HS-grad: -0.0123", "fnlwgt: -0.0067"], "raw_top": {"relationship_Wife": 0.06798640348672766, "education-num": -0.060157107861552817, "marital-status_Married-civ-spouse": 0.031178255245528443, "capital-gain": -0.026856103574056593, "age": -0.025650125993539226, "relationship_Husband": -0.021905855463474996, "occupation_Craft-repair": 0.018431955640787995, "capital-loss": -0.016299544771574106, "education_HS-grad": -0.012318514116487546, "fnlwgt": -0.00674796986686671}}}