{"instance_id": 2534, "quadrant": "FN", "true_label": 1, "prediction": 0, "prediction_correct": false, "metrics": {"cost": 38906.73430496827, "sparsity": 0.09259259259259259, "fidelity": 0.939216806482589, "faithfulness_gap": 0.10097106811248457, "stability": 0.9173018311534096}, "explanation": {"top_features": ["occupation_Machine-op-inspct: -0.1162", "education-num: 0.0996", "marital-status_Married-civ-spouse: 0.0585", "relationship_Husband: 0.0428", "capital-gain: -0.0296", "capital-loss: -0.0211", "education_Bachelors: 0.0180", "fnlwgt: -0.0138", "marital-status_Never-married: 0.0080", "age: -0.0051"], "raw_top": {"occupation_Machine-op-inspct": -0.1162009948612882, "education-num": 0.09962086082282995, "marital-status_Married-civ-spouse": 0.05848880308028297, "relationship_Husband": 0.042750635608413225, "capital-gain": -0.029596972229071445, "capital-loss": -0.021142373799213226, "education_Bachelors": 0.018006393205473974, "fnlwgt": -0.01383047936427236, "marital-status_Never-married": 0.008011183398365434, "age": -0.005056708890961749}}}