{"instance_id": 258, "quadrant": "TP", "true_label": 1, "prediction": 1, "prediction_correct": true, "metrics": {"cost": 48953.934842022136, "sparsity": 0.09259259259259259, "fidelity": 0.9466574952514559, "faithfulness_gap": 0.3566087757889739, "stability": 0.8686119666298369}, "explanation": {"top_features": ["education-num: 0.1559", "marital-status_Married-civ-spouse: 0.0754", "relationship_Husband: 0.0560", "occupation_Craft-repair: -0.0474", "hours-per-week: 0.0354", "fnlwgt: -0.0332", "capital-gain: -0.0314", "age: 0.0275", "workclass_Self-emp-inc: 0.0248", "education_Bachelors: 0.0109"], "raw_top": {"education-num": 0.15589432513321627, "marital-status_Married-civ-spouse": 0.07537340427102622, "relationship_Husband": 0.05600489599538338, "occupation_Craft-repair": -0.04735093537512051, "hours-per-week": 0.03535471060415487, "fnlwgt": -0.03316719024405924, "capital-gain": -0.03139575067327605, "age": 0.027461786376560625, "workclass_Self-emp-inc": 0.0247998708968449, "education_Bachelors": 0.010879057039949402}}}