{"instance_id": 2675, "quadrant": "TN", "true_label": 0, "prediction": 0, "prediction_correct": true, "metrics": {"cost": 60298.82022802485, "sparsity": 0.09259259259259259, "fidelity": 0.20738969043930064, "faithfulness_gap": 0.002754030209292893, "stability": 0.8510564962020563}, "explanation": {"top_features": ["marital-status_Married-civ-spouse: -0.0237", "hours-per-week: -0.0185", "relationship_Husband: -0.0162", "capital-gain: -0.0114", "marital-status_Never-married: -0.0113", "capital-loss: -0.0078", "occupation_Handlers-cleaners: -0.0070", "education_HS-grad: -0.0039", "education-num: -0.0027", "education_Bachelors: -0.0008"], "raw_top": {"marital-status_Married-civ-spouse": -0.023710718384637588, "hours-per-week": -0.018512907809370094, "relationship_Husband": -0.01623617027029853, "capital-gain": -0.01143937819084224, "marital-status_Never-married": -0.011254745743759743, "capital-loss": -0.007750086843444405, "occupation_Handlers-cleaners": -0.006993298761928738, "education_HS-grad": -0.003859585678221619, "education-num": -0.0026846107682206213, "education_Bachelors": -0.0008497229325190314}}}