{"instance_id": 27, "quadrant": "FP", "true_label": 0, "prediction": 1, "prediction_correct": false, "metrics": {"cost": 41661.45847699954, "sparsity": 0.09259259259259259, "fidelity": 0.9878015903852457, "faithfulness_gap": 0.4789363677287623, "stability": 0.9904583790781036}, "explanation": {"top_features": ["capital-loss: 0.3699", "hours-per-week: -0.1114", "marital-status_Married-civ-spouse: 0.0806", "age: 0.0634", "education-num: -0.0445", "occupation_Craft-repair: -0.0358", "relationship_Husband: 0.0273", "marital-status_Divorced: 0.0084", "relationship_Not-in-family: 0.0077", "relationship_Own-child: 0.0067"], "raw_top": {"capital-loss": 0.36992060832999013, "hours-per-week": -0.1113828667416424, "marital-status_Married-civ-spouse": 0.0805781036933218, "age": 0.06336572955240971, "education-num": -0.044484403306808945, "occupation_Craft-repair": -0.03580560961948421, "relationship_Husband": 0.027298593337524844, "marital-status_Divorced": 0.008423060520737264, "relationship_Not-in-family": 0.007740313279929824, "relationship_Own-child": 0.006670085077082166}}}