{"instance_id": 2768, "quadrant": "FN", "true_label": 1, "prediction": 0, "prediction_correct": false, "metrics": {"cost": 39097.5148450234, "sparsity": 0.09259259259259259, "fidelity": 0.8435948248324494, "faithfulness_gap": 0.1223252921182828, "stability": 0.9290014299247675}, "explanation": {"top_features": ["occupation_Exec-managerial: 0.1289", "relationship_Wife: 0.0721", "education-num: -0.0699", "marital-status_Married-civ-spouse: 0.0567", "relationship_Husband: -0.0406", "education_HS-grad: -0.0394", "capital-gain: -0.0299", "capital-loss: -0.0189", "hours-per-week: -0.0129", "sex_Female: -0.0070"], "raw_top": {"occupation_Exec-managerial": 0.12891168850860105, "relationship_Wife": 0.07209164642748771, "education-num": -0.06992434309749701, "marital-status_Married-civ-spouse": 0.05673613839371305, "relationship_Husband": -0.04058793669479043, "education_HS-grad": -0.03936215422247576, "capital-gain": -0.029908467459097348, "capital-loss": -0.01894030886803834, "hours-per-week": -0.012870984880787025, "sex_Female": -0.007040735748028992}}}