{"instance_id": 2907, "quadrant": "TN", "true_label": 0, "prediction": 0, "prediction_correct": true, "metrics": {"cost": 60447.531908983365, "sparsity": 0.09259259259259259, "fidelity": 0.8876033020884593, "faithfulness_gap": 0.013090309446134582, "stability": 0.9046449946442205}, "explanation": {"top_features": ["marital-status_Married-civ-spouse: -0.0683", "workclass_Federal-gov: 0.0468", "relationship_Husband: -0.0272", "hours-per-week: 0.0258", "race_Amer-Indian-Eskimo: -0.0237", "occupation_Craft-repair: 0.0217", "capital-gain: -0.0217", "relationship_Not-in-family: -0.0163", "marital-status_Divorced: -0.0159", "capital-loss: -0.0119"], "raw_top": {"marital-status_Married-civ-spouse": -0.06825506241268049, "workclass_Federal-gov": 0.04680884092048239, "relationship_Husband": -0.027155911406953896, "hours-per-week": 0.02582321960020963, "race_Amer-Indian-Eskimo": -0.02371150615486527, "occupation_Craft-repair": 0.0217221913646249, "capital-gain": -0.021672407296288193, "relationship_Not-in-family": -0.016296240760436866, "marital-status_Divorced": -0.015866980010817665, "capital-loss": -0.011886527312830015}}}