{"instance_id": 2981, "quadrant": "TN", "true_label": 0, "prediction": 0, "prediction_correct": true, "metrics": {"cost": 46492.805721005425, "sparsity": 0.09259259259259259, "fidelity": 0.8735606232384474, "faithfulness_gap": 0.002417841756883421, "stability": 0.9624320053591371}, "explanation": {"top_features": ["marital-status_Married-civ-spouse: -0.0866", "education-num: 0.0834", "occupation_Prof-specialty: 0.0783", "hours-per-week: -0.0471", "marital-status_Divorced: -0.0434", "relationship_Husband: -0.0367", "relationship_Not-in-family: -0.0277", "capital-gain: -0.0235", "education_Masters: -0.0142", "capital-loss: -0.0126"], "raw_top": {"marital-status_Married-civ-spouse": -0.08660180782556359, "education-num": 0.08344275432180799, "occupation_Prof-specialty": 0.07834412188227773, "hours-per-week": -0.0470653857266, "marital-status_Divorced": -0.043415839507697576, "relationship_Husband": -0.0366640555523267, "relationship_Not-in-family": -0.027666263777097338, "capital-gain": -0.02350903181079597, "education_Masters": -0.014178939878088232, "capital-loss": -0.012555628047070833}}}