{"instance_id": 2991, "quadrant": "TN", "true_label": 0, "prediction": 0, "prediction_correct": true, "metrics": {"cost": 36255.316036054865, "sparsity": 0.09259259259259259, "fidelity": 0.9329329916397943, "faithfulness_gap": 0.012279948190613538, "stability": 0.953776408270969}, "explanation": {"top_features": ["marital-status_Married-civ-spouse: -0.0994", "occupation_Prof-specialty: 0.0986", "education-num: 0.0750", "relationship_Husband: -0.0577", "marital-status_Divorced: -0.0416", "relationship_Unmarried: -0.0238", "capital-gain: -0.0204", "capital-loss: -0.0137", "age: 0.0127", "marital-status_Never-married: 0.0080"], "raw_top": {"marital-status_Married-civ-spouse": -0.09939750000464126, "occupation_Prof-specialty": 0.0985750326271006, "education-num": 0.07497098782838128, "relationship_Husband": -0.057667723339955956, "marital-status_Divorced": -0.041604522725081534, "relationship_Unmarried": -0.023764046959881914, "capital-gain": -0.020382803718405576, "capital-loss": -0.013724326396377214, "age": 0.012675365998786542, "marital-status_Never-married": 0.00795396604112987}}}