{"instance_id": 3028, "quadrant": "TN", "true_label": 0, "prediction": 0, "prediction_correct": true, "metrics": {"cost": 44056.00715999026, "sparsity": 0.09259259259259259, "fidelity": 0.6378102362736274, "faithfulness_gap": 0.029343043855014177, "stability": 0.9525802211583698}, "explanation": {"top_features": ["marital-status_Married-civ-spouse: -0.0329", "age: -0.0280", "relationship_Husband: -0.0227", "occupation_Machine-op-inspct: -0.0155", "capital-gain: -0.0149", "education-num: -0.0142", "race_White: -0.0133", "marital-status_Never-married: -0.0129", "relationship_Own-child: -0.0092", "capital-loss: -0.0087"], "raw_top": {"marital-status_Married-civ-spouse": -0.0328675334957592, "age": -0.027989247535981417, "relationship_Husband": -0.022661557300250948, "occupation_Machine-op-inspct": -0.015481036090113198, "capital-gain": -0.014933834631449882, "education-num": -0.01424333825708487, "race_White": -0.01326262915615256, "marital-status_Never-married": -0.012906548192570975, "relationship_Own-child": -0.009219305618691359, "capital-loss": -0.008717746412824154}}}