{"instance_id": 3638, "quadrant": "FP", "true_label": 0, "prediction": 1, "prediction_correct": false, "metrics": {"cost": 82618.31923000046, "sparsity": 0.09259259259259259, "fidelity": 0.9769389779336924, "faithfulness_gap": 0.6635899302368676, "stability": 0.9463336662191075}, "explanation": {"top_features": ["education-num: 0.1753", "occupation_Prof-specialty: 0.1706", "marital-status_Married-civ-spouse: 0.0946", "relationship_Husband: 0.0702", "hours-per-week: 0.0244", "education_Bachelors: 0.0193", "marital-status_Never-married: 0.0110", "education_HS-grad: 0.0091", "relationship_Not-in-family: 0.0067", "relationship_Own-child: 0.0052"], "raw_top": {"education-num": 0.1753102499486801, "occupation_Prof-specialty": 0.17063909534355592, "marital-status_Married-civ-spouse": 0.09463125014896608, "relationship_Husband": 0.07021739300295562, "hours-per-week": 0.024434089521209415, "education_Bachelors": 0.01928024806439463, "marital-status_Never-married": 0.010958301451902453, "education_HS-grad": 0.009134303561966517, "relationship_Not-in-family": 0.006703062979763857, "relationship_Own-child": 0.0051866699602685085}}}