{"instance_id": 3707, "quadrant": "FP", "true_label": 0, "prediction": 1, "prediction_correct": false, "metrics": {"cost": 41488.25008500717, "sparsity": 0.09259259259259259, "fidelity": 0.9864804924870451, "faithfulness_gap": 0.5241264923718248, "stability": 0.9650748547478665}, "explanation": {"top_features": ["education-num: 0.2180", "occupation_Prof-specialty: 0.1570", "hours-per-week: -0.0947", "marital-status_Married-civ-spouse: 0.0865", "relationship_Husband: 0.0512", "age: 0.0304", "capital-gain: -0.0289", "marital-status_Never-married: 0.0101", "education_HS-grad: 0.0091", "education_Masters: 0.0078"], "raw_top": {"education-num": 0.21803458782584645, "occupation_Prof-specialty": 0.15697925906807814, "hours-per-week": -0.09472489127677156, "marital-status_Married-civ-spouse": 0.08654243500930561, "relationship_Husband": 0.051227960027800334, "age": 0.03039540895919354, "capital-gain": -0.02888840864397437, "marital-status_Never-married": 0.010089812825516329, "education_HS-grad": 0.009079383684946311, "education_Masters": 0.007830100636354032}}}