{"instance_id": 3901, "quadrant": "FP", "true_label": 0, "prediction": 1, "prediction_correct": false, "metrics": {"cost": 50332.039211003575, "sparsity": 0.09259259259259259, "fidelity": 0.9733853698713131, "faithfulness_gap": 0.6981578285683234, "stability": 0.9556790873434746}, "explanation": {"top_features": ["occupation_Exec-managerial: 0.1812", "education-num: 0.1769", "marital-status_Married-civ-spouse: 0.1081", "relationship_Husband: 0.0529", "education_Bachelors: 0.0251", "age: 0.0134", "education_HS-grad: 0.0108", "marital-status_Never-married: 0.0085", "workclass_State-gov: 0.0073", "relationship_Not-in-family: 0.0040"], "raw_top": {"occupation_Exec-managerial": 0.1811849310457305, "education-num": 0.1769009336913211, "marital-status_Married-civ-spouse": 0.10806108134332656, "relationship_Husband": 0.05290260438800532, "education_Bachelors": 0.025078393725035453, "age": 0.013378676405936495, "education_HS-grad": 0.010799935281832089, "marital-status_Never-married": 0.008468073603253067, "workclass_State-gov": 0.007278709020772721, "relationship_Not-in-family": 0.003973023619611382}}}