{"instance_id": 3927, "quadrant": "TP", "true_label": 1, "prediction": 1, "prediction_correct": true, "metrics": {"cost": 33617.16940498445, "sparsity": 0.09259259259259259, "fidelity": 0.9725387257278542, "faithfulness_gap": 0.6331799101241307, "stability": 0.9265447293070257}, "explanation": {"top_features": ["education-num: 0.1753", "occupation_Prof-specialty: 0.1747", "marital-status_Married-civ-spouse: 0.1021", "relationship_Husband: 0.0601", "workclass_Federal-gov: 0.0593", "age: -0.0518", "workclass_Private: -0.0264", "fnlwgt: -0.0260", "education_Bachelors: 0.0200", "marital-status_Never-married: 0.0147"], "raw_top": {"education-num": 0.17533367759890425, "occupation_Prof-specialty": 0.17467305795260396, "marital-status_Married-civ-spouse": 0.1020787190339979, "relationship_Husband": 0.0600906704841044, "workclass_Federal-gov": 0.059300611612243, "age": -0.05178371641832655, "workclass_Private": -0.026434129569721354, "fnlwgt": -0.02595372856755876, "education_Bachelors": 0.020043093273450604, "marital-status_Never-married": 0.014705710070332875}}}