{"instance_id": 3942, "quadrant": "FP", "true_label": 0, "prediction": 1, "prediction_correct": false, "metrics": {"cost": 47249.859026997, "sparsity": 0.09259259259259259, "fidelity": 0.9831889737869158, "faithfulness_gap": 0.48380813626027075, "stability": 0.9208484344345763}, "explanation": {"top_features": ["occupation_Exec-managerial: 0.2234", "marital-status_Married-civ-spouse: 0.0910", "workclass_Private: -0.0467", "age: 0.0419", "relationship_Husband: 0.0413", "hours-per-week: 0.0406", "capital-gain: -0.0338", "education_HS-grad: 0.0232", "marital-status_Never-married: 0.0167", "education_Some-college: 0.0136"], "raw_top": {"occupation_Exec-managerial": 0.22340712272388158, "marital-status_Married-civ-spouse": 0.09095323165675472, "workclass_Private": -0.04670001058724581, "age": 0.041925011575703115, "relationship_Husband": 0.041277594567907964, "hours-per-week": 0.04055159083537252, "capital-gain": -0.03379398311906345, "education_HS-grad": 0.023164313227075333, "marital-status_Never-married": 0.016697949648405066, "education_Some-college": 0.013586328174509138}}}