{"instance_id": 4011, "quadrant": "FP", "true_label": 0, "prediction": 1, "prediction_correct": false, "metrics": {"cost": 82455.678126993, "sparsity": 0.09259259259259259, "fidelity": 0.8508493095552763, "faithfulness_gap": 0.7148685248965505, "stability": 0.983241546688227}, "explanation": {"top_features": ["capital-loss: 0.2135", "education-num: 0.1649", "marital-status_Married-civ-spouse: 0.1183", "relationship_Husband: 0.0531", "occupation_Sales: 0.0513", "age: 0.0385", "hours-per-week: 0.0252", "marital-status_Never-married: 0.0179", "relationship_Not-in-family: 0.0122", "education_Bachelors: 0.0117"], "raw_top": {"capital-loss": 0.2134627643216822, "education-num": 0.1649248579740223, "marital-status_Married-civ-spouse": 0.11827943903650136, "relationship_Husband": 0.05308813508594321, "occupation_Sales": 0.0513267556479312, "age": 0.03848826697121813, "hours-per-week": 0.02523084542329466, "marital-status_Never-married": 0.017898616055826103, "relationship_Not-in-family": 0.012151904352267198, "education_Bachelors": 0.011725656176494126}}}