{"instance_id": 4059, "quadrant": "FN", "true_label": 1, "prediction": 0, "prediction_correct": false, "metrics": {"cost": 59630.05885499297, "sparsity": 0.09259259259259259, "fidelity": 0.8149982185570593, "faithfulness_gap": 0.021460592334718268, "stability": 0.7315060515400776}, "explanation": {"top_features": ["education-num: -0.0498", "capital-gain: -0.0301", "marital-status_Married-civ-spouse: 0.0274", "capital-loss: -0.0244", "relationship_Husband: 0.0128", "education_HS-grad: -0.0125", "occupation_Craft-repair: -0.0102", "age: -0.0063", "education_Bachelors: -0.0052", "hours-per-week: -0.0036"], "raw_top": {"education-num": -0.04978014298784039, "capital-gain": -0.03009595423236747, "marital-status_Married-civ-spouse": 0.027397371698233385, "capital-loss": -0.024407015529379524, "relationship_Husband": 0.012813195497477406, "education_HS-grad": -0.012509576460083433, "occupation_Craft-repair": -0.010233186655269302, "age": -0.006313832653195161, "education_Bachelors": -0.005150679244103124, "hours-per-week": -0.0036403649939087176}}}