{"instance_id": 4096, "quadrant": "FN", "true_label": 1, "prediction": 0, "prediction_correct": false, "metrics": {"cost": 42730.2923600073, "sparsity": 0.09259259259259259, "fidelity": 0.43294560731836984, "faithfulness_gap": 0.024154878642250105, "stability": 0.8136755518847201}, "explanation": {"top_features": ["marital-status_Married-civ-spouse: -0.0339", "education-num: -0.0223", "relationship_Husband: -0.0200", "capital-gain: -0.0194", "occupation_Craft-repair: 0.0183", "age: 0.0100", "marital-status_Divorced: -0.0097", "capital-loss: -0.0093", "fnlwgt: -0.0054", "hours-per-week: -0.0029"], "raw_top": {"marital-status_Married-civ-spouse": -0.0338651427368681, "education-num": -0.02229442767084124, "relationship_Husband": -0.02004273051747889, "capital-gain": -0.01936160738038924, "occupation_Craft-repair": 0.01833902850859214, "age": 0.01000059185714304, "marital-status_Divorced": -0.009747454449446323, "capital-loss": -0.00933146078702392, "fnlwgt": -0.005393123684800595, "hours-per-week": -0.0028846428887492727}}}