{"instance_id": 4368, "quadrant": "FN", "true_label": 1, "prediction": 0, "prediction_correct": false, "metrics": {"cost": 37540.54141699453, "sparsity": 0.09259259259259259, "fidelity": 0.9333535658325913, "faithfulness_gap": 0.042716930095652805, "stability": 0.9324639236246787}, "explanation": {"top_features": ["occupation_Prof-specialty: 0.0835", "marital-status_Married-civ-spouse: -0.0816", "workclass_Federal-gov: 0.0725", "relationship_Husband: -0.0438", "marital-status_Divorced: -0.0344", "relationship_Not-in-family: -0.0226", "age: 0.0213", "fnlwgt: -0.0189", "capital-gain: -0.0188", "workclass_Private: -0.0143"], "raw_top": {"occupation_Prof-specialty": 0.08347208360312104, "marital-status_Married-civ-spouse": -0.08155507755078975, "workclass_Federal-gov": 0.0724534265183821, "relationship_Husband": -0.04375739970777366, "marital-status_Divorced": -0.034439562422259096, "relationship_Not-in-family": -0.022601226990840263, "age": 0.021336991102848535, "fnlwgt": -0.01891369609921545, "capital-gain": -0.0187563627499136, "workclass_Private": -0.014312307930876893}}}