{"instance_id": 4436, "quadrant": "TN", "true_label": 0, "prediction": 0, "prediction_correct": true, "metrics": {"cost": 36488.31505002454, "sparsity": 0.09259259259259259, "fidelity": 0.7182642775900421, "faithfulness_gap": 0.11774105752542745, "stability": 0.8482917990762853}, "explanation": {"top_features": ["education-num: -0.0619", "age: -0.0373", "capital-gain: -0.0240", "marital-status_Married-civ-spouse: 0.0236", "occupation_Machine-op-inspct: -0.0189", "relationship_Husband: 0.0157", "education_11th: 0.0151", "capital-loss: -0.0091", "education_Bachelors: -0.0061", "education_HS-grad: -0.0013"], "raw_top": {"education-num": -0.06194589441316085, "age": -0.037295740522948276, "capital-gain": -0.02401149910349304, "marital-status_Married-civ-spouse": 0.023600303282180282, "occupation_Machine-op-inspct": -0.018913304672082177, "relationship_Husband": 0.015693579007658467, "education_11th": 0.01512107245356773, "capital-loss": -0.00913720924389462, "education_Bachelors": -0.006059787158103632, "education_HS-grad": -0.0013226628992594192}}}