{"instance_id": 444, "quadrant": "TN", "true_label": 0, "prediction": 0, "prediction_correct": true, "metrics": {"cost": 45787.701944937, "sparsity": 0.09259259259259259, "fidelity": 0.449993919590051, "faithfulness_gap": 0.08299689131878317, "stability": 0.953100878461642}, "explanation": {"top_features": ["hours-per-week: -0.0444", "marital-status_Married-civ-spouse: -0.0376", "occupation_Other-service: -0.0326", "relationship_Husband: -0.0196", "native-country_United-States: -0.0155", "capital-gain: -0.0131", "capital-loss: -0.0114", "marital-status_Never-married: -0.0098", "age: -0.0040", "education_HS-grad: -0.0018"], "raw_top": {"hours-per-week": -0.04438265449289302, "marital-status_Married-civ-spouse": -0.037571724523856063, "occupation_Other-service": -0.0325766773170264, "relationship_Husband": -0.019624675920916407, "native-country_United-States": -0.015503570174541912, "capital-gain": -0.013140785087406518, "capital-loss": -0.011431868697406086, "marital-status_Never-married": -0.009822275566099797, "age": -0.003962305246748048, "education_HS-grad": -0.0017935328105850024}}}