{"instance_id": 4450, "quadrant": "FP", "true_label": 0, "prediction": 1, "prediction_correct": false, "metrics": {"cost": 45722.420403995784, "sparsity": 0.09259259259259259, "fidelity": 0.9725940223838481, "faithfulness_gap": 0.5340091158753852, "stability": 0.9437806098564928}, "explanation": {"top_features": ["education-num: 0.1716", "relationship_Wife: 0.1469", "marital-status_Married-civ-spouse: 0.0903", "occupation_Sales: 0.0780", "native-country_United-States: -0.0564", "relationship_Husband: -0.0477", "education_Bachelors: 0.0403", "native-country_Puerto-Rico: -0.0388", "age: 0.0368", "education_HS-grad: 0.0161"], "raw_top": {"education-num": 0.17155118123344956, "relationship_Wife": 0.14686860101832075, "marital-status_Married-civ-spouse": 0.09029425419458019, "occupation_Sales": 0.07799364137788153, "native-country_United-States": -0.0564190662504876, "relationship_Husband": -0.04771964974687594, "education_Bachelors": 0.04026397012055758, "native-country_Puerto-Rico": -0.038804022235113284, "age": 0.03678642629131222, "education_HS-grad": 0.0161145676766683}}}