{"instance_id": 4491, "quadrant": "FN", "true_label": 1, "prediction": 0, "prediction_correct": false, "metrics": {"cost": 79617.50814900734, "sparsity": 0.09259259259259259, "fidelity": 0.9614321549747971, "faithfulness_gap": 0.15390331419183922, "stability": 0.9669057908600165}, "explanation": {"top_features": ["education-num: -0.2074", "occupation_Exec-managerial: 0.1477", "marital-status_Married-civ-spouse: 0.0543", "age: 0.0466", "relationship_Husband: 0.0346", "capital-gain: -0.0300", "hours-per-week: 0.0185", "education_HS-grad: 0.0144", "marital-status_Never-married: 0.0089", "education_10th: 0.0072"], "raw_top": {"education-num": -0.2073984100218286, "occupation_Exec-managerial": 0.14769990565511038, "marital-status_Married-civ-spouse": 0.05430365685539061, "age": 0.04655166952887645, "relationship_Husband": 0.03457482276966441, "capital-gain": -0.030001429930077133, "hours-per-week": 0.018513059684021994, "education_HS-grad": 0.014352415689837217, "marital-status_Never-married": 0.008921652606007338, "education_10th": 0.007225885011268737}}}