{"instance_id": 4606, "quadrant": "FN", "true_label": 1, "prediction": 0, "prediction_correct": false, "metrics": {"cost": 40289.86850997899, "sparsity": 0.09259259259259259, "fidelity": 0.9149419794059207, "faithfulness_gap": 0.014334606465032845, "stability": 0.758804591489738}, "explanation": {"top_features": ["occupation_Transport-moving: -0.0654", "marital-status_Married-civ-spouse: 0.0395", "capital-gain: -0.0338", "capital-loss: -0.0264", "relationship_Husband: 0.0199", "age: 0.0154", "education_Some-college: 0.0138", "education-num: -0.0120", "marital-status_Never-married: 0.0046", "education_HS-grad: 0.0046"], "raw_top": {"occupation_Transport-moving": -0.06540634515195616, "marital-status_Married-civ-spouse": 0.03951439007792807, "capital-gain": -0.03379385394318079, "capital-loss": -0.026442746846919385, "relationship_Husband": 0.019851240517544128, "age": 0.015390774968308655, "education_Some-college": 0.013831347741538732, "education-num": -0.01203198061253595, "marital-status_Never-married": 0.004572147895618134, "education_HS-grad": 0.004568366786214788}}}