{"instance_id": 4672, "quadrant": "FP", "true_label": 0, "prediction": 1, "prediction_correct": false, "metrics": {"cost": 58488.357333997556, "sparsity": 0.09259259259259259, "fidelity": 0.9841508445716517, "faithfulness_gap": 0.4608449913799379, "stability": 0.9112513212257882}, "explanation": {"top_features": ["education-num: 0.1737", "age: -0.1368", "occupation_Sales: 0.1240", "marital-status_Married-civ-spouse: 0.0778", "relationship_Husband: 0.0592", "education_Bachelors: 0.0445", "workclass_Self-emp-inc: 0.0414", "hours-per-week: 0.0319", "workclass_Private: -0.0292", "marital-status_Never-married: 0.0088"], "raw_top": {"education-num": 0.17368693478839736, "age": -0.13678683601996594, "occupation_Sales": 0.12400247389958066, "marital-status_Married-civ-spouse": 0.07777192879957934, "relationship_Husband": 0.05919193044516633, "education_Bachelors": 0.04452432150568506, "workclass_Self-emp-inc": 0.04143440964865096, "hours-per-week": 0.031882356019037904, "workclass_Private": -0.029220521222793838, "marital-status_Never-married": 0.008849697420326316}}}