{"instance_id": 4690, "quadrant": "FN", "true_label": 1, "prediction": 0, "prediction_correct": false, "metrics": {"cost": 48540.80564700416, "sparsity": 0.09259259259259259, "fidelity": 0.9061269462638557, "faithfulness_gap": 0.13371524746760097, "stability": 0.9539059656427124}, "explanation": {"top_features": ["education-num: 0.1362", "marital-status_Married-civ-spouse: -0.0964", "occupation_Prof-specialty: 0.0866", "marital-status_Never-married: -0.0672", "workclass_Federal-gov: 0.0518", "relationship_Husband: -0.0494", "education_Prof-school: 0.0299", "age: -0.0253", "relationship_Not-in-family: -0.0220", "capital-gain: -0.0219"], "raw_top": {"education-num": 0.13620216727904585, "marital-status_Married-civ-spouse": -0.09640099913204925, "occupation_Prof-specialty": 0.086604424462295, "marital-status_Never-married": -0.06722900257464293, "workclass_Federal-gov": 0.05175567027724723, "relationship_Husband": -0.049435309975258156, "education_Prof-school": 0.029897956146987276, "age": -0.025341823430576213, "relationship_Not-in-family": -0.022012373460368273, "capital-gain": -0.02189485553029012}}}