{"instance_id": 4760, "quadrant": "FN", "true_label": 1, "prediction": 0, "prediction_correct": false, "metrics": {"cost": 49967.432047007605, "sparsity": 0.09259259259259259, "fidelity": 0.8753037286183333, "faithfulness_gap": 0.02950429059146159, "stability": 0.8588022023389599}, "explanation": {"top_features": ["education-num: -0.0770", "capital-gain: -0.0313", "occupation_Sales: 0.0311", "marital-status_Married-civ-spouse: 0.0280", "capital-loss: -0.0268", "age: -0.0251", "hours-per-week: 0.0224", "relationship_Husband: 0.0218", "workclass_Self-emp-inc: 0.0182", "education_HS-grad: -0.0168"], "raw_top": {"education-num": -0.07696295958587852, "capital-gain": -0.03132840383398303, "occupation_Sales": 0.031065088751376077, "marital-status_Married-civ-spouse": 0.028031161936669803, "capital-loss": -0.026802516766690012, "age": -0.0250943317949406, "hours-per-week": 0.022379098587334827, "relationship_Husband": 0.021828744767758593, "workclass_Self-emp-inc": 0.01816243391793454, "education_HS-grad": -0.016834895039035118}}}