{"instance_id": 5032, "quadrant": "TP", "true_label": 1, "prediction": 1, "prediction_correct": true, "metrics": {"cost": 44343.94698403776, "sparsity": 0.09259259259259259, "fidelity": 0.9785238676021026, "faithfulness_gap": 0.6766564002077156, "stability": 0.9793345411174631}, "explanation": {"top_features": ["education-num: 0.2030", "occupation_Sales: 0.1123", "marital-status_Married-civ-spouse: 0.0766", "relationship_Husband: 0.0597", "hours-per-week: 0.0502", "education_Bachelors: 0.0339", "workclass_Self-emp-inc: 0.0334", "age: 0.0249", "education_HS-grad: 0.0112", "marital-status_Never-married: 0.0100"], "raw_top": {"education-num": 0.20295114035457376, "occupation_Sales": 0.11234625282664659, "marital-status_Married-civ-spouse": 0.07657743621944048, "relationship_Husband": 0.059696114823480584, "hours-per-week": 0.050226495228876816, "education_Bachelors": 0.033864538467970086, "workclass_Self-emp-inc": 0.03340084775724204, "age": 0.024893958792028253, "education_HS-grad": 0.01116991136692512, "marital-status_Never-married": 0.010039692305576997}}}