{"instance_id": 5034, "quadrant": "TN", "true_label": 0, "prediction": 0, "prediction_correct": true, "metrics": {"cost": 48945.477685076185, "sparsity": 0.09259259259259259, "fidelity": 0.7536477718872253, "faithfulness_gap": 0.0502287628855773, "stability": 0.8835433895923156}, "explanation": {"top_features": ["marital-status_Married-civ-spouse: -0.0558", "relationship_Husband: -0.0211", "capital-gain: -0.0166", "marital-status_Never-married: -0.0141", "capital-loss: -0.0088", "education-num: -0.0064", "education_Bachelors: -0.0038", "relationship_Not-in-family: -0.0032", "hours-per-week: -0.0012", "education_HS-grad: -0.0011"], "raw_top": {"marital-status_Married-civ-spouse": -0.05580412436639907, "relationship_Husband": -0.021068193820428537, "capital-gain": -0.016596200583206825, "marital-status_Never-married": -0.014093297750115308, "capital-loss": -0.008786514135352705, "education-num": -0.006384612979778691, "education_Bachelors": -0.003808020156987566, "relationship_Not-in-family": -0.003246551554098077, "hours-per-week": -0.0012329828948005786, "education_HS-grad": -0.0011211807929971396}}}