{"instance_id": 5204, "quadrant": "FP", "true_label": 0, "prediction": 1, "prediction_correct": false, "metrics": {"cost": 54875.81827500253, "sparsity": 0.09259259259259259, "fidelity": 0.9932924866977456, "faithfulness_gap": 0.7811729787968202, "stability": 0.9908503083734891}, "explanation": {"top_features": ["capital-loss: 0.4224", "marital-status_Married-civ-spouse: 0.0902", "age: 0.0478", "relationship_Husband: 0.0280", "education_HS-grad: 0.0160", "fnlwgt: 0.0139", "marital-status_Never-married: 0.0087", "marital-status_Divorced: 0.0065", "relationship_Own-child: 0.0032", "relationship_Not-in-family: 0.0013"], "raw_top": {"capital-loss": 0.4223856048742159, "marital-status_Married-civ-spouse": 0.09019259205086404, "age": 0.04780012718633388, "relationship_Husband": 0.028001680249899595, "education_HS-grad": 0.016028076190894882, "fnlwgt": 0.013901341231592137, "marital-status_Never-married": 0.008707437925096139, "marital-status_Divorced": 0.006547435279158403, "relationship_Own-child": 0.003212330205339712, "relationship_Not-in-family": 0.0012704718287618322}}}