{"instance_id": 5212, "quadrant": "FP", "true_label": 0, "prediction": 1, "prediction_correct": false, "metrics": {"cost": 55473.26768200037, "sparsity": 0.09259259259259259, "fidelity": 0.9921257428181041, "faithfulness_gap": 0.6384549103619792, "stability": 0.9833017244674582}, "explanation": {"top_features": ["capital-loss: 0.3630", "marital-status_Married-civ-spouse: 0.0921", "occupation_Craft-repair: -0.0524", "relationship_Husband: 0.0428", "education_Some-college: 0.0426", "fnlwgt: -0.0361", "hours-per-week: 0.0139", "education-num: 0.0132", "marital-status_Never-married: 0.0117", "relationship_Own-child: 0.0098"], "raw_top": {"capital-loss": 0.36298478669667766, "marital-status_Married-civ-spouse": 0.09208477803256307, "occupation_Craft-repair": -0.052366229539725355, "relationship_Husband": 0.042837186928842155, "education_Some-college": 0.04260787560380094, "fnlwgt": -0.03610360451037798, "hours-per-week": 0.01393478215166381, "education-num": 0.013239745955325627, "marital-status_Never-married": 0.011650808172749593, "relationship_Own-child": 0.00977154323157281}}}