{"instance_id": 529, "quadrant": "FP", "true_label": 0, "prediction": 1, "prediction_correct": false, "metrics": {"cost": 42158.86207099538, "sparsity": 0.09259259259259259, "fidelity": 0.9783182871231728, "faithfulness_gap": 0.4856916972563746, "stability": 0.9400925901416975}, "explanation": {"top_features": ["education-num: 0.2211", "marital-status_Married-civ-spouse: 0.0915", "occupation_Sales: 0.0874", "native-country_United-States: -0.0564", "relationship_Husband: 0.0445", "age: 0.0336", "capital-gain: -0.0318", "marital-status_Never-married: 0.0154", "education_HS-grad: 0.0149", "marital-status_Divorced: 0.0063"], "raw_top": {"education-num": 0.22107190406984856, "marital-status_Married-civ-spouse": 0.09145550144826681, "occupation_Sales": 0.08736742274616802, "native-country_United-States": -0.05641824521991045, "relationship_Husband": 0.044496963131585875, "age": 0.03355954510042661, "capital-gain": -0.03181803262314278, "marital-status_Never-married": 0.015402968635170898, "education_HS-grad": 0.014935245260213679, "marital-status_Divorced": 0.006307228498212414}}}