{"instance_id": 5329, "quadrant": "FN", "true_label": 1, "prediction": 0, "prediction_correct": false, "metrics": {"cost": 55379.3607300031, "sparsity": 0.09259259259259259, "fidelity": 0.8037669233513606, "faithfulness_gap": 0.03361536083226613, "stability": 0.6086456735256601}, "explanation": {"top_features": ["marital-status_Married-civ-spouse: 0.0412", "capital-gain: -0.0357", "capital-loss: -0.0246", "education-num: -0.0193", "age: 0.0187", "occupation_Craft-repair: -0.0146", "relationship_Husband: 0.0138", "education_Bachelors: -0.0103", "fnlwgt: -0.0092", "education_HS-grad: 0.0059"], "raw_top": {"marital-status_Married-civ-spouse": 0.041191173969209745, "capital-gain": -0.03571702906086322, "capital-loss": -0.02462213705008745, "education-num": -0.01932247813063828, "age": 0.018725431250435395, "occupation_Craft-repair": -0.014607515470297849, "relationship_Husband": 0.01380469432472237, "education_Bachelors": -0.0102745345340006, "fnlwgt": -0.009208729925863466, "education_HS-grad": 0.005872120203619283}}}