{"instance_id": 5408, "quadrant": "FN", "true_label": 1, "prediction": 0, "prediction_correct": false, "metrics": {"cost": 66320.51235699328, "sparsity": 0.09259259259259259, "fidelity": 0.8590699136511883, "faithfulness_gap": 0.0462013720354334, "stability": 0.9274041225224626}, "explanation": {"top_features": ["marital-status_Married-civ-spouse: -0.0646", "occupation_Prof-specialty: 0.0642", "relationship_Husband: -0.0327", "marital-status_Divorced: -0.0261", "capital-gain: -0.0202", "workclass_Private: -0.0176", "education-num: 0.0156", "relationship_Unmarried: -0.0131", "capital-loss: -0.0122", "fnlwgt: -0.0106"], "raw_top": {"marital-status_Married-civ-spouse": -0.06461253048127051, "occupation_Prof-specialty": 0.06416340465230277, "relationship_Husband": -0.03274529876845481, "marital-status_Divorced": -0.026122260966856756, "capital-gain": -0.020152065338791138, "workclass_Private": -0.017596903239141478, "education-num": 0.015642844014793267, "relationship_Unmarried": -0.013119993083811485, "capital-loss": -0.012219637701441462, "fnlwgt": -0.010623637065575084}}}