{"instance_id": 5428, "quadrant": "FN", "true_label": 1, "prediction": 0, "prediction_correct": false, "metrics": {"cost": 42136.63242000621, "sparsity": 0.09259259259259259, "fidelity": 0.9186633693957089, "faithfulness_gap": 0.013179136495046234, "stability": 0.9541564271098648}, "explanation": {"top_features": ["age: -0.0791", "occupation_Prof-specialty: 0.0781", "marital-status_Married-civ-spouse: -0.0689", "education-num: 0.0489", "relationship_Husband: -0.0424", "marital-status_Never-married: -0.0228", "capital-gain: -0.0202", "relationship_Not-in-family: -0.0139", "education_Bachelors: 0.0103", "capital-loss: -0.0097"], "raw_top": {"age": -0.07905312284445885, "occupation_Prof-specialty": 0.07811540483153569, "marital-status_Married-civ-spouse": -0.06886206849374267, "education-num": 0.048931704691225555, "relationship_Husband": -0.04237215984189023, "marital-status_Never-married": -0.022842499370938917, "capital-gain": -0.020224655887737523, "relationship_Not-in-family": -0.013881532529896722, "education_Bachelors": 0.010338960136777792, "capital-loss": -0.009692821621544364}}}