{"instance_id": 5548, "quadrant": "TN", "true_label": 0, "prediction": 0, "prediction_correct": true, "metrics": {"cost": 42995.29154901393, "sparsity": 0.09259259259259259, "fidelity": 0.6506754630964777, "faithfulness_gap": 0.017814861566180812, "stability": 0.9012819012530557}, "explanation": {"top_features": ["occupation_Prof-specialty: 0.0396", "age: -0.0309", "education-num: -0.0291", "marital-status_Married-civ-spouse: -0.0261", "hours-per-week: -0.0247", "capital-gain: -0.0118", "capital-loss: -0.0107", "workclass_Private: -0.0103", "relationship_Husband: -0.0080", "marital-status_Never-married: -0.0065"], "raw_top": {"occupation_Prof-specialty": 0.039565024939269694, "age": -0.030919379588334607, "education-num": -0.029078650036232515, "marital-status_Married-civ-spouse": -0.02614851597846335, "hours-per-week": -0.02471497206085615, "capital-gain": -0.011793144635469708, "capital-loss": -0.010696317124409683, "workclass_Private": -0.010305453436868048, "relationship_Husband": -0.008047196072880276, "marital-status_Never-married": -0.006549521821821488}}}