{"instance_id": 5643, "quadrant": "FP", "true_label": 0, "prediction": 1, "prediction_correct": false, "metrics": {"cost": 81627.29009699979, "sparsity": 0.09259259259259259, "fidelity": 0.9716316333316314, "faithfulness_gap": 0.4307105891569516, "stability": 0.9649671848297559}, "explanation": {"top_features": ["capital-gain: 0.3096", "marital-status_Married-civ-spouse: 0.0552", "education-num: -0.0479", "relationship_Husband: 0.0479", "hours-per-week: 0.0459", "age: 0.0340", "race_White: -0.0231", "fnlwgt: -0.0220", "occupation_Craft-repair: -0.0162", "education_HS-grad: -0.0150"], "raw_top": {"capital-gain": 0.3095657305275876, "marital-status_Married-civ-spouse": 0.05518280129214023, "education-num": -0.04794454723810072, "relationship_Husband": 0.04788596454487616, "hours-per-week": 0.045895150213494676, "age": 0.034008653894121235, "race_White": -0.02310174138673688, "fnlwgt": -0.02204638505690169, "occupation_Craft-repair": -0.01624000153991383, "education_HS-grad": -0.014966029126212366}}}