{"instance_id": 5780, "quadrant": "FP", "true_label": 0, "prediction": 1, "prediction_correct": false, "metrics": {"cost": 78706.54515500064, "sparsity": 0.09259259259259259, "fidelity": 0.9843983911261491, "faithfulness_gap": 0.6925440599986818, "stability": 0.9513712679614721}, "explanation": {"top_features": ["education-num: 0.2057", "occupation_Sales: 0.1206", "marital-status_Married-civ-spouse: 0.1021", "relationship_Husband: 0.0542", "education_Bachelors: 0.0513", "age: 0.0463", "education_HS-grad: 0.0203", "marital-status_Never-married: 0.0172", "marital-status_Divorced: 0.0060", "relationship_Not-in-family: 0.0056"], "raw_top": {"education-num": 0.2057132316739792, "occupation_Sales": 0.12055269474732803, "marital-status_Married-civ-spouse": 0.10206937642459395, "relationship_Husband": 0.0541573737391464, "education_Bachelors": 0.0513032543255179, "age": 0.0463307589214168, "education_HS-grad": 0.02033862470928179, "marital-status_Never-married": 0.017233269695851733, "marital-status_Divorced": 0.005987348203023096, "relationship_Not-in-family": 0.0055976168701470375}}}