{"instance_id": 6042, "quadrant": "TP", "true_label": 1, "prediction": 1, "prediction_correct": true, "metrics": {"cost": 50899.051022017375, "sparsity": 0.09259259259259259, "fidelity": 0.9803731398507325, "faithfulness_gap": 0.8157418246455596, "stability": 0.991544301557824}, "explanation": {"top_features": ["capital-gain: 0.4287", "occupation_Tech-support: 0.1081", "marital-status_Married-civ-spouse: 0.0726", "age: 0.0672", "relationship_Husband: 0.0333", "education-num: 0.0143", "fnlwgt: 0.0129", "marital-status_Never-married: 0.0116", "education_HS-grad: 0.0098", "relationship_Own-child: 0.0090"], "raw_top": {"capital-gain": 0.42874901585801595, "occupation_Tech-support": 0.1080556170979933, "marital-status_Married-civ-spouse": 0.07259843109281823, "age": 0.06720238086811058, "relationship_Husband": 0.03330202393258517, "education-num": 0.014254555911253864, "fnlwgt": 0.012949570752743337, "marital-status_Never-married": 0.011560803119452, "education_HS-grad": 0.00984915831961275, "relationship_Own-child": 0.009032975214883074}}}