{"instance_id": 6088, "quadrant": "TP", "true_label": 1, "prediction": 1, "prediction_correct": true, "metrics": {"cost": 38468.02787104389, "sparsity": 0.09259259259259259, "fidelity": 0.9875069486597116, "faithfulness_gap": 0.7817768720044831, "stability": 0.9812579158381861}, "explanation": {"top_features": ["education-num: 0.3240", "occupation_Prof-specialty: 0.1287", "marital-status_Married-civ-spouse: 0.1005", "relationship_Husband: 0.0530", "age: 0.0431", "marital-status_Never-married: 0.0171", "workclass_Private: 0.0074", "education_Doctorate: 0.0060", "relationship_Own-child: 0.0036", "relationship_Not-in-family: 0.0017"], "raw_top": {"education-num": 0.3239784587555651, "occupation_Prof-specialty": 0.12869774449123683, "marital-status_Married-civ-spouse": 0.10051756941282095, "relationship_Husband": 0.05299719648366262, "age": 0.0430870717093571, "marital-status_Never-married": 0.017133803964675946, "workclass_Private": 0.007371278356689519, "education_Doctorate": 0.005995074943791593, "relationship_Own-child": 0.0035716862871002257, "relationship_Not-in-family": 0.0016549143765375307}}}