{"instance_id": 6166, "quadrant": "FN", "true_label": 1, "prediction": 0, "prediction_correct": false, "metrics": {"cost": 54801.711252948735, "sparsity": 0.09259259259259259, "fidelity": 0.884357440448425, "faithfulness_gap": 0.04273380738821961, "stability": 0.6014926931907897}, "explanation": {"top_features": ["marital-status_Married-civ-spouse: 0.0442", "capital-gain: -0.0348", "hours-per-week: 0.0315", "education_Assoc-voc: -0.0294", "age: -0.0253", "capital-loss: -0.0216", "education-num: 0.0207", "occupation_Craft-repair: -0.0188", "relationship_Husband: 0.0146", "education_Bachelors: -0.0114"], "raw_top": {"marital-status_Married-civ-spouse": 0.044165278283267426, "capital-gain": -0.034841635607183154, "hours-per-week": 0.031535801615628176, "education_Assoc-voc": -0.029389034699781814, "age": -0.025308329548109035, "capital-loss": -0.021630051147736886, "education-num": 0.020746405061449726, "occupation_Craft-repair": -0.018774929280404484, "relationship_Husband": 0.01461485478583148, "education_Bachelors": -0.011359184934369977}}}