{"instance_id": 6320, "quadrant": "TN", "true_label": 0, "prediction": 0, "prediction_correct": true, "metrics": {"cost": 37784.43555103149, "sparsity": 0.09259259259259259, "fidelity": 0.8812209119418979, "faithfulness_gap": 0.031538511265491204, "stability": 0.8128570768206241}, "explanation": {"top_features": ["education-num: -0.0424", "marital-status_Married-civ-spouse: 0.0320", "relationship_Husband: -0.0244", "capital-gain: -0.0218", "age: -0.0187", "occupation_Adm-clerical: 0.0177", "capital-loss: -0.0137", "relationship_Own-child: -0.0101", "education_Bachelors: -0.0096", "fnlwgt: -0.0058"], "raw_top": {"education-num": -0.042363047144715386, "marital-status_Married-civ-spouse": 0.03197518654928269, "relationship_Husband": -0.024361395815995078, "capital-gain": -0.021815890036192175, "age": -0.01865669755821778, "occupation_Adm-clerical": 0.01770225700359962, "capital-loss": -0.013698320947359916, "relationship_Own-child": -0.010053761954368667, "education_Bachelors": -0.009557424167587812, "fnlwgt": -0.005771405171429295}}}