{"instance_id": 6387, "quadrant": "FP", "true_label": 0, "prediction": 1, "prediction_correct": false, "metrics": {"cost": 44351.616734002164, "sparsity": 0.09259259259259259, "fidelity": 0.9705365454452092, "faithfulness_gap": 0.6484916968830259, "stability": 0.9580967990437784}, "explanation": {"top_features": ["education-num: 0.1718", "marital-status_Married-civ-spouse: 0.0941", "hours-per-week: 0.0768", "occupation_Adm-clerical: 0.0726", "relationship_Husband: 0.0545", "education_Bachelors: 0.0469", "marital-status_Never-married: 0.0130", "workclass_State-gov: 0.0081", "marital-status_Divorced: 0.0026", "relationship_Not-in-family: 0.0015"], "raw_top": {"education-num": 0.17178058683969302, "marital-status_Married-civ-spouse": 0.09411941216346263, "hours-per-week": 0.07680534171560478, "occupation_Adm-clerical": 0.07255116708626705, "relationship_Husband": 0.05447141527978634, "education_Bachelors": 0.04692470330413946, "marital-status_Never-married": 0.012956061229332197, "workclass_State-gov": 0.00811902707599679, "marital-status_Divorced": 0.0025534399101458326, "relationship_Not-in-family": 0.0014502226978569954}}}