{"instance_id": 6401, "quadrant": "TP", "true_label": 1, "prediction": 1, "prediction_correct": true, "metrics": {"cost": 60764.433190983254, "sparsity": 0.09259259259259259, "fidelity": 0.9878243608080665, "faithfulness_gap": 0.7131554427443045, "stability": 0.9775495614831528}, "explanation": {"top_features": ["education-num: 0.2926", "occupation_Prof-specialty: 0.1438", "marital-status_Married-civ-spouse: 0.0764", "relationship_Husband: 0.0509", "age: 0.0272", "native-country_Taiwan: 0.0215", "race_Asian-Pac-Islander: 0.0185", "marital-status_Never-married: 0.0113", "education_Doctorate: 0.0037", "education_HS-grad: 0.0026"], "raw_top": {"education-num": 0.2926237100143612, "occupation_Prof-specialty": 0.14377838689648206, "marital-status_Married-civ-spouse": 0.07635633884102802, "relationship_Husband": 0.05085577842154704, "age": 0.027234765802558313, "native-country_Taiwan": 0.021537206030674567, "race_Asian-Pac-Islander": 0.01850762543635838, "marital-status_Never-married": 0.011260678305245594, "education_Doctorate": 0.003740038369970931, "education_HS-grad": 0.0026182645281791483}}}