{"instance_id": 652, "quadrant": "FP", "true_label": 0, "prediction": 1, "prediction_correct": false, "metrics": {"cost": 56402.53110398771, "sparsity": 0.09259259259259259, "fidelity": 0.9862838716086162, "faithfulness_gap": 0.7360845243841446, "stability": 0.9673721531119872}, "explanation": {"top_features": ["education-num: 0.2612", "occupation_Prof-specialty: 0.1484", "marital-status_Married-civ-spouse: 0.1026", "relationship_Husband: 0.0535", "age: 0.0530", "hours-per-week: -0.0357", "marital-status_Never-married: 0.0106", "education_HS-grad: 0.0101", "relationship_Own-child: 0.0064", "education_Masters: 0.0049"], "raw_top": {"education-num": 0.26116507727889876, "occupation_Prof-specialty": 0.14842178726436325, "marital-status_Married-civ-spouse": 0.10261377634785689, "relationship_Husband": 0.05353241426586751, "age": 0.0530255906410975, "hours-per-week": -0.03568874417342005, "marital-status_Never-married": 0.010605714001554587, "education_HS-grad": 0.01009794412416104, "relationship_Own-child": 0.006420409210575184, "education_Masters": 0.004911837779404061}}}