{"instance_id": 6567, "quadrant": "FN", "true_label": 1, "prediction": 0, "prediction_correct": false, "metrics": {"cost": 45841.05602800264, "sparsity": 0.09259259259259259, "fidelity": 0.8375692243831224, "faithfulness_gap": 0.012096599331036573, "stability": 0.944351134178993}, "explanation": {"top_features": ["occupation_Prof-specialty: 0.0620", "marital-status_Married-civ-spouse: -0.0545", "relationship_Husband: -0.0292", "capital-gain: -0.0201", "marital-status_Never-married: -0.0164", "capital-loss: -0.0136", "workclass_Private: -0.0125", "education-num: -0.0087", "race_White: -0.0077", "sex_Male: -0.0074"], "raw_top": {"occupation_Prof-specialty": 0.06195068897356518, "marital-status_Married-civ-spouse": -0.05448793651866601, "relationship_Husband": -0.02918647484508328, "capital-gain": -0.02012905538414148, "marital-status_Never-married": -0.016412432413333723, "capital-loss": -0.013614633115801834, "workclass_Private": -0.012542699003138928, "education-num": -0.008682272037285083, "race_White": -0.007706455308091066, "sex_Male": -0.007395246675472806}}}