{"instance_id": 658, "quadrant": "FP", "true_label": 0, "prediction": 1, "prediction_correct": false, "metrics": {"cost": 52984.82097800297, "sparsity": 0.09259259259259259, "fidelity": 0.9814714640138487, "faithfulness_gap": 0.693606958454931, "stability": 0.9591830255867702}, "explanation": {"top_features": ["education-num: 0.1960", "occupation_Sales: 0.1268", "marital-status_Married-civ-spouse: 0.0893", "relationship_Husband: 0.0615", "education_Bachelors: 0.0552", "hours-per-week: 0.0433", "marital-status_Never-married: 0.0113", "education_HS-grad: 0.0079", "relationship_Own-child: 0.0049", "relationship_Not-in-family: 0.0034"], "raw_top": {"education-num": 0.19604440721556357, "occupation_Sales": 0.1268055991577537, "marital-status_Married-civ-spouse": 0.08933617649461839, "relationship_Husband": 0.06147867263219789, "education_Bachelors": 0.05523453874895045, "hours-per-week": 0.043308366792169116, "marital-status_Never-married": 0.011274693207644492, "education_HS-grad": 0.007853019062158795, "relationship_Own-child": 0.004865115012340807, "relationship_Not-in-family": 0.0034358155826781367}}}