{"instance_id": 6582, "quadrant": "FP", "true_label": 0, "prediction": 1, "prediction_correct": false, "metrics": {"cost": 42726.82623998844, "sparsity": 0.09259259259259259, "fidelity": 0.9616728620420261, "faithfulness_gap": 0.35875043462952133, "stability": 0.9002169574203202}, "explanation": {"top_features": ["education-num: 0.1638", "marital-status_Married-civ-spouse: 0.0859", "relationship_Husband: 0.0466", "capital-gain: -0.0365", "age: 0.0347", "occupation_Craft-repair: -0.0294", "workclass_Local-gov: 0.0292", "workclass_Private: -0.0244", "education_Bachelors: 0.0226", "marital-status_Never-married: 0.0113"], "raw_top": {"education-num": 0.163764546731033, "marital-status_Married-civ-spouse": 0.0859118075788187, "relationship_Husband": 0.04656055374979443, "capital-gain": -0.036521687647621856, "age": 0.0347398553145967, "occupation_Craft-repair": -0.029426175157824357, "workclass_Local-gov": 0.029202902389440663, "workclass_Private": -0.024360620799616806, "education_Bachelors": 0.02259890744485873, "marital-status_Never-married": 0.011268427181165608}}}