{"instance_id": 6613, "quadrant": "FP", "true_label": 0, "prediction": 1, "prediction_correct": false, "metrics": {"cost": 37964.35677399859, "sparsity": 0.09259259259259259, "fidelity": 0.9773791202734496, "faithfulness_gap": 0.5899947768442411, "stability": 0.9671499067165694}, "explanation": {"top_features": ["education-num: 0.2175", "occupation_Exec-managerial: 0.1847", "marital-status_Married-civ-spouse: 0.0885", "relationship_Husband: 0.0559", "native-country_United-States: -0.0525", "age: 0.0459", "marital-status_Never-married: 0.0159", "native-country_India: 0.0109", "education_HS-grad: 0.0104", "relationship_Own-child: 0.0063"], "raw_top": {"education-num": 0.21751591054918973, "occupation_Exec-managerial": 0.18468952755181647, "marital-status_Married-civ-spouse": 0.0885122874782743, "relationship_Husband": 0.05585939665758002, "native-country_United-States": -0.052549731711879606, "age": 0.04590758254853644, "marital-status_Never-married": 0.015871024129032896, "native-country_India": 0.010933852682554798, "education_HS-grad": 0.010446135028380106, "relationship_Own-child": 0.0063266550650165065}}}