{"instance_id": 6648, "quadrant": "TN", "true_label": 0, "prediction": 0, "prediction_correct": true, "metrics": {"cost": 35662.23804501351, "sparsity": 0.09259259259259259, "fidelity": 0.9598766522006911, "faithfulness_gap": 0.2695758205869608, "stability": 0.9396906569157958}, "explanation": {"top_features": ["occupation_Prof-specialty: 0.1428", "education-num: 0.1309", "relationship_Other-relative: -0.1035", "marital-status_Married-civ-spouse: 0.0893", "relationship_Husband: -0.0624", "fnlwgt: -0.0422", "age: 0.0287", "capital-gain: -0.0284", "education_Bachelors: 0.0214", "workclass_State-gov: 0.0202"], "raw_top": {"occupation_Prof-specialty": 0.14280623356492544, "education-num": 0.13093665991086054, "relationship_Other-relative": -0.10351371460896426, "marital-status_Married-civ-spouse": 0.08927906162698643, "relationship_Husband": -0.0623639027820021, "fnlwgt": -0.042177571957128936, "age": 0.028661707760139064, "capital-gain": -0.028441142074357186, "education_Bachelors": 0.021412316157612354, "workclass_State-gov": 0.0202179378416542}}}