{"instance_id": 6668, "quadrant": "TN", "true_label": 0, "prediction": 0, "prediction_correct": true, "metrics": {"cost": 42618.23391797952, "sparsity": 0.09259259259259259, "fidelity": 0.7451027578383378, "faithfulness_gap": 0.0804243730018177, "stability": 0.9359626560486801}, "explanation": {"top_features": ["marital-status_Married-civ-spouse: -0.0443", "age: -0.0385", "relationship_Husband: -0.0187", "capital-gain: -0.0132", "education-num: -0.0081", "hours-per-week: -0.0080", "marital-status_Divorced: -0.0079", "capital-loss: -0.0065", "education_HS-grad: -0.0023", "education_Bachelors: -0.0019"], "raw_top": {"marital-status_Married-civ-spouse": -0.04426417698687293, "age": -0.03853555332146941, "relationship_Husband": -0.018683548386484134, "capital-gain": -0.013249193181901108, "education-num": -0.00808315682917302, "hours-per-week": -0.007990643547428792, "marital-status_Divorced": -0.007852524196539357, "capital-loss": -0.006508531533720262, "education_HS-grad": -0.0023042841154674496, "education_Bachelors": -0.0019299982376756453}}}