{"instance_id": 6674, "quadrant": "FP", "true_label": 0, "prediction": 1, "prediction_correct": false, "metrics": {"cost": 52996.37238701689, "sparsity": 0.09259259259259259, "fidelity": 0.9398074414019212, "faithfulness_gap": 0.5420706720196925, "stability": 0.926221638505991}, "explanation": {"top_features": ["occupation_Tech-support: 0.1563", "marital-status_Married-civ-spouse: 0.1035", "hours-per-week: 0.0514", "relationship_Husband: 0.0511", "capital-loss: 0.0181", "fnlwgt: 0.0137", "marital-status_Never-married: 0.0113", "education-num: 0.0097", "marital-status_Divorced: 0.0075", "education_Some-college: 0.0068"], "raw_top": {"occupation_Tech-support": 0.15634086731030516, "marital-status_Married-civ-spouse": 0.10347002019764508, "hours-per-week": 0.051364616814088854, "relationship_Husband": 0.05106505930893614, "capital-loss": 0.01805519274739066, "fnlwgt": 0.01370567093435379, "marital-status_Never-married": 0.011304954370879262, "education-num": 0.009724399986675033, "marital-status_Divorced": 0.007472567992550035, "education_Some-college": 0.0067592612154722675}}}