{"instance_id": 6686, "quadrant": "TN", "true_label": 0, "prediction": 0, "prediction_correct": true, "metrics": {"cost": 41483.85524307378, "sparsity": 0.09259259259259259, "fidelity": 0.6050307394870958, "faithfulness_gap": 0.033836824115315606, "stability": 0.8797237327484434}, "explanation": {"top_features": ["occupation_Tech-support: 0.0510", "marital-status_Married-civ-spouse: -0.0484", "relationship_Husband: -0.0296", "education-num: -0.0239", "fnlwgt: -0.0230", "capital-gain: -0.0183", "marital-status_Divorced: -0.0129", "capital-loss: -0.0094", "relationship_Not-in-family: -0.0064", "hours-per-week: -0.0063"], "raw_top": {"occupation_Tech-support": 0.051016353964518445, "marital-status_Married-civ-spouse": -0.04844218318012358, "relationship_Husband": -0.029638136056600636, "education-num": -0.023949309134801, "fnlwgt": -0.02295838250310338, "capital-gain": -0.018273217631164566, "marital-status_Divorced": -0.012937717759440874, "capital-loss": -0.009355567043483526, "relationship_Not-in-family": -0.00638719817746429, "hours-per-week": -0.006347059747001401}}}