{"instance_id": 6726, "quadrant": "TN", "true_label": 0, "prediction": 0, "prediction_correct": true, "metrics": {"cost": 45849.11998396274, "sparsity": 0.09259259259259259, "fidelity": 0.8782616915430765, "faithfulness_gap": 0.08123953109704903, "stability": 0.9651232414033732}, "explanation": {"top_features": ["age: -0.0566", "marital-status_Married-civ-spouse: -0.0387", "relationship_Husband: -0.0173", "capital-gain: -0.0162", "marital-status_Never-married: -0.0122", "capital-loss: -0.0094", "education-num: -0.0093", "workclass_Private: -0.0084", "relationship_Own-child: -0.0068", "occupation_nan: -0.0061"], "raw_top": {"age": -0.05663470829461445, "marital-status_Married-civ-spouse": -0.038718731426541315, "relationship_Husband": -0.01726940594669712, "capital-gain": -0.016240188706477216, "marital-status_Never-married": -0.012236901341103104, "capital-loss": -0.009444565097994049, "education-num": -0.009343504570243289, "workclass_Private": -0.008417713948788324, "relationship_Own-child": -0.006810877299428889, "occupation_nan": -0.0060857394019873945}}}