{"instance_id": 6750, "quadrant": "FN", "true_label": 1, "prediction": 0, "prediction_correct": false, "metrics": {"cost": 45467.734539997764, "sparsity": 0.09259259259259259, "fidelity": 0.9233273064271925, "faithfulness_gap": 0.0352369562491513, "stability": 0.7504733291095853}, "explanation": {"top_features": ["occupation_Other-service: -0.0930", "hours-per-week: 0.0426", "marital-status_Married-civ-spouse: 0.0370", "workclass_State-gov: 0.0338", "capital-gain: -0.0334", "capital-loss: -0.0249", "relationship_Husband: 0.0246", "age: 0.0230", "education-num: -0.0148", "education_Some-college: 0.0102"], "raw_top": {"occupation_Other-service": -0.09296945429283332, "hours-per-week": 0.04262274260017041, "marital-status_Married-civ-spouse": 0.036950740275499425, "workclass_State-gov": 0.033849447523747335, "capital-gain": -0.03344761245907867, "capital-loss": -0.02493028632094119, "relationship_Husband": 0.024637726238587912, "age": 0.02295111445575281, "education-num": -0.01475553770758382, "education_Some-college": 0.010155115577830255}}}