{"instance_id": 6797, "quadrant": "FN", "true_label": 1, "prediction": 0, "prediction_correct": false, "metrics": {"cost": 53703.12142799958, "sparsity": 0.09259259259259259, "fidelity": 0.9844917556998125, "faithfulness_gap": 0.31995791643011473, "stability": 0.9899133562296586}, "explanation": {"top_features": ["education-num: -0.2574", "capital-loss: 0.1995", "occupation_Exec-managerial: 0.1098", "hours-per-week: 0.0562", "marital-status_Married-civ-spouse: 0.0537", "age: 0.0324", "relationship_Husband: 0.0287", "capital-gain: -0.0168", "marital-status_Never-married: 0.0075", "marital-status_Divorced: 0.0041"], "raw_top": {"education-num": -0.2574152813536609, "capital-loss": 0.19954114085716454, "occupation_Exec-managerial": 0.10975480260830106, "hours-per-week": 0.05620570129631289, "marital-status_Married-civ-spouse": 0.05366537171325507, "age": 0.032439973729149967, "relationship_Husband": 0.028699602464704387, "capital-gain": -0.016814719219522573, "marital-status_Never-married": 0.007450820021329344, "marital-status_Divorced": 0.004125337105496564}}}