{"instance_id": 6823, "quadrant": "FP", "true_label": 0, "prediction": 1, "prediction_correct": false, "metrics": {"cost": 39356.372898997506, "sparsity": 0.09259259259259259, "fidelity": 0.9841869991319372, "faithfulness_gap": 0.7023334206164089, "stability": 0.9731979107981343}, "explanation": {"top_features": ["occupation_Exec-managerial: 0.2095", "education-num: 0.1623", "marital-status_Married-civ-spouse: 0.0966", "hours-per-week: 0.0610", "relationship_Husband: 0.0596", "age: -0.0366", "native-country_England: 0.0244", "education_Bachelors: 0.0189", "education_HS-grad: 0.0124", "marital-status_Never-married: 0.0124"], "raw_top": {"occupation_Exec-managerial": 0.20951919745404693, "education-num": 0.16233277766314627, "marital-status_Married-civ-spouse": 0.09655351446229012, "hours-per-week": 0.0610211693308213, "relationship_Husband": 0.059633867566394556, "age": -0.036634449567904515, "native-country_England": 0.024361382460380162, "education_Bachelors": 0.018910464410496777, "education_HS-grad": 0.012406690257769514, "marital-status_Never-married": 0.012354645957211384}}}