{"instance_id": 6961, "quadrant": "FP", "true_label": 0, "prediction": 1, "prediction_correct": false, "metrics": {"cost": 71758.06339400151, "sparsity": 0.09259259259259259, "fidelity": 0.9820309549807441, "faithfulness_gap": 0.6375654593545358, "stability": 0.9945424732458211}, "explanation": {"top_features": ["capital-loss: 0.5022", "marital-status_Married-civ-spouse: 0.0685", "occupation_Farming-fishing: -0.0596", "education-num: 0.0562", "fnlwgt: -0.0390", "relationship_Husband: 0.0362", "education_Assoc-voc: -0.0308", "hours-per-week: 0.0273", "workclass_Private: -0.0229", "workclass_Self-emp-not-inc: -0.0225"], "raw_top": {"capital-loss": 0.5022016842995538, "marital-status_Married-civ-spouse": 0.0685386984902221, "occupation_Farming-fishing": -0.059553063650144386, "education-num": 0.05617689901704296, "fnlwgt": -0.0389541546192741, "relationship_Husband": 0.0362042100928714, "education_Assoc-voc": -0.030810489167329747, "hours-per-week": 0.027266768138807188, "workclass_Private": -0.02293703584086637, "workclass_Self-emp-not-inc": -0.02254354069226225}}}