{"instance_id": 7010, "quadrant": "FN", "true_label": 1, "prediction": 0, "prediction_correct": false, "metrics": {"cost": 54654.889330035076, "sparsity": 0.09259259259259259, "fidelity": 0.8873453995862057, "faithfulness_gap": 0.06375026642686496, "stability": 0.8719324552153043}, "explanation": {"top_features": ["occupation_Farming-fishing: -0.0700", "marital-status_Married-civ-spouse: 0.0351", "capital-gain: -0.0289", "workclass_Self-emp-not-inc: -0.0239", "capital-loss: -0.0231", "hours-per-week: 0.0187", "relationship_Husband: 0.0164", "education_Assoc-voc: -0.0130", "age: 0.0117", "fnlwgt: -0.0093"], "raw_top": {"occupation_Farming-fishing": -0.06998839906762273, "marital-status_Married-civ-spouse": 0.035072814532070146, "capital-gain": -0.02887753069006048, "workclass_Self-emp-not-inc": -0.023925199065912228, "capital-loss": -0.023122880220616676, "hours-per-week": 0.01872389751711438, "relationship_Husband": 0.01637049822100805, "education_Assoc-voc": -0.012973309830684584, "age": 0.011674464205339033, "fnlwgt": -0.009279776634509754}}}