{"instance_id": 7052, "quadrant": "FP", "true_label": 0, "prediction": 1, "prediction_correct": false, "metrics": {"cost": 78883.98569400306, "sparsity": 0.09259259259259259, "fidelity": 0.98588403407708, "faithfulness_gap": 0.6152356051621082, "stability": 0.9374853073397189}, "explanation": {"top_features": ["occupation_Exec-managerial: 0.1920", "education-num: 0.1811", "marital-status_Married-civ-spouse: 0.0955", "age: -0.0798", "relationship_Husband: 0.0663", "hours-per-week: 0.0614", "education_Bachelors: 0.0266", "marital-status_Never-married: 0.0180", "education_HS-grad: 0.0160", "relationship_Own-child: 0.0056"], "raw_top": {"occupation_Exec-managerial": 0.19196706343006142, "education-num": 0.1811311979788824, "marital-status_Married-civ-spouse": 0.09550743587126771, "age": -0.07981818045032334, "relationship_Husband": 0.06630177058356476, "hours-per-week": 0.06143474091245425, "education_Bachelors": 0.026594690295840828, "marital-status_Never-married": 0.01799829866125724, "education_HS-grad": 0.015986516516690873, "relationship_Own-child": 0.00559193258949775}}}