{"instance_id": 7362, "quadrant": "FN", "true_label": 1, "prediction": 0, "prediction_correct": false, "metrics": {"cost": 57706.21976497932, "sparsity": 0.09259259259259259, "fidelity": 0.9383394426141511, "faithfulness_gap": 0.028740191616057176, "stability": 0.9424365109024749}, "explanation": {"top_features": ["occupation_Exec-managerial: 0.1022", "marital-status_Married-civ-spouse: -0.0794", "relationship_Husband: -0.0427", "marital-status_Divorced: -0.0283", "capital-gain: -0.0238", "hours-per-week: 0.0218", "relationship_Not-in-family: -0.0194", "education_Some-college: 0.0115", "capital-loss: -0.0101", "fnlwgt: -0.0080"], "raw_top": {"occupation_Exec-managerial": 0.10221210643844914, "marital-status_Married-civ-spouse": -0.07939663418378312, "relationship_Husband": -0.04273309100108598, "marital-status_Divorced": -0.028342384463930066, "capital-gain": -0.023839578720039063, "hours-per-week": 0.021846247957616513, "relationship_Not-in-family": -0.019404084308013818, "education_Some-college": 0.011494618829198888, "capital-loss": -0.010058874322707616, "fnlwgt": -0.007969554956084283}}}