{"instance_id": 7381, "quadrant": "FN", "true_label": 1, "prediction": 0, "prediction_correct": false, "metrics": {"cost": 33784.3864489987, "sparsity": 0.09259259259259259, "fidelity": 0.9185561941632976, "faithfulness_gap": 0.06130983591735059, "stability": 0.9187919938561403}, "explanation": {"top_features": ["relationship_Wife: 0.0852", "education-num: -0.0685", "hours-per-week: -0.0561", "marital-status_Married-civ-spouse: 0.0422", "age: 0.0237", "occupation_Adm-clerical: 0.0221", "capital-gain: -0.0218", "capital-loss: -0.0199", "education_HS-grad: -0.0169", "relationship_Husband: -0.0143"], "raw_top": {"relationship_Wife": 0.08524764086535329, "education-num": -0.0685435271935279, "hours-per-week": -0.05611311201068549, "marital-status_Married-civ-spouse": 0.04216259755507567, "age": 0.02373721148150116, "occupation_Adm-clerical": 0.02207496124613685, "capital-gain": -0.021792674055890412, "capital-loss": -0.019867609452506284, "education_HS-grad": -0.016937801613496728, "relationship_Husband": -0.014337944165204099}}}