{"instance_id": 7390, "quadrant": "TP", "true_label": 1, "prediction": 1, "prediction_correct": true, "metrics": {"cost": 34614.6595350001, "sparsity": 0.09259259259259259, "fidelity": 0.971485470835714, "faithfulness_gap": 0.6877680101656477, "stability": 0.9771007999719297}, "explanation": {"top_features": ["education-num: 0.1857", "occupation_Exec-managerial: 0.1856", "marital-status_Married-civ-spouse: 0.0981", "hours-per-week: 0.0650", "relationship_Husband: 0.0547", "age: 0.0265", "marital-status_Never-married: 0.0186", "education_HS-grad: 0.0148", "native-country_England: 0.0088", "relationship_Not-in-family: 0.0062"], "raw_top": {"education-num": 0.1857364362538792, "occupation_Exec-managerial": 0.18556134818938727, "marital-status_Married-civ-spouse": 0.09812283142061755, "hours-per-week": 0.06499037171341657, "relationship_Husband": 0.054744592638947376, "age": 0.026506321480383132, "marital-status_Never-married": 0.018565024704151417, "education_HS-grad": 0.014801814043119376, "native-country_England": 0.008805848286498866, "relationship_Not-in-family": 0.006228259261807256}}}