{"instance_id": 748, "quadrant": "TP", "true_label": 1, "prediction": 1, "prediction_correct": true, "metrics": {"cost": 60040.15670099761, "sparsity": 0.09259259259259259, "fidelity": 0.9780435842844566, "faithfulness_gap": 0.7421500095836526, "stability": 0.9719486880452118}, "explanation": {"top_features": ["education-num: 0.2051", "relationship_Wife: 0.1762", "occupation_Prof-specialty: 0.1376", "marital-status_Married-civ-spouse: 0.1088", "relationship_Husband: -0.0463", "age: 0.0348", "education_HS-grad: 0.0163", "marital-status_Never-married: 0.0101", "education_Bachelors: 0.0094", "relationship_Not-in-family: 0.0077"], "raw_top": {"education-num": 0.2050853358465547, "relationship_Wife": 0.17624264562747968, "occupation_Prof-specialty": 0.13762650350892078, "marital-status_Married-civ-spouse": 0.10876887427993158, "relationship_Husband": -0.046321404817094125, "age": 0.034812517858029746, "education_HS-grad": 0.01625246903756119, "marital-status_Never-married": 0.010054193902945733, "education_Bachelors": 0.009410887651696164, "relationship_Not-in-family": 0.007660860689851815}}}