{"instance_id": 750, "quadrant": "TP", "true_label": 1, "prediction": 1, "prediction_correct": true, "metrics": {"cost": 46648.3012069948, "sparsity": 0.09259259259259259, "fidelity": 0.9541423461685314, "faithfulness_gap": 0.4029812332236556, "stability": 0.928204225096756}, "explanation": {"top_features": ["occupation_Prof-specialty: 0.1559", "marital-status_Married-civ-spouse: 0.0805", "age: 0.0701", "capital-gain: -0.0370", "relationship_Husband: 0.0353", "education_HS-grad: 0.0219", "fnlwgt: 0.0187", "education_Some-college: 0.0133", "marital-status_Never-married: 0.0098", "marital-status_Divorced: 0.0052"], "raw_top": {"occupation_Prof-specialty": 0.15593096544456253, "marital-status_Married-civ-spouse": 0.08052576958038263, "age": 0.07012569386102269, "capital-gain": -0.036958764003106825, "relationship_Husband": 0.03526989514337754, "education_HS-grad": 0.02190708866375716, "fnlwgt": 0.01867588254516323, "education_Some-college": 0.013256868314708046, "marital-status_Never-married": 0.00980537362661487, "marital-status_Divorced": 0.005228380101416297}}}