{"instance_id": 7570, "quadrant": "TN", "true_label": 0, "prediction": 0, "prediction_correct": true, "metrics": {"cost": 45253.488536924124, "sparsity": 0.09259259259259259, "fidelity": 0.8316115015083905, "faithfulness_gap": 0.042674878106642486, "stability": 0.9086778921815222}, "explanation": {"top_features": ["age: -0.0520", "occupation_Exec-managerial: 0.0449", "marital-status_Married-civ-spouse: -0.0428", "relationship_Husband: -0.0268", "relationship_Other-relative: -0.0258", "education-num: -0.0217", "marital-status_Never-married: -0.0197", "capital-gain: -0.0175", "capital-loss: -0.0127", "hours-per-week: -0.0055"], "raw_top": {"age": -0.052034932988113236, "occupation_Exec-managerial": 0.04493016600936691, "marital-status_Married-civ-spouse": -0.042764607900200424, "relationship_Husband": -0.026777909005163227, "relationship_Other-relative": -0.025752973740824407, "education-num": -0.021680193688359675, "marital-status_Never-married": -0.019678847650615814, "capital-gain": -0.017536932661397484, "capital-loss": -0.012661674028597332, "hours-per-week": -0.005502486862275335}}}