{"instance_id": 7629, "quadrant": "FN", "true_label": 1, "prediction": 0, "prediction_correct": false, "metrics": {"cost": 47572.25518600899, "sparsity": 0.09259259259259259, "fidelity": 0.9536427470062446, "faithfulness_gap": 0.05782464872161097, "stability": 0.8442370142503983}, "explanation": {"top_features": ["occupation_Farming-fishing: -0.1132", "marital-status_Married-civ-spouse: 0.0383", "capital-gain: -0.0306", "capital-loss: -0.0254", "relationship_Husband: 0.0251", "age: 0.0228", "hours-per-week: 0.0182", "education_Some-college: 0.0139", "education-num: -0.0105", "fnlwgt: -0.0047"], "raw_top": {"occupation_Farming-fishing": -0.11317278487707516, "marital-status_Married-civ-spouse": 0.03828979648862757, "capital-gain": -0.03055451886714472, "capital-loss": -0.02543749977228076, "relationship_Husband": 0.025128868881566804, "age": 0.022764476444710142, "hours-per-week": 0.01824343063224745, "education_Some-college": 0.013875887559127359, "education-num": -0.010488339517547646, "fnlwgt": -0.004687595965535515}}}