{"instance_id": 763, "quadrant": "TN", "true_label": 0, "prediction": 0, "prediction_correct": true, "metrics": {"cost": 61001.616802066565, "sparsity": 0.09259259259259259, "fidelity": 0.971339037364474, "faithfulness_gap": 0.2630917676748813, "stability": 0.9775072160009394}, "explanation": {"top_features": ["capital-gain: 0.2631", "marital-status_Married-civ-spouse: 0.0501", "education-num: -0.0456", "native-country_United-States: -0.0388", "relationship_Husband: 0.0274", "fnlwgt: -0.0260", "occupation_Craft-repair: -0.0125", "capital-loss: -0.0096", "age: -0.0083", "education_Bachelors: -0.0079"], "raw_top": {"capital-gain": 0.26313889583358624, "marital-status_Married-civ-spouse": 0.050106745194791545, "education-num": -0.045627681487501355, "native-country_United-States": -0.03875361038056706, "relationship_Husband": 0.027363874518338938, "fnlwgt": -0.025990870479718264, "occupation_Craft-repair": -0.01249317040992441, "capital-loss": -0.009636405247539403, "age": -0.008323539390804241, "education_Bachelors": -0.007927554657811966}}}