{"instance_id": 7939, "quadrant": "FN", "true_label": 1, "prediction": 0, "prediction_correct": false, "metrics": {"cost": 46648.57259200653, "sparsity": 0.09259259259259259, "fidelity": 0.9586851772659875, "faithfulness_gap": 0.30385812110842486, "stability": 0.9577598848901302}, "explanation": {"top_features": ["occupation_Exec-managerial: 0.1634", "education-num: 0.1442", "marital-status_Married-civ-spouse: -0.0945", "hours-per-week: 0.0716", "relationship_Husband: -0.0553", "relationship_Not-in-family: -0.0374", "age: 0.0281", "capital-gain: -0.0263", "marital-status_Never-married: 0.0216", "marital-status_Married-spouse-absent: -0.0099"], "raw_top": {"occupation_Exec-managerial": 0.1633837760250983, "education-num": 0.14420320435452583, "marital-status_Married-civ-spouse": -0.09453539953338144, "hours-per-week": 0.07160987668130343, "relationship_Husband": -0.055331223495235345, "relationship_Not-in-family": -0.037408216725172055, "age": 0.028089151115312443, "capital-gain": -0.026261526193448403, "marital-status_Never-married": 0.02159667236128867, "marital-status_Married-spouse-absent": -0.009916227791423315}}}