{"instance_id": 7967, "quadrant": "TP", "true_label": 1, "prediction": 1, "prediction_correct": true, "metrics": {"cost": 44840.934645035304, "sparsity": 0.09259259259259259, "fidelity": 0.9894458219681567, "faithfulness_gap": 0.816168768540601, "stability": 0.9991951724944177}, "explanation": {"top_features": ["capital-gain: 0.7234", "education-num: 0.0921", "marital-status_Married-civ-spouse: -0.0434", "occupation_Prof-specialty: 0.0311", "relationship_Husband: -0.0229", "relationship_Unmarried: -0.0210", "marital-status_Divorced: -0.0134", "education_Doctorate: 0.0120", "age: 0.0077", "hours-per-week: 0.0075"], "raw_top": {"capital-gain": 0.7234326572718951, "education-num": 0.0920576581050559, "marital-status_Married-civ-spouse": -0.043383143570744805, "occupation_Prof-specialty": 0.031081686758033175, "relationship_Husband": -0.022853773724832254, "relationship_Unmarried": -0.02099878455497896, "marital-status_Divorced": -0.013430085398170198, "education_Doctorate": 0.011967271314128973, "age": 0.007656683411644846, "hours-per-week": 0.007474824175840777}}}