{"instance_id": 8002, "quadrant": "TN", "true_label": 0, "prediction": 0, "prediction_correct": true, "metrics": {"cost": 42699.0520869731, "sparsity": 0.09259259259259259, "fidelity": 0.5420900450856228, "faithfulness_gap": 0.04341349543756545, "stability": 0.9321966407166232}, "explanation": {"top_features": ["age: -0.0380", "marital-status_Married-civ-spouse: -0.0310", "relationship_Husband: -0.0187", "capital-gain: -0.0156", "marital-status_Never-married: -0.0137", "education-num: -0.0112", "capital-loss: -0.0094", "relationship_Own-child: -0.0074", "occupation_Transport-moving: -0.0053", "education_Bachelors: -0.0012"], "raw_top": {"age": -0.03798290806806615, "marital-status_Married-civ-spouse": -0.031023904611583736, "relationship_Husband": -0.018693432011125215, "capital-gain": -0.015632798836080684, "marital-status_Never-married": -0.013700501295526754, "education-num": -0.011245217723853401, "capital-loss": -0.009350763801800575, "relationship_Own-child": -0.007439727388972024, "occupation_Transport-moving": -0.005346605795418922, "education_Bachelors": -0.0012490235739330835}}}