{"instance_id": 8022, "quadrant": "FN", "true_label": 1, "prediction": 0, "prediction_correct": false, "metrics": {"cost": 42426.39821997727, "sparsity": 0.09259259259259259, "fidelity": 0.9512496047133562, "faithfulness_gap": 0.21658944958904103, "stability": 0.9134645691960441}, "explanation": {"top_features": ["occupation_Tech-support: 0.1375", "marital-status_Married-civ-spouse: 0.0578", "education-num: -0.0567", "age: 0.0411", "relationship_Husband: 0.0340", "capital-gain: -0.0316", "race_White: -0.0287", "education_HS-grad: -0.0256", "capital-loss: -0.0210", "race_Black: -0.0154"], "raw_top": {"occupation_Tech-support": 0.1375405974848086, "marital-status_Married-civ-spouse": 0.057763657939248154, "education-num": -0.05674782470499591, "age": 0.041050468705192196, "relationship_Husband": 0.034018862875325, "capital-gain": -0.03155803116303446, "race_White": -0.028739080656775006, "education_HS-grad": -0.025551492784244293, "capital-loss": -0.021032801753538957, "race_Black": -0.0154443697086986}}}