{"instance_id": 8074, "quadrant": "TP", "true_label": 1, "prediction": 1, "prediction_correct": true, "metrics": {"cost": 42564.77988703409, "sparsity": 0.09259259259259259, "fidelity": 0.9646736773429979, "faithfulness_gap": 0.768776162933948, "stability": 0.9976619698880056}, "explanation": {"top_features": ["capital-gain: 0.4875", "education-num: 0.0945", "occupation_Tech-support: 0.0750", "marital-status_Married-civ-spouse: 0.0464", "hours-per-week: 0.0273", "relationship_Husband: 0.0229", "education_Masters: 0.0089", "marital-status_Never-married: 0.0071", "age: 0.0065", "education_HS-grad: 0.0056"], "raw_top": {"capital-gain": 0.48748964827281954, "education-num": 0.09446149183021992, "occupation_Tech-support": 0.07500040357733995, "marital-status_Married-civ-spouse": 0.04636865931172996, "hours-per-week": 0.027330221117693135, "relationship_Husband": 0.022888136239800173, "education_Masters": 0.008860113502813152, "marital-status_Never-married": 0.007057007890240074, "age": 0.006500414637102668, "education_HS-grad": 0.005638358448738945}}}