{"instance_id": 8118, "quadrant": "TN", "true_label": 0, "prediction": 0, "prediction_correct": true, "metrics": {"cost": 57883.84534098441, "sparsity": 0.09259259259259259, "fidelity": 0.3749797977888786, "faithfulness_gap": 0.006002455748700203, "stability": 0.9242764215072587}, "explanation": {"top_features": ["age: -0.0334", "marital-status_Married-civ-spouse: -0.0191", "relationship_Husband: -0.0144", "hours-per-week: -0.0140", "capital-gain: -0.0133", "education-num: -0.0107", "marital-status_Never-married: -0.0056", "capital-loss: -0.0051", "occupation_Other-service: -0.0048", "education_HS-grad: -0.0046"], "raw_top": {"age": -0.03343763892266409, "marital-status_Married-civ-spouse": -0.019050753943130324, "relationship_Husband": -0.014433116304718, "hours-per-week": -0.014041441928820066, "capital-gain": -0.013289639098090857, "education-num": -0.010689751384971139, "marital-status_Never-married": -0.005646190352129461, "capital-loss": -0.005079007987681599, "occupation_Other-service": -0.00482335234633787, "education_HS-grad": -0.004599157011637822}}}