{"instance_id": 8319, "quadrant": "FP", "true_label": 0, "prediction": 1, "prediction_correct": false, "metrics": {"cost": 47285.66006500114, "sparsity": 0.09259259259259259, "fidelity": 0.9844378862244045, "faithfulness_gap": 0.735906492415337, "stability": 0.9892067957192254}, "explanation": {"top_features": ["education-num: 0.2707", "occupation_Prof-specialty: 0.1450", "marital-status_Married-civ-spouse: 0.1023", "relationship_Husband: 0.0598", "age: 0.0424", "hours-per-week: 0.0284", "marital-status_Never-married: 0.0196", "education_HS-grad: 0.0136", "education_Prof-school: 0.0093", "relationship_Not-in-family: 0.0086"], "raw_top": {"education-num": 0.2706691921326099, "occupation_Prof-specialty": 0.14502503018635274, "marital-status_Married-civ-spouse": 0.10228063753168687, "relationship_Husband": 0.05977991857929621, "age": 0.04237388383939296, "hours-per-week": 0.028446629584340122, "marital-status_Never-married": 0.01963966357979133, "education_HS-grad": 0.013604881322270137, "education_Prof-school": 0.009336493228254472, "relationship_Not-in-family": 0.008578724833955359}}}