{"instance_id": 8336, "quadrant": "TP", "true_label": 1, "prediction": 1, "prediction_correct": true, "metrics": {"cost": 59764.165107975714, "sparsity": 0.09259259259259259, "fidelity": 0.992774658658733, "faithfulness_gap": 0.7571101657120811, "stability": 0.9812868023683927}, "explanation": {"top_features": ["education-num: 0.2168", "occupation_Exec-managerial: 0.1926", "marital-status_Married-civ-spouse: 0.1028", "relationship_Husband: 0.0585", "hours-per-week: 0.0578", "marital-status_Never-married: 0.0227", "education_HS-grad: 0.0148", "age: 0.0118", "education_Masters: 0.0105", "relationship_Own-child: 0.0061"], "raw_top": {"education-num": 0.21680520702121855, "occupation_Exec-managerial": 0.19262611938237853, "marital-status_Married-civ-spouse": 0.1028263641721927, "relationship_Husband": 0.0584531973355857, "hours-per-week": 0.05776535778096777, "marital-status_Never-married": 0.022726662045004644, "education_HS-grad": 0.014764987201123887, "age": 0.011795416404041305, "education_Masters": 0.01050406903409127, "relationship_Own-child": 0.006102835117780758}}}