{"instance_id": 8349, "quadrant": "TN", "true_label": 0, "prediction": 0, "prediction_correct": true, "metrics": {"cost": 37952.43087410927, "sparsity": 0.09259259259259259, "fidelity": 0.4622142076476554, "faithfulness_gap": 0.024348398019841594, "stability": 0.864646029696331}, "explanation": {"top_features": ["marital-status_Married-civ-spouse: -0.0394", "education-num: -0.0237", "relationship_Husband: -0.0225", "capital-gain: -0.0168", "occupation_Adm-clerical: 0.0167", "capital-loss: -0.0112", "marital-status_Never-married: -0.0107", "age: 0.0096", "hours-per-week: -0.0067", "education_Bachelors: -0.0036"], "raw_top": {"marital-status_Married-civ-spouse": -0.0394288619660456, "education-num": -0.023748521296822662, "relationship_Husband": -0.022478068034427062, "capital-gain": -0.016837747849467902, "occupation_Adm-clerical": 0.01672398704244829, "capital-loss": -0.011199250163352454, "marital-status_Never-married": -0.01066414013191157, "age": 0.00963436243159746, "hours-per-week": -0.0067304938405654035, "education_Bachelors": -0.003619811627644795}}}