{"instance_id": 8412, "quadrant": "TN", "true_label": 0, "prediction": 0, "prediction_correct": true, "metrics": {"cost": 38073.30606097821, "sparsity": 0.09259259259259259, "fidelity": 0.8324638647688031, "faithfulness_gap": 0.01199293411630882, "stability": 0.9519601943847052}, "explanation": {"top_features": ["education-num: 0.0871", "marital-status_Married-civ-spouse: -0.0800", "hours-per-week: -0.0661", "occupation_Exec-managerial: 0.0580", "marital-status_Separated: -0.0206", "relationship_Husband: -0.0203", "relationship_Unmarried: -0.0200", "capital-gain: -0.0193", "capital-loss: -0.0158", "workclass_Private: -0.0156"], "raw_top": {"education-num": 0.08712329166284469, "marital-status_Married-civ-spouse": -0.0800452896045066, "hours-per-week": -0.06609109358961177, "occupation_Exec-managerial": 0.05795448759660602, "marital-status_Separated": -0.020625395801259744, "relationship_Husband": -0.020336045454674913, "relationship_Unmarried": -0.02002969691916444, "capital-gain": -0.019250863478385016, "capital-loss": -0.015836482861469454, "workclass_Private": -0.015573805868848059}}}