{"instance_id": 8450, "quadrant": "FP", "true_label": 0, "prediction": 1, "prediction_correct": false, "metrics": {"cost": 63320.418137998786, "sparsity": 0.09259259259259259, "fidelity": 0.9877654014717345, "faithfulness_gap": 0.5402642282600897, "stability": 0.951178561510564}, "explanation": {"top_features": ["occupation_Exec-managerial: 0.1995", "education-num: 0.1983", "marital-status_Married-civ-spouse: 0.0956", "age: -0.0843", "relationship_Husband: 0.0505", "native-country_United-States: -0.0410", "hours-per-week: 0.0396", "education_Masters: 0.0185", "marital-status_Never-married: 0.0174", "education_HS-grad: 0.0174"], "raw_top": {"occupation_Exec-managerial": 0.19951018999152104, "education-num": 0.19828303649897067, "marital-status_Married-civ-spouse": 0.0955788206425633, "age": -0.08429686988492743, "relationship_Husband": 0.05050625317482135, "native-country_United-States": -0.040995963118514056, "hours-per-week": 0.039553895692312185, "education_Masters": 0.018479733586076217, "marital-status_Never-married": 0.017389518696444093, "education_HS-grad": 0.017352516934787385}}}