{"instance_id": 8549, "quadrant": "TP", "true_label": 1, "prediction": 1, "prediction_correct": true, "metrics": {"cost": 41558.07247804478, "sparsity": 0.09259259259259259, "fidelity": 0.9844624438983887, "faithfulness_gap": 0.7114908120624392, "stability": 0.9599533741315315}, "explanation": {"top_features": ["education-num: 0.2035", "occupation_Sales: 0.1376", "marital-status_Married-civ-spouse: 0.0953", "education_Bachelors: 0.0678", "relationship_Husband: 0.0623", "age: 0.0351", "capital-gain: -0.0296", "marital-status_Never-married: 0.0152", "education_HS-grad: 0.0151", "relationship_Not-in-family: 0.0118"], "raw_top": {"education-num": 0.20347419754039592, "occupation_Sales": 0.13760165254152715, "marital-status_Married-civ-spouse": 0.09528512426635136, "education_Bachelors": 0.0678063853390452, "relationship_Husband": 0.06231978732039795, "age": 0.035082489262100044, "capital-gain": -0.02960576599791853, "marital-status_Never-married": 0.015198413963761375, "education_HS-grad": 0.015112970719292277, "relationship_Not-in-family": 0.011805752105893004}}}