{"instance_id": 8551, "quadrant": "FN", "true_label": 1, "prediction": 0, "prediction_correct": false, "metrics": {"cost": 36469.75642698817, "sparsity": 0.09259259259259259, "fidelity": 0.8898016536878339, "faithfulness_gap": 0.13761492139925055, "stability": 0.9232010103858607}, "explanation": {"top_features": ["occupation_Exec-managerial: 0.1242", "relationship_Wife: 0.0903", "marital-status_Married-civ-spouse: 0.0543", "education-num: -0.0522", "race_White: -0.0501", "relationship_Husband: -0.0314", "education_HS-grad: -0.0309", "capital-gain: -0.0232", "native-country_United-States: -0.0185", "capital-loss: -0.0180"], "raw_top": {"occupation_Exec-managerial": 0.1241934918956786, "relationship_Wife": 0.09034673065460963, "marital-status_Married-civ-spouse": 0.0543034300220667, "education-num": -0.05221396691716172, "race_White": -0.05005940900076756, "relationship_Husband": -0.03141576769568266, "education_HS-grad": -0.03087426716799267, "capital-gain": -0.02318389987718406, "native-country_United-States": -0.018549946692228425, "capital-loss": -0.018009367924573985}}}