{"instance_id": 8644, "quadrant": "FN", "true_label": 1, "prediction": 0, "prediction_correct": false, "metrics": {"cost": 41444.96948696906, "sparsity": 0.09259259259259259, "fidelity": 0.9183175423977692, "faithfulness_gap": 0.04666610069570007, "stability": 0.8483146164141623}, "explanation": {"top_features": ["education-num: -0.0528", "marital-status_Married-civ-spouse: 0.0305", "age: -0.0304", "capital-gain: -0.0271", "capital-loss: -0.0234", "relationship_Husband: 0.0100", "education_HS-grad: -0.0093", "education_Bachelors: -0.0077", "fnlwgt: 0.0065", "hours-per-week: -0.0050"], "raw_top": {"education-num": -0.052841668666501224, "marital-status_Married-civ-spouse": 0.03053511911797841, "age": -0.030399559565395393, "capital-gain": -0.027091843778516936, "capital-loss": -0.02337990400351839, "relationship_Husband": 0.010041749042045552, "education_HS-grad": -0.00925282634495893, "education_Bachelors": -0.007652003999117723, "fnlwgt": 0.0064587049349281445, "hours-per-week": -0.0050319678240887625}}}