{"instance_id": 8675, "quadrant": "FP", "true_label": 0, "prediction": 1, "prediction_correct": false, "metrics": {"cost": 42447.773452004185, "sparsity": 0.09259259259259259, "fidelity": 0.9823260798277426, "faithfulness_gap": 0.4028209625515392, "stability": 0.9606983371307886}, "explanation": {"top_features": ["education-num: 0.1589", "occupation_Prof-specialty: 0.1569", "age: -0.1235", "marital-status_Married-civ-spouse: 0.0774", "relationship_Husband: 0.0529", "education_Bachelors: 0.0510", "fnlwgt: -0.0336", "capital-gain: -0.0288", "marital-status_Never-married: 0.0097", "relationship_Own-child: 0.0090"], "raw_top": {"education-num": 0.15890960664735926, "occupation_Prof-specialty": 0.15691396191454596, "age": -0.12354292998451334, "marital-status_Married-civ-spouse": 0.07738681586805764, "relationship_Husband": 0.05290407384194212, "education_Bachelors": 0.05102006427938414, "fnlwgt": -0.033629912012120844, "capital-gain": -0.028759301862574332, "marital-status_Never-married": 0.009722825560542603, "relationship_Own-child": 0.009034434762236627}}}