{"instance_id": 8686, "quadrant": "FP", "true_label": 0, "prediction": 1, "prediction_correct": false, "metrics": {"cost": 65289.00497898576, "sparsity": 0.09259259259259259, "fidelity": 0.9786661230747221, "faithfulness_gap": 0.6992320467057721, "stability": 0.975140894075914}, "explanation": {"top_features": ["education-num: 0.2647", "occupation_Prof-specialty: 0.1202", "marital-status_Married-civ-spouse: 0.1002", "relationship_Husband: 0.0578", "age: 0.0258", "hours-per-week: 0.0254", "marital-status_Never-married: 0.0111", "education_Masters: 0.0100", "education_HS-grad: 0.0035", "relationship_Own-child: 0.0025"], "raw_top": {"education-num": 0.2646500354654974, "occupation_Prof-specialty": 0.12016346919163551, "marital-status_Married-civ-spouse": 0.10021865187228712, "relationship_Husband": 0.057782223990986155, "age": 0.02577701477549049, "hours-per-week": 0.025366946870857467, "marital-status_Never-married": 0.011135152110238173, "education_Masters": 0.00998987702152529, "education_HS-grad": 0.0035448300047668637, "relationship_Own-child": 0.002546618033852144}}}