{"instance_id": 8703, "quadrant": "TP", "true_label": 1, "prediction": 1, "prediction_correct": true, "metrics": {"cost": 34738.29560301965, "sparsity": 0.09259259259259259, "fidelity": 0.9829940720578193, "faithfulness_gap": 0.805879013957449, "stability": 0.9882673457369042}, "explanation": {"top_features": ["capital-gain: 0.3955", "occupation_Exec-managerial: 0.1208", "marital-status_Married-civ-spouse: 0.0850", "relationship_Husband: 0.0390", "workclass_Self-emp-inc: 0.0347", "education-num: 0.0189", "age: 0.0186", "education_Some-college: 0.0176", "fnlwgt: 0.0149", "marital-status_Divorced: 0.0131"], "raw_top": {"capital-gain": 0.3954932733884671, "occupation_Exec-managerial": 0.12079559646250533, "marital-status_Married-civ-spouse": 0.08500072663452019, "relationship_Husband": 0.03898047609173376, "workclass_Self-emp-inc": 0.034722519841700154, "education-num": 0.018920275213923237, "age": 0.01862164453170273, "education_Some-college": 0.01761247653118205, "fnlwgt": 0.014919921167271174, "marital-status_Divorced": 0.01314554013994873}}}