{"instance_id": 876, "quadrant": "TP", "true_label": 1, "prediction": 1, "prediction_correct": true, "metrics": {"cost": 48837.67015498597, "sparsity": 0.09259259259259259, "fidelity": 0.9840949658817493, "faithfulness_gap": 0.7122775596090221, "stability": 0.9593953765834741}, "explanation": {"top_features": ["education-num: 0.2043", "occupation_Sales: 0.1315", "marital-status_Married-civ-spouse: 0.0974", "education_Bachelors: 0.0648", "relationship_Husband: 0.0616", "age: 0.0321", "education_HS-grad: 0.0126", "marital-status_Never-married: 0.0100", "relationship_Not-in-family: 0.0060", "marital-status_Divorced: 0.0037"], "raw_top": {"education-num": 0.2043011261326425, "occupation_Sales": 0.13150683701580043, "marital-status_Married-civ-spouse": 0.09736330826101477, "education_Bachelors": 0.06478746994829306, "relationship_Husband": 0.061563355240750274, "age": 0.032103993645682, "education_HS-grad": 0.012596787717119261, "marital-status_Never-married": 0.009992286708023837, "relationship_Not-in-family": 0.00600904164158058, "marital-status_Divorced": 0.0036648911084624647}}}