{"instance_id": 8809, "quadrant": "TN", "true_label": 0, "prediction": 0, "prediction_correct": true, "metrics": {"cost": 36051.39142903499, "sparsity": 0.09259259259259259, "fidelity": 0.29594118874682496, "faithfulness_gap": 0.04532730646366531, "stability": 0.9253463471525906}, "explanation": {"top_features": ["education-num: -0.0366", "marital-status_Married-civ-spouse: -0.0359", "relationship_Husband: -0.0211", "capital-gain: -0.0161", "marital-status_Never-married: -0.0140", "workclass_Private: -0.0104", "race_White: -0.0085", "capital-loss: -0.0078", "hours-per-week: -0.0039", "education_HS-grad: -0.0034"], "raw_top": {"education-num": -0.036592297894889464, "marital-status_Married-civ-spouse": -0.035912709965212467, "relationship_Husband": -0.021074364918120023, "capital-gain": -0.01610020018310767, "marital-status_Never-married": -0.0140387563394586, "workclass_Private": -0.010380079136055383, "race_White": -0.008457111279231462, "capital-loss": -0.0077930205056014204, "hours-per-week": -0.003871747517476366, "education_HS-grad": -0.0034133363187844046}}}