{"instance_id": 8964, "quadrant": "FP", "true_label": 0, "prediction": 1, "prediction_correct": false, "metrics": {"cost": 52407.04172301048, "sparsity": 0.09259259259259259, "fidelity": 0.9814256256160334, "faithfulness_gap": 0.6913124332100494, "stability": 0.9886468936226163}, "explanation": {"top_features": ["capital-loss: 0.3159", "marital-status_Married-civ-spouse: 0.1063", "occupation_Tech-support: 0.0967", "age: -0.0882", "education-num: 0.0704", "relationship_Husband: 0.0453", "fnlwgt: 0.0148", "marital-status_Never-married: 0.0123", "relationship_Own-child: 0.0076", "relationship_Not-in-family: 0.0039"], "raw_top": {"capital-loss": 0.31591015420579016, "marital-status_Married-civ-spouse": 0.10625859210133995, "occupation_Tech-support": 0.09668913275013169, "age": -0.08818792092059041, "education-num": 0.07038181489824143, "relationship_Husband": 0.04534535320469889, "fnlwgt": 0.014795623468120186, "marital-status_Never-married": 0.012254675396032656, "relationship_Own-child": 0.007647214456569095, "relationship_Not-in-family": 0.003909616045254194}}}