{"instance_id": 8991, "quadrant": "TP", "true_label": 1, "prediction": 1, "prediction_correct": true, "metrics": {"cost": 60385.327899013646, "sparsity": 0.09259259259259259, "fidelity": 0.9797571718746941, "faithfulness_gap": 0.5437177473212926, "stability": 0.968975459030674}, "explanation": {"top_features": ["capital-loss: 0.2514", "marital-status_Married-civ-spouse: 0.0989", "occupation_Protective-serv: 0.0583", "education-num: -0.0522", "relationship_Husband: 0.0428", "capital-gain: -0.0205", "age: 0.0153", "marital-status_Never-married: 0.0099", "marital-status_Divorced: 0.0081", "relationship_Own-child: 0.0067"], "raw_top": {"capital-loss": 0.25142059172105546, "marital-status_Married-civ-spouse": 0.09893200528523147, "occupation_Protective-serv": 0.05828222214404779, "education-num": -0.05224347016528257, "relationship_Husband": 0.04284638441329106, "capital-gain": -0.020465938080236667, "age": 0.01527741561473664, "marital-status_Never-married": 0.009854921686492232, "marital-status_Divorced": 0.008065879024390389, "relationship_Own-child": 0.006728943771361462}}}