{"instance_id": 9013, "quadrant": "FP", "true_label": 0, "prediction": 1, "prediction_correct": false, "metrics": {"cost": 37100.44482999365, "sparsity": 0.09259259259259259, "fidelity": 0.9701543932252117, "faithfulness_gap": 0.715888661691839, "stability": 0.9534904468309658}, "explanation": {"top_features": ["education-num: 0.1691", "marital-status_Married-civ-spouse: 0.1176", "workclass_Federal-gov: 0.0988", "occupation_Adm-clerical: 0.0961", "relationship_Husband: 0.0542", "age: 0.0342", "education_Bachelors: 0.0181", "marital-status_Never-married: 0.0159", "marital-status_Divorced: 0.0073", "relationship_Not-in-family: 0.0069"], "raw_top": {"education-num": 0.16908494946912947, "marital-status_Married-civ-spouse": 0.11759514361376186, "workclass_Federal-gov": 0.09881736675290312, "occupation_Adm-clerical": 0.09609937767665928, "relationship_Husband": 0.05422613706046138, "age": 0.03423301371488563, "education_Bachelors": 0.018106373792857563, "marital-status_Never-married": 0.015883466474958714, "marital-status_Divorced": 0.007324954016480037, "relationship_Not-in-family": 0.006857174239526254}}}