{"instance_id": 9033, "quadrant": "TN", "true_label": 0, "prediction": 0, "prediction_correct": true, "metrics": {"cost": 46359.4863069593, "sparsity": 0.09259259259259259, "fidelity": 0.41412468297050387, "faithfulness_gap": 0.04625657281196148, "stability": 0.9488816667670666}, "explanation": {"top_features": ["age: -0.0424", "hours-per-week: -0.0246", "marital-status_Married-civ-spouse: -0.0237", "occupation_Handlers-cleaners: -0.0168", "capital-gain: -0.0121", "capital-loss: -0.0118", "relationship_Husband: -0.0108", "education-num: -0.0070", "education_HS-grad: -0.0034", "relationship_Own-child: -0.0025"], "raw_top": {"age": -0.0423708395585563, "hours-per-week": -0.024582589239896913, "marital-status_Married-civ-spouse": -0.023747537357577, "occupation_Handlers-cleaners": -0.0167714040813919, "capital-gain": -0.012101851750597139, "capital-loss": -0.011836077576037595, "relationship_Husband": -0.010808782552568329, "education-num": -0.006984697607346978, "education_HS-grad": -0.0033794121088353618, "relationship_Own-child": -0.0024738041949710354}}}