{"instance_id": 9160, "quadrant": "TN", "true_label": 0, "prediction": 0, "prediction_correct": true, "metrics": {"cost": 37351.11507191323, "sparsity": 0.09259259259259259, "fidelity": 0.959452912890051, "faithfulness_gap": 0.041389759216503424, "stability": 0.9229393965235968}, "explanation": {"top_features": ["occupation_Tech-support: 0.1210", "age: -0.0705", "education-num: -0.0555", "marital-status_Married-civ-spouse: 0.0459", "capital-gain: -0.0285", "relationship_Husband: 0.0222", "capital-loss: -0.0193", "education_HS-grad: -0.0137", "fnlwgt: 0.0137", "education_Bachelors: -0.0097"], "raw_top": {"occupation_Tech-support": 0.12097735612667783, "age": -0.07051961940838299, "education-num": -0.055450821357422235, "marital-status_Married-civ-spouse": 0.045928199074079294, "capital-gain": -0.028533458860241633, "relationship_Husband": 0.022188500045748877, "capital-loss": -0.01934856685053723, "education_HS-grad": -0.01374348758699653, "fnlwgt": 0.013716794320740553, "education_Bachelors": -0.009685161940649466}}}