{"instance_id": 9178, "quadrant": "FP", "true_label": 0, "prediction": 1, "prediction_correct": false, "metrics": {"cost": 43367.91785300011, "sparsity": 0.09259259259259259, "fidelity": 0.9697598437088686, "faithfulness_gap": 0.3336045743350913, "stability": 0.9313342916889756}, "explanation": {"top_features": ["occupation_Exec-managerial: 0.2086", "marital-status_Married-civ-spouse: 0.0761", "relationship_Husband: 0.0395", "capital-gain: -0.0326", "education_HS-grad: 0.0220", "fnlwgt: -0.0216", "age: -0.0212", "capital-loss: -0.0160", "marital-status_Never-married: 0.0124", "education_Bachelors: -0.0089"], "raw_top": {"occupation_Exec-managerial": 0.20863894275186257, "marital-status_Married-civ-spouse": 0.07610810618829209, "relationship_Husband": 0.03954698345499372, "capital-gain": -0.03256991965088424, "education_HS-grad": 0.021968522702255855, "fnlwgt": -0.02162952141188983, "age": -0.021234994512733397, "capital-loss": -0.015976668666247525, "marital-status_Never-married": 0.012378822131070636, "education_Bachelors": -0.008901249603580408}}}