{"instance_id": 9374, "quadrant": "TP", "true_label": 1, "prediction": 1, "prediction_correct": true, "metrics": {"cost": 38992.38085001707, "sparsity": 0.09259259259259259, "fidelity": 0.9943287929887255, "faithfulness_gap": 0.7887471510505836, "stability": 0.9948659357975427}, "explanation": {"top_features": ["capital-loss: 0.4711", "education-num: 0.1579", "marital-status_Married-civ-spouse: 0.0863", "relationship_Husband: 0.0399", "occupation_nan: -0.0381", "workclass_nan: -0.0380", "workclass_Private: -0.0240", "age: -0.0219", "hours-per-week: -0.0196", "marital-status_Never-married: 0.0152"], "raw_top": {"capital-loss": 0.47105893565958723, "education-num": 0.15790843389023576, "marital-status_Married-civ-spouse": 0.08629264304818896, "relationship_Husband": 0.039936055980605865, "occupation_nan": -0.03808071229844627, "workclass_nan": -0.03795309109135157, "workclass_Private": -0.024038039812227928, "age": -0.02187384525888688, "hours-per-week": -0.01955720545506382, "marital-status_Never-married": 0.015177793846614773}}}