{"instance_id": 9382, "quadrant": "FP", "true_label": 0, "prediction": 1, "prediction_correct": false, "metrics": {"cost": 53532.65879501123, "sparsity": 0.09259259259259259, "fidelity": 0.6803063560829593, "faithfulness_gap": 0.3163104816844745, "stability": 0.9349483361459383}, "explanation": {"top_features": ["education-num: 0.1291", "occupation_Exec-managerial: 0.1285", "marital-status_Married-civ-spouse: 0.1041", "native-country_United-States: -0.0575", "relationship_Husband: 0.0549", "hours-per-week: -0.0518", "race_Other: -0.0342", "capital-gain: -0.0175", "marital-status_Never-married: 0.0145", "marital-status_Divorced: 0.0114"], "raw_top": {"education-num": 0.12905658502241268, "occupation_Exec-managerial": 0.12848394146960027, "marital-status_Married-civ-spouse": 0.1041493358220358, "native-country_United-States": -0.05745793387679404, "relationship_Husband": 0.054931182750636035, "hours-per-week": -0.05184286475929346, "race_Other": -0.034166692701968066, "capital-gain": -0.017488684429100065, "marital-status_Never-married": 0.014507249732097624, "marital-status_Divorced": 0.011422487282450803}}}