{"instance_id": 9429, "quadrant": "FN", "true_label": 1, "prediction": 0, "prediction_correct": false, "metrics": {"cost": 60476.93490498932, "sparsity": 0.09259259259259259, "fidelity": 0.7653809256415419, "faithfulness_gap": 0.04117071789099283, "stability": 0.8568990382646712}, "explanation": {"top_features": ["age: -0.0484", "education-num: -0.0406", "capital-gain: -0.0263", "marital-status_Married-civ-spouse: 0.0226", "capital-loss: -0.0158", "relationship_Husband: 0.0128", "education_Bachelors: -0.0099", "hours-per-week: -0.0038", "fnlwgt: -0.0038", "marital-status_Never-married: 0.0024"], "raw_top": {"age": -0.04841394498846133, "education-num": -0.04061022131149829, "capital-gain": -0.026252331299062435, "marital-status_Married-civ-spouse": 0.022601037510452202, "capital-loss": -0.015774815744625338, "relationship_Husband": 0.01279072752587922, "education_Bachelors": -0.009925834996541419, "hours-per-week": -0.003832148086721538, "fnlwgt": -0.0038261644317587815, "marital-status_Never-married": 0.002446996948368488}}}