{"instance_id": 947, "quadrant": "TP", "true_label": 1, "prediction": 1, "prediction_correct": true, "metrics": {"cost": 60278.65600498626, "sparsity": 0.09259259259259259, "fidelity": 0.9800262625395166, "faithfulness_gap": 0.6750548081835988, "stability": 0.9721867905720666}, "explanation": {"top_features": ["occupation_Prof-specialty: 0.1834", "relationship_Wife: 0.1823", "education-num: 0.1251", "marital-status_Married-civ-spouse: 0.0872", "hours-per-week: -0.0574", "capital-gain: -0.0296", "sex_Male: 0.0179", "education_HS-grad: 0.0161", "sex_Female: 0.0155", "education_Assoc-acdm: 0.0126"], "raw_top": {"occupation_Prof-specialty": 0.18344054898291914, "relationship_Wife": 0.18226416993811664, "education-num": 0.12509693266372313, "marital-status_Married-civ-spouse": 0.08719485975451437, "hours-per-week": -0.05737321920624901, "capital-gain": -0.029633875749487837, "sex_Male": 0.01794174022868295, "education_HS-grad": 0.016073312068036798, "sex_Female": 0.015524104434786735, "education_Assoc-acdm": 0.012614990733500602}}}