{"instance_id": 9582, "quadrant": "TP", "true_label": 1, "prediction": 1, "prediction_correct": true, "metrics": {"cost": 45344.75715900771, "sparsity": 0.09259259259259259, "fidelity": 0.9845095313232698, "faithfulness_gap": 0.7349783897732022, "stability": 0.9981704512994982}, "explanation": {"top_features": ["capital-gain: 0.6093", "education-num: 0.1284", "marital-status_Married-civ-spouse: -0.0562", "occupation_Exec-managerial: 0.0539", "relationship_Husband: -0.0283", "marital-status_Separated: -0.0263", "hours-per-week: 0.0204", "age: 0.0202", "education_Doctorate: 0.0126", "marital-status_Never-married: 0.0099"], "raw_top": {"capital-gain": 0.6093220736336892, "education-num": 0.12835278083262253, "marital-status_Married-civ-spouse": -0.056190536156573635, "occupation_Exec-managerial": 0.053867501599540554, "relationship_Husband": -0.0282803743487447, "marital-status_Separated": -0.02634991991276699, "hours-per-week": 0.020356429863577708, "age": 0.020225437523361246, "education_Doctorate": 0.012601302247246213, "marital-status_Never-married": 0.009860465308003663}}}