{"instance_id": 9619, "quadrant": "FN", "true_label": 1, "prediction": 0, "prediction_correct": false, "metrics": {"cost": 41794.67761100386, "sparsity": 0.09259259259259259, "fidelity": 0.8459247835730379, "faithfulness_gap": 0.00576401189759429, "stability": 0.8377866374379219}, "explanation": {"top_features": ["education-num: -0.0507", "capital-gain: -0.0297", "marital-status_Married-civ-spouse: 0.0286", "capital-loss: -0.0200", "relationship_Husband: 0.0146", "education_Bachelors: -0.0103", "occupation_Craft-repair: -0.0083", "fnlwgt: -0.0082", "education_HS-grad: -0.0042", "hours-per-week: -0.0026"], "raw_top": {"education-num": -0.050685761518259646, "capital-gain": -0.029651258114249048, "marital-status_Married-civ-spouse": 0.028586465072246905, "capital-loss": -0.020013033611758806, "relationship_Husband": 0.01455904057350262, "education_Bachelors": -0.010330154181469216, "occupation_Craft-repair": -0.008290563029741172, "fnlwgt": -0.008233742942639, "education_HS-grad": -0.004194809977806643, "hours-per-week": -0.0026051592261045198}}}