{"instance_id": 9664, "quadrant": "TN", "true_label": 0, "prediction": 0, "prediction_correct": true, "metrics": {"cost": 40333.55712099001, "sparsity": 0.09259259259259259, "fidelity": 0.7420346810812956, "faithfulness_gap": 0.0734915247382192, "stability": 0.9135703228636927}, "explanation": {"top_features": ["marital-status_Married-civ-spouse: -0.0411", "age: -0.0264", "education-num: -0.0229", "relationship_Husband: -0.0181", "capital-gain: -0.0151", "marital-status_Never-married: -0.0148", "capital-loss: -0.0085", "education_Bachelors: -0.0049", "hours-per-week: -0.0037", "sex_Male: -0.0013"], "raw_top": {"marital-status_Married-civ-spouse": -0.04110575344515336, "age": -0.026435378979812546, "education-num": -0.022872812105335944, "relationship_Husband": -0.0180904096199709, "capital-gain": -0.015130821516094121, "marital-status_Never-married": -0.014813922955161854, "capital-loss": -0.008508237197141126, "education_Bachelors": -0.004866840665742125, "hours-per-week": -0.003662924048948285, "sex_Male": -0.0013098932058119017}}}