{"instance_id": 9670, "quadrant": "TP", "true_label": 1, "prediction": 1, "prediction_correct": true, "metrics": {"cost": 51702.32235296862, "sparsity": 0.09259259259259259, "fidelity": 0.9881416935285162, "faithfulness_gap": 0.743692366911131, "stability": 0.9836741254181588}, "explanation": {"top_features": ["education-num: 0.2920", "occupation_Prof-specialty: 0.1472", "marital-status_Married-civ-spouse: 0.0880", "relationship_Husband: 0.0562", "workclass_Self-emp-inc: 0.0181", "marital-status_Never-married: 0.0175", "race_Asian-Pac-Islander: 0.0167", "education_Prof-school: 0.0117", "education_HS-grad: 0.0094", "relationship_Own-child: 0.0073"], "raw_top": {"education-num": 0.2920034817447027, "occupation_Prof-specialty": 0.147235699514514, "marital-status_Married-civ-spouse": 0.08795905597339164, "relationship_Husband": 0.05622763455400755, "workclass_Self-emp-inc": 0.018139146624611503, "marital-status_Never-married": 0.017454529987936368, "race_Asian-Pac-Islander": 0.01665889474973906, "education_Prof-school": 0.011743855535175093, "education_HS-grad": 0.00943632478780793, "relationship_Own-child": 0.007328166096632338}}}