{"instance_id": 9699, "quadrant": "TN", "true_label": 0, "prediction": 0, "prediction_correct": true, "metrics": {"cost": 35311.00372900255, "sparsity": 0.09259259259259259, "fidelity": 0.4778888239716411, "faithfulness_gap": 0.04906135713598256, "stability": 0.8768086240845964}, "explanation": {"top_features": ["marital-status_Married-civ-spouse: -0.0349", "age: -0.0189", "relationship_Husband: -0.0187", "marital-status_Never-married: -0.0163", "capital-gain: -0.0161", "education-num: -0.0130", "capital-loss: -0.0100", "occupation_Transport-moving: -0.0079", "hours-per-week: -0.0019", "education_Bachelors: -0.0011"], "raw_top": {"marital-status_Married-civ-spouse": -0.03494641269665863, "age": -0.018927027990663172, "relationship_Husband": -0.01873031746973275, "marital-status_Never-married": -0.016310853038502073, "capital-gain": -0.016112432264187144, "education-num": -0.013048644187928607, "capital-loss": -0.010023649871352954, "occupation_Transport-moving": -0.007941066699974887, "hours-per-week": -0.0018524929444820148, "education_Bachelors": -0.001059517388074832}}}