{"instance_id": 9730, "quadrant": "TN", "true_label": 0, "prediction": 0, "prediction_correct": true, "metrics": {"cost": 53857.48556395993, "sparsity": 0.09259259259259259, "fidelity": 0.6713730853800001, "faithfulness_gap": 0.08241686876056498, "stability": 0.9141260980608688}, "explanation": {"top_features": ["marital-status_Married-civ-spouse: -0.0407", "occupation_Machine-op-inspct: -0.0296", "relationship_Husband: -0.0197", "capital-gain: -0.0160", "marital-status_Divorced: -0.0159", "relationship_Own-child: -0.0118", "native-country_United-States: -0.0103", "capital-loss: -0.0095", "education-num: -0.0078", "hours-per-week: -0.0037"], "raw_top": {"marital-status_Married-civ-spouse": -0.04069605090895598, "occupation_Machine-op-inspct": -0.029640530282387674, "relationship_Husband": -0.019680474848142608, "capital-gain": -0.015976925449178364, "marital-status_Divorced": -0.01593021221235786, "relationship_Own-child": -0.01180844576467413, "native-country_United-States": -0.010256258465021439, "capital-loss": -0.009485001655134778, "education-num": -0.007826336044516567, "hours-per-week": -0.003674848135885589}}}