{"instance_id": 3199, "quadrant": "FP", "true_label": 0, "prediction": 1, "prediction_correct": false, "metrics": {"cost": 66146.01669998956, "sparsity": 0.17592592592592593, "fidelity": 0.19318121257893217, "faithfulness_gap": 0.15595742930448186, "stability": 0.0031746031746031755}, "explanation": {"top_features": ["age: 1.0000", "fnlwgt: 1.0000", "workclass_nan: 1.0000", "education_10th: 1.0000", "education_11th: 1.0000", "education_12th: 1.0000", "education_1st-4th: 1.0000", "education_5th-6th: 1.0000", "education_7th-8th: 1.0000", "education_9th: 1.0000"], "raw_top": {"age": 1.0, "fnlwgt": 1.0, "workclass_nan": 1.0, "education_10th": 1.0, "education_11th": 1.0, "education_12th": 1.0, "education_1st-4th": 1.0, "education_5th-6th": 1.0, "education_7th-8th": 1.0, "education_9th": 1.0}}}