{"instance_id": 5941, "quadrant": "FP", "true_label": 0, "prediction": 1, "prediction_correct": false, "metrics": {"cost": 122227.01644396875, "sparsity": 0.2962962962962963, "fidelity": 0.2062428864758526, "faithfulness_gap": 0.45000000000000007, "stability": 0.4355921472591329}, "explanation": {"top_features": ["age: 1.0000", "fnlwgt: 1.0000", "education-num: 1.0000", "hours-per-week: 1.0000", "education_10th: 1.0000", "education_11th: 1.0000", "education_12th: 1.0000", "education_5th-6th: 1.0000", "education_7th-8th: 1.0000", "education_9th: 1.0000"], "raw_top": {"age": 1.0, "fnlwgt": 1.0, "education-num": 1.0, "hours-per-week": 1.0, "education_10th": 1.0, "education_11th": 1.0, "education_12th": 1.0, "education_5th-6th": 1.0, "education_7th-8th": 1.0, "education_9th": 1.0}}}