{"instance_id": 107, "quadrant": "TN", "true_label": 0, "prediction": 0, "prediction_correct": true, "metrics": {"cost": 1000.8572880005886, "sparsity": 0.9016393442622951, "fidelity": 0.8484907430658502, "faithfulness_gap": 0.26, "stability": 0.9900472258411409}, "explanation": {"top_features": ["checking_status_<0: -0.1059", "credit_history_all paid: -0.0782", "checking_status_no checking: -0.0539", "credit_amount: 0.0462", "savings_status_<100: -0.0300", "credit_history_critical/other existing credit: -0.0163", "other_payment_plans_bank: -0.0130", "credit_history_existing paid: -0.0122", "purpose_new car: 0.0112", "job_skilled: -0.0108"], "raw_top": {"checking_status_<0": -0.10591383597567983, "credit_history_all paid": -0.07821016590674844, "checking_status_no checking": -0.053932776262599874, "credit_amount": 0.04619577886793195, "savings_status_<100": -0.030004682210892496, "credit_history_critical/other existing credit": -0.0163023158708711, "other_payment_plans_bank": -0.0130470924212932, "credit_history_existing paid": -0.01218624830173212, "purpose_new car": 0.011234199164155143, "job_skilled": -0.010782142691077752}}}