{"instance_id": 108, "quadrant": "TP", "true_label": 1, "prediction": 1, "prediction_correct": true, "metrics": {"cost": 1000.5064599999969, "sparsity": 0.9016393442622951, "fidelity": 0.7993511443731056, "faithfulness_gap": 0.17000000000000004, "stability": 0.9953005097203627}, "explanation": {"top_features": ["checking_status_no checking: 0.0791", "purpose_used car: 0.0513", "checking_status_<0: 0.0302", "credit_history_critical/other existing credit: -0.0262", "property_magnitude_no known property: -0.0252", "personal_status_female div/dep/mar: -0.0227", "employment_<1: -0.0219", "checking_status_0<=X<200: 0.0148", "personal_status_male single: -0.0147", "residence_since: -0.0125"], "raw_top": {"checking_status_no checking": 0.07906964777732356, "purpose_used car": 0.05131091680637837, "checking_status_<0": 0.03018047086774459, "credit_history_critical/other existing credit": -0.026180328475447823, "property_magnitude_no known property": -0.025171123553427606, "personal_status_female div/dep/mar": -0.022741355852995183, "employment_<1": -0.021904355557680902, "checking_status_0<=X<200": 0.014817171320073612, "personal_status_male single": -0.014668128799562509, "residence_since": -0.01251476681096392}}}