{"instance_id": 111, "quadrant": "TN", "true_label": 0, "prediction": 0, "prediction_correct": true, "metrics": {"cost": 1000.8945290001066, "sparsity": 0.8688524590163934, "fidelity": 0.7213529868337359, "faithfulness_gap": 0.21999999999999997, "stability": 0.9986931886424423}, "explanation": {"top_features": ["duration: -0.0973", "checking_status_no checking: -0.0643", "property_magnitude_no known property: -0.0492", "other_parties_co applicant: -0.0489", "checking_status_<0: 0.0325", "installment_commitment: -0.0268", "checking_status_0<=X<200: -0.0264", "age: 0.0215", "housing_own: -0.0196", "credit_history_critical/other existing credit: -0.0188"], "raw_top": {"duration": -0.09725289413864857, "checking_status_no checking": -0.06430226586791832, "property_magnitude_no known property": -0.04915687029000765, "other_parties_co applicant": -0.04891108425555103, "checking_status_<0": 0.03251656545668993, "installment_commitment": -0.026763910330364526, "checking_status_0<=X<200": -0.02643624047503181, "age": 0.021515909038344036, "housing_own": -0.019585160684555375, "credit_history_critical/other existing credit": -0.018783303993495794}}}