{"instance_id": 112, "quadrant": "TP", "true_label": 1, "prediction": 1, "prediction_correct": true, "metrics": {"cost": 1011.1824100004014, "sparsity": 0.8852459016393442, "fidelity": 0.5639302147502354, "faithfulness_gap": 0.10999999999999999, "stability": 0.9855030547387491}, "explanation": {"top_features": ["duration: 0.0523", "checking_status_no checking: -0.0420", "employment_<1: -0.0287", "credit_amount: -0.0241", "checking_status_<0: 0.0236", "other_payment_plans_none: -0.0194", "residence_since: 0.0134", "purpose_new car: 0.0120", "purpose_radio/tv: 0.0108", "savings_status_<100: -0.0098"], "raw_top": {"duration": 0.05226228382221962, "checking_status_no checking": -0.04198826715455652, "employment_<1": -0.02871120025142318, "credit_amount": -0.024060709205859895, "checking_status_<0": 0.02360910275889182, "other_payment_plans_none": -0.019415476019657943, "residence_since": 0.013387251030335392, "purpose_new car": 0.011999826739829586, "purpose_radio/tv": 0.010766952563608356, "savings_status_<100": -0.009753426907454923}}}