{"instance_id": 116, "quadrant": "TP", "true_label": 1, "prediction": 1, "prediction_correct": true, "metrics": {"cost": 1000.9008180004457, "sparsity": 0.9016393442622951, "fidelity": 0.8358114734917231, "faithfulness_gap": 0.2300000000000001, "stability": 0.9725139029005103}, "explanation": {"top_features": ["duration: 0.0753", "checking_status_<0: -0.0420", "credit_history_critical/other existing credit: 0.0393", "foreign_worker_yes: 0.0318", "property_magnitude_real estate: 0.0313", "age: 0.0299", "checking_status_no checking: -0.0295", "installment_commitment: 0.0246", "foreign_worker_no: 0.0180", "credit_amount: 0.0180"], "raw_top": {"duration": 0.0752573092796547, "checking_status_<0": -0.04200466557696018, "credit_history_critical/other existing credit": 0.039274499723696864, "foreign_worker_yes": 0.031813980198003265, "property_magnitude_real estate": 0.03125117260039133, "age": 0.029853733478735194, "checking_status_no checking": -0.029522658126397802, "installment_commitment": 0.024614576498843233, "foreign_worker_no": 0.018049039887400795, "credit_amount": 0.01800174373722257}}}