{"instance_id": 12, "quadrant": "TP", "true_label": 1, "prediction": 1, "prediction_correct": true, "metrics": {"cost": 1011.4979290001429, "sparsity": 0.8852459016393442, "fidelity": 0.8706133463066419, "faithfulness_gap": 0.12, "stability": 0.9895428570622935}, "explanation": {"top_features": ["checking_status_no checking: 0.1122", "duration: -0.0723", "checking_status_<0: 0.0507", "age: 0.0209", "personal_status_female div/dep/mar: -0.0178", "savings_status_<100: -0.0177", "credit_amount: -0.0172", "credit_history_critical/other existing credit: -0.0166", "personal_status_male single: -0.0161", "installment_commitment: -0.0118"], "raw_top": {"checking_status_no checking": 0.112237093634958, "duration": -0.07225863797559214, "checking_status_<0": 0.05065722432742405, "age": 0.020886330123162225, "personal_status_female div/dep/mar": -0.017756586928644538, "savings_status_<100": -0.017723291230267932, "credit_amount": -0.017194205621563013, "credit_history_critical/other existing credit": -0.016619927110295977, "personal_status_male single": -0.016066760314970452, "installment_commitment": -0.011785033158312218}}}