{"instance_id": 123, "quadrant": "TP", "true_label": 1, "prediction": 1, "prediction_correct": true, "metrics": {"cost": 1013.5230050000246, "sparsity": 0.8852459016393442, "fidelity": 0.7616536951538875, "faithfulness_gap": 0.13, "stability": 0.9945217287225546}, "explanation": {"top_features": ["checking_status_no checking: 0.0740", "checking_status_<0: 0.0393", "other_payment_plans_bank: -0.0269", "age: 0.0239", "purpose_new car: 0.0185", "credit_amount: 0.0175", "credit_history_critical/other existing credit: -0.0134", "own_telephone_yes: 0.0115", "other_payment_plans_none: -0.0107", "savings_status_<100: -0.0104"], "raw_top": {"checking_status_no checking": 0.07403754384704371, "checking_status_<0": 0.039278122787600296, "other_payment_plans_bank": -0.02687903998040383, "age": 0.023873361756486702, "purpose_new car": 0.018516183137890038, "credit_amount": 0.01748637795916693, "credit_history_critical/other existing credit": -0.013449270781384257, "own_telephone_yes": 0.011487077857891563, "other_payment_plans_none": -0.010720959571444836, "savings_status_<100": -0.01041637070872639}}}