{"instance_id": 127, "quadrant": "TP", "true_label": 1, "prediction": 1, "prediction_correct": true, "metrics": {"cost": 1000.6437400006689, "sparsity": 0.8688524590163934, "fidelity": 0.796391883090425, "faithfulness_gap": 0.040000000000000036, "stability": 0.9908217839034408}, "explanation": {"top_features": ["checking_status_no checking: 0.0649", "purpose_used car: 0.0386", "age: -0.0364", "other_payment_plans_none: -0.0328", "checking_status_<0: 0.0280", "savings_status_<100: 0.0259", "job_unskilled resident: -0.0251", "personal_status_female div/dep/mar: -0.0235", "employment_4<=X<7: 0.0229", "credit_amount: -0.0180"], "raw_top": {"checking_status_no checking": 0.06488029094732156, "purpose_used car": 0.03856355386024916, "age": -0.03636069415689235, "other_payment_plans_none": -0.03275138506362055, "checking_status_<0": 0.0280079914308817, "savings_status_<100": 0.025912884960589508, "job_unskilled resident": -0.025107950744040864, "personal_status_female div/dep/mar": -0.02345499916897097, "employment_4<=X<7": 0.022912118916392502, "credit_amount": -0.018025413383857086}}}