{"instance_id": 132, "quadrant": "FP", "true_label": 0, "prediction": 1, "prediction_correct": false, "metrics": {"cost": 1012.3020060000272, "sparsity": 0.8852459016393442, "fidelity": 0.7390739471082308, "faithfulness_gap": 0.17000000000000004, "stability": 0.9985500368004647}, "explanation": {"top_features": ["credit_amount: -0.1287", "other_parties_co applicant: -0.0471", "checking_status_no checking: -0.0465", "credit_history_critical/other existing credit: 0.0409", "age: 0.0380", "checking_status_0<=X<200: -0.0286", "savings_status_<100: -0.0240", "duration: -0.0232", "num_dependents: 0.0146", "purpose_other: -0.0139"], "raw_top": {"credit_amount": -0.1287318994889074, "other_parties_co applicant": -0.04709354287013411, "checking_status_no checking": -0.046488406116568515, "credit_history_critical/other existing credit": 0.04087538835937039, "age": 0.038040820014693964, "checking_status_0<=X<200": -0.0285713992199544, "savings_status_<100": -0.023950889145651216, "duration": -0.023211478631474165, "num_dependents": 0.014623251456794151, "purpose_other": -0.013863535379714449}}}