{"instance_id": 152, "quadrant": "FP", "true_label": 0, "prediction": 1, "prediction_correct": false, "metrics": {"cost": 1001.1063420006394, "sparsity": 0.8852459016393442, "fidelity": 0.8314472986591284, "faithfulness_gap": 0.14, "stability": 0.9888300901444991}, "explanation": {"top_features": ["checking_status_no checking: 0.1052", "duration: -0.0734", "checking_status_<0: 0.0343", "credit_history_critical/other existing credit: -0.0267", "savings_status_<100: -0.0251", "age: -0.0176", "purpose_radio/tv: 0.0145", "credit_amount: -0.0137", "checking_status_0<=X<200: 0.0107", "installment_commitment: -0.0091"], "raw_top": {"checking_status_no checking": 0.10524628843611936, "duration": -0.07343885912612677, "checking_status_<0": 0.03433250307304661, "credit_history_critical/other existing credit": -0.026728815759925056, "savings_status_<100": -0.025097488319170226, "age": -0.01764126919463706, "purpose_radio/tv": 0.014497409182731645, "credit_amount": -0.013695136591022674, "checking_status_0<=X<200": 0.010671558133162761, "installment_commitment": -0.009139155725652017}}}