{"instance_id": 160, "quadrant": "FP", "true_label": 0, "prediction": 1, "prediction_correct": false, "metrics": {"cost": 1000.916461000088, "sparsity": 0.8852459016393442, "fidelity": 0.6999078389320764, "faithfulness_gap": 0.09999999999999998, "stability": 0.996143996152462}, "explanation": {"top_features": ["purpose_used car: 0.0541", "checking_status_no checking: 0.0503", "credit_amount: -0.0454", "savings_status_<100: 0.0338", "credit_history_all paid: -0.0328", "checking_status_<0: 0.0285", "personal_status_female div/dep/mar: -0.0263", "other_payment_plans_none: -0.0241", "property_magnitude_real estate: 0.0191", "personal_status_male single: -0.0179"], "raw_top": {"purpose_used car": 0.05414863128684374, "checking_status_no checking": 0.050308435358356295, "credit_amount": -0.04544681365859105, "savings_status_<100": 0.03380634531084525, "credit_history_all paid": -0.032769580339190724, "checking_status_<0": 0.02849669021335103, "personal_status_female div/dep/mar": -0.026346312012279896, "other_payment_plans_none": -0.024142401482049537, "property_magnitude_real estate": 0.01912219257847937, "personal_status_male single": -0.017886118319115667}}}