{"instance_id": 161, "quadrant": "FP", "true_label": 0, "prediction": 1, "prediction_correct": false, "metrics": {"cost": 1001.0053699998025, "sparsity": 0.9016393442622951, "fidelity": 0.41345655040342205, "faithfulness_gap": 0.08999999999999997, "stability": 0.9837236160155151}, "explanation": {"top_features": ["checking_status_no checking: -0.0593", "age: -0.0468", "purpose_new car: -0.0387", "checking_status_<0: 0.0279", "other_payment_plans_none: -0.0229", "property_magnitude_real estate: 0.0218", "savings_status_<100: -0.0201", "duration: -0.0162", "checking_status_0<=X<200: -0.0159", "job_unskilled resident: -0.0147"], "raw_top": {"checking_status_no checking": -0.059323355427768544, "age": -0.04676809701347338, "purpose_new car": -0.03870793669373598, "checking_status_<0": 0.02794681773213597, "other_payment_plans_none": -0.02294151754815175, "property_magnitude_real estate": 0.021819917958334826, "savings_status_<100": -0.020076428177599154, "duration": -0.016237222172103428, "checking_status_0<=X<200": -0.015859350288092173, "job_unskilled resident": -0.01473753977983506}}}