{"instance_id": 169, "quadrant": "TN", "true_label": 0, "prediction": 0, "prediction_correct": true, "metrics": {"cost": 1000.9631169996283, "sparsity": 0.8852459016393442, "fidelity": 0.698152956031175, "faithfulness_gap": 0.29, "stability": 0.998043430986391}, "explanation": {"top_features": ["duration: -0.1082", "checking_status_no checking: -0.0804", "property_magnitude_no known property: -0.0371", "purpose_education: -0.0369", "checking_status_<0: 0.0355", "credit_history_critical/other existing credit: -0.0265", "installment_commitment: -0.0265", "checking_status_0<=X<200: -0.0240", "credit_amount: -0.0221", "housing_own: -0.0172"], "raw_top": {"duration": -0.10816572668276421, "checking_status_no checking": -0.08037086362045556, "property_magnitude_no known property": -0.037064635730584994, "purpose_education": -0.03687010108516915, "checking_status_<0": 0.035528415338321795, "credit_history_critical/other existing credit": -0.026527777098181105, "installment_commitment": -0.026458426963818057, "checking_status_0<=X<200": -0.024017095666458772, "credit_amount": -0.02214667045403985, "housing_own": -0.017155692550804815}}}