{"instance_id": 177, "quadrant": "FP", "true_label": 0, "prediction": 1, "prediction_correct": false, "metrics": {"cost": 1001.1434779999036, "sparsity": 0.9016393442622951, "fidelity": 0.8287345324612752, "faithfulness_gap": 0.18999999999999995, "stability": 0.9958718409516746}, "explanation": {"top_features": ["checking_status_no checking: 0.0857", "duration: -0.0761", "savings_status_<100: 0.0382", "checking_status_<0: 0.0351", "age: 0.0313", "other_payment_plans_bank: -0.0290", "other_payment_plans_none: -0.0270", "savings_status_no known savings: 0.0155", "personal_status_male div/sep: -0.0149", "property_magnitude_real estate: 0.0116"], "raw_top": {"checking_status_no checking": 0.08568311983664899, "duration": -0.07610175368165073, "savings_status_<100": 0.038247789622364504, "checking_status_<0": 0.03511334590119077, "age": 0.03130950206215857, "other_payment_plans_bank": -0.029047374545689307, "other_payment_plans_none": -0.0270266302921209, "savings_status_no known savings": 0.015547106287067436, "personal_status_male div/sep": -0.014864350796669897, "property_magnitude_real estate": 0.01162827526507499}}}