{"instance_id": 181, "quadrant": "TP", "true_label": 1, "prediction": 1, "prediction_correct": true, "metrics": {"cost": 1000.8060009995461, "sparsity": 0.8688524590163934, "fidelity": 0.8602209142914852, "faithfulness_gap": 0.17999999999999994, "stability": 0.9812215688721622}, "explanation": {"top_features": ["checking_status_no checking: 0.0693", "checking_status_<0: 0.0272", "duration: 0.0236", "credit_history_critical/other existing credit: 0.0218", "credit_amount: 0.0185", "savings_status_<100: 0.0130", "foreign_worker_yes: 0.0111", "checking_status_0<=X<200: 0.0109", "other_payment_plans_bank: 0.0107", "savings_status_no known savings: 0.0094"], "raw_top": {"checking_status_no checking": 0.06931785953189319, "checking_status_<0": 0.027241719570465648, "duration": 0.023593951303087123, "credit_history_critical/other existing credit": 0.02181879706828454, "credit_amount": 0.018517537323745045, "savings_status_<100": 0.013017133090247626, "foreign_worker_yes": 0.01112763300377992, "checking_status_0<=X<200": 0.010949133712529147, "other_payment_plans_bank": 0.01065603165405264, "savings_status_no known savings": 0.009431630167837284}}}