{"instance_id": 184, "quadrant": "TP", "true_label": 1, "prediction": 1, "prediction_correct": true, "metrics": {"cost": 1001.2241960002939, "sparsity": 0.9344262295081968, "fidelity": 0.5720111393947537, "faithfulness_gap": 0.020000000000000018, "stability": 0.9930249448712097}, "explanation": {"top_features": ["checking_status_no checking: -0.0444", "savings_status_<100: 0.0402", "checking_status_<0: 0.0397", "credit_amount: -0.0341", "age: 0.0276", "savings_status_no known savings: 0.0200", "residence_since: 0.0180", "checking_status_0<=X<200: -0.0170", "personal_status_female div/dep/mar: -0.0164", "credit_history_critical/other existing credit: -0.0160"], "raw_top": {"checking_status_no checking": -0.044437320985161934, "savings_status_<100": 0.040218621491139854, "checking_status_<0": 0.03969839029718059, "credit_amount": -0.03414261834048375, "age": 0.0275780733391548, "savings_status_no known savings": 0.020045525637797254, "residence_since": 0.01798404717907033, "checking_status_0<=X<200": -0.016963758260499163, "personal_status_female div/dep/mar": -0.01637429970982339, "credit_history_critical/other existing credit": -0.01599653607338041}}}