{"instance_id": 185, "quadrant": "FN", "true_label": 1, "prediction": 0, "prediction_correct": false, "metrics": {"cost": 1000.5837540002176, "sparsity": 0.8688524590163934, "fidelity": 0.6637271527397407, "faithfulness_gap": 0.14999999999999997, "stability": 0.9963487755524408}, "explanation": {"top_features": ["duration: -0.0789", "checking_status_no checking: -0.0734", "property_magnitude_no known property: -0.0519", "purpose_new car: -0.0394", "savings_status_<100: 0.0324", "checking_status_<0: 0.0315", "housing_for free: -0.0297", "credit_history_delayed previously: 0.0266", "housing_own: -0.0235", "checking_status_0<=X<200: -0.0227"], "raw_top": {"duration": -0.07888228073013125, "checking_status_no checking": -0.07337808784775916, "property_magnitude_no known property": -0.0518719838314064, "purpose_new car": -0.03935376829193046, "savings_status_<100": 0.03238005736764535, "checking_status_<0": 0.03145241667774826, "housing_for free": -0.02972164006148887, "credit_history_delayed previously": 0.026587551447109944, "housing_own": -0.023487354102981042, "checking_status_0<=X<200": -0.022720966081815275}}}