{"instance_id": 19, "quadrant": "TP", "true_label": 1, "prediction": 1, "prediction_correct": true, "metrics": {"cost": 1001.2199100001453, "sparsity": 0.9016393442622951, "fidelity": 0.8478039783330076, "faithfulness_gap": 0.16999999999999993, "stability": 0.9936857849471706}, "explanation": {"top_features": ["checking_status_no checking: 0.0884", "checking_status_<0: 0.0421", "age: 0.0214", "credit_history_critical/other existing credit: 0.0141", "savings_status_<100: 0.0140", "purpose_new car: 0.0112", "duration: 0.0101", "credit_amount: -0.0089", "other_payment_plans_bank: 0.0088", "checking_status_0<=X<200: 0.0079"], "raw_top": {"checking_status_no checking": 0.08844091739695614, "checking_status_<0": 0.042060061567453885, "age": 0.021366274250376592, "credit_history_critical/other existing credit": 0.014118344896196504, "savings_status_<100": 0.013992149637324473, "purpose_new car": 0.011163628963386145, "duration": 0.01005564919655626, "credit_amount": -0.008923001381763242, "other_payment_plans_bank": 0.0087992134265005, "checking_status_0<=X<200": 0.00789230123692505}}}