{"instance_id": 190, "quadrant": "TP", "true_label": 1, "prediction": 1, "prediction_correct": true, "metrics": {"cost": 1010.8398929996838, "sparsity": 0.9180327868852459, "fidelity": 0.8601774979872251, "faithfulness_gap": 0.15000000000000002, "stability": 0.9909088441082604}, "explanation": {"top_features": ["checking_status_no checking: 0.0807", "checking_status_<0: 0.0314", "savings_status_<100: 0.0259", "other_payment_plans_bank: -0.0243", "credit_amount: 0.0240", "other_payment_plans_none: -0.0159", "age: 0.0156", "purpose_new car: 0.0146", "duration: -0.0119", "savings_status_500<=X<1000: 0.0106"], "raw_top": {"checking_status_no checking": 0.08070341032605938, "checking_status_<0": 0.031446341620721796, "savings_status_<100": 0.025873637918912208, "other_payment_plans_bank": -0.024337450469120087, "credit_amount": 0.024043679474179954, "other_payment_plans_none": -0.01588921314219988, "age": 0.015622873394870567, "purpose_new car": 0.014642041774459357, "duration": -0.011879874648438999, "savings_status_500<=X<1000": 0.010620071514622395}}}