{"instance_id": 31, "quadrant": "TP", "true_label": 1, "prediction": 1, "prediction_correct": true, "metrics": {"cost": 1001.0352209992561, "sparsity": 0.8852459016393442, "fidelity": 0.6742972599748994, "faithfulness_gap": 0.13, "stability": 0.9923464408356674}, "explanation": {"top_features": ["purpose_used car: 0.0481", "checking_status_no checking: -0.0413", "savings_status_<100: 0.0389", "credit_amount: -0.0378", "checking_status_<0: 0.0286", "personal_status_male div/sep: -0.0236", "checking_status_0<=X<200: -0.0174", "savings_status_no known savings: 0.0136", "residence_since: 0.0133", "property_magnitude_real estate: 0.0130"], "raw_top": {"purpose_used car": 0.04805574635436642, "checking_status_no checking": -0.04126368489991364, "savings_status_<100": 0.038935711027029356, "credit_amount": -0.037815261812302194, "checking_status_<0": 0.028604829133746533, "personal_status_male div/sep": -0.023551875926987122, "checking_status_0<=X<200": -0.01737179820921483, "savings_status_no known savings": 0.013626322008431089, "residence_since": 0.013335988170474593, "property_magnitude_real estate": 0.013046509808054907}}}