{"instance_id": 39, "quadrant": "FP", "true_label": 0, "prediction": 1, "prediction_correct": false, "metrics": {"cost": 1000.9400570006619, "sparsity": 0.8688524590163934, "fidelity": 0.601184499284076, "faithfulness_gap": 0.16999999999999993, "stability": 0.987050205860764}, "explanation": {"top_features": ["checking_status_<0: -0.0756", "age: -0.0506", "checking_status_no checking: -0.0475", "savings_status_<100: 0.0257", "credit_history_critical/other existing credit: -0.0246", "credit_amount: -0.0214", "personal_status_male mar/wid: 0.0174", "residence_since: 0.0170", "installment_commitment: -0.0122", "employment_4<=X<7: 0.0114"], "raw_top": {"checking_status_<0": -0.07555594303312319, "age": -0.0506283654620529, "checking_status_no checking": -0.04747519214532531, "savings_status_<100": 0.025689757537566037, "credit_history_critical/other existing credit": -0.02460289674635078, "credit_amount": -0.021393623221556482, "personal_status_male mar/wid": 0.017364978024033917, "residence_since": 0.017036067665303564, "installment_commitment": -0.0121880661688283, "employment_4<=X<7": 0.01143097164273513}}}