{"instance_id": 58, "quadrant": "TP", "true_label": 1, "prediction": 1, "prediction_correct": true, "metrics": {"cost": 1011.5065279996998, "sparsity": 0.9016393442622951, "fidelity": 0.44325160218966775, "faithfulness_gap": 0.09000000000000008, "stability": 0.9810951042401981}, "explanation": {"top_features": ["checking_status_no checking: -0.0542", "credit_history_all paid: -0.0494", "checking_status_<0: 0.0422", "other_payment_plans_bank: -0.0356", "savings_status_<100: 0.0267", "age: 0.0244", "other_payment_plans_none: -0.0172", "purpose_new car: 0.0160", "job_unskilled resident: -0.0140", "own_telephone_yes: -0.0139"], "raw_top": {"checking_status_no checking": -0.05420781231214278, "credit_history_all paid": -0.049350688384838574, "checking_status_<0": 0.042235968392888026, "other_payment_plans_bank": -0.03558633462139369, "savings_status_<100": 0.026736776328884843, "age": 0.024381220700579433, "other_payment_plans_none": -0.017151794099991093, "purpose_new car": 0.016021745897414803, "job_unskilled resident": -0.014019829467961244, "own_telephone_yes": -0.013864083550388387}}}