{"instance_id": 61, "quadrant": "TP", "true_label": 1, "prediction": 1, "prediction_correct": true, "metrics": {"cost": 1000.9156610003629, "sparsity": 0.9016393442622951, "fidelity": 0.5458913051184109, "faithfulness_gap": 0.040000000000000036, "stability": 0.9933787771032897}, "explanation": {"top_features": ["purpose_new car: -0.0592", "checking_status_no checking: -0.0536", "savings_status_<100: 0.0390", "age: 0.0343", "duration: -0.0340", "checking_status_<0: 0.0318", "savings_status_no known savings: 0.0313", "credit_amount: 0.0228", "checking_status_0<=X<200: -0.0189", "own_telephone_yes: -0.0162"], "raw_top": {"purpose_new car": -0.05920660392173431, "checking_status_no checking": -0.053598569230380234, "savings_status_<100": 0.039032870196297156, "age": 0.034311038817413646, "duration": -0.034038669746660165, "checking_status_<0": 0.03184656709482624, "savings_status_no known savings": 0.03132855123014906, "credit_amount": 0.02280066371261455, "checking_status_0<=X<200": -0.018886380176300007, "own_telephone_yes": -0.016159535629058155}}}