{"instance_id": 69, "quadrant": "TP", "true_label": 1, "prediction": 1, "prediction_correct": true, "metrics": {"cost": 1010.792207999657, "sparsity": 0.8852459016393442, "fidelity": 0.560520033671518, "faithfulness_gap": 0.06000000000000005, "stability": 0.9640080823019475}, "explanation": {"top_features": ["checking_status_no checking: -0.0555", "duration: 0.0531", "checking_status_<0: 0.0407", "purpose_domestic appliance: -0.0325", "age: 0.0220", "savings_status_<100: -0.0186", "installment_commitment: 0.0107", "credit_history_critical/other existing credit: -0.0107", "residence_since: -0.0093", "property_magnitude_no known property: 0.0092"], "raw_top": {"checking_status_no checking": -0.05553936268461257, "duration": 0.0531418316145573, "checking_status_<0": 0.040665871918154156, "purpose_domestic appliance": -0.03249491324299015, "age": 0.02204984819783931, "savings_status_<100": -0.01859610327766859, "installment_commitment": 0.010702705368548776, "credit_history_critical/other existing credit": -0.010651189905656793, "residence_since": -0.009294443972175942, "property_magnitude_no known property": 0.00923333328551962}}}