{"instance_id": 85, "quadrant": "TP", "true_label": 1, "prediction": 1, "prediction_correct": true, "metrics": {"cost": 1013.1040250007572, "sparsity": 0.9016393442622951, "fidelity": 0.8475269044577881, "faithfulness_gap": 0.050000000000000044, "stability": 0.9969682722819875}, "explanation": {"top_features": ["checking_status_no checking: 0.0839", "age: 0.0316", "property_magnitude_no known property: -0.0296", "purpose_new car: -0.0270", "checking_status_<0: 0.0264", "savings_status_<100: 0.0243", "credit_amount: 0.0175", "credit_history_critical/other existing credit: -0.0149", "employment_unemployed: -0.0145", "residence_since: 0.0120"], "raw_top": {"checking_status_no checking": 0.08388971500315165, "age": 0.03160332566159923, "property_magnitude_no known property": -0.029638267580103274, "purpose_new car": -0.02695000709510168, "checking_status_<0": 0.0263757280518621, "savings_status_<100": 0.024301045263155175, "credit_amount": 0.01745960293117605, "credit_history_critical/other existing credit": -0.014879862254274486, "employment_unemployed": -0.014492114220147415, "residence_since": 0.012019040146751649}}}