{"instance_id": 1057, "quadrant": "TN", "true_label": 0, "prediction": 0, "prediction_correct": true, "metrics": {"cost": 37906.05581099226, "sparsity": 0.09259259259259259, "fidelity": 0.4427628595681144, "faithfulness_gap": 0.020395140746164248, "stability": 0.9199428395607072}, "explanation": {"top_features": ["marital-status_Married-civ-spouse: -0.0282", "education-num: -0.0250", "age: -0.0219", "relationship_Husband: -0.0167", "capital-gain: -0.0137", "marital-status_Never-married: -0.0081", "hours-per-week: -0.0067", "occupation_Machine-op-inspct: -0.0066", "sex_Male: -0.0043", "capital-loss: -0.0035"], "raw_top": {"marital-status_Married-civ-spouse": -0.028195307331311682, "education-num": -0.024984289882928327, "age": -0.021946175845516704, "relationship_Husband": -0.016663582787202355, "capital-gain": -0.013735180991170966, "marital-status_Never-married": -0.008092021128598754, "hours-per-week": -0.006701203807464776, "occupation_Machine-op-inspct": -0.006641802785740011, "sex_Male": -0.004284344691525161, "capital-loss": -0.0034992339944068807}}}