{"instance_id": 1246, "quadrant": "TP", "true_label": 1, "prediction": 1, "prediction_correct": true, "metrics": {"cost": 61391.07733000128, "sparsity": 0.09259259259259259, "fidelity": 0.9643876796679242, "faithfulness_gap": 0.7164780681034268, "stability": 0.9810539148556716}, "explanation": {"top_features": ["education-num: 0.2329", "relationship_Wife: 0.1944", "occupation_Prof-specialty: 0.1339", "hours-per-week: -0.1277", "marital-status_Married-civ-spouse: 0.0920", "age: 0.0372", "sex_Female: 0.0181", "sex_Male: 0.0154", "education_Masters: 0.0133", "education_HS-grad: 0.0092"], "raw_top": {"education-num": 0.23294570016153027, "relationship_Wife": 0.1944185764531051, "occupation_Prof-specialty": 0.1339333569794037, "hours-per-week": -0.12765412487815847, "marital-status_Married-civ-spouse": 0.09199714943098239, "age": 0.037177781037973846, "sex_Female": 0.018071745444782517, "sex_Male": 0.015363720094030175, "education_Masters": 0.013288539840756638, "education_HS-grad": 0.009203175815828413}}}