{"instance_id": 1337, "quadrant": "TP", "true_label": 1, "prediction": 1, "prediction_correct": true, "metrics": {"cost": 42343.16402099648, "sparsity": 0.09259259259259259, "fidelity": 0.9649568248268152, "faithfulness_gap": 0.3562789221730358, "stability": 0.9267164673977729}, "explanation": {"top_features": ["occupation_Exec-managerial: 0.2063", "marital-status_Married-civ-spouse: 0.0689", "age: 0.0650", "education-num: -0.0495", "relationship_Husband: 0.0413", "capital-gain: -0.0356", "education_HS-grad: -0.0341", "capital-loss: -0.0170", "marital-status_Never-married: 0.0121", "fnlwgt: 0.0060"], "raw_top": {"occupation_Exec-managerial": 0.2062606097752894, "marital-status_Married-civ-spouse": 0.06886089445893281, "age": 0.06495919794121786, "education-num": -0.049461192994632065, "relationship_Husband": 0.04125578131982053, "capital-gain": -0.035637482663307775, "education_HS-grad": -0.034118200576249084, "capital-loss": -0.01700231343913272, "marital-status_Never-married": 0.012090815730359167, "fnlwgt": 0.005976634518035651}}}