{"instance_id": 1416, "quadrant": "TN", "true_label": 0, "prediction": 0, "prediction_correct": true, "metrics": {"cost": 43706.03242501966, "sparsity": 0.09259259259259259, "fidelity": 0.9457170156843204, "faithfulness_gap": 0.005134298928821487, "stability": 0.952527187890323}, "explanation": {"top_features": ["marital-status_Married-civ-spouse: -0.1025", "occupation_Exec-managerial: 0.0882", "education-num: 0.0670", "relationship_Husband: -0.0488", "marital-status_Never-married: -0.0361", "relationship_Not-in-family: -0.0318", "workclass_Private: -0.0311", "capital-gain: -0.0214", "workclass_State-gov: 0.0161", "capital-loss: -0.0118"], "raw_top": {"marital-status_Married-civ-spouse": -0.10246880100102619, "occupation_Exec-managerial": 0.08818853131958972, "education-num": 0.0670143812188552, "relationship_Husband": -0.04876691603891824, "marital-status_Never-married": -0.03614731726912454, "relationship_Not-in-family": -0.03181231458148525, "workclass_Private": -0.031081412116356278, "capital-gain": -0.021409813231785514, "workclass_State-gov": 0.01607904735935227, "capital-loss": -0.011751266467756422}}}