{"instance_id": 1448, "quadrant": "TN", "true_label": 0, "prediction": 0, "prediction_correct": true, "metrics": {"cost": 62191.97516399436, "sparsity": 0.09259259259259259, "fidelity": 0.5958561418685668, "faithfulness_gap": 0.10055987704964395, "stability": 0.9166719981667681}, "explanation": {"top_features": ["marital-status_Married-civ-spouse: -0.0397", "hours-per-week: -0.0370", "occupation_Machine-op-inspct: -0.0273", "capital-gain: -0.0189", "relationship_Husband: -0.0186", "education_Some-college: 0.0132", "capital-loss: -0.0120", "marital-status_Never-married: -0.0108", "education-num: -0.0059", "education_HS-grad: -0.0025"], "raw_top": {"marital-status_Married-civ-spouse": -0.0397225961602812, "hours-per-week": -0.03697411050067852, "occupation_Machine-op-inspct": -0.02725390616683953, "capital-gain": -0.018910968993712418, "relationship_Husband": -0.018619885675748238, "education_Some-college": 0.013245598935178932, "capital-loss": -0.011967905440128086, "marital-status_Never-married": -0.010820671923666775, "education-num": -0.00590769934618974, "education_HS-grad": -0.0024800896403080965}}}