{"instance_id": 1517, "quadrant": "TN", "true_label": 0, "prediction": 0, "prediction_correct": true, "metrics": {"cost": 42380.17815299099, "sparsity": 0.09259259259259259, "fidelity": 0.7941508460586699, "faithfulness_gap": 0.16756053792609374, "stability": 0.8902517336099951}, "explanation": {"top_features": ["marital-status_Married-civ-spouse: -0.0480", "occupation_Machine-op-inspct: -0.0357", "relationship_Husband: -0.0308", "native-country_United-States: -0.0175", "capital-gain: -0.0145", "capital-loss: -0.0062", "marital-status_Married-spouse-absent: -0.0059", "relationship_Not-in-family: -0.0053", "age: -0.0035", "race_White: -0.0016"], "raw_top": {"marital-status_Married-civ-spouse": -0.04796251868903913, "occupation_Machine-op-inspct": -0.03567219724383147, "relationship_Husband": -0.030759770368892513, "native-country_United-States": -0.017473124545491908, "capital-gain": -0.0145335714624143, "capital-loss": -0.0061805093166524714, "marital-status_Married-spouse-absent": -0.005860343575014172, "relationship_Not-in-family": -0.005263894058235481, "age": -0.003538305669500786, "race_White": -0.0015801952544804432}}}