{"instance_id": 1769, "quadrant": "TN", "true_label": 0, "prediction": 0, "prediction_correct": true, "metrics": {"cost": 49200.66197500273, "sparsity": 0.09259259259259259, "fidelity": 0.5979897119084865, "faithfulness_gap": 0.055123855952755416, "stability": 0.914766662518688}, "explanation": {"top_features": ["marital-status_Married-civ-spouse: -0.0332", "education-num: -0.0279", "occupation_Machine-op-inspct: -0.0203", "relationship_Husband: -0.0191", "capital-gain: -0.0151", "race_Amer-Indian-Eskimo: -0.0105", "race_White: -0.0094", "native-country_United-States: -0.0086", "capital-loss: -0.0052", "marital-status_Divorced: -0.0047"], "raw_top": {"marital-status_Married-civ-spouse": -0.03321076577897152, "education-num": -0.027850223898785345, "occupation_Machine-op-inspct": -0.02025913756413314, "relationship_Husband": -0.019072538219222033, "capital-gain": -0.015100734228863886, "race_Amer-Indian-Eskimo": -0.010466885865138975, "race_White": -0.009357488811756654, "native-country_United-States": -0.008586059584505796, "capital-loss": -0.005158836165047788, "marital-status_Divorced": -0.004721221291404537}}}