{"instance_id": 1929, "quadrant": "FN", "true_label": 1, "prediction": 0, "prediction_correct": false, "metrics": {"cost": 40460.16111399513, "sparsity": 0.09259259259259259, "fidelity": 0.950475263253352, "faithfulness_gap": 0.008430171545276671, "stability": 0.9800360318073872}, "explanation": {"top_features": ["education-num: -0.2773", "occupation_Exec-managerial: 0.1097", "marital-status_Married-civ-spouse: 0.0391", "age: 0.0336", "relationship_Husband: 0.0287", "hours-per-week: 0.0249", "capital-gain: -0.0226", "education_HS-grad: 0.0114", "capital-loss: -0.0084", "marital-status_Never-married: 0.0077"], "raw_top": {"education-num": -0.2773128190060614, "occupation_Exec-managerial": 0.10965557761494193, "marital-status_Married-civ-spouse": 0.039055479591694614, "age": 0.033609183351147424, "relationship_Husband": 0.02874949960100013, "hours-per-week": 0.02486361842769296, "capital-gain": -0.02263356165673264, "education_HS-grad": 0.011442394315315957, "capital-loss": -0.008372441419341778, "marital-status_Never-married": 0.007736220859993707}}}