{"instance_id": 2607, "quadrant": "FN", "true_label": 1, "prediction": 0, "prediction_correct": false, "metrics": {"cost": 39316.28291000379, "sparsity": 0.09259259259259259, "fidelity": 0.9532215117580392, "faithfulness_gap": 0.22569492450619077, "stability": 0.9031064681587851}, "explanation": {"top_features": ["occupation_Machine-op-inspct: -0.1233", "education-num: 0.1229", "marital-status_Married-civ-spouse: 0.0732", "relationship_Husband: 0.0532", "hours-per-week: 0.0375", "capital-gain: -0.0347", "education_Bachelors: 0.0297", "capital-loss: -0.0190", "marital-status_Never-married: 0.0125", "fnlwgt: -0.0122"], "raw_top": {"occupation_Machine-op-inspct": -0.12331300880046168, "education-num": 0.12291546584260483, "marital-status_Married-civ-spouse": 0.07324873770038964, "relationship_Husband": 0.05322734252048296, "hours-per-week": 0.037451535109959105, "capital-gain": -0.03474024815922968, "education_Bachelors": 0.0297131566767653, "capital-loss": -0.019012388285390903, "marital-status_Never-married": 0.012511668456186103, "fnlwgt": -0.012230542674285527}}}