{"instance_id": 2715, "quadrant": "FN", "true_label": 1, "prediction": 0, "prediction_correct": false, "metrics": {"cost": 45531.05669800425, "sparsity": 0.09259259259259259, "fidelity": 0.9777037680878002, "faithfulness_gap": 0.05459871399185827, "stability": 0.9352944617662916}, "explanation": {"top_features": ["education-num: -0.1086", "marital-status_Married-civ-spouse: 0.0273", "capital-gain: -0.0255", "relationship_Husband: 0.0162", "capital-loss: -0.0116", "workclass_Private: -0.0079", "age: -0.0078", "education_HS-grad: 0.0076", "race_Black: 0.0055", "hours-per-week: -0.0053"], "raw_top": {"education-num": -0.10856406452708679, "marital-status_Married-civ-spouse": 0.02726308826794709, "capital-gain": -0.02549845583787233, "relationship_Husband": 0.016223310691721584, "capital-loss": -0.011565818400588878, "workclass_Private": -0.007871781372674764, "age": -0.007799245351242735, "education_HS-grad": 0.007612142080884085, "race_Black": 0.005515269165210154, "hours-per-week": -0.0053098032831116375}}}