{"instance_id": 275, "quadrant": "FN", "true_label": 1, "prediction": 0, "prediction_correct": false, "metrics": {"cost": 37887.51511598821, "sparsity": 0.09259259259259259, "fidelity": 0.8944261369088155, "faithfulness_gap": 0.02575816243751869, "stability": 0.9511400991627303}, "explanation": {"top_features": ["marital-status_Married-civ-spouse: -0.1063", "occupation_Prof-specialty: 0.0930", "education-num: 0.0756", "relationship_Husband: -0.0526", "relationship_Unmarried: -0.0415", "marital-status_Divorced: -0.0397", "capital-gain: -0.0237", "age: 0.0133", "capital-loss: -0.0119", "education_Bachelors: 0.0119"], "raw_top": {"marital-status_Married-civ-spouse": -0.10634323678227908, "occupation_Prof-specialty": 0.09300410310511216, "education-num": 0.07560352163531532, "relationship_Husband": -0.052626834180845905, "relationship_Unmarried": -0.04152887478695826, "marital-status_Divorced": -0.03968817384310306, "capital-gain": -0.023707051690083823, "age": 0.013317567143452048, "capital-loss": -0.011897278447177716, "education_Bachelors": 0.011862706289296629}}}