{"instance_id": 2830, "quadrant": "FP", "true_label": 0, "prediction": 1, "prediction_correct": false, "metrics": {"cost": 47498.04327898892, "sparsity": 0.09259259259259259, "fidelity": 0.9827413465614707, "faithfulness_gap": 0.763829717160551, "stability": 0.9842187233054533}, "explanation": {"top_features": ["education-num: 0.3135", "occupation_Prof-specialty: 0.1545", "marital-status_Married-civ-spouse: 0.0925", "relationship_Husband: 0.0461", "hours-per-week: 0.0305", "education_Prof-school: 0.0289", "capital-gain: -0.0279", "marital-status_Never-married: 0.0199", "relationship_Own-child: 0.0095", "education_HS-grad: 0.0091"], "raw_top": {"education-num": 0.31347480604911576, "occupation_Prof-specialty": 0.15450356607310048, "marital-status_Married-civ-spouse": 0.0924830377254997, "relationship_Husband": 0.04610141447678338, "hours-per-week": 0.030494024150963084, "education_Prof-school": 0.028855077504062805, "capital-gain": -0.02791406563867105, "marital-status_Never-married": 0.019871870530017183, "relationship_Own-child": 0.009494103994852485, "education_HS-grad": 0.009066800156342888}}}