{"instance_id": 2896, "quadrant": "FN", "true_label": 1, "prediction": 0, "prediction_correct": false, "metrics": {"cost": 41962.5993759837, "sparsity": 0.09259259259259259, "fidelity": 0.8788136065638232, "faithfulness_gap": 0.07512171816448476, "stability": 0.7850435098436919}, "explanation": {"top_features": ["occupation_Transport-moving: -0.0439", "education-num: -0.0429", "capital-gain: -0.0340", "marital-status_Married-civ-spouse: 0.0318", "capital-loss: -0.0253", "relationship_Husband: 0.0185", "hours-per-week: 0.0157", "marital-status_Never-married: 0.0064", "education_Bachelors: -0.0056", "education_HS-grad: -0.0043"], "raw_top": {"occupation_Transport-moving": -0.04388195726940118, "education-num": -0.0429274500143119, "capital-gain": -0.03395835041191526, "marital-status_Married-civ-spouse": 0.03179258740490948, "capital-loss": -0.025298982208602196, "relationship_Husband": 0.018450865178244888, "hours-per-week": 0.01566420484503981, "marital-status_Never-married": 0.006433708202792413, "education_Bachelors": -0.00564232717727836, "education_HS-grad": -0.004288263938241346}}}