{"instance_id": 3051, "quadrant": "FN", "true_label": 1, "prediction": 0, "prediction_correct": false, "metrics": {"cost": 43857.642207003664, "sparsity": 0.09259259259259259, "fidelity": 0.7707364757842813, "faithfulness_gap": 0.07956000802377895, "stability": 0.9196480742781502}, "explanation": {"top_features": ["relationship_Wife: 0.0581", "marital-status_Married-AF-spouse: 0.0515", "marital-status_Married-civ-spouse: -0.0352", "occupation_Other-service: -0.0331", "education-num: -0.0313", "relationship_Husband: -0.0230", "capital-gain: -0.0210", "capital-loss: -0.0110", "education_Bachelors: -0.0048", "age: -0.0033"], "raw_top": {"relationship_Wife": 0.05810696406208308, "marital-status_Married-AF-spouse": 0.05148844804242131, "marital-status_Married-civ-spouse": -0.03523887532720737, "occupation_Other-service": -0.03305116444901408, "education-num": -0.03132470645851071, "relationship_Husband": -0.022969539723977996, "capital-gain": -0.020970677892936173, "capital-loss": -0.011034037395381283, "education_Bachelors": -0.004772303551779845, "age": -0.0032989747727604282}}}