{"instance_id": 3083, "quadrant": "TN", "true_label": 0, "prediction": 0, "prediction_correct": true, "metrics": {"cost": 43636.92837499548, "sparsity": 0.09259259259259259, "fidelity": 0.8515231864970783, "faithfulness_gap": 0.037426454455443015, "stability": 0.817836799230324}, "explanation": {"top_features": ["hours-per-week: -0.0412", "education-num: -0.0340", "capital-gain: -0.0267", "marital-status_Married-civ-spouse: 0.0243", "capital-loss: -0.0243", "occupation_Transport-moving: -0.0210", "age: -0.0110", "relationship_Husband: 0.0099", "education_Bachelors: -0.0049", "marital-status_Never-married: 0.0030"], "raw_top": {"hours-per-week": -0.04123011949981749, "education-num": -0.03402268518841935, "capital-gain": -0.026692200385696373, "marital-status_Married-civ-spouse": 0.024287187428782157, "capital-loss": -0.024272785196670105, "occupation_Transport-moving": -0.02098447270030302, "age": -0.010971915669033943, "relationship_Husband": 0.00989776043509573, "education_Bachelors": -0.004923018095666359, "marital-status_Never-married": 0.0030052520052054332}}}