{"instance_id": 3194, "quadrant": "TN", "true_label": 0, "prediction": 0, "prediction_correct": true, "metrics": {"cost": 52117.4778949935, "sparsity": 0.09259259259259259, "fidelity": 0.8492710085169739, "faithfulness_gap": 0.06723325313944367, "stability": 0.95840157905361}, "explanation": {"top_features": ["education-num: 0.1634", "marital-status_Married-civ-spouse: -0.0937", "occupation_Prof-specialty: 0.0747", "relationship_Husband: -0.0532", "relationship_Unmarried: -0.0520", "hours-per-week: 0.0365", "fnlwgt: -0.0334", "marital-status_Divorced: -0.0246", "capital-gain: -0.0161", "sex_Female: -0.0158"], "raw_top": {"education-num": 0.16339175188854083, "marital-status_Married-civ-spouse": -0.0937402885356839, "occupation_Prof-specialty": 0.07465807777659758, "relationship_Husband": -0.05323120825225057, "relationship_Unmarried": -0.0519843583805901, "hours-per-week": 0.036488910219095026, "fnlwgt": -0.03337317715388188, "marital-status_Divorced": -0.02456776062045, "capital-gain": -0.016076032399774724, "sex_Female": -0.015790502072051116}}}