{"instance_id": 3208, "quadrant": "FP", "true_label": 0, "prediction": 1, "prediction_correct": false, "metrics": {"cost": 60233.37110399734, "sparsity": 0.09259259259259259, "fidelity": 0.9687687698037415, "faithfulness_gap": 0.6284201127012146, "stability": 0.9705368176581967}, "explanation": {"top_features": ["relationship_Wife: 0.1950", "education-num: 0.1842", "hours-per-week: -0.1341", "occupation_Prof-specialty: 0.1329", "marital-status_Married-civ-spouse: 0.0880", "fnlwgt: -0.0309", "sex_Male: 0.0245", "sex_Female: 0.0226", "age: 0.0168", "education_Bachelors: 0.0110"], "raw_top": {"relationship_Wife": 0.19502045595004475, "education-num": 0.18419585926488533, "hours-per-week": -0.13406239305030856, "occupation_Prof-specialty": 0.13287824709245982, "marital-status_Married-civ-spouse": 0.08797664808679409, "fnlwgt": -0.030857189498316284, "sex_Male": 0.02446530710107435, "sex_Female": 0.022636401775433645, "age": 0.016818642248605343, "education_Bachelors": 0.010986790039207137}}}