{"instance_id": 3234, "quadrant": "FP", "true_label": 0, "prediction": 1, "prediction_correct": false, "metrics": {"cost": 37480.077043001074, "sparsity": 0.09259259259259259, "fidelity": 0.9630383856497924, "faithfulness_gap": 0.7361903431789324, "stability": 0.971773432825555}, "explanation": {"top_features": ["education-num: 0.1834", "capital-gain: 0.1579", "marital-status_Married-civ-spouse: 0.0941", "occupation_Sales: 0.0835", "hours-per-week: 0.0611", "relationship_Husband: 0.0577", "workclass_Self-emp-inc: 0.0247", "marital-status_Never-married: 0.0181", "education_Bachelors: 0.0180", "education_HS-grad: 0.0111"], "raw_top": {"education-num": 0.1834316622947762, "capital-gain": 0.1578832966109615, "marital-status_Married-civ-spouse": 0.09413715074468726, "occupation_Sales": 0.0835218849096182, "hours-per-week": 0.06106978102387151, "relationship_Husband": 0.05770941304064952, "workclass_Self-emp-inc": 0.024666826194413283, "marital-status_Never-married": 0.01811350794736744, "education_Bachelors": 0.01799339363100211, "education_HS-grad": 0.011120180631681853}}}