{"instance_id": 3266, "quadrant": "FP", "true_label": 0, "prediction": 1, "prediction_correct": false, "metrics": {"cost": 50647.94618301676, "sparsity": 0.09259259259259259, "fidelity": 0.9886361204022787, "faithfulness_gap": 0.7272960274224578, "stability": 0.9703621311710476}, "explanation": {"top_features": ["education-num: 0.2715", "occupation_Prof-specialty: 0.1526", "marital-status_Married-civ-spouse: 0.1116", "relationship_Husband: 0.0519", "age: 0.0471", "capital-gain: -0.0320", "hours-per-week: -0.0302", "education_HS-grad: 0.0145", "marital-status_Never-married: 0.0144", "relationship_Own-child: 0.0073"], "raw_top": {"education-num": 0.2715425965169976, "occupation_Prof-specialty": 0.15263965085102774, "marital-status_Married-civ-spouse": 0.1116301904678019, "relationship_Husband": 0.05194060540822982, "age": 0.0470572945442614, "capital-gain": -0.03197622192107787, "hours-per-week": -0.030156099832476253, "education_HS-grad": 0.01452203368934276, "marital-status_Never-married": 0.014407610525750715, "relationship_Own-child": 0.007251196813152561}}}