{"instance_id": 3687, "quadrant": "FN", "true_label": 1, "prediction": 0, "prediction_correct": false, "metrics": {"cost": 44312.44777998654, "sparsity": 0.09259259259259259, "fidelity": 0.8870810779370829, "faithfulness_gap": 0.03874360675840305, "stability": 0.825276056477861}, "explanation": {"top_features": ["education-num: -0.0456", "occupation_Machine-op-inspct: -0.0433", "marital-status_Married-civ-spouse: 0.0343", "capital-gain: -0.0334", "relationship_Husband: 0.0208", "capital-loss: -0.0194", "hours-per-week: 0.0109", "education_Bachelors: -0.0062", "marital-status_Never-married: 0.0053", "education_HS-grad: -0.0043"], "raw_top": {"education-num": -0.04562001674014554, "occupation_Machine-op-inspct": -0.04332576613309266, "marital-status_Married-civ-spouse": 0.03428217100325648, "capital-gain": -0.03342276727060817, "relationship_Husband": 0.020776561801336618, "capital-loss": -0.019376116465092342, "hours-per-week": 0.010929515188814026, "education_Bachelors": -0.006234627925380862, "marital-status_Never-married": 0.005343479483714497, "education_HS-grad": -0.004253173957724846}}}