{"instance_id": 3827, "quadrant": "FP", "true_label": 0, "prediction": 1, "prediction_correct": false, "metrics": {"cost": 60114.90660699201, "sparsity": 0.09259259259259259, "fidelity": 0.9671889977057644, "faithfulness_gap": 0.7325111574666294, "stability": 0.9540149129080966}, "explanation": {"top_features": ["occupation_Exec-managerial: 0.2189", "education-num: 0.1143", "marital-status_Married-civ-spouse: 0.0909", "workclass_Federal-gov: 0.0785", "age: 0.0722", "fnlwgt: -0.0714", "relationship_Husband: 0.0542", "hours-per-week: 0.0402", "marital-status_Never-married: 0.0136", "education_HS-grad: 0.0065"], "raw_top": {"occupation_Exec-managerial": 0.218885642066002, "education-num": 0.11429144265789733, "marital-status_Married-civ-spouse": 0.09088776535304167, "workclass_Federal-gov": 0.07849098711650694, "age": 0.07220836199802982, "fnlwgt": -0.07139619634389502, "relationship_Husband": 0.054225975659883456, "hours-per-week": 0.040202383979295646, "marital-status_Never-married": 0.01361809703096473, "education_HS-grad": 0.006504032499105361}}}