{"instance_id": 3831, "quadrant": "TN", "true_label": 0, "prediction": 0, "prediction_correct": true, "metrics": {"cost": 47117.3266479891, "sparsity": 0.09259259259259259, "fidelity": 0.9209269686467894, "faithfulness_gap": 0.03313163682506612, "stability": 0.952592407938361}, "explanation": {"top_features": ["marital-status_Married-civ-spouse: -0.1017", "education-num: 0.0805", "occupation_Prof-specialty: 0.0773", "relationship_Husband: -0.0560", "marital-status_Never-married: -0.0444", "relationship_Not-in-family: -0.0259", "capital-gain: -0.0246", "hours-per-week: 0.0138", "workclass_Private: -0.0099", "capital-loss: -0.0076"], "raw_top": {"marital-status_Married-civ-spouse": -0.10168274863975571, "education-num": 0.08048365663725818, "occupation_Prof-specialty": 0.07733384677996925, "relationship_Husband": -0.055994456985699166, "marital-status_Never-married": -0.044442038673222495, "relationship_Not-in-family": -0.025943867076567317, "capital-gain": -0.024596442409000538, "hours-per-week": 0.013795214828430047, "workclass_Private": -0.009886400588212307, "capital-loss": -0.007610700739179684}}}