{"instance_id": 3924, "quadrant": "FP", "true_label": 0, "prediction": 1, "prediction_correct": false, "metrics": {"cost": 43740.41630901047, "sparsity": 0.09259259259259259, "fidelity": 0.970263782148348, "faithfulness_gap": 0.557279685316783, "stability": 0.9556490678291565}, "explanation": {"top_features": ["occupation_Exec-managerial: 0.1760", "workclass_Federal-gov: 0.1495", "marital-status_Married-civ-spouse: 0.0845", "age: 0.0837", "relationship_Husband: 0.0508", "education-num: -0.0435", "workclass_Private: -0.0370", "capital-gain: -0.0325", "education_HS-grad: -0.0216", "marital-status_Never-married: 0.0143"], "raw_top": {"occupation_Exec-managerial": 0.17599636997166765, "workclass_Federal-gov": 0.14951829893573482, "marital-status_Married-civ-spouse": 0.08447871287289464, "age": 0.0836715239929299, "relationship_Husband": 0.05081215178080987, "education-num": -0.04350754955496192, "workclass_Private": -0.03700118691760267, "capital-gain": -0.0324621534238726, "education_HS-grad": -0.021634477229945426, "marital-status_Never-married": 0.014323767459143155}}}