{"instance_id": 4077, "quadrant": "TP", "true_label": 1, "prediction": 1, "prediction_correct": true, "metrics": {"cost": 45868.28597799831, "sparsity": 0.09259259259259259, "fidelity": 0.9809837852737218, "faithfulness_gap": 0.3233100339460572, "stability": 0.95819675727668}, "explanation": {"top_features": ["capital-gain: 0.2456", "occupation_Machine-op-inspct: -0.0655", "marital-status_Married-civ-spouse: 0.0609", "education-num: -0.0435", "relationship_Husband: 0.0428", "age: 0.0297", "capital-loss: -0.0139", "marital-status_Never-married: 0.0087", "sex_Male: 0.0054", "sex_Female: 0.0049"], "raw_top": {"capital-gain": 0.24558961702319237, "occupation_Machine-op-inspct": -0.06545548386348266, "marital-status_Married-civ-spouse": 0.0608572804734544, "education-num": -0.04350470652135021, "relationship_Husband": 0.04284762152014938, "age": 0.029658381165849467, "capital-loss": -0.013889525555230429, "marital-status_Never-married": 0.0086659456351048, "sex_Male": 0.005364863483904747, "sex_Female": 0.004877056646268973}}}