{"instance_id": 4142, "quadrant": "TN", "true_label": 0, "prediction": 0, "prediction_correct": true, "metrics": {"cost": 42822.045452019665, "sparsity": 0.09259259259259259, "fidelity": 0.9240063224366296, "faithfulness_gap": 0.08188886330027875, "stability": 0.8455768466278903}, "explanation": {"top_features": ["education-num: -0.0647", "age: -0.0353", "capital-gain: -0.0295", "marital-status_Married-civ-spouse: 0.0290", "capital-loss: -0.0228", "occupation_Sales: 0.0212", "relationship_Husband: 0.0188", "education_Bachelors: -0.0180", "education_HS-grad: -0.0076", "marital-status_Never-married: 0.0044"], "raw_top": {"education-num": -0.06474999753865575, "age": -0.035265044179021404, "capital-gain": -0.029498343443626108, "marital-status_Married-civ-spouse": 0.02900740235461437, "capital-loss": -0.02277955820263153, "occupation_Sales": 0.021216037222278657, "relationship_Husband": 0.01880047817313855, "education_Bachelors": -0.017985783783627685, "education_HS-grad": -0.0075917988854174315, "marital-status_Never-married": 0.004435950006556888}}}