{"instance_id": 422, "quadrant": "TN", "true_label": 0, "prediction": 0, "prediction_correct": true, "metrics": {"cost": 43707.38904699101, "sparsity": 0.09259259259259259, "fidelity": 0.9656541038658619, "faithfulness_gap": 0.2716997851014344, "stability": 0.9411251064478267}, "explanation": {"top_features": ["occupation_Exec-managerial: 0.2019", "marital-status_Married-civ-spouse: 0.0739", "age: -0.0494", "relationship_Husband: 0.0383", "capital-gain: -0.0353", "education_HS-grad: 0.0213", "capital-loss: -0.0166", "fnlwgt: -0.0139", "marital-status_Never-married: 0.0103", "education_Bachelors: -0.0091"], "raw_top": {"occupation_Exec-managerial": 0.20188086962203872, "marital-status_Married-civ-spouse": 0.07385923882009436, "age": -0.04940546756262207, "relationship_Husband": 0.038288231902591015, "capital-gain": -0.03531477355486747, "education_HS-grad": 0.02132886004713637, "capital-loss": -0.016627367111603942, "fnlwgt": -0.01390354156403168, "marital-status_Never-married": 0.010267566446199056, "education_Bachelors": -0.009064279002091558}}}