{"instance_id": 4338, "quadrant": "TN", "true_label": 0, "prediction": 0, "prediction_correct": true, "metrics": {"cost": 41928.52775599749, "sparsity": 0.09259259259259259, "fidelity": 0.916360469201438, "faithfulness_gap": 0.06868816833256458, "stability": 0.8263967135409536}, "explanation": {"top_features": ["education-num: -0.0525", "hours-per-week: -0.0344", "marital-status_Married-civ-spouse: 0.0310", "capital-gain: -0.0276", "capital-loss: -0.0183", "workclass_Local-gov: 0.0167", "workclass_Private: -0.0067", "education_HS-grad: -0.0063", "education_Bachelors: -0.0061", "race_White: -0.0037"], "raw_top": {"education-num": -0.05251841228922308, "hours-per-week": -0.034380578728552054, "marital-status_Married-civ-spouse": 0.031047580043082952, "capital-gain": -0.02755639450152702, "capital-loss": -0.018314963328898544, "workclass_Local-gov": 0.016659072696677546, "workclass_Private": -0.0066948676232063496, "education_HS-grad": -0.0062656162186142846, "education_Bachelors": -0.006102566036778052, "race_White": -0.003711776705812797}}}