{"instance_id": 4425, "quadrant": "FN", "true_label": 1, "prediction": 0, "prediction_correct": false, "metrics": {"cost": 35168.821320985444, "sparsity": 0.09259259259259259, "fidelity": 0.8961248979808161, "faithfulness_gap": 0.13611216895091946, "stability": 0.9880117615587918}, "explanation": {"top_features": ["capital-loss: 0.2617", "marital-status_Married-civ-spouse: -0.0939", "marital-status_Divorced: -0.0672", "age: 0.0527", "education-num: -0.0405", "relationship_Husband: -0.0363", "sex_Male: -0.0198", "sex_Female: -0.0189", "occupation_Adm-clerical: -0.0157", "capital-gain: -0.0096"], "raw_top": {"capital-loss": 0.2617184897165716, "marital-status_Married-civ-spouse": -0.09389393224279168, "marital-status_Divorced": -0.06719752278986423, "age": 0.05270574321481649, "education-num": -0.04047245327065587, "relationship_Husband": -0.03625975185042133, "sex_Male": -0.019794679013539138, "sex_Female": -0.01887121708930445, "occupation_Adm-clerical": -0.01570257481157916, "capital-gain": -0.009625042463028307}}}