{"instance_id": 4634, "quadrant": "FP", "true_label": 0, "prediction": 1, "prediction_correct": false, "metrics": {"cost": 39162.61142399162, "sparsity": 0.09259259259259259, "fidelity": 0.9689147520001452, "faithfulness_gap": 0.7882467006436935, "stability": 0.9796779274798881}, "explanation": {"top_features": ["capital-loss: 0.3135", "education-num: 0.1273", "marital-status_Married-civ-spouse: 0.1126", "occupation_Prof-specialty: 0.1000", "relationship_Husband: 0.0494", "age: -0.0455", "fnlwgt: -0.0275", "education_Assoc-acdm: -0.0269", "marital-status_Never-married: 0.0144", "relationship_Own-child: 0.0120"], "raw_top": {"capital-loss": 0.31346813601795925, "education-num": 0.12734520267995553, "marital-status_Married-civ-spouse": 0.1126229436102238, "occupation_Prof-specialty": 0.10004221584788128, "relationship_Husband": 0.04935332289341552, "age": -0.0455232283034912, "fnlwgt": -0.027494217750957353, "education_Assoc-acdm": -0.026899834237386937, "marital-status_Never-married": 0.014350337557194419, "relationship_Own-child": 0.011972913973022248}}}