{"instance_id": 4697, "quadrant": "FN", "true_label": 1, "prediction": 0, "prediction_correct": false, "metrics": {"cost": 59251.07683002716, "sparsity": 0.09259259259259259, "fidelity": 0.8203948176464511, "faithfulness_gap": 0.04075930346972295, "stability": 0.768836786820813}, "explanation": {"top_features": ["education-num: -0.0393", "occupation_Transport-moving: -0.0352", "capital-gain: -0.0317", "marital-status_Married-civ-spouse: 0.0291", "capital-loss: -0.0236", "relationship_Husband: 0.0173", "age: 0.0075", "education_Bachelors: -0.0067", "fnlwgt: -0.0050", "hours-per-week: -0.0022"], "raw_top": {"education-num": -0.03926325461120212, "occupation_Transport-moving": -0.03522705239096425, "capital-gain": -0.0317106151678832, "marital-status_Married-civ-spouse": 0.02912696688623525, "capital-loss": -0.023550106403549848, "relationship_Husband": 0.01728416642200314, "age": 0.007507752320892699, "education_Bachelors": -0.006745215933068658, "fnlwgt": -0.004977967230189312, "hours-per-week": -0.0022178987924812987}}}