{"instance_id": 4777, "quadrant": "TN", "true_label": 0, "prediction": 0, "prediction_correct": true, "metrics": {"cost": 44097.029605007265, "sparsity": 0.09259259259259259, "fidelity": 0.6344115017357421, "faithfulness_gap": 0.00524750813155854, "stability": 0.937932926033439}, "explanation": {"top_features": ["age: -0.0436", "hours-per-week: -0.0273", "occupation_Sales: 0.0252", "education-num: -0.0238", "marital-status_Married-civ-spouse: -0.0188", "relationship_Husband: -0.0128", "capital-gain: -0.0117", "capital-loss: -0.0076", "marital-status_Never-married: -0.0038", "education_Bachelors: -0.0028"], "raw_top": {"age": -0.04363490834730079, "hours-per-week": -0.027315336095900852, "occupation_Sales": 0.025160513795729818, "education-num": -0.02382096196353768, "marital-status_Married-civ-spouse": -0.018829175982700983, "relationship_Husband": -0.012815599639755525, "capital-gain": -0.0117440269922134, "capital-loss": -0.00756610287254337, "marital-status_Never-married": -0.003795441593110805, "education_Bachelors": -0.002848039742199354}}}