{"instance_id": 4816, "quadrant": "FP", "true_label": 0, "prediction": 1, "prediction_correct": false, "metrics": {"cost": 56369.82211799477, "sparsity": 0.09259259259259259, "fidelity": 0.9846666684884863, "faithfulness_gap": 0.40700854423651445, "stability": 0.9516475846423322}, "explanation": {"top_features": ["capital-loss: 0.2269", "marital-status_Married-civ-spouse: 0.0856", "education-num: -0.0515", "relationship_Husband: 0.0389", "capital-gain: -0.0210", "education_HS-grad: 0.0148", "fnlwgt: -0.0102", "marital-status_Never-married: 0.0093", "relationship_Not-in-family: 0.0061", "relationship_Own-child: 0.0040"], "raw_top": {"capital-loss": 0.22688589510874776, "marital-status_Married-civ-spouse": 0.08560745101050944, "education-num": -0.05145341673120967, "relationship_Husband": 0.038879487654015235, "capital-gain": -0.0210059785683204, "education_HS-grad": 0.014840878189340155, "fnlwgt": -0.010188398508774557, "marital-status_Never-married": 0.009290213746726351, "relationship_Not-in-family": 0.006132520578223145, "relationship_Own-child": 0.003979549955869577}}}