{"instance_id": 483, "quadrant": "TP", "true_label": 1, "prediction": 1, "prediction_correct": true, "metrics": {"cost": 46274.635221998324, "sparsity": 0.09259259259259259, "fidelity": 0.9776327987122382, "faithfulness_gap": 0.6889203883356674, "stability": 0.9893738332856897}, "explanation": {"top_features": ["capital-loss: 0.3604", "education-num: 0.1895", "marital-status_Married-civ-spouse: 0.1042", "hours-per-week: -0.0954", "relationship_Husband: 0.0396", "age: 0.0358", "workclass_nan: -0.0240", "occupation_nan: -0.0228", "workclass_Private: -0.0194", "fnlwgt: -0.0159"], "raw_top": {"capital-loss": 0.3604020974372434, "education-num": 0.18946471919462068, "marital-status_Married-civ-spouse": 0.10422007437048582, "hours-per-week": -0.0953801577765279, "relationship_Husband": 0.03962185019489937, "age": 0.03576874176532689, "workclass_nan": -0.023979446386851053, "occupation_nan": -0.022785921622238973, "workclass_Private": -0.019413703345895806, "fnlwgt": -0.015889440437497404}}}