{"instance_id": 4914, "quadrant": "FP", "true_label": 0, "prediction": 1, "prediction_correct": false, "metrics": {"cost": 42422.38171302597, "sparsity": 0.09259259259259259, "fidelity": 0.9851815919906954, "faithfulness_gap": 0.6985025770013098, "stability": 0.9719373473185053}, "explanation": {"top_features": ["education-num: 0.2375", "relationship_Wife: 0.1820", "occupation_Exec-managerial: 0.1545", "marital-status_Married-civ-spouse: 0.1111", "age: -0.0843", "relationship_Husband: -0.0335", "capital-gain: -0.0269", "education_HS-grad: 0.0233", "education_Masters: 0.0198", "marital-status_Never-married: 0.0184"], "raw_top": {"education-num": 0.2375086993456335, "relationship_Wife": 0.18200439867864493, "occupation_Exec-managerial": 0.15452333728737738, "marital-status_Married-civ-spouse": 0.11106241107121459, "age": -0.08425750116945699, "relationship_Husband": -0.033538650244659296, "capital-gain": -0.026925072992904475, "education_HS-grad": 0.02326555994042755, "education_Masters": 0.01977935680389762, "marital-status_Never-married": 0.018357697372319723}}}