{"instance_id": 51, "quadrant": "FN", "true_label": 1, "prediction": 0, "prediction_correct": false, "metrics": {"cost": 44867.994328029454, "sparsity": 0.09259259259259259, "fidelity": 0.7990240843380877, "faithfulness_gap": 0.10888425675366975, "stability": 0.6610096473966859}, "explanation": {"top_features": ["marital-status_Married-civ-spouse: 0.0524", "age: 0.0394", "capital-gain: -0.0373", "relationship_Husband: 0.0335", "occupation_Sales: 0.0260", "capital-loss: -0.0225", "fnlwgt: -0.0222", "hours-per-week: 0.0188", "education_Bachelors: -0.0181", "education-num: -0.0180"], "raw_top": {"marital-status_Married-civ-spouse": 0.05239425441238586, "age": 0.03938275734015875, "capital-gain": -0.03732360522312544, "relationship_Husband": 0.03351053527216016, "occupation_Sales": 0.02596969075359177, "capital-loss": -0.022517338518068093, "fnlwgt": -0.022219846499197834, "hours-per-week": 0.01881911368707246, "education_Bachelors": -0.018147951765312836, "education-num": -0.018036300527152823}}}