{"instance_id": 5480, "quadrant": "FN", "true_label": 1, "prediction": 0, "prediction_correct": false, "metrics": {"cost": 54425.98837497644, "sparsity": 0.09259259259259259, "fidelity": 0.8952776432114078, "faithfulness_gap": 0.0928787928845598, "stability": 0.8044686959693372}, "explanation": {"top_features": ["education-num: -0.0657", "marital-status_Married-civ-spouse: 0.0407", "capital-gain: -0.0311", "education_HS-grad: -0.0267", "capital-loss: -0.0251", "fnlwgt: 0.0199", "age: 0.0136", "relationship_Husband: 0.0107", "education_Bachelors: -0.0077", "occupation_Craft-repair: -0.0058"], "raw_top": {"education-num": -0.06570549879224126, "marital-status_Married-civ-spouse": 0.04070843543768997, "capital-gain": -0.031077052836879542, "education_HS-grad": -0.02670476210880331, "capital-loss": -0.025060849322149706, "fnlwgt": 0.019907889750261448, "age": 0.013557120667301189, "relationship_Husband": 0.010745441839388333, "education_Bachelors": -0.007691315690330515, "occupation_Craft-repair": -0.005810841777209627}}}