{"instance_id": 5584, "quadrant": "TP", "true_label": 1, "prediction": 1, "prediction_correct": true, "metrics": {"cost": 45661.452758999076, "sparsity": 0.09259259259259259, "fidelity": 0.9858816548774051, "faithfulness_gap": 0.7480241372401146, "stability": 0.9579060222044233}, "explanation": {"top_features": ["education-num: 0.1836", "occupation_Exec-managerial: 0.1812", "marital-status_Married-civ-spouse: 0.1037", "relationship_Husband: 0.0670", "hours-per-week: 0.0583", "workclass_Self-emp-inc: 0.0295", "marital-status_Never-married: 0.0171", "education_HS-grad: 0.0158", "age: 0.0108", "relationship_Own-child: 0.0093"], "raw_top": {"education-num": 0.18360416371181013, "occupation_Exec-managerial": 0.18119824761888373, "marital-status_Married-civ-spouse": 0.1036790382640307, "relationship_Husband": 0.06700834682786716, "hours-per-week": 0.05830889420887562, "workclass_Self-emp-inc": 0.029549046712398445, "marital-status_Never-married": 0.017061622698089286, "education_HS-grad": 0.01575541895076247, "age": 0.010802235615072, "relationship_Own-child": 0.009348531217436062}}}