{"instance_id": 5613, "quadrant": "FP", "true_label": 0, "prediction": 1, "prediction_correct": false, "metrics": {"cost": 39512.78487601667, "sparsity": 0.09259259259259259, "fidelity": 0.9812795732152786, "faithfulness_gap": 0.4502852364121025, "stability": 0.9832546095346519}, "explanation": {"top_features": ["capital-loss: 0.3273", "occupation_Machine-op-inspct: -0.1018", "marital-status_Married-civ-spouse: 0.0951", "relationship_Husband: 0.0511", "age: -0.0331", "hours-per-week: -0.0309", "race_Black: -0.0270", "education_Some-college: 0.0175", "capital-gain: -0.0134", "marital-status_Never-married: 0.0116"], "raw_top": {"capital-loss": 0.3273086208003572, "occupation_Machine-op-inspct": -0.10180274995254442, "marital-status_Married-civ-spouse": 0.09508566979616447, "relationship_Husband": 0.05112704370071925, "age": -0.03306381674843599, "hours-per-week": -0.03092314009884746, "race_Black": -0.026985203289359758, "education_Some-college": 0.01747428608867448, "capital-gain": -0.013376887570498685, "marital-status_Never-married": 0.011582505352228323}}}