{"instance_id": 5836, "quadrant": "FP", "true_label": 0, "prediction": 1, "prediction_correct": false, "metrics": {"cost": 40971.10874200007, "sparsity": 0.09259259259259259, "fidelity": 0.9457981897787366, "faithfulness_gap": 0.34844237220884344, "stability": 0.9068839001744307}, "explanation": {"top_features": ["occupation_Exec-managerial: 0.1569", "workclass_Self-emp-not-inc: -0.1248", "education-num: 0.1143", "marital-status_Married-civ-spouse: 0.0882", "relationship_Husband: 0.0434", "capital-gain: -0.0403", "workclass_Private: -0.0381", "hours-per-week: 0.0309", "education_HS-grad: 0.0185", "marital-status_Never-married: 0.0162"], "raw_top": {"occupation_Exec-managerial": 0.15685398060517455, "workclass_Self-emp-not-inc": -0.12482690787646139, "education-num": 0.11429474025197515, "marital-status_Married-civ-spouse": 0.08823336593126987, "relationship_Husband": 0.04336065111328851, "capital-gain": -0.040265478044822695, "workclass_Private": -0.03812276096158534, "hours-per-week": 0.030892537278485604, "education_HS-grad": 0.01854045428790929, "marital-status_Never-married": 0.01617639552253653}}}