{"instance_id": 5899, "quadrant": "FP", "true_label": 0, "prediction": 1, "prediction_correct": false, "metrics": {"cost": 43196.243551996304, "sparsity": 0.09259259259259259, "fidelity": 0.9466239989182643, "faithfulness_gap": 0.3806815659047704, "stability": 0.9200115087197752}, "explanation": {"top_features": ["education-num: 0.1782", "occupation_Exec-managerial: 0.1403", "workclass_Self-emp-not-inc: -0.1029", "marital-status_Married-civ-spouse: 0.0989", "workclass_Private: -0.0570", "relationship_Husband: 0.0530", "age: 0.0338", "education_HS-grad: 0.0163", "education_Bachelors: 0.0117", "marital-status_Never-married: 0.0108"], "raw_top": {"education-num": 0.17823906579952925, "occupation_Exec-managerial": 0.1403410926923733, "workclass_Self-emp-not-inc": -0.10292662956164211, "marital-status_Married-civ-spouse": 0.09890265573464792, "workclass_Private": -0.05695389500343647, "relationship_Husband": 0.053020508631558286, "age": 0.033824953949512786, "education_HS-grad": 0.016349750883176292, "education_Bachelors": 0.01172662896197818, "marital-status_Never-married": 0.010843232197025085}}}