{"instance_id": 6817, "quadrant": "TN", "true_label": 0, "prediction": 0, "prediction_correct": true, "metrics": {"cost": 47577.319389005424, "sparsity": 0.09259259259259259, "fidelity": 0.9558463001597127, "faithfulness_gap": 0.1269456860255078, "stability": 0.9480687024603093}, "explanation": {"top_features": ["education-num: -0.1016", "hours-per-week: -0.0479", "marital-status_Married-civ-spouse: 0.0212", "capital-gain: -0.0211", "capital-loss: -0.0113", "age: 0.0111", "relationship_Husband: 0.0085", "education_HS-grad: 0.0051", "education_7th-8th: 0.0044", "education_Bachelors: -0.0043"], "raw_top": {"education-num": -0.10160189255962307, "hours-per-week": -0.047944543550626, "marital-status_Married-civ-spouse": 0.021201706287301243, "capital-gain": -0.021072220764196754, "capital-loss": -0.011324389440536918, "age": 0.011080789757167928, "relationship_Husband": 0.008508383243962477, "education_HS-grad": 0.005144145798856549, "education_7th-8th": 0.0043940989330597535, "education_Bachelors": -0.004315085852682705}}}