{"instance_id": 7122, "quadrant": "FP", "true_label": 0, "prediction": 1, "prediction_correct": false, "metrics": {"cost": 35402.9749299807, "sparsity": 0.09259259259259259, "fidelity": 0.9802755429962897, "faithfulness_gap": 0.44580928277929666, "stability": 0.944259170149128}, "explanation": {"top_features": ["occupation_Exec-managerial: 0.2154", "education-num: 0.1147", "marital-status_Married-civ-spouse: 0.0920", "age: -0.0845", "relationship_Husband: 0.0460", "capital-gain: -0.0367", "education_HS-grad: 0.0210", "capital-loss: -0.0165", "education_Assoc-acdm: -0.0159", "marital-status_Never-married: 0.0155"], "raw_top": {"occupation_Exec-managerial": 0.21536627978742215, "education-num": 0.1147152850942062, "marital-status_Married-civ-spouse": 0.09196508690473323, "age": -0.08446214593004002, "relationship_Husband": 0.04596437667084079, "capital-gain": -0.036680998875041906, "education_HS-grad": 0.02099763262205167, "capital-loss": -0.01650584772259169, "education_Assoc-acdm": -0.015857477520588303, "marital-status_Never-married": 0.015458538207045076}}}