{"instance_id": 7506, "quadrant": "FP", "true_label": 0, "prediction": 1, "prediction_correct": false, "metrics": {"cost": 42516.38913201168, "sparsity": 0.09259259259259259, "fidelity": 0.952616984705661, "faithfulness_gap": 0.5938755705675708, "stability": 0.9453288773791907}, "explanation": {"top_features": ["occupation_Exec-managerial: 0.2317", "education-num: 0.1439", "marital-status_Married-civ-spouse: 0.1029", "relationship_Husband: 0.0677", "age: -0.0438", "hours-per-week: 0.0383", "capital-gain: -0.0289", "education_HS-grad: 0.0182", "marital-status_Never-married: 0.0166", "relationship_Own-child: 0.0093"], "raw_top": {"occupation_Exec-managerial": 0.23172307527924121, "education-num": 0.1439141227494646, "marital-status_Married-civ-spouse": 0.10285674408074258, "relationship_Husband": 0.06765375536012869, "age": -0.04377582183714515, "hours-per-week": 0.038255459824389555, "capital-gain": -0.028912654289277806, "education_HS-grad": 0.018182995263109833, "marital-status_Never-married": 0.016552705546774373, "relationship_Own-child": 0.009279460456687486}}}