{"instance_id": 7513, "quadrant": "FN", "true_label": 1, "prediction": 0, "prediction_correct": false, "metrics": {"cost": 36340.29262198601, "sparsity": 0.09259259259259259, "fidelity": 0.5933548140170548, "faithfulness_gap": 0.024142461799424392, "stability": 0.9391029939112651}, "explanation": {"top_features": ["occupation_Exec-managerial: 0.0646", "marital-status_Married-civ-spouse: -0.0486", "relationship_Husband: -0.0274", "workclass_Private: -0.0234", "education-num: -0.0209", "capital-gain: -0.0178", "hours-per-week: -0.0172", "marital-status_Divorced: -0.0132", "fnlwgt: -0.0109", "capital-loss: -0.0080"], "raw_top": {"occupation_Exec-managerial": 0.06458369829850723, "marital-status_Married-civ-spouse": -0.048571512733835066, "relationship_Husband": -0.02739881496266068, "workclass_Private": -0.023443721866912452, "education-num": -0.020932872198983196, "capital-gain": -0.01778948046539179, "hours-per-week": -0.017220204791321733, "marital-status_Divorced": -0.013176013223345365, "fnlwgt": -0.010880040708968032, "capital-loss": -0.007966894091123639}}}