{"instance_id": 7691, "quadrant": "FP", "true_label": 0, "prediction": 1, "prediction_correct": false, "metrics": {"cost": 35277.445669984445, "sparsity": 0.09259259259259259, "fidelity": 0.9801745610109087, "faithfulness_gap": 0.6241678923804685, "stability": 0.960062562285708}, "explanation": {"top_features": ["occupation_Exec-managerial: 0.2656", "marital-status_Married-civ-spouse: 0.0912", "age: 0.0568", "relationship_Husband: 0.0429", "education_Some-college: 0.0393", "education_HS-grad: 0.0212", "marital-status_Never-married: 0.0108", "fnlwgt: 0.0079", "relationship_Not-in-family: 0.0057", "sex_Female: 0.0035"], "raw_top": {"occupation_Exec-managerial": 0.26563046889365505, "marital-status_Married-civ-spouse": 0.0911718711329258, "age": 0.056846670276070536, "relationship_Husband": 0.04290744595360134, "education_Some-college": 0.03930098774114182, "education_HS-grad": 0.02123185079415674, "marital-status_Never-married": 0.010751830719592416, "fnlwgt": 0.007916716309503666, "relationship_Not-in-family": 0.005701377016060655, "sex_Female": 0.0034953746193868707}}}