{"instance_id": 7703, "quadrant": "TP", "true_label": 1, "prediction": 1, "prediction_correct": true, "metrics": {"cost": 35431.566409999505, "sparsity": 0.09259259259259259, "fidelity": 0.9787522726001291, "faithfulness_gap": 0.5390023710473583, "stability": 0.9964973259785992}, "explanation": {"top_features": ["capital-gain: 0.5286", "age: -0.1671", "hours-per-week: 0.0448", "marital-status_Married-civ-spouse: 0.0244", "relationship_Husband: 0.0233", "education-num: -0.0172", "native-country_United-States: -0.0144", "native-country_Ecuador: 0.0141", "sex_Male: 0.0096", "sex_Female: 0.0089"], "raw_top": {"capital-gain": 0.528624886123095, "age": -0.16714740131018246, "hours-per-week": 0.04479904748979707, "marital-status_Married-civ-spouse": 0.024430954993675782, "relationship_Husband": 0.02333086413740355, "education-num": -0.017171497744501562, "native-country_United-States": -0.014433073675294283, "native-country_Ecuador": 0.014102683221040725, "sex_Male": 0.009609797060407748, "sex_Female": 0.008893590582300746}}}