{"instance_id": 797, "quadrant": "TP", "true_label": 1, "prediction": 1, "prediction_correct": true, "metrics": {"cost": 50458.25613600027, "sparsity": 0.09259259259259259, "fidelity": 0.9843834421428721, "faithfulness_gap": 0.6433794963449152, "stability": 0.9679801231655503}, "explanation": {"top_features": ["education-num: 0.2106", "occupation_Prof-specialty: 0.1679", "marital-status_Married-civ-spouse: 0.0803", "relationship_Husband: 0.0577", "hours-per-week: 0.0261", "age: 0.0148", "race_Asian-Pac-Islander: 0.0147", "marital-status_Never-married: 0.0120", "education_HS-grad: 0.0037", "relationship_Not-in-family: 0.0033"], "raw_top": {"education-num": 0.2106416624579008, "occupation_Prof-specialty": 0.1678790741942391, "marital-status_Married-civ-spouse": 0.08030905535033205, "relationship_Husband": 0.05766333937927777, "hours-per-week": 0.026125410794547388, "age": 0.01479743050182804, "race_Asian-Pac-Islander": 0.014723591977442696, "marital-status_Never-married": 0.011953828235212951, "education_HS-grad": 0.0037077505158480085, "relationship_Not-in-family": 0.0033170275374413416}}}