{"instance_id": 8043, "quadrant": "TP", "true_label": 1, "prediction": 1, "prediction_correct": true, "metrics": {"cost": 42789.44284300087, "sparsity": 0.09259259259259259, "fidelity": 0.9222803527416746, "faithfulness_gap": 0.7613900947189576, "stability": 0.973727282751322}, "explanation": {"top_features": ["capital-loss: 0.1931", "education-num: 0.1409", "relationship_Wife: 0.1171", "marital-status_Married-civ-spouse: 0.1154", "occupation_Exec-managerial: 0.1006", "relationship_Husband: -0.0442", "workclass_Federal-gov: 0.0218", "marital-status_Never-married: 0.0116", "relationship_Not-in-family: 0.0074", "education_HS-grad: 0.0049"], "raw_top": {"capital-loss": 0.19311091415878104, "education-num": 0.14091245109715703, "relationship_Wife": 0.11705963194105194, "marital-status_Married-civ-spouse": 0.1153531018349987, "occupation_Exec-managerial": 0.10058046339989894, "relationship_Husband": -0.0442219769855609, "workclass_Federal-gov": 0.02177399533831111, "marital-status_Never-married": 0.011630897018716103, "relationship_Not-in-family": 0.007415391464691396, "education_HS-grad": 0.0049434802443932835}}}