{"instance_id": 8141, "quadrant": "TP", "true_label": 1, "prediction": 1, "prediction_correct": true, "metrics": {"cost": 35563.92859200423, "sparsity": 0.09259259259259259, "fidelity": 0.998890879241726, "faithfulness_gap": 0.8101503189089508, "stability": 0.9995602281260919}, "explanation": {"top_features": ["capital-gain: 0.7870", "education-num: -0.0272", "marital-status_Married-civ-spouse: 0.0184", "workclass_Self-emp-not-inc: -0.0144", "hours-per-week: 0.0120", "relationship_Husband: 0.0099", "capital-loss: -0.0094", "age: 0.0064", "workclass_Private: -0.0051", "marital-status_Never-married: 0.0033"], "raw_top": {"capital-gain": 0.7870081748938867, "education-num": -0.02717735700283457, "marital-status_Married-civ-spouse": 0.018389005864655028, "workclass_Self-emp-not-inc": -0.014394291249923865, "hours-per-week": 0.011964703497551334, "relationship_Husband": 0.009943991689581046, "capital-loss": -0.009437510447870988, "age": 0.006418469907397562, "workclass_Private": -0.00506589364840182, "marital-status_Never-married": 0.0033256641956834728}}}