{"instance_id": 8190, "quadrant": "TP", "true_label": 1, "prediction": 1, "prediction_correct": true, "metrics": {"cost": 52142.57101900148, "sparsity": 0.09259259259259259, "fidelity": 0.9922406859293535, "faithfulness_gap": 0.6006337488022112, "stability": 0.9780877492356999}, "explanation": {"top_features": ["capital-loss: 0.3224", "marital-status_Married-civ-spouse: 0.0924", "hours-per-week: 0.0698", "relationship_Husband: 0.0517", "education-num: -0.0473", "occupation_Craft-repair: -0.0445", "marital-status_Never-married: 0.0151", "age: 0.0108", "education_HS-grad: 0.0086", "relationship_Own-child: 0.0061"], "raw_top": {"capital-loss": 0.3223930486806379, "marital-status_Married-civ-spouse": 0.092419752888582, "hours-per-week": 0.06979709966178459, "relationship_Husband": 0.051677914464643475, "education-num": -0.047328205192709964, "occupation_Craft-repair": -0.04448560212463305, "marital-status_Never-married": 0.015122617279328308, "age": 0.010833094297317264, "education_HS-grad": 0.008627978753595056, "relationship_Own-child": 0.006121481616902354}}}