{"instance_id": 8324, "quadrant": "FN", "true_label": 1, "prediction": 0, "prediction_correct": false, "metrics": {"cost": 35800.336596003035, "sparsity": 0.09259259259259259, "fidelity": 0.8994834151637131, "faithfulness_gap": 0.015552001464244264, "stability": 0.7906659658225148}, "explanation": {"top_features": ["education-num: -0.0550", "marital-status_Married-civ-spouse: 0.0332", "capital-gain: -0.0320", "capital-loss: -0.0225", "relationship_Husband: 0.0119", "education_HS-grad: -0.0112", "education_Bachelors: -0.0076", "age: -0.0037", "occupation_Craft-repair: -0.0037", "hours-per-week: -0.0029"], "raw_top": {"education-num": -0.055008441015171036, "marital-status_Married-civ-spouse": 0.03317807927622948, "capital-gain": -0.03195754047512295, "capital-loss": -0.022532930201036087, "relationship_Husband": 0.011854804420558657, "education_HS-grad": -0.011232591157353674, "education_Bachelors": -0.007608936345714367, "age": -0.0036946195502577488, "occupation_Craft-repair": -0.0036939960236863855, "hours-per-week": -0.0029238346791259084}}}