{"instance_id": 8416, "quadrant": "TN", "true_label": 0, "prediction": 0, "prediction_correct": true, "metrics": {"cost": 42303.77294799837, "sparsity": 0.09259259259259259, "fidelity": 0.8717119758513047, "faithfulness_gap": 0.008550958094718855, "stability": 0.8887567547961581}, "explanation": {"top_features": ["occupation_Exec-managerial: 0.0788", "marital-status_Married-civ-spouse: -0.0614", "relationship_Husband: -0.0303", "age: -0.0281", "hours-per-week: -0.0242", "marital-status_Never-married: -0.0194", "race_White: -0.0189", "capital-gain: -0.0177", "native-country_United-States: -0.0123", "relationship_Not-in-family: -0.0118"], "raw_top": {"occupation_Exec-managerial": 0.07878739299621516, "marital-status_Married-civ-spouse": -0.06137319284496715, "relationship_Husband": -0.03032680005894475, "age": -0.028071817975566852, "hours-per-week": -0.02424287474149926, "marital-status_Never-married": -0.019448646514513238, "race_White": -0.01892804363077696, "capital-gain": -0.01769802870084579, "native-country_United-States": -0.012315161068816426, "relationship_Not-in-family": -0.011842839508904301}}}