{"instance_id": 8487, "quadrant": "FN", "true_label": 1, "prediction": 0, "prediction_correct": false, "metrics": {"cost": 39617.50542296795, "sparsity": 0.09259259259259259, "fidelity": 0.9549916853899981, "faithfulness_gap": 0.3023987872447356, "stability": 0.9432046496208477}, "explanation": {"top_features": ["occupation_Prof-specialty: 0.1366", "relationship_Wife: 0.1243", "education-num: -0.0683", "marital-status_Married-civ-spouse: 0.0642", "education_HS-grad: -0.0356", "age: 0.0337", "capital-gain: -0.0283", "relationship_Husband: -0.0236", "capital-loss: -0.0191", "workclass_State-gov: 0.0183"], "raw_top": {"occupation_Prof-specialty": 0.13658228638800732, "relationship_Wife": 0.12425309799337626, "education-num": -0.06830137826695579, "marital-status_Married-civ-spouse": 0.06419297508439172, "education_HS-grad": -0.03564152936488615, "age": 0.033730221344929236, "capital-gain": -0.02833712809030216, "relationship_Husband": -0.02360661558660857, "capital-loss": -0.01914905970153711, "workclass_State-gov": 0.018331440633202245}}}