{"instance_id": 8540, "quadrant": "FP", "true_label": 0, "prediction": 1, "prediction_correct": false, "metrics": {"cost": 34655.60360800009, "sparsity": 0.09259259259259259, "fidelity": 0.9921168056733218, "faithfulness_gap": 0.4552130440429268, "stability": 0.9734823917346082}, "explanation": {"top_features": ["age: -0.1857", "occupation_Prof-specialty: 0.1699", "education-num: 0.1681", "relationship_Wife: 0.1549", "marital-status_Married-civ-spouse: 0.0845", "relationship_Husband: -0.0389", "education_Bachelors: 0.0252", "capital-gain: -0.0240", "education_HS-grad: 0.0152", "marital-status_Never-married: 0.0124"], "raw_top": {"age": -0.1857110283757912, "occupation_Prof-specialty": 0.1698866177609706, "education-num": 0.1680564322884181, "relationship_Wife": 0.15493918638370058, "marital-status_Married-civ-spouse": 0.0845390519129494, "relationship_Husband": -0.038919272358500595, "education_Bachelors": 0.025238704146407918, "capital-gain": -0.024043590783592583, "education_HS-grad": 0.015155531026908335, "marital-status_Never-married": 0.012374259146866318}}}