{"instance_id": 8575, "quadrant": "TN", "true_label": 0, "prediction": 0, "prediction_correct": true, "metrics": {"cost": 42453.79296698957, "sparsity": 0.09259259259259259, "fidelity": 0.8407661614246473, "faithfulness_gap": 0.0630448397178651, "stability": 0.9061013278187836}, "explanation": {"top_features": ["age: -0.0546", "marital-status_Married-civ-spouse: -0.0440", "occupation_Sales: 0.0296", "relationship_Husband: -0.0216", "capital-gain: -0.0181", "relationship_Own-child: -0.0153", "marital-status_Never-married: -0.0151", "capital-loss: -0.0096", "education_Bachelors: -0.0054", "education_Assoc-voc: -0.0036"], "raw_top": {"age": -0.054570425036456316, "marital-status_Married-civ-spouse": -0.044005921119455546, "occupation_Sales": 0.029633403598817516, "relationship_Husband": -0.021569361982102447, "capital-gain": -0.018119572451715922, "relationship_Own-child": -0.015295202626509838, "marital-status_Never-married": -0.01505693771676743, "capital-loss": -0.009603147292325757, "education_Bachelors": -0.005419828970768693, "education_Assoc-voc": -0.0036174914905378053}}}