{"instance_id": 8763, "quadrant": "TP", "true_label": 1, "prediction": 1, "prediction_correct": true, "metrics": {"cost": 40566.30392799707, "sparsity": 0.09259259259259259, "fidelity": 0.9764922545129071, "faithfulness_gap": 0.4104529943902286, "stability": 0.9778338118541978}, "explanation": {"top_features": ["education-num: 0.2397", "occupation_Exec-managerial: 0.1331", "marital-status_Married-civ-spouse: -0.1043", "education_Doctorate: 0.0741", "relationship_Husband: -0.0495", "age: 0.0401", "marital-status_Divorced: -0.0391", "hours-per-week: 0.0278", "capital-gain: -0.0261", "marital-status_Never-married: 0.0116"], "raw_top": {"education-num": 0.23966040289761945, "occupation_Exec-managerial": 0.13312110126246912, "marital-status_Married-civ-spouse": -0.10425376496942128, "education_Doctorate": 0.07409968165411446, "relationship_Husband": -0.04951625976005292, "age": 0.04010316747847817, "marital-status_Divorced": -0.03911499484337877, "hours-per-week": 0.02784011654517954, "capital-gain": -0.026082665741874605, "marital-status_Never-married": 0.011578425602699727}}}