{"instance_id": 8880, "quadrant": "FP", "true_label": 0, "prediction": 1, "prediction_correct": false, "metrics": {"cost": 51639.96802398469, "sparsity": 0.09259259259259259, "fidelity": 0.986454422713813, "faithfulness_gap": 0.5708005153892333, "stability": 0.9587818888123866}, "explanation": {"top_features": ["education-num: 0.2432", "occupation_Prof-specialty: 0.1411", "marital-status_Married-civ-spouse: 0.1026", "age: -0.0579", "relationship_Husband: 0.0517", "hours-per-week: 0.0471", "capital-gain: -0.0334", "marital-status_Never-married: 0.0157", "education_HS-grad: 0.0087", "education_Masters: 0.0061"], "raw_top": {"education-num": 0.24317173040158674, "occupation_Prof-specialty": 0.1411293034194881, "marital-status_Married-civ-spouse": 0.10261891909435063, "age": -0.05793154641288061, "relationship_Husband": 0.05166996202447305, "hours-per-week": 0.04709903282794709, "capital-gain": -0.03344141341168073, "marital-status_Never-married": 0.01574029123566778, "education_HS-grad": 0.008729040819070196, "education_Masters": 0.006087910541543784}}}