{"instance_id": 9065, "quadrant": "FP", "true_label": 0, "prediction": 1, "prediction_correct": false, "metrics": {"cost": 41812.572351976996, "sparsity": 0.09259259259259259, "fidelity": 0.8774775600784792, "faithfulness_gap": 0.3659169532204705, "stability": 0.9634021810229837}, "explanation": {"top_features": ["education-num: 0.2097", "occupation_Prof-specialty: 0.1140", "marital-status_Married-civ-spouse: 0.0855", "capital-gain: 0.0788", "fnlwgt: -0.0630", "relationship_Husband: -0.0626", "native-country_China: -0.0540", "age: 0.0487", "native-country_United-States: -0.0447", "relationship_Not-in-family: -0.0434"], "raw_top": {"education-num": 0.2097383318523316, "occupation_Prof-specialty": 0.1140295463141951, "marital-status_Married-civ-spouse": 0.08550244413518338, "capital-gain": 0.0787908612002869, "fnlwgt": -0.06303571485279681, "relationship_Husband": -0.06259700768799091, "native-country_China": -0.05395322210817235, "age": 0.048699336903757384, "native-country_United-States": -0.0446805064882293, "relationship_Not-in-family": -0.04341754608128961}}}