{"instance_id": 9281, "quadrant": "TP", "true_label": 1, "prediction": 1, "prediction_correct": true, "metrics": {"cost": 49434.67629999941, "sparsity": 0.09259259259259259, "fidelity": 0.9808719724100321, "faithfulness_gap": 0.7353605554512093, "stability": 0.97335278740928}, "explanation": {"top_features": ["occupation_Exec-managerial: 0.1859", "education-num: 0.1780", "marital-status_Married-civ-spouse: 0.1098", "relationship_Husband: 0.0641", "age: 0.0404", "hours-per-week: 0.0353", "workclass_Self-emp-inc: 0.0292", "education_HS-grad: 0.0186", "marital-status_Never-married: 0.0126", "relationship_Not-in-family: 0.0039"], "raw_top": {"occupation_Exec-managerial": 0.18590668738616983, "education-num": 0.17797649743292845, "marital-status_Married-civ-spouse": 0.10978335909797077, "relationship_Husband": 0.06405416787224012, "age": 0.04038070267732605, "hours-per-week": 0.0353425271085169, "workclass_Self-emp-inc": 0.0291805183611054, "education_HS-grad": 0.018621001609535687, "marital-status_Never-married": 0.012553646129542354, "relationship_Not-in-family": 0.003853226626137851}}}