{"instance_id": 9503, "quadrant": "TP", "true_label": 1, "prediction": 1, "prediction_correct": true, "metrics": {"cost": 56676.19377101073, "sparsity": 0.09259259259259259, "fidelity": 0.7740949447867782, "faithfulness_gap": 0.7102317709985614, "stability": 0.9700963627049832}, "explanation": {"top_features": ["education-num: 0.1845", "capital-loss: 0.1591", "marital-status_Married-civ-spouse: 0.1334", "relationship_Wife: 0.1322", "occupation_Prof-specialty: 0.0741", "relationship_Husband: -0.0401", "race_Black: -0.0251", "workclass_Local-gov: -0.0225", "race_White: -0.0218", "age: 0.0210"], "raw_top": {"education-num": 0.18454644088720318, "capital-loss": 0.15913430380721996, "marital-status_Married-civ-spouse": 0.13337975978489597, "relationship_Wife": 0.13220711612358055, "occupation_Prof-specialty": 0.07408119595650771, "relationship_Husband": -0.04010945495598738, "race_Black": -0.02505257443813663, "workclass_Local-gov": -0.02250801185183425, "race_White": -0.02183381899993675, "age": 0.021008193754624465}}}