{"instance_id": 9610, "quadrant": "FP", "true_label": 0, "prediction": 1, "prediction_correct": false, "metrics": {"cost": 36043.07510799845, "sparsity": 0.09259259259259259, "fidelity": 0.9465044664591833, "faithfulness_gap": 0.31192938959652106, "stability": 0.8799822749427291}, "explanation": {"top_features": ["education-num: 0.1479", "marital-status_Married-civ-spouse: 0.0807", "relationship_Husband: 0.0502", "education_Bachelors: 0.0446", "capital-gain: -0.0355", "hours-per-week: 0.0280", "occupation_Craft-repair: -0.0262", "fnlwgt: -0.0232", "capital-loss: -0.0156", "marital-status_Never-married: 0.0129"], "raw_top": {"education-num": 0.1479266528508902, "marital-status_Married-civ-spouse": 0.08073802512780653, "relationship_Husband": 0.050168303231343275, "education_Bachelors": 0.04461564421827663, "capital-gain": -0.03554396465692544, "hours-per-week": 0.028006309338429222, "occupation_Craft-repair": -0.026248732493325856, "fnlwgt": -0.0231901854847972, "capital-loss": -0.015622637687591923, "marital-status_Never-married": 0.012930831423559462}}}