{"instance_id": 1060, "quadrant": "TP", "true_label": 1, "prediction": 1, "prediction_correct": true, "metrics": {"cost": 1022.519645979628, "sparsity": 0.09259259259259259, "fidelity": 0.977120638843971, "faithfulness_gap": 0.14530718699036316, "stability": 0.9646365502941877}, "explanation": {"top_features": ["capital-gain: 0.7248", "race_Black: -0.0938", "age: -0.0771", "marital-status_Married-civ-spouse: 0.0632", "race_White: 0.0508", "education-num: 0.0390", "education_Bachelors: -0.0340", "education_HS-grad: 0.0287", "occupation_Sales: -0.0278", "relationship_Husband: -0.0244"], "raw_top": {"capital-gain": 0.724827854710732, "race_Black": -0.09381680718530074, "age": -0.07708337343114106, "marital-status_Married-civ-spouse": 0.06320757331153284, "race_White": 0.05076222919780049, "education-num": 0.03898316981312294, "education_Bachelors": -0.033991848056055714, "education_HS-grad": 0.028651440081083543, "occupation_Sales": -0.02782689808076495, "relationship_Husband": -0.02441304618656126}}}