{"instance_id": 1290, "quadrant": "FP", "true_label": 0, "prediction": 1, "prediction_correct": false, "metrics": {"cost": 644.3089740350842, "sparsity": 0.09259259259259259, "fidelity": 0.6542499139585889, "faithfulness_gap": 0.4906948909586112, "stability": 0.08199808702367241}, "explanation": {"top_features": ["marital-status_Married-civ-spouse: 0.1068", "occupation_Prof-specialty: -0.1007", "education-num: 0.0985", "education_HS-grad: 0.0880", "fnlwgt: -0.0688", "marital-status_Never-married: 0.0682", "relationship_Husband: 0.0572", "age: 0.0329", "relationship_Not-in-family: -0.0292", "relationship_Own-child: 0.0167"], "raw_top": {"marital-status_Married-civ-spouse": 0.10678208259671496, "occupation_Prof-specialty": -0.10070539704307302, "education-num": 0.09852868495521548, "education_HS-grad": 0.08799318283930273, "fnlwgt": -0.0687748671728906, "marital-status_Never-married": 0.06820938255119606, "relationship_Husband": 0.057224269990452076, "age": 0.03293842191701196, "relationship_Not-in-family": -0.029195187697786285, "relationship_Own-child": 0.01670114024666403}}}