{"instance_id": 1304, "quadrant": "FN", "true_label": 1, "prediction": 0, "prediction_correct": false, "metrics": {"cost": 475.4361480008811, "sparsity": 0.09259259259259259, "fidelity": 0.8058056782288714, "faithfulness_gap": 0.039437172005040544, "stability": 0.17413977998533323}, "explanation": {"top_features": ["occupation_Machine-op-inspct: -0.2224", "marital-status_Married-civ-spouse: 0.1222", "education_HS-grad: -0.1081", "hours-per-week: 0.0580", "relationship_Husband: 0.0491", "marital-status_Never-married: 0.0299", "education-num: -0.0254", "fnlwgt: 0.0233", "education_Bachelors: 0.0191", "age: -0.0118"], "raw_top": {"occupation_Machine-op-inspct": -0.22236774729041855, "marital-status_Married-civ-spouse": 0.12220142382414426, "education_HS-grad": -0.10808278546552068, "hours-per-week": 0.05799872441843179, "relationship_Husband": 0.04912872405133924, "marital-status_Never-married": 0.029935269362931033, "education-num": -0.02538499169528141, "fnlwgt": 0.02334920523160016, "education_Bachelors": 0.01914510668412066, "age": -0.011836139308620847}}}