{"instance_id": 142, "quadrant": "TP", "true_label": 1, "prediction": 1, "prediction_correct": true, "metrics": {"cost": 388.6926049599424, "sparsity": 0.09259259259259259, "fidelity": 0.7856638330568322, "faithfulness_gap": 0.7425525595374485, "stability": 0.22711921756885528}, "explanation": {"top_features": ["education-num: 0.1714", "marital-status_Married-civ-spouse: 0.1484", "hours-per-week: -0.1330", "education_HS-grad: 0.0832", "relationship_Other-relative: 0.0307", "marital-status_Never-married: 0.0261", "workclass_Self-emp-not-inc: 0.0234", "fnlwgt: 0.0217", "capital-gain: 0.0195", "age: 0.0174"], "raw_top": {"education-num": 0.1713568522481827, "marital-status_Married-civ-spouse": 0.1484102899152792, "hours-per-week": -0.1330194124478951, "education_HS-grad": 0.08322636098764824, "relationship_Other-relative": 0.030696808162386915, "marital-status_Never-married": 0.026125567530678982, "workclass_Self-emp-not-inc": 0.023370746784283136, "fnlwgt": 0.02172236915205552, "capital-gain": 0.019537666136128472, "age": 0.017410554380796413}}}