{"instance_id": 1445, "quadrant": "FN", "true_label": 1, "prediction": 0, "prediction_correct": false, "metrics": {"cost": 313.69056296534836, "sparsity": 0.09259259259259259, "fidelity": 0.6445265333527423, "faithfulness_gap": 0.3017980646930092, "stability": 0.14725237621706266}, "explanation": {"top_features": ["occupation_Machine-op-inspct: -0.1193", "marital-status_Married-civ-spouse: 0.0774", "fnlwgt: -0.0729", "education_HS-grad: -0.0649", "age: -0.0608", "hours-per-week: -0.0397", "education-num: -0.0314", "education_Bachelors: 0.0200", "capital-loss: -0.0067", "sex_Male: -0.0056"], "raw_top": {"occupation_Machine-op-inspct": -0.1192737615536657, "marital-status_Married-civ-spouse": 0.07738768183471668, "fnlwgt": -0.07292903229308292, "education_HS-grad": -0.06486482677572976, "age": -0.06082977339202494, "hours-per-week": -0.03973422306985915, "education-num": -0.031416273491859006, "education_Bachelors": 0.020002021913643142, "capital-loss": -0.006694064837201439, "sex_Male": -0.005590929097790654}}}