{"instance_id": 1703, "quadrant": "FN", "true_label": 1, "prediction": 0, "prediction_correct": false, "metrics": {"cost": 346.1835019988939, "sparsity": 0.09259259259259259, "fidelity": 0.588525401262675, "faithfulness_gap": 0.3148186571306575, "stability": 0.11258819505414941}, "explanation": {"top_features": ["marital-status_Married-civ-spouse: 0.1451", "education_HS-grad: -0.1042", "occupation_Sales: -0.0962", "relationship_Husband: 0.0596", "marital-status_Never-married: 0.0495", "hours-per-week: 0.0406", "sex_Female: -0.0276", "education_Bachelors: 0.0253", "relationship_Not-in-family: -0.0227", "education-num: -0.0193"], "raw_top": {"marital-status_Married-civ-spouse": 0.14513330027651478, "education_HS-grad": -0.10417963237623087, "occupation_Sales": -0.0962192648681256, "relationship_Husband": 0.059643946814877946, "marital-status_Never-married": 0.049511416347083725, "hours-per-week": 0.0406353614649837, "sex_Female": -0.027604760471456526, "education_Bachelors": 0.025272207550037697, "relationship_Not-in-family": -0.022678620861401655, "education-num": -0.019289901396104116}}}