{"instance_id": 1743, "quadrant": "TN", "true_label": 0, "prediction": 0, "prediction_correct": true, "metrics": {"cost": 774.079094058834, "sparsity": 0.09259259259259259, "fidelity": 0.8344259898465818, "faithfulness_gap": 0.2811254086202108, "stability": 0.1442578534800588}, "explanation": {"top_features": ["occupation_Adm-clerical: -0.1271", "marital-status_Never-married: -0.1132", "marital-status_Married-civ-spouse: -0.1129", "education-num: 0.0726", "relationship_Not-in-family: 0.0678", "sex_Female: -0.0514", "age: -0.0512", "hours-per-week: 0.0430", "education_Bachelors: -0.0320", "relationship_Husband: -0.0211"], "raw_top": {"occupation_Adm-clerical": -0.12711231276431376, "marital-status_Never-married": -0.11324708150967965, "marital-status_Married-civ-spouse": -0.11291649795474933, "education-num": 0.07261546554537707, "relationship_Not-in-family": 0.06782711285115946, "sex_Female": -0.05137288392933875, "age": -0.051172249171414, "hours-per-week": 0.042970796878509576, "education_Bachelors": -0.03195484538970741, "relationship_Husband": -0.021145387589641094}}}