{"instance_id": 1846, "quadrant": "FP", "true_label": 0, "prediction": 1, "prediction_correct": false, "metrics": {"cost": 378.9385510608554, "sparsity": 0.09259259259259259, "fidelity": 0.8156287203529087, "faithfulness_gap": 0.24229328856842514, "stability": 0.24968201786930186}, "explanation": {"top_features": ["marital-status_Married-civ-spouse: 0.1765", "education_Some-college: -0.0940", "occupation_Exec-managerial: 0.0815", "age: 0.0810", "education_HS-grad: 0.0674", "marital-status_Never-married: 0.0642", "relationship_Husband: 0.0409", "hours-per-week: 0.0210", "sex_Female: 0.0178", "fnlwgt: 0.0057"], "raw_top": {"marital-status_Married-civ-spouse": 0.1765286229536609, "education_Some-college": -0.09403616286459945, "occupation_Exec-managerial": 0.08146868922620562, "age": 0.08098964103289721, "education_HS-grad": 0.06740472432137011, "marital-status_Never-married": 0.064226550041084, "relationship_Husband": 0.04089451704394924, "hours-per-week": 0.02097122046867778, "sex_Female": 0.01776250630758148, "fnlwgt": 0.005664275954243847}}}