{"instance_id": 1888, "quadrant": "TN", "true_label": 0, "prediction": 0, "prediction_correct": true, "metrics": {"cost": 670.0048020575196, "sparsity": 0.09259259259259259, "fidelity": 0.77354281325739, "faithfulness_gap": 0.023409151005782204, "stability": 0.6598111976318359}, "explanation": {"top_features": ["age: -0.1217", "marital-status_Never-married: -0.0803", "marital-status_Married-civ-spouse: -0.0596", "hours-per-week: -0.0526", "relationship_Own-child: 0.0521", "sex_Female: -0.0241", "occupation_Sales: -0.0222", "education_Some-college: -0.0192", "relationship_Husband: -0.0118", "education-num: -0.0112"], "raw_top": {"age": -0.1216608330745831, "marital-status_Never-married": -0.08032502452291752, "marital-status_Married-civ-spouse": -0.0595912765792308, "hours-per-week": -0.052632237764006086, "relationship_Own-child": 0.05208152147135364, "sex_Female": -0.02414191165198003, "occupation_Sales": -0.022193946142973656, "education_Some-college": -0.019156242777408038, "relationship_Husband": -0.011819795930946916, "education-num": -0.011248335817275875}}}