{"instance_id": 2221, "quadrant": "FN", "true_label": 1, "prediction": 0, "prediction_correct": false, "metrics": {"cost": 469.1362410085276, "sparsity": 0.09259259259259259, "fidelity": 0.7169944272405588, "faithfulness_gap": 0.504841559497833, "stability": 0.17040821686601942}, "explanation": {"top_features": ["marital-status_Married-civ-spouse: -0.1503", "marital-status_Widowed: 0.1458", "education_Some-college: -0.1201", "workclass_Private: 0.1143", "workclass_Self-emp-inc: -0.0824", "capital-gain: 0.0793", "relationship_Husband: -0.0788", "sex_Female: 0.0661", "education_HS-grad: 0.0541", "occupation_Exec-managerial: 0.0531"], "raw_top": {"marital-status_Married-civ-spouse": -0.150325927146135, "marital-status_Widowed": 0.14582191466062555, "education_Some-college": -0.1201379684416912, "workclass_Private": 0.1142675009705524, "workclass_Self-emp-inc": -0.08238790807351298, "capital-gain": 0.07932800037418032, "relationship_Husband": -0.07881045111374466, "sex_Female": 0.06612699260081359, "education_HS-grad": 0.05405852127298627, "occupation_Exec-managerial": 0.05306271142383459}}}