{"instance_id": 2273, "quadrant": "FN", "true_label": 1, "prediction": 0, "prediction_correct": false, "metrics": {"cost": 456.49014110676944, "sparsity": 0.09259259259259259, "fidelity": 0.6534089765871672, "faithfulness_gap": 0.0703654734189304, "stability": 0.1238793102879413}, "explanation": {"top_features": ["workclass_Self-emp-not-inc: -0.2221", "education_Assoc-voc: -0.1197", "marital-status_Married-civ-spouse: 0.1153", "age: 0.1098", "workclass_Private: 0.0727", "education_HS-grad: 0.0539", "sex_Female: 0.0445", "capital-gain: 0.0315", "education_Bachelors: 0.0264", "marital-status_Never-married: 0.0191"], "raw_top": {"workclass_Self-emp-not-inc": -0.22211436561284306, "education_Assoc-voc": -0.11971337279242747, "marital-status_Married-civ-spouse": 0.11528250723578012, "age": 0.10980322200890828, "workclass_Private": 0.07269014396973458, "education_HS-grad": 0.05391172863548455, "sex_Female": 0.04449976753023488, "capital-gain": 0.03151526558166673, "education_Bachelors": 0.02638372056780056, "marital-status_Never-married": 0.019055346747886476}}}