{"instance_id": 2348, "quadrant": "TN", "true_label": 0, "prediction": 0, "prediction_correct": true, "metrics": {"cost": 376.2877188855782, "sparsity": 0.09259259259259259, "fidelity": 0.42523415252387087, "faithfulness_gap": 0.1064262911120959, "stability": 0.7119812592366652}, "explanation": {"top_features": ["native-country_Iran: -0.1110", "hours-per-week: -0.0862", "race_Other: -0.0821", "education_Bachelors: -0.0710", "race_White: 0.0689", "workclass_Private: 0.0480", "marital-status_Married-civ-spouse: -0.0466", "workclass_Self-emp-not-inc: -0.0285", "marital-status_Divorced: -0.0240", "relationship_Husband: -0.0182"], "raw_top": {"native-country_Iran": -0.11101222641347923, "hours-per-week": -0.08617369347541683, "race_Other": -0.08205595203844479, "education_Bachelors": -0.07101341264616369, "race_White": 0.06885084105335146, "workclass_Private": 0.047958117408488266, "marital-status_Married-civ-spouse": -0.046563193461803536, "workclass_Self-emp-not-inc": -0.028507745113461817, "marital-status_Divorced": -0.023992579970389814, "relationship_Husband": -0.01818838580423034}}}