{"instance_id": 2629, "quadrant": "TN", "true_label": 0, "prediction": 0, "prediction_correct": true, "metrics": {"cost": 548.8990669837222, "sparsity": 0.09259259259259259, "fidelity": 0.8930900493837693, "faithfulness_gap": 0.44426436945812947, "stability": 0.8341273477819369}, "explanation": {"top_features": ["occupation_Priv-house-serv: -0.1831", "marital-status_Married-civ-spouse: -0.0573", "education_HS-grad: -0.0403", "sex_Female: -0.0364", "relationship_Husband: -0.0310", "relationship_Not-in-family: 0.0212", "hours-per-week: 0.0202", "education-num: -0.0197", "marital-status_Separated: -0.0182", "sex_Male: -0.0061"], "raw_top": {"occupation_Priv-house-serv": -0.18309013382283676, "marital-status_Married-civ-spouse": -0.05727318257505326, "education_HS-grad": -0.04027937203665434, "sex_Female": -0.03639158615599414, "relationship_Husband": -0.03103706927402832, "relationship_Not-in-family": 0.02117074963643308, "hours-per-week": 0.020199423105174863, "education-num": -0.019678931086583775, "marital-status_Separated": -0.018228995243560857, "sex_Male": -0.006089906098958869}}}