{"instance_id": 2678, "quadrant": "FN", "true_label": 1, "prediction": 0, "prediction_correct": false, "metrics": {"cost": 638.8403959572315, "sparsity": 0.09259259259259259, "fidelity": 0.6340756754675435, "faithfulness_gap": 0.055993410425723755, "stability": 0.19860869885675406}, "explanation": {"top_features": ["marital-status_Married-civ-spouse: 0.1842", "occupation_Craft-repair: -0.1171", "education-num: -0.1149", "relationship_Own-child: -0.0616", "marital-status_Never-married: 0.0606", "education_HS-grad: 0.0594", "education_Masters: -0.0311", "hours-per-week: -0.0302", "age: 0.0231", "fnlwgt: 0.0227"], "raw_top": {"marital-status_Married-civ-spouse": 0.18420541647247354, "occupation_Craft-repair": -0.1171318596243368, "education-num": -0.11492172354137133, "relationship_Own-child": -0.06157426078015082, "marital-status_Never-married": 0.06055556539143969, "education_HS-grad": 0.05938274593994564, "education_Masters": -0.031065361916683385, "hours-per-week": -0.030185741928818604, "age": 0.023063378493032645, "fnlwgt": 0.02273333364503663}}}