{"instance_id": 2685, "quadrant": "FN", "true_label": 1, "prediction": 0, "prediction_correct": false, "metrics": {"cost": 464.66459904331714, "sparsity": 0.09259259259259259, "fidelity": 0.5482399023897935, "faithfulness_gap": 0.03493429956384331, "stability": 0.04235516232503319}, "explanation": {"top_features": ["occupation_Prof-specialty: -0.1103", "education-num: 0.0872", "sex_Female: -0.0762", "marital-status_Married-civ-spouse: -0.0651", "education_HS-grad: 0.0649", "relationship_Not-in-family: 0.0600", "age: 0.0547", "sex_Male: 0.0529", "hours-per-week: 0.0481", "marital-status_Never-married: -0.0391"], "raw_top": {"occupation_Prof-specialty": -0.11025449081888192, "education-num": 0.08719594906695317, "sex_Female": -0.07623543245366496, "marital-status_Married-civ-spouse": -0.06509095942151563, "education_HS-grad": 0.06488697893032018, "relationship_Not-in-family": 0.06000468983943861, "age": 0.054675315001866086, "sex_Male": 0.05292415785974842, "hours-per-week": 0.04814370777764309, "marital-status_Never-married": -0.03914739838615838}}}