{"instance_id": 2693, "quadrant": "FN", "true_label": 1, "prediction": 0, "prediction_correct": false, "metrics": {"cost": 404.8924030503258, "sparsity": 0.09259259259259259, "fidelity": 0.8700747634810175, "faithfulness_gap": 0.14815843816608415, "stability": 0.31155581823999584}, "explanation": {"top_features": ["occupation_Transport-moving: -0.2114", "education_HS-grad: -0.1331", "marital-status_Married-civ-spouse: 0.0904", "hours-per-week: -0.0436", "relationship_Husband: 0.0320", "marital-status_Never-married: 0.0290", "education-num: -0.0252", "education_Bachelors: 0.0225", "fnlwgt: -0.0191", "capital-loss: -0.0162"], "raw_top": {"occupation_Transport-moving": -0.2113684218021138, "education_HS-grad": -0.13306058772057797, "marital-status_Married-civ-spouse": 0.09035141457828111, "hours-per-week": -0.043586032916567825, "relationship_Husband": 0.03202891262166731, "marital-status_Never-married": 0.0290454276325392, "education-num": -0.02523431474272732, "education_Bachelors": 0.022487272123706326, "fnlwgt": -0.01909098211843844, "capital-loss": -0.016158631324313624}}}