{"instance_id": 2734, "quadrant": "FP", "true_label": 0, "prediction": 1, "prediction_correct": false, "metrics": {"cost": 513.6270730290562, "sparsity": 0.09259259259259259, "fidelity": 0.6149090536387259, "faithfulness_gap": 0.717050317068063, "stability": 0.11602832550399386}, "explanation": {"top_features": ["marital-status_Married-civ-spouse: 0.0871", "age: 0.0851", "hours-per-week: 0.0538", "education_HS-grad: 0.0405", "sex_Female: 0.0331", "occupation_Exec-managerial: 0.0253", "relationship_Own-child: 0.0236", "fnlwgt: 0.0133", "relationship_Husband: 0.0109", "education_Bachelors: 0.0082"], "raw_top": {"marital-status_Married-civ-spouse": 0.08712912641076301, "age": 0.08505877452345634, "hours-per-week": 0.05375291431782334, "education_HS-grad": 0.04053999950595295, "sex_Female": 0.03308904273078072, "occupation_Exec-managerial": 0.02526126926775413, "relationship_Own-child": 0.023565039937421133, "fnlwgt": 0.013289263803415094, "relationship_Husband": 0.010864305800519261, "education_Bachelors": 0.008208987809052715}}}