{"instance_id": 3016, "quadrant": "TP", "true_label": 1, "prediction": 1, "prediction_correct": true, "metrics": {"cost": 326.3322359416634, "sparsity": 0.09259259259259259, "fidelity": 0.6648583922907566, "faithfulness_gap": 0.7982670444678948, "stability": 0.17849987903582018}, "explanation": {"top_features": ["marital-status_Married-civ-spouse: 0.1472", "education_HS-grad: 0.0948", "marital-status_Never-married: 0.0564", "relationship_Husband: 0.0516", "occupation_Exec-managerial: 0.0506", "age: 0.0273", "education-num: 0.0263", "capital-gain: 0.0174", "hours-per-week: 0.0110", "relationship_Own-child: 0.0109"], "raw_top": {"marital-status_Married-civ-spouse": 0.1472388045160102, "education_HS-grad": 0.09481246865346317, "marital-status_Never-married": 0.05642704636888924, "relationship_Husband": 0.05155097470615548, "occupation_Exec-managerial": 0.05063876959787508, "age": 0.02725516703092377, "education-num": 0.02627494891577029, "capital-gain": 0.017406805875870353, "hours-per-week": 0.011023082842328502, "relationship_Own-child": 0.010878473777808302}}}