{"instance_id": 3086, "quadrant": "FP", "true_label": 0, "prediction": 1, "prediction_correct": false, "metrics": {"cost": 454.48590302839875, "sparsity": 0.09259259259259259, "fidelity": 0.7754953234813218, "faithfulness_gap": 0.3489812487922441, "stability": 0.17063715949155336}, "explanation": {"top_features": ["education_Bachelors: -0.1437", "education-num: 0.1180", "marital-status_Married-civ-spouse: 0.1149", "sex_Male: 0.0986", "relationship_Wife: -0.0855", "occupation_Exec-managerial: 0.0795", "education_HS-grad: 0.0793", "age: -0.0563", "marital-status_Never-married: 0.0434", "relationship_Husband: -0.0367"], "raw_top": {"education_Bachelors": -0.14369940173438533, "education-num": 0.1179534549637136, "marital-status_Married-civ-spouse": 0.11490570028691888, "sex_Male": 0.09856076790143108, "relationship_Wife": -0.08551153283651615, "occupation_Exec-managerial": 0.07948745742243357, "education_HS-grad": 0.07928690955317605, "age": -0.056291918478886364, "marital-status_Never-married": 0.043362833173000166, "relationship_Husband": -0.03666404655430072}}}