{"instance_id": 319, "quadrant": "TP", "true_label": 1, "prediction": 1, "prediction_correct": true, "metrics": {"cost": 569.9112130096182, "sparsity": 0.09259259259259259, "fidelity": 0.8438633325358272, "faithfulness_gap": 0.7811410744899883, "stability": 0.10566328944489937}, "explanation": {"top_features": ["marital-status_Married-civ-spouse: 0.2063", "hours-per-week: 0.0664", "marital-status_Never-married: 0.0616", "age: 0.0598", "relationship_Husband: 0.0481", "education_Some-college: -0.0453", "occupation_Tech-support: 0.0333", "sex_Male: -0.0253", "education-num: 0.0174", "education_Bachelors: 0.0140"], "raw_top": {"marital-status_Married-civ-spouse": 0.20631983554742608, "hours-per-week": 0.06642127849688723, "marital-status_Never-married": 0.06156084804621979, "age": 0.05983276936123982, "relationship_Husband": 0.04805095083650503, "education_Some-college": -0.045281361928158084, "occupation_Tech-support": 0.033329978127224505, "sex_Male": -0.02531026298894712, "education-num": 0.01744329862482391, "education_Bachelors": 0.013989914548144907}}}