{"instance_id": 3377, "quadrant": "FP", "true_label": 0, "prediction": 1, "prediction_correct": false, "metrics": {"cost": 398.53819902054965, "sparsity": 0.09259259259259259, "fidelity": 0.5432119083708777, "faithfulness_gap": 0.5526440278799383, "stability": 0.21257553873078308}, "explanation": {"top_features": ["workclass_Local-gov: -0.2508", "education-num: 0.1793", "marital-status_Married-civ-spouse: 0.1130", "relationship_Husband: 0.0569", "workclass_Private: 0.0522", "age: 0.0506", "education_HS-grad: 0.0456", "fnlwgt: 0.0398", "marital-status_Never-married: 0.0379", "hours-per-week: 0.0355"], "raw_top": {"workclass_Local-gov": -0.25084194008215094, "education-num": 0.1793109518700554, "marital-status_Married-civ-spouse": 0.11296228483685335, "relationship_Husband": 0.05686902941310982, "workclass_Private": 0.05223118897193395, "age": 0.05058063903678507, "education_HS-grad": 0.04556352347193475, "fnlwgt": 0.03984570723782812, "marital-status_Never-married": 0.03790968989636578, "hours-per-week": 0.03550364480596968}}}