{"instance_id": 3409, "quadrant": "FN", "true_label": 1, "prediction": 0, "prediction_correct": false, "metrics": {"cost": 537.4772360082716, "sparsity": 0.09259259259259259, "fidelity": 0.5260214797046696, "faithfulness_gap": 0.3089780139656877, "stability": 0.1448013001253045}, "explanation": {"top_features": ["marital-status_Married-civ-spouse: 0.1015", "occupation_Handlers-cleaners: -0.0822", "education_HS-grad: -0.0816", "workclass_Self-emp-not-inc: -0.0520", "hours-per-week: -0.0477", "education_Bachelors: 0.0340", "sex_Female: 0.0323", "marital-status_Never-married: 0.0293", "relationship_Husband: 0.0228", "workclass_Private: 0.0109"], "raw_top": {"marital-status_Married-civ-spouse": 0.10145490367167474, "occupation_Handlers-cleaners": -0.08223718684527093, "education_HS-grad": -0.08163124650266322, "workclass_Self-emp-not-inc": -0.051988088412310875, "hours-per-week": -0.04766934534875794, "education_Bachelors": 0.03400398047264638, "sex_Female": 0.03227232740121136, "marital-status_Never-married": 0.02926616131328354, "relationship_Husband": 0.02276152925133753, "workclass_Private": 0.010875557175380711}}}