{"instance_id": 3466, "quadrant": "TP", "true_label": 1, "prediction": 1, "prediction_correct": true, "metrics": {"cost": 575.4124319646508, "sparsity": 0.09259259259259259, "fidelity": 0.7135924369546489, "faithfulness_gap": 0.5647303896319193, "stability": 0.19841162446767027}, "explanation": {"top_features": ["education-num: 0.1841", "marital-status_Married-civ-spouse: 0.1335", "workclass_Private: 0.1273", "fnlwgt: -0.1234", "workclass_Federal-gov: -0.1045", "education_Bachelors: -0.0960", "age: 0.0784", "relationship_Husband: 0.0749", "marital-status_Never-married: 0.0641", "education_HS-grad: 0.0368"], "raw_top": {"education-num": 0.18411546410612684, "marital-status_Married-civ-spouse": 0.13354223202920157, "workclass_Private": 0.12725602116014945, "fnlwgt": -0.12338389840989304, "workclass_Federal-gov": -0.10454158836325621, "education_Bachelors": -0.09603920309269268, "age": 0.07836193004783873, "relationship_Husband": 0.07487629376510399, "marital-status_Never-married": 0.06407574254281377, "education_HS-grad": 0.0367832266162012}}}