{"instance_id": 3809, "quadrant": "FN", "true_label": 1, "prediction": 0, "prediction_correct": false, "metrics": {"cost": 512.8960059955716, "sparsity": 0.09259259259259259, "fidelity": 0.794551848524033, "faithfulness_gap": 0.07210643495315039, "stability": 0.19203726418787956}, "explanation": {"top_features": ["fnlwgt: -0.1509", "education_Some-college: -0.1422", "marital-status_Married-civ-spouse: 0.1417", "education_HS-grad: 0.0703", "occupation_Exec-managerial: 0.0643", "marital-status_Never-married: 0.0466", "sex_Female: 0.0295", "sex_Male: -0.0237", "relationship_Not-in-family: -0.0236", "education-num: -0.0217"], "raw_top": {"fnlwgt": -0.1509171953322156, "education_Some-college": -0.14219419228566632, "marital-status_Married-civ-spouse": 0.14172195152497594, "education_HS-grad": 0.07032986156894898, "occupation_Exec-managerial": 0.06427380517536709, "marital-status_Never-married": 0.04656546259721345, "sex_Female": 0.029464745925891427, "sex_Male": -0.0236575787617603, "relationship_Not-in-family": -0.023604026416743848, "education-num": -0.021708262136959436}}}