{"instance_id": 3985, "quadrant": "TP", "true_label": 1, "prediction": 1, "prediction_correct": true, "metrics": {"cost": 371.0409889463335, "sparsity": 0.09259259259259259, "fidelity": 0.9549496988500288, "faithfulness_gap": 0.893360773406462, "stability": 0.6254881064935742}, "explanation": {"top_features": ["capital-loss: 0.4912", "education-num: 0.0877", "education_Bachelors: -0.0846", "fnlwgt: -0.0600", "marital-status_Married-civ-spouse: 0.0491", "marital-status_Never-married: 0.0404", "education_HS-grad: 0.0397", "age: 0.0312", "relationship_Own-child: 0.0297", "sex_Female: 0.0237"], "raw_top": {"capital-loss": 0.49123547409460194, "education-num": 0.08774829719361507, "education_Bachelors": -0.0845617916821482, "fnlwgt": -0.06003614299332394, "marital-status_Married-civ-spouse": 0.04913160346643727, "marital-status_Never-married": 0.040428988561118255, "education_HS-grad": 0.03970724364657481, "age": 0.031229842714334183, "relationship_Own-child": 0.029698981308258293, "sex_Female": 0.02370498650410946}}}