{"instance_id": 4405, "quadrant": "TP", "true_label": 1, "prediction": 1, "prediction_correct": true, "metrics": {"cost": 462.20002009067684, "sparsity": 0.09259259259259259, "fidelity": 0.9687189062562318, "faithfulness_gap": 0.8729020277195008, "stability": 0.8829131070386318}, "explanation": {"top_features": ["capital-gain: 0.3986", "marital-status_Married-civ-spouse: 0.0724", "education_Prof-school: 0.0504", "age: 0.0398", "education-num: 0.0210", "workclass_Private: 0.0184", "sex_Female: 0.0176", "occupation_Prof-specialty: 0.0143", "fnlwgt: 0.0090", "hours-per-week: 0.0078"], "raw_top": {"capital-gain": 0.39859017084476317, "marital-status_Married-civ-spouse": 0.0723827728617499, "education_Prof-school": 0.050353285224269094, "age": 0.03977594701659804, "education-num": 0.02098493963930567, "workclass_Private": 0.018445237900818236, "sex_Female": 0.01763799450985099, "occupation_Prof-specialty": 0.014347495946741918, "fnlwgt": 0.008994438281102801, "hours-per-week": 0.007788106857187338}}}