{"instance_id": 4539, "quadrant": "TN", "true_label": 0, "prediction": 0, "prediction_correct": true, "metrics": {"cost": 511.1489099217579, "sparsity": 0.09259259259259259, "fidelity": 0.6923730296088071, "faithfulness_gap": 0.11779958938564865, "stability": 0.6504425207467165}, "explanation": {"top_features": ["age: -0.1829", "occupation_Handlers-cleaners: -0.1393", "education_12th: -0.0683", "marital-status_Married-civ-spouse: 0.0610", "relationship_Own-child: 0.0591", "education-num: -0.0506", "relationship_Husband: -0.0364", "education_HS-grad: 0.0242", "hours-per-week: -0.0105", "relationship_Not-in-family: -0.0069"], "raw_top": {"age": -0.18286492742728624, "occupation_Handlers-cleaners": -0.13928392202915907, "education_12th": -0.06829678485422434, "marital-status_Married-civ-spouse": 0.06100442946971649, "relationship_Own-child": 0.05914208617656521, "education-num": -0.05058726165958549, "relationship_Husband": -0.03644918930137924, "education_HS-grad": 0.02415210311457106, "hours-per-week": -0.010541716359891156, "relationship_Not-in-family": -0.006863911637434383}}}