{"instance_id": 4580, "quadrant": "TP", "true_label": 1, "prediction": 1, "prediction_correct": true, "metrics": {"cost": 706.9411720149219, "sparsity": 0.09259259259259259, "fidelity": 0.7774361169734938, "faithfulness_gap": 0.5155538693864805, "stability": 0.10355374142128697}, "explanation": {"top_features": ["relationship_Not-in-family: 0.1682", "marital-status_Married-civ-spouse: -0.1377", "education-num: 0.1254", "education_HS-grad: 0.0910", "relationship_Husband: -0.0831", "sex_Female: 0.0708", "age: 0.0677", "marital-status_Married-spouse-absent: 0.0674", "capital-gain: 0.0474", "fnlwgt: 0.0283"], "raw_top": {"relationship_Not-in-family": 0.16818965356099086, "marital-status_Married-civ-spouse": -0.13768213201370327, "education-num": 0.12536437645918852, "education_HS-grad": 0.09097822208003302, "relationship_Husband": -0.08313939445501611, "sex_Female": 0.07075279987591558, "age": 0.06768370624584423, "marital-status_Married-spouse-absent": 0.06744159435172828, "capital-gain": 0.04742440832107092, "fnlwgt": 0.028304724540930682}}}