{"instance_id": 460, "quadrant": "FP", "true_label": 0, "prediction": 1, "prediction_correct": false, "metrics": {"cost": 450.0138119328767, "sparsity": 0.09259259259259259, "fidelity": 0.7930623474090134, "faithfulness_gap": 0.493806936634811, "stability": 0.08718765443612614}, "explanation": {"top_features": ["education_HS-grad: -0.1383", "marital-status_Married-civ-spouse: 0.1166", "occupation_Exec-managerial: 0.0971", "age: 0.0826", "marital-status_Never-married: 0.0602", "relationship_Husband: 0.0482", "education-num: -0.0392", "fnlwgt: 0.0211", "education_Bachelors: 0.0144", "capital-gain: 0.0099"], "raw_top": {"education_HS-grad": -0.1382612809886928, "marital-status_Married-civ-spouse": 0.1166372794110997, "occupation_Exec-managerial": 0.09710745654954996, "age": 0.08263754134998995, "marital-status_Never-married": 0.060232233029557616, "relationship_Husband": 0.04816307173405319, "education-num": -0.039241487603315306, "fnlwgt": 0.021078118836637592, "education_Bachelors": 0.014388977006869221, "capital-gain": 0.009873892403772844}}}