{"instance_id": 4663, "quadrant": "FP", "true_label": 0, "prediction": 1, "prediction_correct": false, "metrics": {"cost": 635.2456019958481, "sparsity": 0.09259259259259259, "fidelity": 0.8702750518938576, "faithfulness_gap": 0.7395299117390886, "stability": 0.7540369948388183}, "explanation": {"top_features": ["capital-loss: 0.4459", "occupation_Handlers-cleaners: -0.1818", "education_HS-grad: 0.1092", "fnlwgt: -0.0924", "marital-status_Never-married: 0.0792", "marital-status_Married-civ-spouse: 0.0775", "sex_Female: 0.0499", "education_Some-college: -0.0497", "relationship_Own-child: 0.0322", "age: 0.0160"], "raw_top": {"capital-loss": 0.4458618976358528, "occupation_Handlers-cleaners": -0.1817650172583252, "education_HS-grad": 0.10922417523194271, "fnlwgt": -0.09236286413616253, "marital-status_Never-married": 0.07924784396701816, "marital-status_Married-civ-spouse": 0.0775105120086024, "sex_Female": 0.049865918756084565, "education_Some-college": -0.04974432225728372, "relationship_Own-child": 0.03218923600332028, "age": 0.015970678753047474}}}