{"instance_id": 500, "quadrant": "FP", "true_label": 0, "prediction": 1, "prediction_correct": false, "metrics": {"cost": 467.68308198079467, "sparsity": 0.09259259259259259, "fidelity": 0.7440556371074449, "faithfulness_gap": 0.6745619740962057, "stability": 0.16171784762955138}, "explanation": {"top_features": ["education-num: 0.1609", "education_Bachelors: -0.1527", "marital-status_Married-civ-spouse: 0.1246", "age: 0.0810", "education_HS-grad: 0.0716", "marital-status_Never-married: 0.0656", "workclass_Private: 0.0617", "sex_Female: 0.0540", "capital-gain: 0.0218", "relationship_Husband: 0.0216"], "raw_top": {"education-num": 0.16094936809694402, "education_Bachelors": -0.15273294143634908, "marital-status_Married-civ-spouse": 0.12458165986675353, "age": 0.08095500676672451, "education_HS-grad": 0.07159702901732107, "marital-status_Never-married": 0.06559664202446477, "workclass_Private": 0.06169122942716881, "sex_Female": 0.05399706021180445, "capital-gain": 0.021756430519026537, "relationship_Husband": 0.021593691653996865}}}