{"instance_id": 5228, "quadrant": "FN", "true_label": 1, "prediction": 0, "prediction_correct": false, "metrics": {"cost": 651.4028219971806, "sparsity": 0.09259259259259259, "fidelity": 0.6713042215529679, "faithfulness_gap": 0.2487262797780387, "stability": 0.17947078716241113}, "explanation": {"top_features": ["marital-status_Divorced: -0.1704", "marital-status_Married-civ-spouse: -0.1567", "native-country_United-States: 0.1373", "age: 0.0964", "education_HS-grad: 0.0771", "education-num: -0.0556", "relationship_Husband: -0.0470", "capital-gain: 0.0425", "hours-per-week: -0.0421", "marital-status_Never-married: 0.0325"], "raw_top": {"marital-status_Divorced": -0.17044644323408545, "marital-status_Married-civ-spouse": -0.15673426506318527, "native-country_United-States": 0.13729120823977192, "age": 0.09642561746051938, "education_HS-grad": 0.0770596422053269, "education-num": -0.05561256412145995, "relationship_Husband": -0.047008951958066515, "capital-gain": 0.042541861735165096, "hours-per-week": -0.042081238292004004, "marital-status_Never-married": 0.03251197423801254}}}