{"instance_id": 5703, "quadrant": "FP", "true_label": 0, "prediction": 1, "prediction_correct": false, "metrics": {"cost": 647.4417189601809, "sparsity": 0.09259259259259259, "fidelity": 0.6639672423045182, "faithfulness_gap": 0.4449636181950705, "stability": 0.1443838584037525}, "explanation": {"top_features": ["education-num: 0.1745", "marital-status_Married-civ-spouse: 0.1206", "education_Bachelors: -0.1077", "workclass_Private: 0.0971", "occupation_Prof-specialty: -0.0824", "relationship_Husband: 0.0756", "workclass_State-gov: -0.0713", "age: 0.0544", "marital-status_Never-married: 0.0497", "education_HS-grad: 0.0344"], "raw_top": {"education-num": 0.1745317505664265, "marital-status_Married-civ-spouse": 0.12056898813001725, "education_Bachelors": -0.10771014587525364, "workclass_Private": 0.09710209934479835, "occupation_Prof-specialty": -0.08237484524036877, "relationship_Husband": 0.0755568898099558, "workclass_State-gov": -0.07129713113240052, "age": 0.05443889400922905, "marital-status_Never-married": 0.04974702013059142, "education_HS-grad": 0.03444938354461041}}}