{"instance_id": 5842, "quadrant": "FN", "true_label": 1, "prediction": 0, "prediction_correct": false, "metrics": {"cost": 426.19459505658597, "sparsity": 0.09259259259259259, "fidelity": 0.8065194489913879, "faithfulness_gap": 0.09475102740552764, "stability": 0.610463267084312}, "explanation": {"top_features": ["occupation_Handlers-cleaners: -0.2051", "marital-status_Divorced: -0.1658", "marital-status_Married-civ-spouse: -0.0678", "age: 0.0530", "education_HS-grad: 0.0477", "capital-loss: 0.0430", "education-num: 0.0406", "education_Bachelors: -0.0371", "relationship_Husband: -0.0343", "relationship_Not-in-family: -0.0241"], "raw_top": {"occupation_Handlers-cleaners": -0.20513769266758133, "marital-status_Divorced": -0.1658229693833875, "marital-status_Married-civ-spouse": -0.06784351546307676, "age": 0.05301572501153303, "education_HS-grad": 0.04774614078304269, "capital-loss": 0.043040700788349144, "education-num": 0.04055857094751022, "education_Bachelors": -0.0370576884837093, "relationship_Husband": -0.034270612403199646, "relationship_Not-in-family": -0.024095879818847754}}}