{"instance_id": 5894, "quadrant": "FP", "true_label": 0, "prediction": 1, "prediction_correct": false, "metrics": {"cost": 273.59349199105054, "sparsity": 0.09259259259259259, "fidelity": 0.8143326011043228, "faithfulness_gap": 0.6529583602121389, "stability": 0.18977360982597313}, "explanation": {"top_features": ["marital-status_Married-civ-spouse: 0.1166", "fnlwgt: 0.1029", "age: 0.0946", "education_HS-grad: -0.0864", "marital-status_Never-married: 0.0488", "occupation_Handlers-cleaners: -0.0446", "education_Bachelors: 0.0445", "relationship_Husband: 0.0418", "sex_Female: 0.0300", "relationship_Own-child: -0.0288"], "raw_top": {"marital-status_Married-civ-spouse": 0.11661166287896782, "fnlwgt": 0.10292801378354771, "age": 0.09458091020406162, "education_HS-grad": -0.0864474408277483, "marital-status_Never-married": 0.04884395527505665, "occupation_Handlers-cleaners": -0.04461727135999821, "education_Bachelors": 0.044468847892699996, "relationship_Husband": 0.0418345983306881, "sex_Female": 0.03000907239315936, "relationship_Own-child": -0.028824987551918202}}}