{"instance_id": 6128, "quadrant": "FN", "true_label": 1, "prediction": 0, "prediction_correct": false, "metrics": {"cost": 450.1287420280278, "sparsity": 0.09259259259259259, "fidelity": 0.7410570680900942, "faithfulness_gap": 0.40716696761872173, "stability": 0.3769226079602298}, "explanation": {"top_features": ["occupation_Machine-op-inspct: -0.2452", "capital-loss: 0.1401", "education_HS-grad: -0.1223", "age: -0.1184", "marital-status_Married-civ-spouse: 0.0861", "relationship_Husband: 0.0424", "marital-status_Never-married: 0.0412", "sex_Male: -0.0274", "education-num: -0.0263", "hours-per-week: 0.0236"], "raw_top": {"occupation_Machine-op-inspct": -0.24516032666850077, "capital-loss": 0.14005335710656924, "education_HS-grad": -0.12232351333759593, "age": -0.11838316510225991, "marital-status_Married-civ-spouse": 0.08608195443671106, "relationship_Husband": 0.04238570117554685, "marital-status_Never-married": 0.041249767732371295, "sex_Male": -0.02738673680818731, "education-num": -0.026265592515680912, "hours-per-week": 0.023641827501554052}}}