{"instance_id": 6133, "quadrant": "FP", "true_label": 0, "prediction": 1, "prediction_correct": false, "metrics": {"cost": 417.0494700083509, "sparsity": 0.09259259259259259, "fidelity": 0.7597048751502037, "faithfulness_gap": 0.7232007073829732, "stability": 0.3076723686051469}, "explanation": {"top_features": ["race_White: 0.2025", "marital-status_Married-civ-spouse: 0.0970", "education_9th: -0.0868", "occupation_Craft-repair: 0.0649", "education_HS-grad: 0.0605", "sex_Female: 0.0456", "marital-status_Never-married: 0.0438", "race_Black: -0.0368", "capital-gain: -0.0327", "age: 0.0210"], "raw_top": {"race_White": 0.20252815436102306, "marital-status_Married-civ-spouse": 0.09696089466954677, "education_9th": -0.08678515959037052, "occupation_Craft-repair": 0.06490087790025013, "education_HS-grad": 0.060476528904358375, "sex_Female": 0.04561478900801046, "marital-status_Never-married": 0.04381710250991343, "race_Black": -0.03677320380508615, "capital-gain": -0.03273484581951219, "age": 0.021004301257330677}}}