{"instance_id": 6172, "quadrant": "FP", "true_label": 0, "prediction": 1, "prediction_correct": false, "metrics": {"cost": 617.5551650812849, "sparsity": 0.09259259259259259, "fidelity": 0.6653760201572755, "faithfulness_gap": 0.18956359873999618, "stability": 0.4874199601275644}, "explanation": {"top_features": ["education_7th-8th: -0.3316", "age: 0.1634", "fnlwgt: 0.0852", "education-num: 0.0670", "occupation_Transport-moving: 0.0539", "sex_Female: 0.0449", "education_Bachelors: 0.0394", "marital-status_Never-married: 0.0345", "marital-status_Married-civ-spouse: 0.0215", "education_HS-grad: 0.0179"], "raw_top": {"education_7th-8th": -0.33158866254220404, "age": 0.16340775516272457, "fnlwgt": 0.08516453349941738, "education-num": 0.06703944686811981, "occupation_Transport-moving": 0.0538687682112013, "sex_Female": 0.04485348913474753, "education_Bachelors": 0.039407868385841455, "marital-status_Never-married": 0.0344833436298341, "marital-status_Married-civ-spouse": 0.02145555094740605, "education_HS-grad": 0.017904630274052508}}}