{"instance_id": 6218, "quadrant": "TP", "true_label": 1, "prediction": 1, "prediction_correct": true, "metrics": {"cost": 431.42192892264575, "sparsity": 0.09259259259259259, "fidelity": 0.9021756801275375, "faithfulness_gap": 0.7542856950763602, "stability": 0.6299471426299231}, "explanation": {"top_features": ["native-country_Canada: 0.3520", "relationship_Wife: 0.1841", "marital-status_Married-civ-spouse: 0.1065", "sex_Female: -0.0975", "workclass_Self-emp-inc: -0.0829", "native-country_United-States: 0.0692", "occupation_Sales: 0.0663", "workclass_Private: 0.0484", "age: -0.0466", "marital-status_Never-married: 0.0454"], "raw_top": {"native-country_Canada": 0.3519844491261044, "relationship_Wife": 0.18408605435426723, "marital-status_Married-civ-spouse": 0.10646003859186394, "sex_Female": -0.09750335133401969, "workclass_Self-emp-inc": -0.08288741730050073, "native-country_United-States": 0.0692200713530312, "occupation_Sales": 0.06626775106870275, "workclass_Private": 0.04840505526061624, "age": -0.04656877200928011, "marital-status_Never-married": 0.04536427644531764}}}