{"instance_id": 6251, "quadrant": "TP", "true_label": 1, "prediction": 1, "prediction_correct": true, "metrics": {"cost": 258.3233560435474, "sparsity": 0.09259259259259259, "fidelity": 0.745176977169328, "faithfulness_gap": 0.21969668626877625, "stability": 0.16201906617150902}, "explanation": {"top_features": ["workclass_Self-emp-not-inc: -0.1725", "marital-status_Married-civ-spouse: 0.1527", "occupation_Craft-repair: -0.0978", "hours-per-week: 0.0965", "education_HS-grad: 0.0964", "age: 0.0958", "fnlwgt: 0.0855", "education-num: 0.0675", "sex_Female: 0.0560", "marital-status_Never-married: 0.0279"], "raw_top": {"workclass_Self-emp-not-inc": -0.17245858504400802, "marital-status_Married-civ-spouse": 0.15268433774635531, "occupation_Craft-repair": -0.09775548851107317, "hours-per-week": 0.09649522174959438, "education_HS-grad": 0.09637687672072312, "age": 0.0957704579085557, "fnlwgt": 0.08546457551818218, "education-num": 0.0674752993798626, "sex_Female": 0.056040465014270936, "marital-status_Never-married": 0.02786656358079881}}}