{"instance_id": 6295, "quadrant": "TN", "true_label": 0, "prediction": 0, "prediction_correct": true, "metrics": {"cost": 369.4550490472466, "sparsity": 0.09259259259259259, "fidelity": 0.6545378187823934, "faithfulness_gap": 0.06440166244237956, "stability": 0.21005942391761448}, "explanation": {"top_features": ["marital-status_Married-civ-spouse: -0.1508", "race_White: 0.1115", "education_HS-grad: -0.0917", "marital-status_Married-spouse-absent: 0.0819", "sex_Female: -0.0738", "age: 0.0694", "hours-per-week: -0.0663", "relationship_Husband: -0.0618", "education-num: -0.0474", "relationship_Not-in-family: -0.0368"], "raw_top": {"marital-status_Married-civ-spouse": -0.150760745128007, "race_White": 0.11152556189514498, "education_HS-grad": -0.09166596704722434, "marital-status_Married-spouse-absent": 0.08187502771961098, "sex_Female": -0.07378759059473217, "age": 0.0694157264337264, "hours-per-week": -0.06628914922984998, "relationship_Husband": -0.06179519039433997, "education-num": -0.0473564919866837, "relationship_Not-in-family": -0.03679463441704303}}}