{"instance_id": 631, "quadrant": "FP", "true_label": 0, "prediction": 1, "prediction_correct": false, "metrics": {"cost": 378.97941493429244, "sparsity": 0.09259259259259259, "fidelity": 0.7641683393366981, "faithfulness_gap": 0.30692175782592446, "stability": 0.32681229806989764}, "explanation": {"top_features": ["education_Prof-school: 0.1425", "marital-status_Married-civ-spouse: 0.1279", "hours-per-week: -0.1181", "education-num: 0.1040", "age: 0.0880", "marital-status_Never-married: 0.0492", "relationship_Husband: 0.0338", "sex_Female: 0.0298", "occupation_Prof-specialty: 0.0184", "education_HS-grad: 0.0072"], "raw_top": {"education_Prof-school": 0.1425289048901962, "marital-status_Married-civ-spouse": 0.12792198554082138, "hours-per-week": -0.11808288177709138, "education-num": 0.10395896437318676, "age": 0.0879882338999755, "marital-status_Never-married": 0.049247528767267346, "relationship_Husband": 0.03382755679732982, "sex_Female": 0.02979694904254459, "occupation_Prof-specialty": 0.018435097770565248, "education_HS-grad": 0.007235086128160317}}}