{"instance_id": 638, "quadrant": "FP", "true_label": 0, "prediction": 1, "prediction_correct": false, "metrics": {"cost": 605.0777989439666, "sparsity": 0.09259259259259259, "fidelity": 0.5398297241942214, "faithfulness_gap": 0.40647116597002736, "stability": 0.17704331876600318}, "explanation": {"top_features": ["age: 0.0969", "education-num: 0.0926", "education_HS-grad: 0.0761", "workclass_Private: 0.0640", "marital-status_Married-civ-spouse: 0.0603", "occupation_Prof-specialty: 0.0302", "marital-status_Never-married: 0.0298", "relationship_Husband: 0.0269", "relationship_Own-child: 0.0202", "capital-gain: 0.0178"], "raw_top": {"age": 0.09688841565854836, "education-num": 0.09256099828349906, "education_HS-grad": 0.07605353547223806, "workclass_Private": 0.06399282798306595, "marital-status_Married-civ-spouse": 0.06027132743037381, "occupation_Prof-specialty": 0.03022582617932774, "marital-status_Never-married": 0.02976748643803699, "relationship_Husband": 0.026854782514521044, "relationship_Own-child": 0.020213329791103372, "capital-gain": 0.01780654757190009}}}