{"instance_id": 6413, "quadrant": "FP", "true_label": 0, "prediction": 1, "prediction_correct": false, "metrics": {"cost": 655.7825650088489, "sparsity": 0.09259259259259259, "fidelity": 0.884605840173547, "faithfulness_gap": 0.3399014398612751, "stability": 0.3571118979977845}, "explanation": {"top_features": ["education-num: 0.2146", "marital-status_Married-civ-spouse: 0.1895", "occupation_Adm-clerical: -0.1478", "education_Bachelors: -0.0948", "age: 0.0828", "marital-status_Never-married: 0.0658", "capital-gain: 0.0515", "education_HS-grad: 0.0402", "relationship_Not-in-family: -0.0253", "hours-per-week: 0.0207"], "raw_top": {"education-num": 0.21462302063356697, "marital-status_Married-civ-spouse": 0.18952717979401068, "occupation_Adm-clerical": -0.14781714210208016, "education_Bachelors": -0.09478972907934885, "age": 0.08282955341053078, "marital-status_Never-married": 0.06578752354062396, "capital-gain": 0.05147059894164641, "education_HS-grad": 0.040172501702389486, "relationship_Not-in-family": -0.025258878889918734, "hours-per-week": 0.020659333032151932}}}