{"instance_id": 689, "quadrant": "TP", "true_label": 1, "prediction": 1, "prediction_correct": true, "metrics": {"cost": 527.7286350028589, "sparsity": 0.09259259259259259, "fidelity": 0.9696084895714767, "faithfulness_gap": 0.4750031844628544, "stability": 0.6526288911370947}, "explanation": {"top_features": ["capital-gain: 0.4543", "marital-status_Married-civ-spouse: 0.0723", "education_Bachelors: -0.0578", "education-num: 0.0438", "hours-per-week: 0.0308", "age: 0.0304", "relationship_Husband: 0.0258", "education_HS-grad: 0.0239", "marital-status_Never-married: 0.0167", "relationship_Own-child: 0.0085"], "raw_top": {"capital-gain": 0.45433940553322677, "marital-status_Married-civ-spouse": 0.07227029293187003, "education_Bachelors": -0.057832846050696045, "education-num": 0.04384871577635116, "hours-per-week": 0.030809275860103107, "age": 0.030386049780422725, "relationship_Husband": 0.02578820549191553, "education_HS-grad": 0.02393412486984981, "marital-status_Never-married": 0.01671785986162347, "relationship_Own-child": 0.008487485941544137}}}