{"instance_id": 6914, "quadrant": "FP", "true_label": 0, "prediction": 1, "prediction_correct": false, "metrics": {"cost": 378.66736704017967, "sparsity": 0.09259259259259259, "fidelity": 0.7091187821275631, "faithfulness_gap": 0.906078363441206, "stability": 0.2695535682363738}, "explanation": {"top_features": ["marital-status_Married-civ-spouse: 0.1276", "race_White: 0.1221", "education-num: 0.0802", "hours-per-week: 0.0716", "age: 0.0412", "marital-status_Never-married: 0.0347", "sex_Female: 0.0307", "education_HS-grad: 0.0305", "workclass_Private: 0.0266", "relationship_Own-child: 0.0056"], "raw_top": {"marital-status_Married-civ-spouse": 0.1276313208797155, "race_White": 0.1221434584637221, "education-num": 0.08018880429214859, "hours-per-week": 0.0715757353057534, "age": 0.041206843250812655, "marital-status_Never-married": 0.03471902145542015, "sex_Female": 0.030671579761364996, "education_HS-grad": 0.030524417544734474, "workclass_Private": 0.026617361195619662, "relationship_Own-child": 0.005574458952604888}}}