{"instance_id": 6931, "quadrant": "TN", "true_label": 0, "prediction": 0, "prediction_correct": true, "metrics": {"cost": 525.034848949872, "sparsity": 0.09259259259259259, "fidelity": 0.7452320419433551, "faithfulness_gap": 0.07382196401509736, "stability": 0.749635717684307}, "explanation": {"top_features": ["age: -0.0997", "marital-status_Never-married: -0.0674", "occupation_Handlers-cleaners: -0.0635", "marital-status_Married-civ-spouse: -0.0462", "education_Some-college: -0.0214", "fnlwgt: -0.0184", "relationship_Husband: -0.0139", "hours-per-week: -0.0090", "capital-loss: -0.0062", "workclass_Private: -0.0050"], "raw_top": {"age": -0.09968593388999747, "marital-status_Never-married": -0.06742625526126372, "occupation_Handlers-cleaners": -0.06346151373103036, "marital-status_Married-civ-spouse": -0.04621935614274938, "education_Some-college": -0.021410860724694142, "fnlwgt": -0.018379480807882508, "relationship_Husband": -0.013912074771290446, "hours-per-week": -0.009015628781826542, "capital-loss": -0.006158886982634712, "workclass_Private": -0.005025886901008747}}}