{"instance_id": 698, "quadrant": "TN", "true_label": 0, "prediction": 0, "prediction_correct": true, "metrics": {"cost": 803.9542770711705, "sparsity": 0.09259259259259259, "fidelity": 0.8485297546742537, "faithfulness_gap": 0.15912247318331796, "stability": 0.7775358369942936}, "explanation": {"top_features": ["age: -0.1011", "marital-status_Never-married: -0.0685", "occupation_Handlers-cleaners: -0.0564", "marital-status_Married-civ-spouse: -0.0492", "workclass_State-gov: -0.0297", "education_Some-college: -0.0192", "relationship_Husband: -0.0150", "hours-per-week: -0.0061", "relationship_Not-in-family: -0.0028", "capital-loss: -0.0026"], "raw_top": {"age": -0.10107962927745663, "marital-status_Never-married": -0.06854142609662008, "occupation_Handlers-cleaners": -0.05642146857247257, "marital-status_Married-civ-spouse": -0.04923039753666655, "workclass_State-gov": -0.02971476980559676, "education_Some-college": -0.019178142889467318, "relationship_Husband": -0.014973701549538346, "hours-per-week": -0.0061035297620920265, "relationship_Not-in-family": -0.0028180569219822815, "capital-loss": -0.002635334041471258}}}