{"instance_id": 717, "quadrant": "FP", "true_label": 0, "prediction": 1, "prediction_correct": false, "metrics": {"cost": 453.07907997630537, "sparsity": 0.09259259259259259, "fidelity": 0.715198782226916, "faithfulness_gap": 0.2022973188214256, "stability": 0.18535165238748208}, "explanation": {"top_features": ["workclass_Self-emp-inc: -0.1458", "marital-status_Married-civ-spouse: 0.1333", "education_Some-college: -0.1092", "age: 0.0758", "relationship_Husband: 0.0705", "sex_Female: 0.0481", "education_HS-grad: 0.0434", "capital-gain: 0.0405", "marital-status_Never-married: 0.0396", "education_Bachelors: 0.0210"], "raw_top": {"workclass_Self-emp-inc": -0.14575434328565537, "marital-status_Married-civ-spouse": 0.13327506455301558, "education_Some-college": -0.10924398047436767, "age": 0.07583613784361366, "relationship_Husband": 0.07054839144416386, "sex_Female": 0.04811520648639031, "education_HS-grad": 0.043363992671461175, "capital-gain": 0.040487193292773435, "marital-status_Never-married": 0.0395792988333891, "education_Bachelors": 0.020986003329904412}}}