{"instance_id": 7267, "quadrant": "TP", "true_label": 1, "prediction": 1, "prediction_correct": true, "metrics": {"cost": 306.33255699649453, "sparsity": 0.09259259259259259, "fidelity": 0.7522222226753226, "faithfulness_gap": 0.46327824401499984, "stability": 0.26449298987071296}, "explanation": {"top_features": ["marital-status_Married-civ-spouse: 0.1830", "education-num: -0.1289", "education_Masters: 0.0990", "education_HS-grad: 0.0871", "marital-status_Never-married: 0.0764", "age: 0.0425", "hours-per-week: -0.0329", "relationship_Not-in-family: -0.0311", "capital-gain: 0.0296", "relationship_Own-child: -0.0280"], "raw_top": {"marital-status_Married-civ-spouse": 0.1829657784288734, "education-num": -0.12887701312489705, "education_Masters": 0.09898266466978081, "education_HS-grad": 0.08707961576123589, "marital-status_Never-married": 0.07635525996492251, "age": 0.042512461583126465, "hours-per-week": -0.03293202747828951, "relationship_Not-in-family": -0.031067095396133056, "capital-gain": 0.029630878743743108, "relationship_Own-child": -0.027970714055832513}}}