{"instance_id": 7331, "quadrant": "FN", "true_label": 1, "prediction": 0, "prediction_correct": false, "metrics": {"cost": 487.50357097014785, "sparsity": 0.09259259259259259, "fidelity": 0.6618795685463148, "faithfulness_gap": 0.04238754419461377, "stability": 0.44459982261927794}, "explanation": {"top_features": ["occupation_Farming-fishing: -0.1589", "workclass_Self-emp-not-inc: -0.1522", "hours-per-week: 0.1015", "education_HS-grad: -0.0885", "workclass_Private: 0.0801", "marital-status_Married-civ-spouse: 0.0594", "capital-gain: 0.0381", "age: 0.0377", "sex_Female: 0.0363", "relationship_Husband: 0.0344"], "raw_top": {"occupation_Farming-fishing": -0.15887265118564486, "workclass_Self-emp-not-inc": -0.15221482388501104, "hours-per-week": 0.1015472509236976, "education_HS-grad": -0.08850234377281056, "workclass_Private": 0.08009245939810639, "marital-status_Married-civ-spouse": 0.05943964646226198, "capital-gain": 0.03811736089584394, "age": 0.03770296807767082, "sex_Female": 0.03633142919350179, "relationship_Husband": 0.034413391900938596}}}