{"instance_id": 7449, "quadrant": "TP", "true_label": 1, "prediction": 1, "prediction_correct": true, "metrics": {"cost": 495.9016020875424, "sparsity": 0.09259259259259259, "fidelity": 0.8152253267104925, "faithfulness_gap": 0.9208130547953297, "stability": 0.37229354714790347}, "explanation": {"top_features": ["marital-status_Married-civ-spouse: 0.2020", "education_Masters: 0.1928", "hours-per-week: 0.0975", "marital-status_Never-married: 0.0763", "education-num: -0.0626", "education_HS-grad: 0.0536", "age: 0.0476", "occupation_Sales: -0.0326", "fnlwgt: 0.0181", "sex_Female: 0.0091"], "raw_top": {"marital-status_Married-civ-spouse": 0.20198930339003102, "education_Masters": 0.19275910669391888, "hours-per-week": 0.09746374825140743, "marital-status_Never-married": 0.07633195264720893, "education-num": -0.06259459543656826, "education_HS-grad": 0.0536365943016856, "age": 0.047577237091276446, "occupation_Sales": -0.03260207770757195, "fnlwgt": 0.018086394937795312, "sex_Female": 0.009065090885855566}}}