{"instance_id": 7486, "quadrant": "TP", "true_label": 1, "prediction": 1, "prediction_correct": true, "metrics": {"cost": 834.2708100099117, "sparsity": 0.09259259259259259, "fidelity": 0.9295402947989676, "faithfulness_gap": 0.418465589115784, "stability": 0.5596469406982579}, "explanation": {"top_features": ["capital-gain: 0.4855", "workclass_Self-emp-inc: -0.1509", "education_Bachelors: -0.1050", "education-num: 0.0908", "relationship_Husband: 0.0727", "occupation_Prof-specialty: -0.0702", "education_HS-grad: 0.0538", "marital-status_Married-civ-spouse: 0.0531", "age: 0.0476", "workclass_Private: 0.0270"], "raw_top": {"capital-gain": 0.48546468742565285, "workclass_Self-emp-inc": -0.1509083093309172, "education_Bachelors": -0.10498549888698389, "education-num": 0.09081009106741521, "relationship_Husband": 0.07266897518257122, "occupation_Prof-specialty": -0.07023255713702742, "education_HS-grad": 0.05376435854601069, "marital-status_Married-civ-spouse": 0.05308631419742421, "age": 0.04759813447615202, "workclass_Private": 0.027018611670568793}}}