{"instance_id": 7699, "quadrant": "TN", "true_label": 0, "prediction": 0, "prediction_correct": true, "metrics": {"cost": 756.2154498882592, "sparsity": 0.09259259259259259, "fidelity": 0.7071905249877208, "faithfulness_gap": 0.007618317609937825, "stability": 0.5099317833076363}, "explanation": {"top_features": ["age: -0.1287", "marital-status_Never-married: -0.0807", "marital-status_Married-civ-spouse: -0.0765", "relationship_Own-child: 0.0528", "hours-per-week: -0.0347", "occupation_Adm-clerical: -0.0331", "relationship_Husband: -0.0209", "education-num: -0.0115", "education_Some-college: -0.0085", "fnlwgt: -0.0082"], "raw_top": {"age": -0.1287036487687116, "marital-status_Never-married": -0.08068893894496006, "marital-status_Married-civ-spouse": -0.07654234327105504, "relationship_Own-child": 0.052840453529299405, "hours-per-week": -0.03472998906146869, "occupation_Adm-clerical": -0.03310917635205605, "relationship_Husband": -0.020917440845194923, "education-num": -0.011541952201246753, "education_Some-college": -0.008475058573515869, "fnlwgt": -0.008161187429915062}}}