{"instance_id": 7768, "quadrant": "TP", "true_label": 1, "prediction": 1, "prediction_correct": true, "metrics": {"cost": 896.1219280026853, "sparsity": 0.09259259259259259, "fidelity": 0.7697256837705198, "faithfulness_gap": 0.33414579751978235, "stability": 0.18902640331993317}, "explanation": {"top_features": ["marital-status_Married-civ-spouse: 0.1628", "education_Masters: 0.0978", "education-num: -0.0849", "occupation_Exec-managerial: 0.0835", "age: 0.0806", "marital-status_Never-married: 0.0698", "education_HS-grad: 0.0576", "capital-gain: 0.0133", "relationship_Husband: 0.0132", "education_Bachelors: 0.0107"], "raw_top": {"marital-status_Married-civ-spouse": 0.16277009109334412, "education_Masters": 0.09783663683864424, "education-num": -0.08491848922180693, "occupation_Exec-managerial": 0.08347554590647455, "age": 0.08062679554014157, "marital-status_Never-married": 0.06978276105650297, "education_HS-grad": 0.057587642188093556, "capital-gain": 0.013267825401880713, "relationship_Husband": 0.013185262109209617, "education_Bachelors": 0.0107339908738241}}}