{"instance_id": 7846, "quadrant": "FP", "true_label": 0, "prediction": 1, "prediction_correct": false, "metrics": {"cost": 477.1114489994943, "sparsity": 0.09259259259259259, "fidelity": 0.7059661409147119, "faithfulness_gap": 0.45187434087320283, "stability": 0.3115185577021436}, "explanation": {"top_features": ["workclass_Local-gov: -0.1651", "education_Masters: 0.1514", "hours-per-week: 0.1393", "marital-status_Married-civ-spouse: 0.1152", "education_HS-grad: 0.0954", "occupation_Exec-managerial: 0.0636", "marital-status_Never-married: 0.0587", "age: 0.0545", "capital-gain: 0.0363", "relationship_Own-child: 0.0259"], "raw_top": {"workclass_Local-gov": -0.16508523486799864, "education_Masters": 0.15139978472629154, "hours-per-week": 0.13934006931770337, "marital-status_Married-civ-spouse": 0.11517050497855957, "education_HS-grad": 0.0953515968597954, "occupation_Exec-managerial": 0.0636381435809165, "marital-status_Never-married": 0.05874625332462708, "age": 0.05452118582985304, "capital-gain": 0.03626632742572635, "relationship_Own-child": 0.025900275941052202}}}