{"instance_id": 8011, "quadrant": "FN", "true_label": 1, "prediction": 0, "prediction_correct": false, "metrics": {"cost": 501.79194810334593, "sparsity": 0.09259259259259259, "fidelity": 0.5970508711893372, "faithfulness_gap": 0.2895682175593306, "stability": 0.1743227789445341}, "explanation": {"top_features": ["occupation_Adm-clerical: -0.1407", "marital-status_Married-civ-spouse: 0.1310", "age: -0.0766", "relationship_Husband: 0.0424", "marital-status_Never-married: 0.0402", "education_Some-college: -0.0367", "hours-per-week: -0.0267", "capital-gain: 0.0247", "education_HS-grad: 0.0239", "sex_Female: 0.0141"], "raw_top": {"occupation_Adm-clerical": -0.14072216423051548, "marital-status_Married-civ-spouse": 0.13096609188773958, "age": -0.07655352165028026, "relationship_Husband": 0.04243292311789852, "marital-status_Never-married": 0.04021180192047871, "education_Some-college": -0.03668465238194072, "hours-per-week": -0.026693036435641426, "capital-gain": 0.02469377217775094, "education_HS-grad": 0.02386744196438228, "sex_Female": 0.014129865691669154}}}