{"instance_id": 8263, "quadrant": "FP", "true_label": 0, "prediction": 1, "prediction_correct": false, "metrics": {"cost": 372.79479892458767, "sparsity": 0.09259259259259259, "fidelity": 0.5114444745171183, "faithfulness_gap": 0.2551231415225979, "stability": 0.08119803917294181}, "explanation": {"top_features": ["education_Assoc-voc: -0.1343", "marital-status_Married-civ-spouse: 0.1264", "occupation_Exec-managerial: 0.0850", "education_HS-grad: 0.0769", "age: 0.0725", "hours-per-week: -0.0464", "fnlwgt: -0.0401", "sex_Female: 0.0398", "education_Bachelors: 0.0286", "marital-status_Never-married: 0.0232"], "raw_top": {"education_Assoc-voc": -0.13433104038555124, "marital-status_Married-civ-spouse": 0.12644362806641277, "occupation_Exec-managerial": 0.08498030956550481, "education_HS-grad": 0.07685952835205168, "age": 0.07249369751469184, "hours-per-week": -0.04641977221924596, "fnlwgt": -0.04007873928237854, "sex_Female": 0.03984774461159559, "education_Bachelors": 0.028579789356787885, "marital-status_Never-married": 0.023200960787195628}}}