{"instance_id": 8562, "quadrant": "FP", "true_label": 0, "prediction": 1, "prediction_correct": false, "metrics": {"cost": 536.3827389664948, "sparsity": 0.09259259259259259, "fidelity": 0.718359465602045, "faithfulness_gap": 0.4670070942084956, "stability": 0.09470389933324908}, "explanation": {"top_features": ["marital-status_Married-civ-spouse: 0.1909", "education_Bachelors: -0.0982", "education_HS-grad: 0.0833", "education-num: 0.0765", "marital-status_Never-married: 0.0557", "hours-per-week: 0.0546", "relationship_Husband: 0.0434", "capital-gain: 0.0276", "fnlwgt: 0.0175", "sex_Female: 0.0087"], "raw_top": {"marital-status_Married-civ-spouse": 0.19094931080530658, "education_Bachelors": -0.09821244939365295, "education_HS-grad": 0.08330681086871906, "education-num": 0.07649688861534051, "marital-status_Never-married": 0.05572625868528337, "hours-per-week": 0.05463452335287625, "relationship_Husband": 0.04342842723041213, "capital-gain": 0.02762374030047081, "fnlwgt": 0.0174978326481438, "sex_Female": 0.008749302852770036}}}