{"instance_id": 8625, "quadrant": "TP", "true_label": 1, "prediction": 1, "prediction_correct": true, "metrics": {"cost": 563.957649981603, "sparsity": 0.09259259259259259, "fidelity": 0.9716357473237582, "faithfulness_gap": 0.6906560476092671, "stability": 0.951746058132389}, "explanation": {"top_features": ["capital-gain: 0.5437", "marital-status_Married-civ-spouse: 0.0885", "education_Bachelors: -0.0533", "occupation_Craft-repair: -0.0521", "education-num: 0.0447", "education_HS-grad: 0.0392", "age: 0.0266", "marital-status_Never-married: 0.0173", "hours-per-week: -0.0153", "fnlwgt: 0.0099"], "raw_top": {"capital-gain": 0.5436840683708214, "marital-status_Married-civ-spouse": 0.08852110286508104, "education_Bachelors": -0.0532895022141774, "occupation_Craft-repair": -0.05209348281380297, "education-num": 0.04471814777677321, "education_HS-grad": 0.03924189808937609, "age": 0.02656546819828005, "marital-status_Never-married": 0.01732698627253976, "hours-per-week": -0.015273775264587286, "fnlwgt": 0.009899477802083227}}}