{"instance_id": 866, "quadrant": "TN", "true_label": 0, "prediction": 0, "prediction_correct": true, "metrics": {"cost": 504.3424309697002, "sparsity": 0.09259259259259259, "fidelity": 0.8264935447930971, "faithfulness_gap": 0.017724123064016044, "stability": 0.25335445468332174}, "explanation": {"top_features": ["occupation_Adm-clerical: -0.1965", "marital-status_Never-married: -0.0825", "marital-status_Married-civ-spouse: -0.0811", "age: 0.0675", "relationship_Not-in-family: 0.0451", "sex_Female: -0.0439", "sex_Male: 0.0382", "hours-per-week: -0.0249", "education-num: -0.0248", "education_Some-college: -0.0240"], "raw_top": {"occupation_Adm-clerical": -0.1964941077985686, "marital-status_Never-married": -0.08247550204556214, "marital-status_Married-civ-spouse": -0.0810538645603974, "age": 0.06747359888795908, "relationship_Not-in-family": 0.045127897502409385, "sex_Female": -0.04386783597533735, "sex_Male": 0.038195175339285625, "hours-per-week": -0.02487895537330807, "education-num": -0.024816905920614783, "education_Some-college": -0.02401110917107967}}}