{"instance_id": 901, "quadrant": "FP", "true_label": 0, "prediction": 1, "prediction_correct": false, "metrics": {"cost": 287.7092540729791, "sparsity": 0.09259259259259259, "fidelity": 0.7131098429063898, "faithfulness_gap": 0.6100736564413359, "stability": 0.18081625871418328}, "explanation": {"top_features": ["marital-status_Married-civ-spouse: 0.1392", "fnlwgt: -0.1252", "age: 0.0988", "sex_Female: 0.0489", "capital-gain: 0.0428", "marital-status_Never-married: 0.0406", "education_Bachelors: 0.0343", "relationship_Husband: 0.0261", "workclass_Private: 0.0225", "education_HS-grad: 0.0177"], "raw_top": {"marital-status_Married-civ-spouse": 0.1391929536861842, "fnlwgt": -0.1251568570006146, "age": 0.09884233267189381, "sex_Female": 0.04887733725683805, "capital-gain": 0.04281639314564613, "marital-status_Never-married": 0.040646358263695434, "education_Bachelors": 0.034265594382607956, "relationship_Husband": 0.02610466448963056, "workclass_Private": 0.022536168428366213, "education_HS-grad": 0.017721947185422526}}}