{"instance_id": 9038, "quadrant": "FP", "true_label": 0, "prediction": 1, "prediction_correct": false, "metrics": {"cost": 451.49825408589095, "sparsity": 0.09259259259259259, "fidelity": 0.7320866906368046, "faithfulness_gap": 0.5165134334108896, "stability": 0.12081409254262432}, "explanation": {"top_features": ["marital-status_Married-civ-spouse: 0.1624", "education_Assoc-voc: -0.1493", "education_HS-grad: 0.0724", "marital-status_Never-married: 0.0467", "education-num: 0.0434", "education_Bachelors: 0.0205", "fnlwgt: 0.0202", "capital-gain: 0.0201", "sex_Female: 0.0189", "relationship_Husband: 0.0178"], "raw_top": {"marital-status_Married-civ-spouse": 0.1623669741345848, "education_Assoc-voc": -0.14933914981239826, "education_HS-grad": 0.07239068376794588, "marital-status_Never-married": 0.046691433672003534, "education-num": 0.04344801065308577, "education_Bachelors": 0.020503831292178476, "fnlwgt": 0.020194431912850398, "capital-gain": 0.020110050199940752, "sex_Female": 0.018898398771373837, "relationship_Husband": 0.01783321597507913}}}