{"instance_id": 9042, "quadrant": "TN", "true_label": 0, "prediction": 0, "prediction_correct": true, "metrics": {"cost": 589.4719989737496, "sparsity": 0.09259259259259259, "fidelity": 0.9285196358348522, "faithfulness_gap": 0.42181591388398054, "stability": 0.5120766928980425}, "explanation": {"top_features": ["workclass_Local-gov: -0.1263", "sex_Female: -0.0526", "relationship_Unmarried: -0.0461", "marital-status_Married-civ-spouse: -0.0332", "education_Bachelors: -0.0196", "relationship_Husband: -0.0179", "occupation_Prof-specialty: -0.0172", "fnlwgt: -0.0142", "marital-status_Divorced: -0.0139", "hours-per-week: -0.0077"], "raw_top": {"workclass_Local-gov": -0.12626826313692593, "sex_Female": -0.05257159745496932, "relationship_Unmarried": -0.046091359133236816, "marital-status_Married-civ-spouse": -0.03317232287522946, "education_Bachelors": -0.019589974645648912, "relationship_Husband": -0.017947487189002593, "occupation_Prof-specialty": -0.01724070499150542, "fnlwgt": -0.014201987439389718, "marital-status_Divorced": -0.013929356252504924, "hours-per-week": -0.007702747636521956}}}