{"instance_id": 9136, "quadrant": "TP", "true_label": 1, "prediction": 1, "prediction_correct": true, "metrics": {"cost": 472.47720893938094, "sparsity": 0.09259259259259259, "fidelity": 0.6818341004787607, "faithfulness_gap": 0.46413175092932135, "stability": 0.2137196880246758}, "explanation": {"top_features": ["race_White: 0.1549", "education-num: -0.1461", "marital-status_Married-civ-spouse: 0.1322", "education_Masters: 0.1023", "age: -0.0872", "sex_Female: 0.0602", "marital-status_Never-married: 0.0477", "hours-per-week: -0.0381", "occupation_Prof-specialty: 0.0350", "sex_Male: 0.0140"], "raw_top": {"race_White": 0.1548523917276149, "education-num": -0.14605401425738343, "marital-status_Married-civ-spouse": 0.1321997390154973, "education_Masters": 0.10232492495533362, "age": -0.08715532584089751, "sex_Female": 0.0601707014443653, "marital-status_Never-married": 0.047703527246148736, "hours-per-week": -0.038109453818866705, "occupation_Prof-specialty": 0.03501372490737572, "sex_Male": 0.014028682470411391}}}