{"instance_id": 9144, "quadrant": "FN", "true_label": 1, "prediction": 0, "prediction_correct": false, "metrics": {"cost": 409.49193201959133, "sparsity": 0.09259259259259259, "fidelity": 0.7215409949005396, "faithfulness_gap": 0.412032523023106, "stability": 0.10254308567405128}, "explanation": {"top_features": ["age: -0.1383", "education-num: 0.1225", "marital-status_Married-civ-spouse: 0.1189", "education_HS-grad: 0.0662", "occupation_Prof-specialty: -0.0644", "education_Bachelors: -0.0597", "relationship_Husband: 0.0475", "marital-status_Never-married: 0.0444", "fnlwgt: -0.0320", "sex_Female: 0.0224"], "raw_top": {"age": -0.13834908407037386, "education-num": 0.12252466772601792, "marital-status_Married-civ-spouse": 0.1189163712351534, "education_HS-grad": 0.0661567602703411, "occupation_Prof-specialty": -0.06444925066832011, "education_Bachelors": -0.059664332033984364, "relationship_Husband": 0.04747983526162952, "marital-status_Never-married": 0.044437032968148604, "fnlwgt": -0.03203133415054754, "sex_Female": 0.022374630731448276}}}