{"instance_id": 9188, "quadrant": "TP", "true_label": 1, "prediction": 1, "prediction_correct": true, "metrics": {"cost": 787.7415079856291, "sparsity": 0.09259259259259259, "fidelity": 0.6123407604172759, "faithfulness_gap": 0.6299045614189209, "stability": 0.1226073781138782}, "explanation": {"top_features": ["marital-status_Married-civ-spouse: 0.1712", "education_Prof-school: -0.0596", "age: 0.0567", "marital-status_Never-married: 0.0549", "education_HS-grad: 0.0521", "relationship_Husband: 0.0481", "capital-gain: 0.0390", "education-num: 0.0289", "sex_Female: 0.0215", "relationship_Own-child: 0.0126"], "raw_top": {"marital-status_Married-civ-spouse": 0.1712134814923922, "education_Prof-school": -0.05960736513542325, "age": 0.0567469168162357, "marital-status_Never-married": 0.05494060562662607, "education_HS-grad": 0.05207196773542336, "relationship_Husband": 0.048112026621923425, "capital-gain": 0.03904143223596863, "education-num": 0.028889591278048746, "sex_Female": 0.021452007453112137, "relationship_Own-child": 0.012630003594856075}}}