{"instance_id": 9195, "quadrant": "FN", "true_label": 1, "prediction": 0, "prediction_correct": false, "metrics": {"cost": 577.0367169752717, "sparsity": 0.09259259259259259, "fidelity": 0.7212765484918577, "faithfulness_gap": 0.14051116719447793, "stability": 0.1640002115272702}, "explanation": {"top_features": ["occupation_Craft-repair: -0.1773", "education_HS-grad: -0.1293", "marital-status_Married-civ-spouse: 0.1290", "age: 0.0741", "hours-per-week: 0.0692", "marital-status_Never-married: 0.0285", "relationship_Husband: 0.0281", "education_Bachelors: 0.0278", "capital-gain: 0.0261", "education-num: 0.0225"], "raw_top": {"occupation_Craft-repair": -0.1772648208354687, "education_HS-grad": -0.12931847473492214, "marital-status_Married-civ-spouse": 0.12897929624724108, "age": 0.07406784364710195, "hours-per-week": 0.06918990816611584, "marital-status_Never-married": 0.028517000179092884, "relationship_Husband": 0.028111522114591284, "education_Bachelors": 0.027770680670450514, "capital-gain": 0.026054301586306353, "education-num": 0.022539261979780872}}}