{"instance_id": 9426, "quadrant": "FP", "true_label": 0, "prediction": 1, "prediction_correct": false, "metrics": {"cost": 924.7134149773046, "sparsity": 0.09259259259259259, "fidelity": 0.650615086691997, "faithfulness_gap": 0.5592652577890457, "stability": 0.045287942936421514}, "explanation": {"top_features": ["marital-status_Married-civ-spouse: 0.1509", "education_HS-grad: 0.0642", "marital-status_Never-married: 0.0513", "capital-gain: 0.0345", "education-num: 0.0323", "age: -0.0293", "fnlwgt: -0.0204", "relationship_Not-in-family: -0.0197", "capital-loss: -0.0175", "hours-per-week: 0.0153"], "raw_top": {"marital-status_Married-civ-spouse": 0.15089181133505072, "education_HS-grad": 0.0642309241867443, "marital-status_Never-married": 0.051322727477375756, "capital-gain": 0.034544394389833186, "education-num": 0.03232164391040986, "age": -0.029297586361536596, "fnlwgt": -0.02038529312934871, "relationship_Not-in-family": -0.019722074728140995, "capital-loss": -0.01751900834026876, "hours-per-week": 0.015312063989638504}}}