{"instance_id": 964, "quadrant": "TN", "true_label": 0, "prediction": 0, "prediction_correct": true, "metrics": {"cost": 371.7114779865369, "sparsity": 0.09259259259259259, "fidelity": 0.7558021859272281, "faithfulness_gap": 0.00466306312236263, "stability": 0.7619912431914228}, "explanation": {"top_features": ["age: -0.0955", "marital-status_Never-married: -0.0706", "hours-per-week: -0.0593", "marital-status_Married-civ-spouse: -0.0359", "sex_Female: -0.0282", "education_Some-college: -0.0160", "relationship_Unmarried: -0.0130", "relationship_Husband: -0.0118", "capital-loss: -0.0109", "education-num: -0.0095"], "raw_top": {"age": -0.09546561515526156, "marital-status_Never-married": -0.07064489618284302, "hours-per-week": -0.05931581782551517, "marital-status_Married-civ-spouse": -0.03585093304993706, "sex_Female": -0.028184701896712332, "education_Some-college": -0.01600660140579631, "relationship_Unmarried": -0.013006725902873238, "relationship_Husband": -0.011839050768535007, "capital-loss": -0.01092617807928384, "education-num": -0.0094577696935908}}}