{"instance_id": 116, "quadrant": "TP", "true_label": 1, "prediction": 1, "prediction_correct": true, "metrics": {"cost": 1537.9898229730316, "sparsity": 0.09259259259259259, "fidelity": 0.7213342861225354, "faithfulness_gap": 0.7883459956032615, "stability": 0.1998631669597445}, "explanation": {"top_features": ["marital-status_Married-civ-spouse: 0.1194", "age: 0.1075", "education-num: 0.0894", "education_HS-grad: 0.0716", "marital-status_Never-married: 0.0655", "relationship_Husband: 0.0487", "occupation_Exec-managerial: 0.0421", "sex_Female: 0.0386", "hours-per-week: 0.0355", "occupation_Craft-repair: 0.0305"], "raw_top": {"marital-status_Married-civ-spouse": 0.11943726671780378, "age": 0.10752360727571597, "education-num": 0.08943337965401019, "education_HS-grad": 0.07155089118495059, "marital-status_Never-married": 0.06552375170475719, "relationship_Husband": 0.048701142220738416, "occupation_Exec-managerial": 0.04209024813319238, "sex_Female": 0.03855694860181893, "hours-per-week": 0.03550727098896955, "occupation_Craft-repair": 0.0304985126724905}}}