{"instance_id": 119, "quadrant": "FP", "true_label": 0, "prediction": 1, "prediction_correct": false, "metrics": {"cost": 1589.8855940322392, "sparsity": 0.09259259259259259, "fidelity": 0.617935360269604, "faithfulness_gap": 0.6330942069795482, "stability": 0.18762472724788823}, "explanation": {"top_features": ["occupation_Protective-serv: 0.1161", "workclass_Private: 0.1027", "marital-status_Married-civ-spouse: 0.0694", "marital-status_Never-married: 0.0297", "fnlwgt: 0.0281", "occupation_Sales: 0.0276", "hours-per-week: 0.0224", "relationship_Unmarried: 0.0166", "sex_Female: 0.0142", "education-num: 0.0058"], "raw_top": {"occupation_Protective-serv": 0.1161336330279387, "workclass_Private": 0.10271177866286998, "marital-status_Married-civ-spouse": 0.06942643847218267, "marital-status_Never-married": 0.02973810911522291, "fnlwgt": 0.0281235670103328, "occupation_Sales": 0.02759792605190464, "hours-per-week": 0.022393770720853936, "relationship_Unmarried": 0.016572877235504373, "sex_Female": 0.014204600827651159, "education-num": 0.005807264147243363}}}