{"instance_id": 1211, "quadrant": "FP", "true_label": 0, "prediction": 1, "prediction_correct": false, "metrics": {"cost": 702.8471890371293, "sparsity": 0.09259259259259259, "fidelity": 0.8771076179958659, "faithfulness_gap": 0.5084250826814942, "stability": 0.16585532389706964}, "explanation": {"top_features": ["age: 0.0981", "hours-per-week: 0.0922", "marital-status_Married-civ-spouse: 0.0652", "education_Some-college: 0.0309", "relationship_Husband: 0.0287", "marital-status_Never-married: 0.0225", "occupation_Other-service: 0.0208", "sex_Female: 0.0107", "fnlwgt: 0.0057", "relationship_Not-in-family: 0.0055"], "raw_top": {"age": 0.09807909953321038, "hours-per-week": 0.09218979736536616, "marital-status_Married-civ-spouse": 0.06515824087828011, "education_Some-college": 0.030850762589755117, "relationship_Husband": 0.028682372474357492, "marital-status_Never-married": 0.022538998728474615, "occupation_Other-service": 0.020844840420963875, "sex_Female": 0.010743329670658839, "fnlwgt": 0.005655526259830914, "relationship_Not-in-family": 0.005454917249642921}}}