{"instance_id": 1307, "quadrant": "TP", "true_label": 1, "prediction": 1, "prediction_correct": true, "metrics": {"cost": 904.2606970178895, "sparsity": 0.09259259259259259, "fidelity": 0.8740042232735376, "faithfulness_gap": 0.9105159498010866, "stability": 0.33330837990080164}, "explanation": {"top_features": ["capital-loss: 0.1911", "education_HS-grad: 0.1012", "hours-per-week: 0.0877", "marital-status_Never-married: 0.0876", "education-num: 0.0782", "sex_Female: 0.0621", "marital-status_Married-civ-spouse: 0.0562", "relationship_Husband: 0.0483", "occupation_Exec-managerial: 0.0385", "occupation_Craft-repair: 0.0298"], "raw_top": {"capital-loss": 0.19106939012762894, "education_HS-grad": 0.10115918204403535, "hours-per-week": 0.08767769516278297, "marital-status_Never-married": 0.08756657098315268, "education-num": 0.07822096115349739, "sex_Female": 0.0621298192612831, "marital-status_Married-civ-spouse": 0.056215607357221836, "relationship_Husband": 0.0483222469141454, "occupation_Exec-managerial": 0.038537383761231093, "occupation_Craft-repair": 0.029802306163264625}}}