{"instance_id": 1323, "quadrant": "FP", "true_label": 0, "prediction": 1, "prediction_correct": false, "metrics": {"cost": 1280.6325450073928, "sparsity": 0.09259259259259259, "fidelity": 0.5517833433420712, "faithfulness_gap": 0.494057705943406, "stability": 0.16376836751135201}, "explanation": {"top_features": ["marital-status_Married-civ-spouse: 0.0910", "occupation_Exec-managerial: 0.0628", "education_HS-grad: 0.0417", "hours-per-week: 0.0337", "relationship_Husband: 0.0316", "marital-status_Never-married: 0.0299", "sex_Female: 0.0272", "workclass_Self-emp-not-inc: 0.0184", "occupation_Craft-repair: 0.0183", "occupation_Other-service: 0.0115"], "raw_top": {"marital-status_Married-civ-spouse": 0.09099864865092465, "occupation_Exec-managerial": 0.06282096119008167, "education_HS-grad": 0.041731850736804924, "hours-per-week": 0.03366444910100429, "relationship_Husband": 0.03159236305544807, "marital-status_Never-married": 0.029855853946912207, "sex_Female": 0.02718518337480428, "workclass_Self-emp-not-inc": 0.018396896397884232, "occupation_Craft-repair": 0.018299404664803013, "occupation_Other-service": 0.011511731853703744}}}