{"instance_id": 1375, "quadrant": "FP", "true_label": 0, "prediction": 1, "prediction_correct": false, "metrics": {"cost": 1075.7307070307434, "sparsity": 0.09259259259259259, "fidelity": 0.6265907961492957, "faithfulness_gap": 0.37234730029687624, "stability": 0.13915620028754558}, "explanation": {"top_features": ["workclass_Self-emp-not-inc: -0.1679", "education-num: 0.0967", "age: 0.0754", "education_HS-grad: 0.0725", "occupation_Exec-managerial: 0.0660", "marital-status_Married-civ-spouse: 0.0576", "sex_Female: 0.0447", "hours-per-week: 0.0315", "workclass_Private: 0.0264", "marital-status_Never-married: 0.0257"], "raw_top": {"workclass_Self-emp-not-inc": -0.16786530876709344, "education-num": 0.09669616620528702, "age": 0.07537533258148034, "education_HS-grad": 0.07252649127844453, "occupation_Exec-managerial": 0.06599650913457905, "marital-status_Married-civ-spouse": 0.05764126964485145, "sex_Female": 0.044738370732066525, "hours-per-week": 0.03151621294780654, "workclass_Private": 0.026435046102822685, "marital-status_Never-married": 0.025724325882488564}}}