{"instance_id": 1511, "quadrant": "TN", "true_label": 0, "prediction": 0, "prediction_correct": true, "metrics": {"cost": 1088.346146978438, "sparsity": 0.09259259259259259, "fidelity": 0.6398428231996339, "faithfulness_gap": 0.07973572970198214, "stability": 0.47229015914590766}, "explanation": {"top_features": ["age: -0.0461", "marital-status_Never-married: -0.0413", "marital-status_Married-civ-spouse: -0.0366", "occupation_Machine-op-inspct: -0.0303", "education_HS-grad: -0.0253", "relationship_Husband: -0.0090", "education-num: -0.0060", "relationship_Own-child: -0.0041", "workclass_Private: -0.0025", "sex_Male: -0.0011"], "raw_top": {"age": -0.046124976251351785, "marital-status_Never-married": -0.041299487326844554, "marital-status_Married-civ-spouse": -0.036643820809466446, "occupation_Machine-op-inspct": -0.030311104421089596, "education_HS-grad": -0.02531848129479224, "relationship_Husband": -0.008951648528502502, "education-num": -0.005992547792252232, "relationship_Own-child": -0.0040789177813354985, "workclass_Private": -0.0024858402361137796, "sex_Male": -0.0010797439840535827}}}