{"instance_id": 1633, "quadrant": "FN", "true_label": 1, "prediction": 0, "prediction_correct": false, "metrics": {"cost": 1125.2908749738708, "sparsity": 0.09259259259259259, "fidelity": 0.5383164990749244, "faithfulness_gap": 0.02071277110238323, "stability": 0.162781244457274}, "explanation": {"top_features": ["education_Masters: 0.1202", "sex_Female: -0.0998", "marital-status_Separated: 0.0959", "marital-status_Married-civ-spouse: -0.0943", "occupation_Prof-specialty: 0.0666", "age: -0.0590", "marital-status_Never-married: 0.0495", "occupation_Other-service: 0.0447", "occupation_Craft-repair: 0.0253", "occupation_Sales: 0.0243"], "raw_top": {"education_Masters": 0.12023201780361177, "sex_Female": -0.09980336568785403, "marital-status_Separated": 0.09592358414045651, "marital-status_Married-civ-spouse": -0.09429519306116453, "occupation_Prof-specialty": 0.06662842074141037, "age": -0.05896493013076464, "marital-status_Never-married": 0.04950536838338635, "occupation_Other-service": 0.04470237334867587, "occupation_Craft-repair": 0.025313549263866426, "occupation_Sales": 0.02428685346127296}}}