{"instance_id": 1649, "quadrant": "TP", "true_label": 1, "prediction": 1, "prediction_correct": true, "metrics": {"cost": 1461.8965659756213, "sparsity": 0.09259259259259259, "fidelity": 0.7275307782094438, "faithfulness_gap": 0.8383628013659723, "stability": 0.20656650371366098}, "explanation": {"top_features": ["native-country_nan: 0.1463", "native-country_United-States: 0.0871", "age: 0.0845", "education_HS-grad: 0.0743", "education_Some-college: 0.0654", "marital-status_Married-civ-spouse: 0.0556", "sex_Female: 0.0506", "occupation_Craft-repair: 0.0287", "occupation_Transport-moving: 0.0257", "workclass_Local-gov: 0.0254"], "raw_top": {"native-country_nan": 0.14634346575820345, "native-country_United-States": 0.08706613614579993, "age": 0.08446703650908602, "education_HS-grad": 0.07430295874492536, "education_Some-college": 0.06544319621413179, "marital-status_Married-civ-spouse": 0.05560263722275736, "sex_Female": 0.050601019239262086, "occupation_Craft-repair": 0.028703919356542436, "occupation_Transport-moving": 0.025736973871739788, "workclass_Local-gov": 0.025353471560720535}}}