{"instance_id": 1710, "quadrant": "FN", "true_label": 1, "prediction": 0, "prediction_correct": false, "metrics": {"cost": 839.1074249520898, "sparsity": 0.09259259259259259, "fidelity": 0.6981212033622598, "faithfulness_gap": 0.09436207827872006, "stability": 0.218369902966027}, "explanation": {"top_features": ["workclass_Local-gov: -0.1604", "workclass_Private: 0.1015", "marital-status_Married-civ-spouse: 0.0867", "age: 0.0738", "sex_Female: 0.0513", "marital-status_Never-married: 0.0437", "relationship_Husband: 0.0377", "occupation_Other-service: 0.0230", "occupation_Machine-op-inspct: 0.0189", "occupation_Craft-repair: 0.0143"], "raw_top": {"workclass_Local-gov": -0.16037166862553737, "workclass_Private": 0.1014902190769562, "marital-status_Married-civ-spouse": 0.08667759532854052, "age": 0.07381259960285694, "sex_Female": 0.05127274985474001, "marital-status_Never-married": 0.0437440064739153, "relationship_Husband": 0.03774568982352474, "occupation_Other-service": 0.023007558321260724, "occupation_Machine-op-inspct": 0.018890528852066213, "occupation_Craft-repair": 0.014296640877419138}}}