{"instance_id": 1761, "quadrant": "TP", "true_label": 1, "prediction": 1, "prediction_correct": true, "metrics": {"cost": 983.3991909981705, "sparsity": 0.09259259259259259, "fidelity": 0.7995300236826921, "faithfulness_gap": 0.8795423241096788, "stability": 0.27882718473898654}, "explanation": {"top_features": ["capital-loss: 0.1951", "age: 0.1003", "marital-status_Never-married: 0.0917", "education_HS-grad: 0.0875", "sex_Female: 0.0679", "marital-status_Married-civ-spouse: 0.0674", "education-num: 0.0614", "occupation_Other-service: 0.0427", "relationship_Husband: 0.0369", "occupation_Transport-moving: 0.0368"], "raw_top": {"capital-loss": 0.19509796202357108, "age": 0.10027570096948621, "marital-status_Never-married": 0.09169249557386717, "education_HS-grad": 0.08747967043484356, "sex_Female": 0.06787015912478869, "marital-status_Married-civ-spouse": 0.06742843158455021, "education-num": 0.061357538844846626, "occupation_Other-service": 0.042660103089159906, "relationship_Husband": 0.03686370969693657, "occupation_Transport-moving": 0.03681878885516781}}}