{"instance_id": 1776, "quadrant": "TN", "true_label": 0, "prediction": 0, "prediction_correct": true, "metrics": {"cost": 1237.5618500518613, "sparsity": 0.09259259259259259, "fidelity": 0.7253004148789258, "faithfulness_gap": 0.11977800973252063, "stability": 0.6576107573700024}, "explanation": {"top_features": ["age: -0.0527", "marital-status_Never-married: -0.0359", "marital-status_Married-civ-spouse: -0.0355", "hours-per-week: -0.0323", "sex_Female: -0.0235", "occupation_Other-service: -0.0201", "education_HS-grad: 0.0098", "education-num: -0.0054", "relationship_Husband: -0.0046", "workclass_Private: -0.0020"], "raw_top": {"age": -0.05268451625465107, "marital-status_Never-married": -0.03593866962720157, "marital-status_Married-civ-spouse": -0.03546938594617957, "hours-per-week": -0.032281766666379344, "sex_Female": -0.023509628277110544, "occupation_Other-service": -0.020104445954049595, "education_HS-grad": 0.009758773142817867, "education-num": -0.0054345033283769535, "relationship_Husband": -0.004636805104374287, "workclass_Private": -0.0019909016323803193}}}