{"instance_id": 1922, "quadrant": "TN", "true_label": 0, "prediction": 0, "prediction_correct": true, "metrics": {"cost": 1269.6760250255466, "sparsity": 0.09259259259259259, "fidelity": 0.8750447236238368, "faithfulness_gap": 0.7574696039439767, "stability": 0.33190535262945653}, "explanation": {"top_features": ["occupation_Farming-fishing: -0.2114", "workclass_Self-emp-not-inc: -0.1410", "education_HS-grad: -0.0858", "workclass_Private: 0.0525", "sex_Female: 0.0496", "hours-per-week: 0.0425", "education_Some-college: 0.0399", "age: 0.0257", "marital-status_Never-married: 0.0237", "relationship_Husband: 0.0204"], "raw_top": {"occupation_Farming-fishing": -0.21136018324744826, "workclass_Self-emp-not-inc": -0.14095729547319888, "education_HS-grad": -0.08579354167787807, "workclass_Private": 0.05248434557912611, "sex_Female": 0.04961284006186199, "hours-per-week": 0.04247537436146197, "education_Some-college": 0.039937165045112424, "age": 0.02567464751877442, "marital-status_Never-married": 0.023676620875954513, "relationship_Husband": 0.020382305948097645}}}