{"instance_id": 1969, "quadrant": "TP", "true_label": 1, "prediction": 1, "prediction_correct": true, "metrics": {"cost": 1295.2210489893332, "sparsity": 0.09259259259259259, "fidelity": 0.6045935774159621, "faithfulness_gap": 0.7089664202302829, "stability": 0.15632250768375214}, "explanation": {"top_features": ["marital-status_Married-civ-spouse: 0.1084", "hours-per-week: 0.1039", "education-num: 0.0854", "education_HS-grad: 0.0786", "occupation_Exec-managerial: 0.0570", "marital-status_Never-married: 0.0525", "relationship_Husband: 0.0499", "sex_Female: 0.0386", "occupation_Craft-repair: 0.0382", "workclass_Self-emp-not-inc: 0.0277"], "raw_top": {"marital-status_Married-civ-spouse": 0.10838371944890643, "hours-per-week": 0.10387288703192703, "education-num": 0.08544483572499614, "education_HS-grad": 0.0786477619466973, "occupation_Exec-managerial": 0.05699663946696775, "marital-status_Never-married": 0.05246524826636301, "relationship_Husband": 0.049870793699846726, "sex_Female": 0.038572074092231956, "occupation_Craft-repair": 0.03821672635045901, "workclass_Self-emp-not-inc": 0.02768109838182753}}}