{"instance_id": 2000, "quadrant": "FP", "true_label": 0, "prediction": 1, "prediction_correct": false, "metrics": {"cost": 1049.0840779966675, "sparsity": 0.09259259259259259, "fidelity": 0.700755012853153, "faithfulness_gap": 0.7756808492365609, "stability": 0.22197902163834282}, "explanation": {"top_features": ["education-num: 0.0915", "workclass_Private: 0.0881", "occupation_Exec-managerial: 0.0822", "hours-per-week: 0.0750", "marital-status_Married-civ-spouse: 0.0723", "education_HS-grad: 0.0553", "marital-status_Never-married: 0.0438", "relationship_Husband: 0.0351", "sex_Female: 0.0327", "workclass_Self-emp-not-inc: 0.0171"], "raw_top": {"education-num": 0.09154286048738879, "workclass_Private": 0.08811000107054683, "occupation_Exec-managerial": 0.08222462319729051, "hours-per-week": 0.07504468554678927, "marital-status_Married-civ-spouse": 0.07229413659844451, "education_HS-grad": 0.05529713465783394, "marital-status_Never-married": 0.0438254431608368, "relationship_Husband": 0.0350545452987844, "sex_Female": 0.03265515789164664, "workclass_Self-emp-not-inc": 0.01710724844043454}}}