{"instance_id": 2037, "quadrant": "FN", "true_label": 1, "prediction": 0, "prediction_correct": false, "metrics": {"cost": 1397.4152599694207, "sparsity": 0.09259259259259259, "fidelity": 0.771734539967744, "faithfulness_gap": 0.05030390157345943, "stability": 0.6398970728203661}, "explanation": {"top_features": ["capital-loss: 0.2756", "workclass_Self-emp-inc: -0.2274", "relationship_Other-relative: -0.1810", "marital-status_Never-married: -0.1659", "sex_Female: 0.0346", "occupation_Exec-managerial: 0.0293", "age: 0.0287", "occupation_Craft-repair: 0.0285", "workclass_Private: 0.0283", "occupation_Other-service: 0.0194"], "raw_top": {"capital-loss": 0.27555615003902484, "workclass_Self-emp-inc": -0.22743413578305718, "relationship_Other-relative": -0.18095978606605687, "marital-status_Never-married": -0.16587740034304724, "sex_Female": 0.034567444835226224, "occupation_Exec-managerial": 0.029294795782569716, "age": 0.028664593139193756, "occupation_Craft-repair": 0.028473883986285347, "workclass_Private": 0.02833380064811105, "occupation_Other-service": 0.019436837252686617}}}