{"instance_id": 2092, "quadrant": "FP", "true_label": 0, "prediction": 1, "prediction_correct": false, "metrics": {"cost": 1062.6502759987488, "sparsity": 0.09259259259259259, "fidelity": 0.7193491575006697, "faithfulness_gap": 0.5686063563593294, "stability": 0.15383125765737146}, "explanation": {"top_features": ["age: 0.0981", "marital-status_Married-civ-spouse: 0.0535", "sex_Female: 0.0466", "relationship_Husband: 0.0352", "marital-status_Never-married: 0.0296", "hours-per-week: 0.0227", "occupation_Other-service: 0.0214", "education_Assoc-voc: 0.0212", "education_Some-college: 0.0204", "occupation_Craft-repair: 0.0199"], "raw_top": {"age": 0.09810963635479993, "marital-status_Married-civ-spouse": 0.053546090142238774, "sex_Female": 0.046599359830163584, "relationship_Husband": 0.03515558596535999, "marital-status_Never-married": 0.0296402961406864, "hours-per-week": 0.02269131412910346, "occupation_Other-service": 0.02144707480859465, "education_Assoc-voc": 0.021191241618783146, "education_Some-college": 0.02043120485054123, "occupation_Craft-repair": 0.019934995415740807}}}