{"instance_id": 2188, "quadrant": "TP", "true_label": 1, "prediction": 1, "prediction_correct": true, "metrics": {"cost": 1367.8816269966774, "sparsity": 0.09259259259259259, "fidelity": 0.483982149266172, "faithfulness_gap": 0.5039166823998882, "stability": 0.11099181131226273}, "explanation": {"top_features": ["age: 0.0841", "hours-per-week: 0.0810", "marital-status_Married-civ-spouse: 0.0498", "relationship_Husband: 0.0434", "sex_Female: 0.0270", "occupation_Craft-repair: 0.0219", "fnlwgt: 0.0152", "workclass_Self-emp-not-inc: 0.0141", "education_Some-college: 0.0131", "sex_Male: 0.0122"], "raw_top": {"age": 0.08409712423357521, "hours-per-week": 0.08099941844411133, "marital-status_Married-civ-spouse": 0.04983429049137044, "relationship_Husband": 0.04339800453012025, "sex_Female": 0.027046035502832758, "occupation_Craft-repair": 0.02191846290015081, "fnlwgt": 0.015153690514458982, "workclass_Self-emp-not-inc": 0.014051836089262899, "education_Some-college": 0.01305566505234867, "sex_Male": 0.012188947568102237}}}