{"instance_id": 2229, "quadrant": "TN", "true_label": 0, "prediction": 0, "prediction_correct": true, "metrics": {"cost": 749.4707520236261, "sparsity": 0.09259259259259259, "fidelity": 0.8214276101817412, "faithfulness_gap": 0.12515737599631752, "stability": 0.15734918937504325}, "explanation": {"top_features": ["marital-status_Married-civ-spouse: -0.0731", "sex_Female: -0.0703", "race_White: 0.0433", "marital-status_Divorced: -0.0343", "hours-per-week: -0.0271", "relationship_Unmarried: -0.0216", "education_HS-grad: 0.0187", "occupation_Adm-clerical: -0.0178", "education-num: -0.0136", "occupation_Exec-managerial: -0.0056"], "raw_top": {"marital-status_Married-civ-spouse": -0.07306604657898587, "sex_Female": -0.07033236780109582, "race_White": 0.043317279926251596, "marital-status_Divorced": -0.03426138535059519, "hours-per-week": -0.02710190566377996, "relationship_Unmarried": -0.02156754443069544, "education_HS-grad": 0.018684575832850853, "occupation_Adm-clerical": -0.017793013571062673, "education-num": -0.01362216105138475, "occupation_Exec-managerial": -0.005582371774185441}}}