{"instance_id": 226, "quadrant": "FP", "true_label": 0, "prediction": 1, "prediction_correct": false, "metrics": {"cost": 935.0390250328928, "sparsity": 0.09259259259259259, "fidelity": 0.8389431980609521, "faithfulness_gap": 0.6026531644345694, "stability": 0.23808788260410008}, "explanation": {"top_features": ["age: 0.1312", "marital-status_Married-civ-spouse: 0.1026", "education_Assoc-acdm: 0.0688", "marital-status_Never-married: 0.0351", "workclass_Private: 0.0218", "occupation_Other-service: 0.0169", "relationship_Unmarried: 0.0159", "education_Assoc-voc: 0.0134", "occupation_Adm-clerical: 0.0126", "education_HS-grad: 0.0121"], "raw_top": {"age": 0.13116681834773308, "marital-status_Married-civ-spouse": 0.10255567689125991, "education_Assoc-acdm": 0.06879444709080992, "marital-status_Never-married": 0.03506592160125601, "workclass_Private": 0.021844805110120442, "occupation_Other-service": 0.016942081669772846, "relationship_Unmarried": 0.015889233630293154, "education_Assoc-voc": 0.013395708198772503, "occupation_Adm-clerical": 0.01261251931132715, "education_HS-grad": 0.012139018246344335}}}