{"instance_id": 2262, "quadrant": "TP", "true_label": 1, "prediction": 1, "prediction_correct": true, "metrics": {"cost": 1081.3807930098847, "sparsity": 0.09259259259259259, "fidelity": 0.9959388203421963, "faithfulness_gap": 0.9636630314732438, "stability": 0.9710135525646488}, "explanation": {"top_features": ["capital-gain: 0.6328", "marital-status_Married-civ-spouse: 0.0336", "education_HS-grad: 0.0254", "sex_Female: 0.0209", "occupation_Exec-managerial: 0.0194", "hours-per-week: 0.0177", "occupation_Craft-repair: 0.0134", "marital-status_Never-married: 0.0122", "relationship_Husband: 0.0118", "relationship_Unmarried: 0.0106"], "raw_top": {"capital-gain": 0.6327605174634666, "marital-status_Married-civ-spouse": 0.03364889829216981, "education_HS-grad": 0.02539342876417111, "sex_Female": 0.02085488478566527, "occupation_Exec-managerial": 0.01942853323808168, "hours-per-week": 0.017654680163014337, "occupation_Craft-repair": 0.013384681643680224, "marital-status_Never-married": 0.012183500705736223, "relationship_Husband": 0.011798217121218535, "relationship_Unmarried": 0.010595083925460736}}}