{"instance_id": 2343, "quadrant": "TN", "true_label": 0, "prediction": 0, "prediction_correct": true, "metrics": {"cost": 813.152493967209, "sparsity": 0.09259259259259259, "fidelity": 0.6176727895176437, "faithfulness_gap": 0.302964704776107, "stability": 0.43798049640868775}, "explanation": {"top_features": ["education_7th-8th: -0.1850", "occupation_Machine-op-inspct: -0.0835", "age: 0.0351", "workclass_Private: -0.0278", "education_Some-college: 0.0248", "sex_Female: 0.0204", "marital-status_Married-civ-spouse: 0.0196", "education_HS-grad: 0.0185", "fnlwgt: 0.0102", "marital-status_Never-married: 0.0075"], "raw_top": {"education_7th-8th": -0.1850052165251039, "occupation_Machine-op-inspct": -0.08350610426439621, "age": 0.03508056967760164, "workclass_Private": -0.02781974587043833, "education_Some-college": 0.024848097708898866, "sex_Female": 0.02038453835457129, "marital-status_Married-civ-spouse": 0.019624878720919645, "education_HS-grad": 0.018474628327519275, "fnlwgt": 0.010195042853293276, "marital-status_Never-married": 0.00752791150584764}}}