{"instance_id": 2381, "quadrant": "TP", "true_label": 1, "prediction": 1, "prediction_correct": true, "metrics": {"cost": 1395.584248995874, "sparsity": 0.09259259259259259, "fidelity": 0.7765921116412948, "faithfulness_gap": 0.06656662146597536, "stability": 0.16076344624220143}, "explanation": {"top_features": ["marital-status_Married-civ-spouse: 0.1104", "education-num: -0.1053", "age: 0.0838", "education_HS-grad: 0.0757", "hours-per-week: 0.0696", "occupation_Craft-repair: -0.0694", "marital-status_Never-married: 0.0572", "sex_Female: 0.0402", "education_Masters: 0.0329", "occupation_Other-service: 0.0279"], "raw_top": {"marital-status_Married-civ-spouse": 0.11044292813255832, "education-num": -0.10529415727615321, "age": 0.0838402553688858, "education_HS-grad": 0.07574271591769326, "hours-per-week": 0.06960182826144547, "occupation_Craft-repair": -0.06935646886064939, "marital-status_Never-married": 0.05718574570052559, "sex_Female": 0.040205495503816836, "education_Masters": 0.032933057940644245, "occupation_Other-service": 0.02793702128936225}}}