{"instance_id": 2529, "quadrant": "TN", "true_label": 0, "prediction": 0, "prediction_correct": true, "metrics": {"cost": 835.3446500259452, "sparsity": 0.09259259259259259, "fidelity": 0.6576065712193393, "faithfulness_gap": 0.15009169834791575, "stability": 0.1930553460045003}, "explanation": {"top_features": ["education_HS-grad: -0.0759", "marital-status_Never-married: -0.0526", "marital-status_Married-civ-spouse: -0.0475", "age: 0.0398", "workclass_Private: -0.0252", "sex_Female: 0.0245", "occupation_Craft-repair: -0.0187", "sex_Male: -0.0112", "relationship_Husband: -0.0073", "education-num: -0.0046"], "raw_top": {"education_HS-grad": -0.0758663572183072, "marital-status_Never-married": -0.05258617115027284, "marital-status_Married-civ-spouse": -0.04746536441995835, "age": 0.03983125907401307, "workclass_Private": -0.025198450910246577, "sex_Female": 0.02446463961360297, "occupation_Craft-repair": -0.018687483979654477, "sex_Male": -0.01117322369183317, "relationship_Husband": -0.007321202060420477, "education-num": -0.004590022159529944}}}