{"instance_id": 2581, "quadrant": "TN", "true_label": 0, "prediction": 0, "prediction_correct": true, "metrics": {"cost": 840.0258029578254, "sparsity": 0.09259259259259259, "fidelity": 0.22480304952033028, "faithfulness_gap": 0.06271844990214014, "stability": 0.2984327173869122}, "explanation": {"top_features": ["age: -0.0888", "sex_Female: -0.0760", "marital-status_Married-civ-spouse: -0.0705", "relationship_Unmarried: -0.0569", "native-country_United-States: 0.0443", "occupation_Exec-managerial: 0.0340", "education_HS-grad: 0.0260", "sex_Male: 0.0212", "marital-status_Divorced: -0.0188", "workclass_Private: -0.0151"], "raw_top": {"age": -0.08884622214278506, "sex_Female": -0.07603522977341286, "marital-status_Married-civ-spouse": -0.07049365205507413, "relationship_Unmarried": -0.05685274125257258, "native-country_United-States": 0.044262457480930564, "occupation_Exec-managerial": 0.03396879856139226, "education_HS-grad": 0.026023209029728735, "sex_Male": 0.02116906346616937, "marital-status_Divorced": -0.018765991041635333, "workclass_Private": -0.015083178203054486}}}