{"instance_id": 2583, "quadrant": "FN", "true_label": 1, "prediction": 0, "prediction_correct": false, "metrics": {"cost": 1260.5059989728034, "sparsity": 0.09259259259259259, "fidelity": 0.9087686064063534, "faithfulness_gap": 0.002633701994337172, "stability": 0.2914568191917202}, "explanation": {"top_features": ["marital-status_Never-married: -0.0730", "marital-status_Married-civ-spouse: -0.0681", "relationship_Own-child: 0.0234", "sex_Female: -0.0212", "education-num: -0.0191", "education_HS-grad: -0.0188", "relationship_Husband: -0.0160", "age: 0.0143", "occupation_Adm-clerical: -0.0116", "capital-gain: -0.0051"], "raw_top": {"marital-status_Never-married": -0.07303549271463347, "marital-status_Married-civ-spouse": -0.06811030789571064, "relationship_Own-child": 0.023364081261374233, "sex_Female": -0.021230278505535678, "education-num": -0.019146010888730948, "education_HS-grad": -0.018771171453202538, "relationship_Husband": -0.016009302522465605, "age": 0.014260697050021476, "occupation_Adm-clerical": -0.011581673136575713, "capital-gain": -0.00510183716555283}}}