{"instance_id": 2588, "quadrant": "TN", "true_label": 0, "prediction": 0, "prediction_correct": true, "metrics": {"cost": 1177.1726869628765, "sparsity": 0.09259259259259259, "fidelity": 0.7460442008728763, "faithfulness_gap": 0.4186128021210421, "stability": 0.7277242900831223}, "explanation": {"top_features": ["education_5th-6th: -0.0869", "race_White: 0.0465", "age: -0.0316", "native-country_Mexico: -0.0297", "race_Other: -0.0285", "marital-status_Never-married: -0.0273", "hours-per-week: -0.0162", "marital-status_Married-civ-spouse: -0.0153", "occupation_Craft-repair: -0.0072", "workclass_Private: -0.0060"], "raw_top": {"education_5th-6th": -0.08685112140996963, "race_White": 0.04650779659926093, "age": -0.03164486483361105, "native-country_Mexico": -0.029676794198301226, "race_Other": -0.02852707543858092, "marital-status_Never-married": -0.027344227638334224, "hours-per-week": -0.016236378286473178, "marital-status_Married-civ-spouse": -0.015334600494619833, "occupation_Craft-repair": -0.007234355037207707, "workclass_Private": -0.005950242968226118}}}