{"instance_id": 2644, "quadrant": "TP", "true_label": 1, "prediction": 1, "prediction_correct": true, "metrics": {"cost": 1296.046221978031, "sparsity": 0.09259259259259259, "fidelity": 0.9737447953426975, "faithfulness_gap": 0.8490368161783723, "stability": 0.9491774571232976}, "explanation": {"top_features": ["capital-gain: 0.4870", "education_Prof-school: 0.0715", "education-num: 0.0583", "workclass_Private: 0.0358", "age: 0.0348", "hours-per-week: 0.0280", "marital-status_Married-civ-spouse: 0.0279", "sex_Female: 0.0232", "education_HS-grad: 0.0179", "relationship_Unmarried: 0.0133"], "raw_top": {"capital-gain": 0.4870475889046049, "education_Prof-school": 0.07148290907161337, "education-num": 0.05825016990025025, "workclass_Private": 0.035771872703299575, "age": 0.034769530206340916, "hours-per-week": 0.02802859609651989, "marital-status_Married-civ-spouse": 0.027936512985611884, "sex_Female": 0.023213669373524617, "education_HS-grad": 0.017910690179582963, "relationship_Unmarried": 0.013290929029384335}}}