{"instance_id": 2718, "quadrant": "TN", "true_label": 0, "prediction": 0, "prediction_correct": true, "metrics": {"cost": 942.7364819566719, "sparsity": 0.09259259259259259, "fidelity": 0.7227147191071545, "faithfulness_gap": 0.44723047359757134, "stability": 0.16205365874487557}, "explanation": {"top_features": ["relationship_Wife: 0.1618", "age: 0.0798", "marital-status_Married-civ-spouse: 0.0782", "sex_Female: -0.0611", "fnlwgt: -0.0491", "marital-status_Divorced: 0.0191", "occupation_Other-service: 0.0161", "workclass_Local-gov: 0.0145", "marital-status_Never-married: 0.0139", "occupation_Craft-repair: 0.0109"], "raw_top": {"relationship_Wife": 0.16176014794539675, "age": 0.07977444229183162, "marital-status_Married-civ-spouse": 0.0782134593509252, "sex_Female": -0.06107637628648367, "fnlwgt": -0.04908986798013133, "marital-status_Divorced": 0.019123728089687826, "occupation_Other-service": 0.0160876443787102, "workclass_Local-gov": 0.014478150577310807, "marital-status_Never-married": 0.013850448411006973, "occupation_Craft-repair": 0.010887680793114196}}}