{"instance_id": 2805, "quadrant": "FP", "true_label": 0, "prediction": 1, "prediction_correct": false, "metrics": {"cost": 1269.3726590368897, "sparsity": 0.09259259259259259, "fidelity": 0.5582243932505012, "faithfulness_gap": 0.5849232256511732, "stability": 0.09361743710937011}, "explanation": {"top_features": ["marital-status_Married-civ-spouse: 0.1003", "workclass_Private: 0.0799", "race_White: 0.0548", "workclass_Self-emp-not-inc: 0.0353", "marital-status_Never-married: 0.0350", "race_Amer-Indian-Eskimo: 0.0336", "occupation_Sales: 0.0300", "workclass_State-gov: 0.0274", "sex_Female: 0.0267", "relationship_Unmarried: 0.0238"], "raw_top": {"marital-status_Married-civ-spouse": 0.10029139253348726, "workclass_Private": 0.07985573315572218, "race_White": 0.05479548773304597, "workclass_Self-emp-not-inc": 0.0353486064904988, "marital-status_Never-married": 0.03496589011877248, "race_Amer-Indian-Eskimo": 0.03362617933878388, "occupation_Sales": 0.030039491976401846, "workclass_State-gov": 0.027415788586441222, "sex_Female": 0.026710568315664207, "relationship_Unmarried": 0.023821297652709347}}}