{"instance_id": 2842, "quadrant": "FP", "true_label": 0, "prediction": 1, "prediction_correct": false, "metrics": {"cost": 1423.5280950088054, "sparsity": 0.09259259259259259, "fidelity": 0.733582378673425, "faithfulness_gap": 0.5376051751611733, "stability": 0.0732929975856269}, "explanation": {"top_features": ["age: 0.0961", "education_Some-college: 0.0574", "relationship_Husband: 0.0461", "marital-status_Married-civ-spouse: 0.0426", "sex_Female: 0.0357", "marital-status_Never-married: 0.0294", "hours-per-week: 0.0246", "occupation_Other-service: 0.0223", "workclass_Local-gov: 0.0200", "workclass_Self-emp-not-inc: 0.0177"], "raw_top": {"age": 0.09607432780694586, "education_Some-college": 0.0574499546944755, "relationship_Husband": 0.046113727975470274, "marital-status_Married-civ-spouse": 0.0426456010671548, "sex_Female": 0.03565188467239762, "marital-status_Never-married": 0.029427035018504695, "hours-per-week": 0.024577813279620053, "occupation_Other-service": 0.022324848570368712, "workclass_Local-gov": 0.01998336819811144, "workclass_Self-emp-not-inc": 0.017732134418887824}}}