{"instance_id": 3083, "quadrant": "FP", "true_label": 0, "prediction": 1, "prediction_correct": false, "metrics": {"cost": 1060.3708059643395, "sparsity": 0.09259259259259259, "fidelity": 0.7280498443957831, "faithfulness_gap": 0.8003055710349817, "stability": 0.1840116267201817}, "explanation": {"top_features": ["hours-per-week: 0.1470", "relationship_Husband: 0.0890", "education_Some-college: 0.0735", "workclass_Private: 0.0630", "marital-status_Married-civ-spouse: 0.0600", "sex_Female: 0.0526", "age: 0.0378", "relationship_Unmarried: 0.0313", "marital-status_Never-married: 0.0297", "workclass_Self-emp-not-inc: 0.0287"], "raw_top": {"hours-per-week": 0.1469526473955604, "relationship_Husband": 0.08900318283173929, "education_Some-college": 0.07347730225666754, "workclass_Private": 0.06298085778074743, "marital-status_Married-civ-spouse": 0.05996918828368115, "sex_Female": 0.05256592227221132, "age": 0.037770455342076716, "relationship_Unmarried": 0.031324506011111565, "marital-status_Never-married": 0.029679844820283297, "workclass_Self-emp-not-inc": 0.028722528759140997}}}