{"instance_id": 310, "quadrant": "TP", "true_label": 1, "prediction": 1, "prediction_correct": true, "metrics": {"cost": 1280.249426024966, "sparsity": 0.09259259259259259, "fidelity": 0.9897580345504027, "faithfulness_gap": 0.9959511059566812, "stability": 0.9252496857292416}, "explanation": {"top_features": ["capital-gain: 0.5570", "marital-status_Married-civ-spouse: 0.0386", "hours-per-week: 0.0332", "education_HS-grad: 0.0331", "age: 0.0282", "occupation_Exec-managerial: 0.0272", "native-country_United-States: 0.0238", "marital-status_Never-married: 0.0216", "relationship_Unmarried: 0.0198", "education_10th: 0.0152"], "raw_top": {"capital-gain": 0.5569532939831385, "marital-status_Married-civ-spouse": 0.038645922648358616, "hours-per-week": 0.033222671322452615, "education_HS-grad": 0.03306468687592359, "age": 0.02822116594792792, "occupation_Exec-managerial": 0.027240502574685445, "native-country_United-States": 0.023820039974398764, "marital-status_Never-married": 0.02158181121508345, "relationship_Unmarried": 0.019756673462500103, "education_10th": 0.015195688528999107}}}