{"instance_id": 3113, "quadrant": "TN", "true_label": 0, "prediction": 0, "prediction_correct": true, "metrics": {"cost": 1064.88508899929, "sparsity": 0.09259259259259259, "fidelity": 0.7147222216927887, "faithfulness_gap": 0.08320094814985182, "stability": 0.799470778786907}, "explanation": {"top_features": ["age: -0.0549", "occupation_Handlers-cleaners: -0.0424", "education_10th: -0.0420", "marital-status_Never-married: -0.0331", "marital-status_Married-civ-spouse: -0.0238", "education_Some-college: 0.0138", "education-num: -0.0089", "relationship_Husband: -0.0060", "capital-gain: -0.0030", "fnlwgt: -0.0020"], "raw_top": {"age": -0.05494255685140696, "occupation_Handlers-cleaners": -0.04236396705960731, "education_10th": -0.04197333149289588, "marital-status_Never-married": -0.033087106380117574, "marital-status_Married-civ-spouse": -0.023828190853276497, "education_Some-college": 0.013826250999286166, "education-num": -0.008851916499182877, "relationship_Husband": -0.006043711879163236, "capital-gain": -0.003040039629660597, "fnlwgt": -0.001992961595753705}}}