{"instance_id": 3124, "quadrant": "FN", "true_label": 1, "prediction": 0, "prediction_correct": false, "metrics": {"cost": 1086.6624000482261, "sparsity": 0.09259259259259259, "fidelity": 0.4732367068622213, "faithfulness_gap": 0.2521068272516225, "stability": 0.11316764985932018}, "explanation": {"top_features": ["education_HS-grad: -0.0782", "marital-status_Married-civ-spouse: 0.0618", "race_White: 0.0579", "race_Black: -0.0514", "relationship_Husband: 0.0275", "age: 0.0255", "marital-status_Never-married: 0.0221", "sex_Female: 0.0183", "occupation_Craft-repair: 0.0130", "workclass_Local-gov: 0.0104"], "raw_top": {"education_HS-grad": -0.07822250630136383, "marital-status_Married-civ-spouse": 0.06178572905561422, "race_White": 0.05790695294170914, "race_Black": -0.05135572903378847, "relationship_Husband": 0.027452361842773835, "age": 0.025542528018001175, "marital-status_Never-married": 0.022054353866616253, "sex_Female": 0.018264519291105518, "occupation_Craft-repair": 0.012986114007347121, "workclass_Local-gov": 0.010403754464707052}}}