{"instance_id": 3176, "quadrant": "FP", "true_label": 0, "prediction": 1, "prediction_correct": false, "metrics": {"cost": 1532.4181310134009, "sparsity": 0.09259259259259259, "fidelity": 0.6376867161927878, "faithfulness_gap": 0.6536082656715082, "stability": 0.14149968325933798}, "explanation": {"top_features": ["marital-status_Married-civ-spouse: 0.1301", "relationship_Wife: 0.1015", "age: 0.0928", "fnlwgt: 0.0566", "occupation_Tech-support: 0.0538", "marital-status_Never-married: 0.0381", "sex_Male: 0.0299", "marital-status_Divorced: 0.0255", "occupation_Craft-repair: 0.0178", "marital-status_Widowed: 0.0160"], "raw_top": {"marital-status_Married-civ-spouse": 0.13006149948070694, "relationship_Wife": 0.10145932625513109, "age": 0.09282834783661671, "fnlwgt": 0.056589450498384236, "occupation_Tech-support": 0.05381110538796904, "marital-status_Never-married": 0.03809948379080167, "sex_Male": 0.02988893214437747, "marital-status_Divorced": 0.02546718219414032, "occupation_Craft-repair": 0.017807653333688427, "marital-status_Widowed": 0.01596375708543496}}}