{"instance_id": 319, "quadrant": "FP", "true_label": 0, "prediction": 1, "prediction_correct": false, "metrics": {"cost": 1577.6551280287094, "sparsity": 0.09259259259259259, "fidelity": 0.6991577650421097, "faithfulness_gap": 0.4393126617106317, "stability": 0.31131260352994494}, "explanation": {"top_features": ["marital-status_Married-civ-spouse: 0.1085", "occupation_Craft-repair: -0.0978", "age: 0.0920", "sex_Female: 0.0675", "workclass_Private: 0.0603", "education-num: 0.0542", "marital-status_Never-married: 0.0484", "workclass_Self-emp-not-inc: 0.0315", "education_Some-college: 0.0261", "education_HS-grad: 0.0117"], "raw_top": {"marital-status_Married-civ-spouse": 0.1084972330646496, "occupation_Craft-repair": -0.09777821883305654, "age": 0.09197457147091079, "sex_Female": 0.06747684291015536, "workclass_Private": 0.06031647398119264, "education-num": 0.054189384523206034, "marital-status_Never-married": 0.048386774130363804, "workclass_Self-emp-not-inc": 0.03146751310732221, "education_Some-college": 0.02608943641829873, "education_HS-grad": 0.011665702760280337}}}