{"instance_id": 324, "quadrant": "FN", "true_label": 1, "prediction": 0, "prediction_correct": false, "metrics": {"cost": 1446.2875120225362, "sparsity": 0.09259259259259259, "fidelity": 0.869472033466902, "faithfulness_gap": 0.4583499470524648, "stability": 0.1592190244038503}, "explanation": {"top_features": ["education_HS-grad: -0.1297", "occupation_Craft-repair: -0.0997", "marital-status_Married-civ-spouse: 0.0681", "hours-per-week: 0.0481", "workclass_Private: -0.0358", "education_Some-college: 0.0292", "marital-status_Never-married: 0.0242", "relationship_Husband: 0.0217", "relationship_Unmarried: 0.0195", "occupation_Other-service: 0.0187"], "raw_top": {"education_HS-grad": -0.1297361055942512, "occupation_Craft-repair": -0.09969811545193141, "marital-status_Married-civ-spouse": 0.06806315438504659, "hours-per-week": 0.04814556193675171, "workclass_Private": -0.035827435399562096, "education_Some-college": 0.029152246080391166, "marital-status_Never-married": 0.024206304412129575, "relationship_Husband": 0.021744644933808215, "relationship_Unmarried": 0.01949122387315341, "occupation_Other-service": 0.018727020230607128}}}