{"instance_id": 3252, "quadrant": "TP", "true_label": 1, "prediction": 1, "prediction_correct": true, "metrics": {"cost": 938.9107049792074, "sparsity": 0.09259259259259259, "fidelity": 0.33838328457500383, "faithfulness_gap": 0.7877016833927966, "stability": 0.6646465774556339}, "explanation": {"top_features": ["relationship_Wife: 0.2235", "education_Masters: 0.1302", "native-country_China: 0.0840", "native-country_United-States: 0.0796", "race_White: 0.0651", "marital-status_Married-civ-spouse: 0.0545", "sex_Male: 0.0521", "marital-status_Never-married: 0.0441", "education_HS-grad: 0.0382", "marital-status_Divorced: 0.0266"], "raw_top": {"relationship_Wife": 0.22347252554350724, "education_Masters": 0.13020943243489466, "native-country_China": 0.08395187800644835, "native-country_United-States": 0.0795623507050553, "race_White": 0.065069854304122, "marital-status_Married-civ-spouse": 0.05447865477608554, "sex_Male": 0.052066094043000104, "marital-status_Never-married": 0.0440648411211958, "education_HS-grad": 0.03820164587504539, "marital-status_Divorced": 0.02657871805324974}}}