{"instance_id": 3254, "quadrant": "TP", "true_label": 1, "prediction": 1, "prediction_correct": true, "metrics": {"cost": 1390.1976289926097, "sparsity": 0.09259259259259259, "fidelity": 0.8543691141377768, "faithfulness_gap": 0.4943445959975795, "stability": 0.3061767982518633}, "explanation": {"top_features": ["marital-status_Married-civ-spouse: 0.1251", "occupation_Exec-managerial: 0.1184", "hours-per-week: 0.1022", "marital-status_Never-married: 0.0946", "education_Masters: 0.0936", "age: 0.0635", "sex_Female: 0.0459", "education_HS-grad: 0.0439", "fnlwgt: 0.0405", "occupation_Other-service: 0.0341"], "raw_top": {"marital-status_Married-civ-spouse": 0.12510594710556738, "occupation_Exec-managerial": 0.11836348425746814, "hours-per-week": 0.10218935374293976, "marital-status_Never-married": 0.09457153897093146, "education_Masters": 0.09364203251442318, "age": 0.06346156690352966, "sex_Female": 0.04592422080301883, "education_HS-grad": 0.0438835868440397, "fnlwgt": 0.0405421586386214, "occupation_Other-service": 0.034143824219923014}}}