{"instance_id": 3345, "quadrant": "FP", "true_label": 0, "prediction": 1, "prediction_correct": false, "metrics": {"cost": 771.7375790234655, "sparsity": 0.09259259259259259, "fidelity": 0.8178862835753029, "faithfulness_gap": 0.4653091958837414, "stability": 0.11864379724311593}, "explanation": {"top_features": ["age: 0.1211", "occupation_Machine-op-inspct: -0.1154", "marital-status_Married-civ-spouse: 0.1039", "education_HS-grad: 0.0724", "education-num: 0.0419", "marital-status_Never-married: 0.0413", "occupation_Other-service: 0.0342", "occupation_Craft-repair: 0.0331", "sex_Female: 0.0309", "relationship_Own-child: 0.0191"], "raw_top": {"age": 0.12105874153408545, "occupation_Machine-op-inspct": -0.11537198235244027, "marital-status_Married-civ-spouse": 0.1038513720867779, "education_HS-grad": 0.07240657477076184, "education-num": 0.04194028966284304, "marital-status_Never-married": 0.041272711772129426, "occupation_Other-service": 0.03422698834772015, "occupation_Craft-repair": 0.033081293544608, "sex_Female": 0.030891482338460133, "relationship_Own-child": 0.019053547045579322}}}