{"instance_id": 3492, "quadrant": "TN", "true_label": 0, "prediction": 0, "prediction_correct": true, "metrics": {"cost": 814.6589969983324, "sparsity": 0.09259259259259259, "fidelity": 0.8302667177034462, "faithfulness_gap": 0.15925165860539142, "stability": 0.47294985034454784}, "explanation": {"top_features": ["occupation_Handlers-cleaners: -0.1502", "age: -0.0677", "education_HS-grad: -0.0506", "marital-status_Married-civ-spouse: 0.0304", "education_Some-college: 0.0296", "education-num: -0.0189", "sex_Female: 0.0157", "relationship_Husband: 0.0155", "workclass_Private: -0.0126", "hours-per-week: 0.0102"], "raw_top": {"occupation_Handlers-cleaners": -0.15020003311069013, "age": -0.06773308182331324, "education_HS-grad": -0.05064168339286889, "marital-status_Married-civ-spouse": 0.030360487127868124, "education_Some-college": 0.02962855943118483, "education-num": -0.018910647841403314, "sex_Female": 0.01568630357523626, "relationship_Husband": 0.015499787933464756, "workclass_Private": -0.0125985638939797, "hours-per-week": 0.010246160175751196}}}