{"instance_id": 3539, "quadrant": "TN", "true_label": 0, "prediction": 0, "prediction_correct": true, "metrics": {"cost": 1298.5373029951006, "sparsity": 0.09259259259259259, "fidelity": 0.49144452651999804, "faithfulness_gap": 0.0034236376540204712, "stability": 0.6354284101760342}, "explanation": {"top_features": ["marital-status_Never-married: -0.0373", "workclass_nan: -0.0315", "relationship_Unmarried: -0.0307", "marital-status_Married-civ-spouse: -0.0268", "hours-per-week: -0.0227", "sex_Female: -0.0177", "fnlwgt: -0.0138", "occupation_nan: -0.0114", "education-num: -0.0067", "age: -0.0036"], "raw_top": {"marital-status_Never-married": -0.0372511991691402, "workclass_nan": -0.03150655746497304, "relationship_Unmarried": -0.030689304190245563, "marital-status_Married-civ-spouse": -0.026823256023184895, "hours-per-week": -0.022717651205914086, "sex_Female": -0.01768611816592326, "fnlwgt": -0.013814829888828074, "occupation_nan": -0.011433699635134286, "education-num": -0.006716375852619119, "age": -0.0036234356270125057}}}