{"instance_id": 3587, "quadrant": "TP", "true_label": 1, "prediction": 1, "prediction_correct": true, "metrics": {"cost": 1180.2628180012107, "sparsity": 0.09259259259259259, "fidelity": 0.7217787608076135, "faithfulness_gap": 0.1384826936657627, "stability": 0.3809879914810386}, "explanation": {"top_features": ["relationship_Wife: 0.1430", "education_Masters: 0.1349", "age: 0.1175", "education_HS-grad: 0.0691", "capital-gain: 0.0611", "occupation_Sales: 0.0571", "marital-status_Married-civ-spouse: 0.0568", "workclass_Private: 0.0533", "marital-status_Never-married: 0.0510", "relationship_Unmarried: 0.0506"], "raw_top": {"relationship_Wife": 0.14299435242908978, "education_Masters": 0.13493155169416732, "age": 0.11748315018390561, "education_HS-grad": 0.0691105611746499, "capital-gain": 0.06113381262765924, "occupation_Sales": 0.05709121529551324, "marital-status_Married-civ-spouse": 0.05678299858733882, "workclass_Private": 0.053298224982283336, "marital-status_Never-married": 0.051043106992077134, "relationship_Unmarried": 0.05057469217548906}}}