{"instance_id": 3598, "quadrant": "TP", "true_label": 1, "prediction": 1, "prediction_correct": true, "metrics": {"cost": 1515.4880339978263, "sparsity": 0.09259259259259259, "fidelity": 0.8777595916510333, "faithfulness_gap": 0.8763555598239506, "stability": 0.07229741737837665}, "explanation": {"top_features": ["marital-status_Married-civ-spouse: 0.1217", "occupation_Exec-managerial: 0.1076", "education_HS-grad: 0.0865", "marital-status_Never-married: 0.0826", "hours-per-week: 0.0813", "age: 0.0740", "relationship_Husband: 0.0502", "sex_Female: 0.0485", "occupation_Other-service: 0.0419", "relationship_Own-child: 0.0328"], "raw_top": {"marital-status_Married-civ-spouse": 0.12167853806714665, "occupation_Exec-managerial": 0.10763682535587187, "education_HS-grad": 0.08650405749905905, "marital-status_Never-married": 0.08264320432879152, "hours-per-week": 0.08129869529125432, "age": 0.07401988759770295, "relationship_Husband": 0.05023904495270521, "sex_Female": 0.04848627037726939, "occupation_Other-service": 0.041858625404452204, "relationship_Own-child": 0.03278113507445235}}}