{"instance_id": 3716, "quadrant": "TP", "true_label": 1, "prediction": 1, "prediction_correct": true, "metrics": {"cost": 1128.1141550280154, "sparsity": 0.09259259259259259, "fidelity": 0.8405109501908631, "faithfulness_gap": 0.2630063121043785, "stability": 0.3465480111520634}, "explanation": {"top_features": ["occupation_Exec-managerial: 0.1339", "marital-status_Married-civ-spouse: 0.1154", "education_Masters: 0.1084", "hours-per-week: 0.1034", "age: 0.0896", "marital-status_Never-married: 0.0689", "education_HS-grad: 0.0493", "sex_Female: 0.0415", "occupation_Other-service: 0.0307", "relationship_Unmarried: 0.0252"], "raw_top": {"occupation_Exec-managerial": 0.13390232383347297, "marital-status_Married-civ-spouse": 0.1154140571321719, "education_Masters": 0.10835959506523378, "hours-per-week": 0.1033712576016541, "age": 0.08961051408303697, "marital-status_Never-married": 0.06885816892654083, "education_HS-grad": 0.04932998114192068, "sex_Female": 0.041504218876794605, "occupation_Other-service": 0.030681595079156895, "relationship_Unmarried": 0.025235900071210793}}}