{"instance_id": 3723, "quadrant": "TP", "true_label": 1, "prediction": 1, "prediction_correct": true, "metrics": {"cost": 1125.6919900188223, "sparsity": 0.09259259259259259, "fidelity": 0.590699911926418, "faithfulness_gap": 0.709344267472718, "stability": 0.2100054309773392}, "explanation": {"top_features": ["relationship_Wife: 0.1888", "marital-status_Married-civ-spouse: 0.0935", "age: 0.0885", "education_Bachelors: 0.0248", "marital-status_Never-married: 0.0210", "relationship_Unmarried: 0.0202", "occupation_Craft-repair: 0.0198", "hours-per-week: 0.0194", "occupation_Transport-moving: 0.0192", "workclass_Self-emp-not-inc: 0.0153"], "raw_top": {"relationship_Wife": 0.18876115804486565, "marital-status_Married-civ-spouse": 0.09352382264583049, "age": 0.08845340718055383, "education_Bachelors": 0.024809489546869564, "marital-status_Never-married": 0.021038849689110243, "relationship_Unmarried": 0.02019711801060444, "occupation_Craft-repair": 0.01975399163664848, "hours-per-week": 0.01936761841558224, "occupation_Transport-moving": 0.019246037154014056, "workclass_Self-emp-not-inc": 0.015304639520583141}}}