{"instance_id": 3752, "quadrant": "FP", "true_label": 0, "prediction": 1, "prediction_correct": false, "metrics": {"cost": 1035.6012370320968, "sparsity": 0.09259259259259259, "fidelity": 0.7108255410833016, "faithfulness_gap": 0.6290205277031016, "stability": 0.08854294950140512}, "explanation": {"top_features": ["marital-status_Married-civ-spouse: 0.0929", "occupation_Exec-managerial: 0.0699", "hours-per-week: 0.0644", "education_HS-grad: 0.0481", "marital-status_Never-married: 0.0392", "sex_Female: 0.0387", "age: 0.0314", "workclass_Self-emp-not-inc: 0.0182", "occupation_Other-service: 0.0168", "education_Assoc-voc: 0.0137"], "raw_top": {"marital-status_Married-civ-spouse": 0.09292019498521889, "occupation_Exec-managerial": 0.06994489325420171, "hours-per-week": 0.06435996274508013, "education_HS-grad": 0.04812942006339107, "marital-status_Never-married": 0.03922386233863125, "sex_Female": 0.038706406564432465, "age": 0.03142046850878489, "workclass_Self-emp-not-inc": 0.01817031070895888, "occupation_Other-service": 0.01683297812201472, "education_Assoc-voc": 0.013718160614091479}}}