{"instance_id": 3768, "quadrant": "TN", "true_label": 0, "prediction": 0, "prediction_correct": true, "metrics": {"cost": 1365.979753958527, "sparsity": 0.09259259259259259, "fidelity": 0.86332741374522, "faithfulness_gap": 0.007751364184951438, "stability": 0.5321177118456871}, "explanation": {"top_features": ["age: -0.0676", "marital-status_Never-married: -0.0559", "marital-status_Married-civ-spouse: -0.0419", "occupation_Transport-moving: -0.0266", "education_HS-grad: 0.0164", "fnlwgt: -0.0132", "workclass_Private: -0.0044", "relationship_Husband: -0.0040", "education-num: -0.0033", "capital-gain: -0.0017"], "raw_top": {"age": -0.06757167215017779, "marital-status_Never-married": -0.055881849368480827, "marital-status_Married-civ-spouse": -0.04194891853266737, "occupation_Transport-moving": -0.026559663032403535, "education_HS-grad": 0.016354686553823133, "fnlwgt": -0.013239042727851298, "workclass_Private": -0.004422459666198078, "relationship_Husband": -0.0039908636804404434, "education-num": -0.0032605881169773428, "capital-gain": -0.001703955312096109}}}