{"instance_id": 3845, "quadrant": "FN", "true_label": 1, "prediction": 0, "prediction_correct": false, "metrics": {"cost": 998.2952149584889, "sparsity": 0.09259259259259259, "fidelity": 0.6964277347012904, "faithfulness_gap": 0.121230289178349, "stability": 0.11097263600860818}, "explanation": {"top_features": ["fnlwgt: 0.0923", "marital-status_Never-married: -0.0919", "marital-status_Married-civ-spouse: -0.0855", "education_Bachelors: -0.0757", "workclass_Private: 0.0687", "education_HS-grad: 0.0571", "occupation_Prof-specialty: -0.0530", "hours-per-week: 0.0396", "sex_Female: 0.0382", "workclass_Self-emp-inc: -0.0275"], "raw_top": {"fnlwgt": 0.09226872561444503, "marital-status_Never-married": -0.09188313698011946, "marital-status_Married-civ-spouse": -0.08547462043547624, "education_Bachelors": -0.07570515237050657, "workclass_Private": 0.06871954057124653, "education_HS-grad": 0.05714966134683955, "occupation_Prof-specialty": -0.05297997909683033, "hours-per-week": 0.0396387127057716, "sex_Female": 0.03821708462295746, "workclass_Self-emp-inc": -0.027486052077840314}}}