{"instance_id": 3877, "quadrant": "TN", "true_label": 0, "prediction": 0, "prediction_correct": true, "metrics": {"cost": 1227.7452879934572, "sparsity": 0.09259259259259259, "fidelity": 0.8423401944883189, "faithfulness_gap": 0.6391919139446454, "stability": 0.5560320857360175}, "explanation": {"top_features": ["age: -0.0832", "occupation_Other-service: -0.0584", "education-num: -0.0170", "education_HS-grad: -0.0168", "relationship_Husband: -0.0162", "marital-status_Married-civ-spouse: 0.0151", "sex_Female: -0.0139", "occupation_Tech-support: -0.0068", "occupation_Exec-managerial: -0.0042", "capital-gain: -0.0007"], "raw_top": {"age": -0.08315255693868925, "occupation_Other-service": -0.058405691924163956, "education-num": -0.01701876366567389, "education_HS-grad": -0.01676483206231146, "relationship_Husband": -0.016154110575780305, "marital-status_Married-civ-spouse": 0.01509659674675378, "sex_Female": -0.013869894072630208, "occupation_Tech-support": -0.006838849911090425, "occupation_Exec-managerial": -0.0042368345362126724, "capital-gain": -0.0007466584765580819}}}