{"instance_id": 3901, "quadrant": "TN", "true_label": 0, "prediction": 0, "prediction_correct": true, "metrics": {"cost": 1139.3344959942624, "sparsity": 0.09259259259259259, "fidelity": 0.4081140352648231, "faithfulness_gap": 0.06871683076368923, "stability": 0.6194799645828026}, "explanation": {"top_features": ["hours-per-week: -0.0612", "relationship_Unmarried: -0.0412", "marital-status_Married-spouse-absent: -0.0370", "marital-status_Married-civ-spouse: -0.0329", "sex_Female: -0.0290", "education_HS-grad: -0.0266", "age: 0.0221", "education_Some-college: 0.0194", "relationship_Husband: -0.0089", "education-num: -0.0069"], "raw_top": {"hours-per-week": -0.06120732340992636, "relationship_Unmarried": -0.04115134248509448, "marital-status_Married-spouse-absent": -0.03703041144096004, "marital-status_Married-civ-spouse": -0.03294345406234068, "sex_Female": -0.029012387409036625, "education_HS-grad": -0.026644383196727434, "age": 0.022110351204499352, "education_Some-college": 0.01944085724338445, "relationship_Husband": -0.008938692381080393, "education-num": -0.006917793074340262}}}