{"instance_id": 3922, "quadrant": "TN", "true_label": 0, "prediction": 0, "prediction_correct": true, "metrics": {"cost": 1055.2163450047374, "sparsity": 0.09259259259259259, "fidelity": 0.2692627957791964, "faithfulness_gap": 0.376336910814376, "stability": 0.3008856661643915}, "explanation": {"top_features": ["age: 0.0572", "education_HS-grad: 0.0467", "sex_Female: 0.0447", "marital-status_Married-civ-spouse: 0.0392", "workclass_Private: 0.0285", "education_Some-college: 0.0196", "relationship_Husband: 0.0174", "occupation_Craft-repair: 0.0095", "workclass_Self-emp-not-inc: 0.0061", "relationship_Not-in-family: 0.0060"], "raw_top": {"age": 0.0571716102853053, "education_HS-grad": 0.04669960936371318, "sex_Female": 0.044668827852881565, "marital-status_Married-civ-spouse": 0.03916037250072845, "workclass_Private": 0.028517415804734058, "education_Some-college": 0.019639626190823434, "relationship_Husband": 0.017405511309607442, "occupation_Craft-repair": 0.00948875167776932, "workclass_Self-emp-not-inc": 0.0061459154403876205, "relationship_Not-in-family": 0.006032621432992491}}}