{"instance_id": 3940, "quadrant": "TN", "true_label": 0, "prediction": 0, "prediction_correct": true, "metrics": {"cost": 1399.255616008304, "sparsity": 0.09259259259259259, "fidelity": 0.7298153017594978, "faithfulness_gap": 0.019557025499117375, "stability": 0.7135536313513814}, "explanation": {"top_features": ["age: -0.0667", "marital-status_Never-married: -0.0492", "marital-status_Married-civ-spouse: -0.0355", "education_HS-grad: -0.0141", "sex_Female: -0.0134", "education-num: -0.0085", "relationship_Husband: -0.0055", "occupation_Sales: -0.0044", "occupation_Tech-support: -0.0035", "workclass_Private: -0.0015"], "raw_top": {"age": -0.06674916077535295, "marital-status_Never-married": -0.04918063790716427, "marital-status_Married-civ-spouse": -0.035457234436841234, "education_HS-grad": -0.014067174683586816, "sex_Female": -0.01338392176294547, "education-num": -0.008519484423892667, "relationship_Husband": -0.005480316546275255, "occupation_Sales": -0.004438028831687473, "occupation_Tech-support": -0.0034781662389982556, "workclass_Private": -0.0015426026670556647}}}