{"instance_id": 4171, "quadrant": "FP", "true_label": 0, "prediction": 1, "prediction_correct": false, "metrics": {"cost": 829.4877650332637, "sparsity": 0.09259259259259259, "fidelity": 0.7263102276887339, "faithfulness_gap": 0.6908394243966653, "stability": 0.2842680901422053}, "explanation": {"top_features": ["workclass_Private: 0.0946", "marital-status_Married-civ-spouse: 0.0922", "education_HS-grad: 0.0810", "sex_Female: 0.0597", "fnlwgt: 0.0561", "education_Some-college: 0.0353", "education-num: 0.0333", "marital-status_Never-married: 0.0324", "workclass_Self-emp-not-inc: 0.0171", "workclass_Local-gov: 0.0160"], "raw_top": {"workclass_Private": 0.09463627433714264, "marital-status_Married-civ-spouse": 0.09223550900621613, "education_HS-grad": 0.08097757528057178, "sex_Female": 0.059726410420283454, "fnlwgt": 0.05608065531242498, "education_Some-college": 0.03532164040021302, "education-num": 0.03328984722214428, "marital-status_Never-married": 0.03235105294568175, "workclass_Self-emp-not-inc": 0.017093045903601833, "workclass_Local-gov": 0.016007117103070977}}}