{"instance_id": 4195, "quadrant": "TN", "true_label": 0, "prediction": 0, "prediction_correct": true, "metrics": {"cost": 1471.3218050310388, "sparsity": 0.09259259259259259, "fidelity": 0.6467501629030885, "faithfulness_gap": 0.08848687030872235, "stability": 0.7362466121084963}, "explanation": {"top_features": ["age: -0.0542", "marital-status_Never-married: -0.0393", "marital-status_Married-civ-spouse: -0.0317", "occupation_Other-service: -0.0286", "education_HS-grad: -0.0226", "relationship_Husband: -0.0131", "education-num: -0.0049", "workclass_Private: -0.0039", "occupation_Tech-support: -0.0031", "fnlwgt: -0.0009"], "raw_top": {"age": -0.05417624937556446, "marital-status_Never-married": -0.039297679104028274, "marital-status_Married-civ-spouse": -0.03173264595825824, "occupation_Other-service": -0.02857832457763363, "education_HS-grad": -0.022596378919385998, "relationship_Husband": -0.01305549304309725, "education-num": -0.004932847473367441, "workclass_Private": -0.0038891601170330005, "occupation_Tech-support": -0.0031328031825285153, "fnlwgt": -0.0008794587333228188}}}