{"instance_id": 4221, "quadrant": "TP", "true_label": 1, "prediction": 1, "prediction_correct": true, "metrics": {"cost": 718.4871509671211, "sparsity": 0.09259259259259259, "fidelity": 0.7140241190049771, "faithfulness_gap": 0.6468306230103179, "stability": 0.07407269304948501}, "explanation": {"top_features": ["marital-status_Married-civ-spouse: 0.0859", "hours-per-week: 0.0750", "workclass_Private: 0.0740", "age: 0.0610", "marital-status_Never-married: 0.0493", "relationship_Husband: 0.0413", "sex_Female: 0.0352", "relationship_Unmarried: 0.0151", "workclass_Local-gov: 0.0140", "workclass_Self-emp-not-inc: 0.0131"], "raw_top": {"marital-status_Married-civ-spouse": 0.08588150293565971, "hours-per-week": 0.07500353317103386, "workclass_Private": 0.07404214186215495, "age": 0.06102065882924761, "marital-status_Never-married": 0.049283707531466416, "relationship_Husband": 0.04131543459017487, "sex_Female": 0.03516842351852622, "relationship_Unmarried": 0.015136955543207717, "workclass_Local-gov": 0.014040166752235416, "workclass_Self-emp-not-inc": 0.013116127359901086}}}