{"instance_id": 4281, "quadrant": "FN", "true_label": 1, "prediction": 0, "prediction_correct": false, "metrics": {"cost": 1076.7743440228514, "sparsity": 0.09259259259259259, "fidelity": 0.8682366532988095, "faithfulness_gap": 0.3277043028955675, "stability": 0.1745681010767594}, "explanation": {"top_features": ["workclass_nan: -0.1497", "education-num: 0.1356", "marital-status_Married-civ-spouse: 0.0898", "education_Prof-school: 0.0804", "marital-status_Never-married: 0.0369", "workclass_Private: 0.0300", "occupation_Other-service: 0.0201", "relationship_Unmarried: 0.0195", "relationship_Husband: 0.0170", "workclass_Local-gov: 0.0114"], "raw_top": {"workclass_nan": -0.14970700197684783, "education-num": 0.13558248347221746, "marital-status_Married-civ-spouse": 0.08983095605340441, "education_Prof-school": 0.0803552092423707, "marital-status_Never-married": 0.03690760786809632, "workclass_Private": 0.030046709507174803, "occupation_Other-service": 0.020060926355075028, "relationship_Unmarried": 0.019507134245687643, "relationship_Husband": 0.017032488377285937, "workclass_Local-gov": 0.011377308845964988}}}