{"instance_id": 4340, "quadrant": "TN", "true_label": 0, "prediction": 0, "prediction_correct": true, "metrics": {"cost": 1184.3827940174378, "sparsity": 0.09259259259259259, "fidelity": 0.9009301549011992, "faithfulness_gap": 0.2884948621627804, "stability": 0.15668095268532536}, "explanation": {"top_features": ["age: -0.1537", "marital-status_Married-civ-spouse: 0.0586", "occupation_Sales: -0.0494", "education_Some-college: -0.0445", "fnlwgt: 0.0401", "education_HS-grad: 0.0385", "relationship_Not-in-family: -0.0316", "sex_Female: 0.0246", "workclass_Private: -0.0219", "occupation_Craft-repair: 0.0181"], "raw_top": {"age": -0.15368234678237142, "marital-status_Married-civ-spouse": 0.0585764387787172, "occupation_Sales": -0.049400750211779976, "education_Some-college": -0.044505524353262396, "fnlwgt": 0.040086412925537114, "education_HS-grad": 0.03852312290495473, "relationship_Not-in-family": -0.03156459028053466, "sex_Female": 0.024580685201521645, "workclass_Private": -0.021947499742826754, "occupation_Craft-repair": 0.018104001264483194}}}