{"instance_id": 4352, "quadrant": "TN", "true_label": 0, "prediction": 0, "prediction_correct": true, "metrics": {"cost": 829.5456320047379, "sparsity": 0.09259259259259259, "fidelity": 0.7054882632228721, "faithfulness_gap": 0.0013753847570025356, "stability": 0.5267241555848967}, "explanation": {"top_features": ["marital-status_Never-married: -0.0425", "occupation_Other-service: -0.0236", "marital-status_Married-civ-spouse: -0.0234", "relationship_Unmarried: -0.0221", "sex_Female: -0.0211", "age: -0.0210", "workclass_Local-gov: -0.0186", "education_HS-grad: -0.0160", "race_Black: -0.0081", "education-num: -0.0059"], "raw_top": {"marital-status_Never-married": -0.04245396080142868, "occupation_Other-service": -0.02363814652129198, "marital-status_Married-civ-spouse": -0.023407953548697392, "relationship_Unmarried": -0.022121566725246535, "sex_Female": -0.021074154541460895, "age": -0.02095141236495807, "workclass_Local-gov": -0.018599714024261707, "education_HS-grad": -0.016040731073055908, "race_Black": -0.00810418122652246, "education-num": -0.0059048205138056975}}}