{"instance_id": 4356, "quadrant": "TN", "true_label": 0, "prediction": 0, "prediction_correct": true, "metrics": {"cost": 1220.739501004573, "sparsity": 0.09259259259259259, "fidelity": 0.7531703216734584, "faithfulness_gap": 0.01891539479148298, "stability": 0.7189371398996512}, "explanation": {"top_features": ["age: -0.0568", "marital-status_Never-married: -0.0434", "marital-status_Married-civ-spouse: -0.0372", "sex_Female: -0.0197", "hours-per-week: -0.0197", "fnlwgt: -0.0090", "relationship_Husband: -0.0052", "education-num: -0.0045", "occupation_Sales: -0.0037", "workclass_Private: -0.0030"], "raw_top": {"age": -0.05683809001094716, "marital-status_Never-married": -0.04344318428796553, "marital-status_Married-civ-spouse": -0.03724330342492002, "sex_Female": -0.019728028743001832, "hours-per-week": -0.01970973233671952, "fnlwgt": -0.008975537295676395, "relationship_Husband": -0.005203106669262699, "education-num": -0.004468203034607285, "occupation_Sales": -0.0037031597742814633, "workclass_Private": -0.0029558484676297236}}}