{"instance_id": 4393, "quadrant": "TN", "true_label": 0, "prediction": 0, "prediction_correct": true, "metrics": {"cost": 1153.4873869968578, "sparsity": 0.09259259259259259, "fidelity": 0.7807678304121, "faithfulness_gap": 0.044529538825126176, "stability": 0.13574060316035036}, "explanation": {"top_features": ["marital-status_Married-civ-spouse: -0.0676", "age: -0.0361", "marital-status_Divorced: -0.0286", "hours-per-week: -0.0168", "occupation_Adm-clerical: -0.0120", "relationship_Husband: -0.0115", "workclass_Private: -0.0086", "fnlwgt: -0.0084", "education-num: -0.0071", "occupation_Exec-managerial: -0.0050"], "raw_top": {"marital-status_Married-civ-spouse": -0.06762790625017384, "age": -0.03614207995860095, "marital-status_Divorced": -0.028628539022445987, "hours-per-week": -0.016842447024651697, "occupation_Adm-clerical": -0.012023580116463529, "relationship_Husband": -0.011503417198405877, "workclass_Private": -0.008608894969202117, "fnlwgt": -0.008366576534802361, "education-num": -0.007079286098421746, "occupation_Exec-managerial": -0.004965380976147793}}}