{"instance_id": 4535, "quadrant": "FP", "true_label": 0, "prediction": 1, "prediction_correct": false, "metrics": {"cost": 1128.9735860191286, "sparsity": 0.09259259259259259, "fidelity": 0.3427092118496923, "faithfulness_gap": 0.5941239369829796, "stability": 0.16452452216504387}, "explanation": {"top_features": ["age: 0.1219", "workclass_Private: 0.1001", "marital-status_Married-civ-spouse: 0.0550", "fnlwgt: 0.0516", "sex_Female: 0.0492", "relationship_Husband: 0.0414", "education_Some-college: 0.0376", "workclass_Self-emp-not-inc: 0.0364", "relationship_Not-in-family: 0.0346", "education_Assoc-voc: 0.0209"], "raw_top": {"age": 0.12192325386498054, "workclass_Private": 0.10009828376264582, "marital-status_Married-civ-spouse": 0.05498731398457116, "fnlwgt": 0.0515748281751891, "sex_Female": 0.0492348230828731, "relationship_Husband": 0.04136389587293249, "education_Some-college": 0.037593705453829375, "workclass_Self-emp-not-inc": 0.03635022014019421, "relationship_Not-in-family": 0.0345749951576384, "education_Assoc-voc": 0.020891086266990988}}}