{"instance_id": 456, "quadrant": "TN", "true_label": 0, "prediction": 0, "prediction_correct": true, "metrics": {"cost": 982.354297011625, "sparsity": 0.09259259259259259, "fidelity": 0.7358420937360414, "faithfulness_gap": 0.0009450852887924884, "stability": 0.4220609733590287}, "explanation": {"top_features": ["occupation_Farming-fishing: -0.0570", "age: -0.0551", "race_White: 0.0430", "marital-status_Never-married: -0.0387", "education_HS-grad: -0.0357", "marital-status_Married-civ-spouse: -0.0257", "relationship_Own-child: -0.0250", "workclass_Private: 0.0234", "hours-per-week: -0.0205", "workclass_Self-emp-not-inc: -0.0109"], "raw_top": {"occupation_Farming-fishing": -0.057023507803274955, "age": -0.055072138543538755, "race_White": 0.04299668248124416, "marital-status_Never-married": -0.03872492618391747, "education_HS-grad": -0.035709144799361534, "marital-status_Married-civ-spouse": -0.025724669440110502, "relationship_Own-child": -0.024973637417134795, "workclass_Private": 0.023429288720987845, "hours-per-week": -0.020490740177407086, "workclass_Self-emp-not-inc": -0.010902966428174198}}}