{"instance_id": 4707, "quadrant": "FP", "true_label": 0, "prediction": 1, "prediction_correct": false, "metrics": {"cost": 1735.290244978387, "sparsity": 0.09259259259259259, "fidelity": 0.7691888850437368, "faithfulness_gap": 0.6253924348295878, "stability": 0.19706158157399936}, "explanation": {"top_features": ["age: 0.0919", "marital-status_Married-civ-spouse: 0.0900", "relationship_Husband: 0.0428", "education_Some-college: 0.0397", "education_HS-grad: 0.0371", "sex_Female: 0.0306", "hours-per-week: 0.0279", "workclass_Private: 0.0267", "occupation_Other-service: 0.0260", "education-num: 0.0234"], "raw_top": {"age": 0.0919108689990956, "marital-status_Married-civ-spouse": 0.08999265735046738, "relationship_Husband": 0.042830717437174, "education_Some-college": 0.039666908479718405, "education_HS-grad": 0.037058536404512024, "sex_Female": 0.030629476460108156, "hours-per-week": 0.027870978342236397, "workclass_Private": 0.026746127739748028, "occupation_Other-service": 0.026022580265255908, "education-num": 0.023395702113070748}}}