{"instance_id": 4740, "quadrant": "TP", "true_label": 1, "prediction": 1, "prediction_correct": true, "metrics": {"cost": 856.7530199652538, "sparsity": 0.09259259259259259, "fidelity": 0.6911138665253728, "faithfulness_gap": 0.7855229905450941, "stability": 0.23972666978790724}, "explanation": {"top_features": ["workclass_Private: 0.1221", "age: 0.1144", "marital-status_Married-civ-spouse: 0.0842", "marital-status_Never-married: 0.0507", "sex_Female: 0.0502", "education_HS-grad: 0.0475", "occupation_Exec-managerial: 0.0443", "occupation_Transport-moving: 0.0285", "relationship_Own-child: 0.0279", "education-num: 0.0266"], "raw_top": {"workclass_Private": 0.12214841752910997, "age": 0.1144416819456858, "marital-status_Married-civ-spouse": 0.08422184234138604, "marital-status_Never-married": 0.05070498597047589, "sex_Female": 0.05023540710203559, "education_HS-grad": 0.04751375327766536, "occupation_Exec-managerial": 0.04430862860312383, "occupation_Transport-moving": 0.028457989489251333, "relationship_Own-child": 0.02788841281881429, "education-num": 0.02660531095000951}}}