{"instance_id": 4787, "quadrant": "TN", "true_label": 0, "prediction": 0, "prediction_correct": true, "metrics": {"cost": 1164.7014590562321, "sparsity": 0.09259259259259259, "fidelity": 0.7645153612035146, "faithfulness_gap": 0.09285991782720701, "stability": 0.46419314603255984}, "explanation": {"top_features": ["marital-status_Divorced: -0.2041", "sex_Female: -0.1309", "capital-loss: 0.1074", "occupation_Tech-support: 0.0948", "race_Black: -0.0737", "education_Some-college: -0.0722", "race_White: 0.0660", "marital-status_Married-civ-spouse: -0.0573", "education_HS-grad: 0.0418", "age: 0.0337"], "raw_top": {"marital-status_Divorced": -0.20411046027505847, "sex_Female": -0.13089831430105958, "capital-loss": 0.10743216426637003, "occupation_Tech-support": 0.09484561631200535, "race_Black": -0.07365989048668568, "education_Some-college": -0.07222159276248225, "race_White": 0.06595086928312072, "marital-status_Married-civ-spouse": -0.05727069455715506, "education_HS-grad": 0.04175194641227944, "age": 0.033699020033608584}}}