{"instance_id": 4952, "quadrant": "TN", "true_label": 0, "prediction": 0, "prediction_correct": true, "metrics": {"cost": 1229.2688789893873, "sparsity": 0.09259259259259259, "fidelity": 0.7364583437115024, "faithfulness_gap": 0.06039786027549364, "stability": 0.35664405697830937}, "explanation": {"top_features": ["age: -0.0902", "marital-status_Never-married: -0.0827", "marital-status_Married-civ-spouse: -0.0606", "education-num: 0.0350", "education_HS-grad: 0.0157", "sex_Female: 0.0125", "relationship_Husband: -0.0101", "education_Bachelors: -0.0088", "capital-loss: -0.0061", "occupation_Tech-support: -0.0059"], "raw_top": {"age": -0.0902490727680811, "marital-status_Never-married": -0.08271723675747292, "marital-status_Married-civ-spouse": -0.060558069858571435, "education-num": 0.03500025423368472, "education_HS-grad": 0.015653108818401495, "sex_Female": 0.01249861703455028, "relationship_Husband": -0.010143053037400648, "education_Bachelors": -0.008782867707111133, "capital-loss": -0.006081631199205767, "occupation_Tech-support": -0.0059245315604093095}}}