{"instance_id": 5015, "quadrant": "TP", "true_label": 1, "prediction": 1, "prediction_correct": true, "metrics": {"cost": 1169.7495289845392, "sparsity": 0.09259259259259259, "fidelity": 0.685946300251747, "faithfulness_gap": 0.17385410691044945, "stability": 0.36442830899039863}, "explanation": {"top_features": ["hours-per-week: 0.1305", "age: 0.1064", "education_Masters: 0.1008", "marital-status_Married-civ-spouse: 0.0831", "occupation_Exec-managerial: 0.0767", "marital-status_Never-married: 0.0639", "workclass_Private: 0.0585", "education_HS-grad: 0.0563", "sex_Female: 0.0520", "occupation_Other-service: 0.0446"], "raw_top": {"hours-per-week": 0.13045580501053633, "age": 0.10639922417586727, "education_Masters": 0.10078288237811872, "marital-status_Married-civ-spouse": 0.0831234771618518, "occupation_Exec-managerial": 0.07665607910566916, "marital-status_Never-married": 0.06386119740732053, "workclass_Private": 0.05853986458895128, "education_HS-grad": 0.05634045563674395, "sex_Female": 0.05195831101243081, "occupation_Other-service": 0.044552390477947235}}}