{"instance_id": 516, "quadrant": "FN", "true_label": 1, "prediction": 0, "prediction_correct": false, "metrics": {"cost": 1329.300497949589, "sparsity": 0.09259259259259259, "fidelity": 0.6207432116832656, "faithfulness_gap": 0.23619025056973786, "stability": 0.19760483379938248}, "explanation": {"top_features": ["education_Bachelors: -0.1274", "education-num: 0.1033", "marital-status_Married-civ-spouse: 0.0891", "workclass_Federal-gov: -0.0784", "workclass_Private: 0.0597", "sex_Female: 0.0519", "education_HS-grad: 0.0506", "marital-status_Never-married: 0.0506", "age: 0.0471", "workclass_Self-emp-not-inc: 0.0260"], "raw_top": {"education_Bachelors": -0.1274474556982908, "education-num": 0.10333140366696161, "marital-status_Married-civ-spouse": 0.0890564293977538, "workclass_Federal-gov": -0.07842869977218259, "workclass_Private": 0.05973147773822329, "sex_Female": 0.05190099035885854, "education_HS-grad": 0.05062126057060959, "marital-status_Never-married": 0.050570908933014684, "age": 0.0470570297703483, "workclass_Self-emp-not-inc": 0.026033972311536663}}}