{"instance_id": 5389, "quadrant": "TN", "true_label": 0, "prediction": 0, "prediction_correct": true, "metrics": {"cost": 1071.3659310131334, "sparsity": 0.09259259259259259, "fidelity": 0.721092427130045, "faithfulness_gap": 0.01952757998520539, "stability": 0.4688377304309294}, "explanation": {"top_features": ["marital-status_Never-married: -0.0694", "marital-status_Married-civ-spouse: -0.0602", "age: -0.0594", "workclass_nan: -0.0531", "education-num: 0.0429", "occupation_nan: -0.0292", "relationship_Not-in-family: 0.0292", "workclass_Private: 0.0253", "education_Bachelors: -0.0147", "relationship_Husband: -0.0130"], "raw_top": {"marital-status_Never-married": -0.06939730733686826, "marital-status_Married-civ-spouse": -0.06016491769875625, "age": -0.0594045111461409, "workclass_nan": -0.05307193089741811, "education-num": 0.04288355375236376, "occupation_nan": -0.029214731872572383, "relationship_Not-in-family": 0.029164679092776338, "workclass_Private": 0.025295018922023932, "education_Bachelors": -0.014698499886340416, "relationship_Husband": -0.013045561489813838}}}