{"instance_id": 5494, "quadrant": "TP", "true_label": 1, "prediction": 1, "prediction_correct": true, "metrics": {"cost": 793.2054509874433, "sparsity": 0.09259259259259259, "fidelity": 0.9894943158585802, "faithfulness_gap": 0.8549507678139078, "stability": 0.9435740265194807}, "explanation": {"top_features": ["capital-gain: 0.5571", "education-num: 0.0367", "marital-status_Married-civ-spouse: 0.0365", "hours-per-week: 0.0352", "education_HS-grad: 0.0331", "occupation_Exec-managerial: 0.0266", "marital-status_Never-married: 0.0207", "relationship_Husband: 0.0179", "sex_Female: 0.0175", "occupation_Other-service: 0.0162"], "raw_top": {"capital-gain": 0.5570834781398463, "education-num": 0.036744545206367114, "marital-status_Married-civ-spouse": 0.03653336274096863, "hours-per-week": 0.0352313630031144, "education_HS-grad": 0.03314207282478634, "occupation_Exec-managerial": 0.026590708125276925, "marital-status_Never-married": 0.020709369283047733, "relationship_Husband": 0.017933612174202865, "sex_Female": 0.01753585972468321, "occupation_Other-service": 0.016198022006207458}}}