{"instance_id": 569, "quadrant": "TN", "true_label": 0, "prediction": 0, "prediction_correct": true, "metrics": {"cost": 1196.8188059981912, "sparsity": 0.09259259259259259, "fidelity": 0.7037244399728106, "faithfulness_gap": 0.24460844572006585, "stability": 0.2902913124685847}, "explanation": {"top_features": ["occupation_Farming-fishing: -0.0729", "workclass_Self-emp-not-inc: -0.0650", "marital-status_Married-civ-spouse: -0.0524", "education_HS-grad: -0.0475", "workclass_Private: 0.0300", "hours-per-week: 0.0294", "relationship_Husband: -0.0234", "education_Some-college: 0.0204", "fnlwgt: -0.0120", "marital-status_Divorced: -0.0079"], "raw_top": {"occupation_Farming-fishing": -0.07288233392440868, "workclass_Self-emp-not-inc": -0.06500189764953164, "marital-status_Married-civ-spouse": -0.052410656447994294, "education_HS-grad": -0.0475338165687792, "workclass_Private": 0.030006528250763033, "hours-per-week": 0.029416299958479896, "relationship_Husband": -0.023385308481537047, "education_Some-college": 0.020388087969945137, "fnlwgt": -0.01200332848453805, "marital-status_Divorced": -0.007865666970413465}}}