{"instance_id": 5765, "quadrant": "FN", "true_label": 1, "prediction": 0, "prediction_correct": false, "metrics": {"cost": 1331.2167199910618, "sparsity": 0.09259259259259259, "fidelity": 0.6019219310021497, "faithfulness_gap": 0.042564525289959965, "stability": 0.0626247876438389}, "explanation": {"top_features": ["marital-status_Married-civ-spouse: 0.0870", "fnlwgt: -0.0610", "education_Some-college: -0.0602", "hours-per-week: 0.0512", "age: 0.0505", "education_HS-grad: 0.0353", "sex_Female: 0.0227", "marital-status_Never-married: 0.0223", "occupation_Other-service: 0.0164", "workclass_Self-emp-not-inc: 0.0155"], "raw_top": {"marital-status_Married-civ-spouse": 0.08696617791502176, "fnlwgt": -0.06103863178802965, "education_Some-college": -0.060164183170511906, "hours-per-week": 0.05116139471802272, "age": 0.05053670730325974, "education_HS-grad": 0.035329868906094915, "sex_Female": 0.022687906850607627, "marital-status_Never-married": 0.022273343927699744, "occupation_Other-service": 0.016438607220631535, "workclass_Self-emp-not-inc": 0.015467165786914332}}}