{"instance_id": 5767, "quadrant": "FN", "true_label": 1, "prediction": 0, "prediction_correct": false, "metrics": {"cost": 1387.332824000623, "sparsity": 0.09259259259259259, "fidelity": 0.5704436716973571, "faithfulness_gap": 0.04985635148600398, "stability": 0.09905342630692374}, "explanation": {"top_features": ["marital-status_Married-civ-spouse: 0.0854", "occupation_Craft-repair: -0.0832", "age: 0.0731", "education_Some-college: -0.0607", "education_HS-grad: 0.0452", "sex_Female: 0.0399", "marital-status_Never-married: 0.0236", "workclass_Self-emp-not-inc: 0.0135", "relationship_Unmarried: 0.0110", "education_Assoc-voc: 0.0100"], "raw_top": {"marital-status_Married-civ-spouse": 0.08543859121644141, "occupation_Craft-repair": -0.08320361478907362, "age": 0.07307224167399912, "education_Some-college": -0.060652567187117166, "education_HS-grad": 0.045167897454779435, "sex_Female": 0.03990982056184963, "marital-status_Never-married": 0.023635314639803826, "workclass_Self-emp-not-inc": 0.013501845213318832, "relationship_Unmarried": 0.010998499428914982, "education_Assoc-voc": 0.00996382150619156}}}