{"instance_id": 5875, "quadrant": "TP", "true_label": 1, "prediction": 1, "prediction_correct": true, "metrics": {"cost": 1147.355012013577, "sparsity": 0.09259259259259259, "fidelity": 0.9841655856170595, "faithfulness_gap": 0.8352197430289181, "stability": 0.9598147505814105}, "explanation": {"top_features": ["capital-gain: 0.5422", "education_Prof-school: 0.0638", "education-num: 0.0443", "age: 0.0404", "marital-status_Married-civ-spouse: 0.0337", "education_HS-grad: 0.0216", "marital-status_Never-married: 0.0174", "fnlwgt: 0.0128", "occupation_Adm-clerical: 0.0111", "sex_Female: 0.0102"], "raw_top": {"capital-gain": 0.5421680820699067, "education_Prof-school": 0.06384712619207288, "education-num": 0.04428166874374745, "age": 0.040449001641618326, "marital-status_Married-civ-spouse": 0.03369394531868726, "education_HS-grad": 0.02164957499142356, "marital-status_Never-married": 0.01739192871644038, "fnlwgt": 0.012838264471831732, "occupation_Adm-clerical": 0.011133576676448003, "sex_Female": 0.01024929962855603}}}