{"instance_id": 591, "quadrant": "FN", "true_label": 1, "prediction": 0, "prediction_correct": false, "metrics": {"cost": 867.4347230116837, "sparsity": 0.09259259259259259, "fidelity": 0.7148175979789466, "faithfulness_gap": 0.42047716478242464, "stability": 0.10870471571726087}, "explanation": {"top_features": ["fnlwgt: 0.0484", "education_Some-college: 0.0285", "marital-status_Married-civ-spouse: 0.0267", "sex_Female: 0.0262", "relationship_Husband: 0.0261", "occupation_Prof-specialty: 0.0252", "marital-status_Never-married: 0.0196", "occupation_Other-service: 0.0185", "age: 0.0133", "relationship_Not-in-family: 0.0103"], "raw_top": {"fnlwgt": 0.048421228147373235, "education_Some-college": 0.028527601675913103, "marital-status_Married-civ-spouse": 0.026726449675879848, "sex_Female": 0.026173020267942756, "relationship_Husband": 0.02614221979294514, "occupation_Prof-specialty": 0.02524955899928103, "marital-status_Never-married": 0.01963474114568857, "occupation_Other-service": 0.018466582391193333, "age": 0.013257373054906707, "relationship_Not-in-family": 0.01030640417760778}}}