{"instance_id": 5924, "quadrant": "FP", "true_label": 0, "prediction": 1, "prediction_correct": false, "metrics": {"cost": 1412.0564420009032, "sparsity": 0.09259259259259259, "fidelity": 0.8004535842237503, "faithfulness_gap": 0.8456227669309412, "stability": 0.4092701684414608}, "explanation": {"top_features": ["age: 0.1457", "marital-status_Married-civ-spouse: 0.1006", "hours-per-week: 0.0915", "fnlwgt: 0.0887", "race_White: 0.0655", "education_HS-grad: 0.0626", "sex_Female: 0.0430", "education-num: 0.0314", "marital-status_Never-married: 0.0195", "occupation_Transport-moving: 0.0162"], "raw_top": {"age": 0.1456947272235705, "marital-status_Married-civ-spouse": 0.1005547688316715, "hours-per-week": 0.09152294815229736, "fnlwgt": 0.08873487773262397, "race_White": 0.0654784977952458, "education_HS-grad": 0.06260984155414738, "sex_Female": 0.04295791348808087, "education-num": 0.031383966303436504, "marital-status_Never-married": 0.01945522775192587, "occupation_Transport-moving": 0.016204253939134494}}}