{"instance_id": 5990, "quadrant": "TN", "true_label": 0, "prediction": 0, "prediction_correct": true, "metrics": {"cost": 983.4401060361415, "sparsity": 0.09259259259259259, "fidelity": 0.24964154762925544, "faithfulness_gap": 0.00502448563116076, "stability": 0.44369479865570066}, "explanation": {"top_features": ["marital-status_Never-married: -0.0667", "marital-status_Married-civ-spouse: -0.0530", "sex_Female: -0.0261", "age: 0.0247", "education-num: -0.0230", "education_HS-grad: -0.0220", "occupation_Adm-clerical: -0.0146", "relationship_Husband: -0.0118", "hours-per-week: -0.0062", "workclass_Private: -0.0031"], "raw_top": {"marital-status_Never-married": -0.06673620370704414, "marital-status_Married-civ-spouse": -0.05297204646423121, "sex_Female": -0.026119526919626962, "age": 0.024738821766525917, "education-num": -0.02299870288996553, "education_HS-grad": -0.022039402917442774, "occupation_Adm-clerical": -0.014622555059963425, "relationship_Husband": -0.011827617716588416, "hours-per-week": -0.006168852609430325, "workclass_Private": -0.0031482114015077833}}}