{"instance_id": 6180, "quadrant": "TP", "true_label": 1, "prediction": 1, "prediction_correct": true, "metrics": {"cost": 1180.6515789940022, "sparsity": 0.09259259259259259, "fidelity": 0.7591490616168599, "faithfulness_gap": 0.7149335563107305, "stability": 0.20190663174888743}, "explanation": {"top_features": ["hours-per-week: 0.1177", "workclass_Private: 0.1031", "sex_Female: 0.0635", "education_HS-grad: 0.0507", "age: 0.0428", "workclass_Federal-gov: 0.0394", "relationship_Unmarried: 0.0367", "marital-status_Never-married: 0.0295", "workclass_Self-emp-not-inc: 0.0225", "occupation_Adm-clerical: 0.0107"], "raw_top": {"hours-per-week": 0.11772387579203843, "workclass_Private": 0.10313894790953494, "sex_Female": 0.06353267576697255, "education_HS-grad": 0.05072643820886705, "age": 0.04275430848507093, "workclass_Federal-gov": 0.0394264311401733, "relationship_Unmarried": 0.036662838999220716, "marital-status_Never-married": 0.029473486397390173, "workclass_Self-emp-not-inc": 0.022459028903299896, "occupation_Adm-clerical": 0.010724463062307454}}}