{"instance_id": 6252, "quadrant": "FP", "true_label": 0, "prediction": 1, "prediction_correct": false, "metrics": {"cost": 1009.7622260218486, "sparsity": 0.09259259259259259, "fidelity": 0.6836749454714175, "faithfulness_gap": 0.6237212542754083, "stability": 0.29099717492461724}, "explanation": {"top_features": ["occupation_Exec-managerial: 0.0914", "age: 0.0870", "marital-status_Married-civ-spouse: 0.0793", "education_HS-grad: 0.0545", "marital-status_Never-married: 0.0352", "hours-per-week: 0.0299", "relationship_Husband: 0.0219", "sex_Female: 0.0136", "relationship_Unmarried: 0.0124", "education_Assoc-voc: 0.0039"], "raw_top": {"occupation_Exec-managerial": 0.09140040407533573, "age": 0.08700273600335688, "marital-status_Married-civ-spouse": 0.0792555130964627, "education_HS-grad": 0.05453315221640638, "marital-status_Never-married": 0.03517816476556138, "hours-per-week": 0.029873241858858497, "relationship_Husband": 0.02185818071668371, "sex_Female": 0.013579260261161494, "relationship_Unmarried": 0.012364917554952583, "education_Assoc-voc": 0.0039142013649091645}}}