{"instance_id": 6343, "quadrant": "TP", "true_label": 1, "prediction": 1, "prediction_correct": true, "metrics": {"cost": 980.190696020145, "sparsity": 0.09259259259259259, "fidelity": 0.7055982745313325, "faithfulness_gap": 0.5121888672681469, "stability": 0.07234591695642172}, "explanation": {"top_features": ["age: 0.0849", "education_Some-college: 0.0442", "relationship_Husband: 0.0408", "marital-status_Married-civ-spouse: 0.0401", "sex_Female: 0.0300", "occupation_Sales: 0.0219", "fnlwgt: 0.0184", "marital-status_Never-married: 0.0160", "workclass_Local-gov: 0.0099", "education_Assoc-voc: 0.0079"], "raw_top": {"age": 0.08492607235989952, "education_Some-college": 0.04415918821123575, "relationship_Husband": 0.04080297309873913, "marital-status_Married-civ-spouse": 0.04005811489358888, "sex_Female": 0.030046308613159444, "occupation_Sales": 0.02192862271715498, "fnlwgt": 0.018444341045888723, "marital-status_Never-married": 0.0159880431738841, "workclass_Local-gov": 0.009856992776505886, "education_Assoc-voc": 0.007861501441164653}}}