{"instance_id": 6522, "quadrant": "FP", "true_label": 0, "prediction": 1, "prediction_correct": false, "metrics": {"cost": 1118.234212975949, "sparsity": 0.09259259259259259, "fidelity": 0.6534945041682303, "faithfulness_gap": 0.27905180536226104, "stability": 0.3103556424847823}, "explanation": {"top_features": ["education_Masters: 0.1539", "workclass_Self-emp-not-inc: -0.1181", "marital-status_Married-civ-spouse: 0.0912", "education-num: -0.0880", "hours-per-week: 0.0807", "education_HS-grad: 0.0749", "marital-status_Never-married: 0.0510", "sex_Female: 0.0415", "age: 0.0412", "workclass_Private: 0.0176"], "raw_top": {"education_Masters": 0.15392249178084688, "workclass_Self-emp-not-inc": -0.11811170206300761, "marital-status_Married-civ-spouse": 0.09121899562167958, "education-num": -0.08803231763364959, "hours-per-week": 0.08073263330509606, "education_HS-grad": 0.07488830894867743, "marital-status_Never-married": 0.051017462748260314, "sex_Female": 0.04153378043286824, "age": 0.041216035850777606, "workclass_Private": 0.01757553887061586}}}