{"instance_id": 6540, "quadrant": "TP", "true_label": 1, "prediction": 1, "prediction_correct": true, "metrics": {"cost": 1175.6047849776223, "sparsity": 0.09259259259259259, "fidelity": 0.8354127596527581, "faithfulness_gap": 0.9410437142347715, "stability": 0.414540394388048}, "explanation": {"top_features": ["fnlwgt: 0.2219", "education_Prof-school: 0.1525", "marital-status_Married-civ-spouse: 0.0998", "education_HS-grad: 0.0887", "marital-status_Never-married: 0.0394", "sex_Female: 0.0383", "occupation_Sales: 0.0298", "occupation_Other-service: 0.0294", "relationship_Unmarried: 0.0281", "hours-per-week: 0.0279"], "raw_top": {"fnlwgt": 0.2218973279727291, "education_Prof-school": 0.1524563307374763, "marital-status_Married-civ-spouse": 0.09979136446881451, "education_HS-grad": 0.08874137155249563, "marital-status_Never-married": 0.03944832148141965, "sex_Female": 0.038278883490610545, "occupation_Sales": 0.029753320108076818, "occupation_Other-service": 0.02941889575116383, "relationship_Unmarried": 0.02813084585377157, "hours-per-week": 0.027855196745810558}}}