{"instance_id": 6697, "quadrant": "TP", "true_label": 1, "prediction": 1, "prediction_correct": true, "metrics": {"cost": 1449.996316980105, "sparsity": 0.09259259259259259, "fidelity": 0.7443372951366898, "faithfulness_gap": 0.7393411360926098, "stability": 0.2920063286604882}, "explanation": {"top_features": ["marital-status_Married-civ-spouse: 0.1159", "hours-per-week: 0.1147", "age: 0.1101", "education-num: 0.1020", "education_HS-grad: 0.0808", "occupation_Exec-managerial: 0.0567", "sex_Female: 0.0513", "marital-status_Never-married: 0.0508", "fnlwgt: 0.0444", "relationship_Husband: 0.0428"], "raw_top": {"marital-status_Married-civ-spouse": 0.1158708486979029, "hours-per-week": 0.11468195378005105, "age": 0.11012995189891352, "education-num": 0.10202501983508105, "education_HS-grad": 0.08080161422941674, "occupation_Exec-managerial": 0.05670836263917704, "sex_Female": 0.05125037017557543, "marital-status_Never-married": 0.050777355708921425, "fnlwgt": 0.0443916319149594, "relationship_Husband": 0.04283005391609176}}}