{"instance_id": 6741, "quadrant": "FP", "true_label": 0, "prediction": 1, "prediction_correct": false, "metrics": {"cost": 1349.8633860144764, "sparsity": 0.09259259259259259, "fidelity": 0.765722191011871, "faithfulness_gap": 0.6257011419793996, "stability": 0.11069489772081084}, "explanation": {"top_features": ["capital-loss: 0.1205", "workclass_Private: 0.0999", "sex_Female: 0.0449", "education_Some-college: 0.0429", "marital-status_Never-married: 0.0297", "marital-status_Married-civ-spouse: 0.0277", "workclass_Local-gov: 0.0223", "relationship_Husband: 0.0189", "workclass_Self-emp-not-inc: 0.0158", "relationship_Own-child: 0.0121"], "raw_top": {"capital-loss": 0.12048741104341078, "workclass_Private": 0.09989456862406276, "sex_Female": 0.0448743596284564, "education_Some-college": 0.04292001181023968, "marital-status_Never-married": 0.029716695319080878, "marital-status_Married-civ-spouse": 0.027698424234338673, "workclass_Local-gov": 0.022313814567474718, "relationship_Husband": 0.018853202539698084, "workclass_Self-emp-not-inc": 0.015811209257118097, "relationship_Own-child": 0.012139819782803984}}}