{"instance_id": 6754, "quadrant": "TP", "true_label": 1, "prediction": 1, "prediction_correct": true, "metrics": {"cost": 1279.1926019708626, "sparsity": 0.09259259259259259, "fidelity": 0.5704652362497857, "faithfulness_gap": 0.7416993867334929, "stability": 0.22461392461739466}, "explanation": {"top_features": ["workclass_Private: 0.1256", "age: 0.0926", "marital-status_Married-civ-spouse: 0.0917", "occupation_Protective-serv: 0.0859", "occupation_Sales: 0.0505", "marital-status_Never-married: 0.0361", "relationship_Unmarried: 0.0315", "sex_Female: 0.0279", "fnlwgt: 0.0184", "education_Some-college: 0.0134"], "raw_top": {"workclass_Private": 0.12555557945442206, "age": 0.09255601793554712, "marital-status_Married-civ-spouse": 0.09166215691232583, "occupation_Protective-serv": 0.08586222361890457, "occupation_Sales": 0.050504482471355014, "marital-status_Never-married": 0.036104153198024756, "relationship_Unmarried": 0.031485373106545554, "sex_Female": 0.027935476553171707, "fnlwgt": 0.018364637126459037, "education_Some-college": 0.013406370218163488}}}