{"instance_id": 6774, "quadrant": "FP", "true_label": 0, "prediction": 1, "prediction_correct": false, "metrics": {"cost": 1173.8026509992778, "sparsity": 0.09259259259259259, "fidelity": 0.5130782273455381, "faithfulness_gap": 0.10765524162734441, "stability": 0.2636626929200934}, "explanation": {"top_features": ["native-country_Vietnam: -0.3034", "race_White: 0.0993", "workclass_Private: 0.0915", "fnlwgt: 0.0789", "sex_Female: 0.0728", "hours-per-week: 0.0725", "education_Some-college: 0.0702", "native-country_United-States: 0.0700", "relationship_Unmarried: 0.0498", "education_Assoc-voc: 0.0314"], "raw_top": {"native-country_Vietnam": -0.30343148427200045, "race_White": 0.09931286704705755, "workclass_Private": 0.09149087539666755, "fnlwgt": 0.07890097784557208, "sex_Female": 0.07278316940406492, "hours-per-week": 0.07247688363756499, "education_Some-college": 0.07021247615907936, "native-country_United-States": 0.06995001445649345, "relationship_Unmarried": 0.04979428583470432, "education_Assoc-voc": 0.03135001879534902}}}