{"instance_id": 6780, "quadrant": "TP", "true_label": 1, "prediction": 1, "prediction_correct": true, "metrics": {"cost": 1641.2255119648762, "sparsity": 0.09259259259259259, "fidelity": 0.5795159370938376, "faithfulness_gap": 0.4677795176399682, "stability": 0.14978278158588823}, "explanation": {"top_features": ["marital-status_Married-civ-spouse: 0.0902", "occupation_Tech-support: 0.0599", "relationship_Husband: 0.0413", "age: 0.0404", "marital-status_Never-married: 0.0292", "fnlwgt: 0.0199", "education_Some-college: 0.0113", "workclass_Local-gov: 0.0027", "education_9th: 0.0026", "education_Assoc-voc: 0.0022"], "raw_top": {"marital-status_Married-civ-spouse": 0.09022104491580955, "occupation_Tech-support": 0.05985280786702729, "relationship_Husband": 0.041250858273791595, "age": 0.040412012951850255, "marital-status_Never-married": 0.029157355780863037, "fnlwgt": 0.019862396163276987, "education_Some-college": 0.011334776156548975, "workclass_Local-gov": 0.0027450626619884306, "education_9th": 0.0026098434188415185, "education_Assoc-voc": 0.0022252174396998337}}}