{"instance_id": 6821, "quadrant": "TP", "true_label": 1, "prediction": 1, "prediction_correct": true, "metrics": {"cost": 710.5248279985972, "sparsity": 0.09259259259259259, "fidelity": 0.9349205236113263, "faithfulness_gap": 0.8465051470752527, "stability": 0.44211267971376084}, "explanation": {"top_features": ["education-num: 0.2495", "education_HS-grad: 0.0793", "marital-status_Married-civ-spouse: 0.0731", "marital-status_Never-married: 0.0620", "hours-per-week: 0.0564", "occupation_Sales: 0.0360", "fnlwgt: 0.0254", "occupation_Adm-clerical: 0.0249", "occupation_Other-service: 0.0219", "sex_Female: 0.0201"], "raw_top": {"education-num": 0.24951473168125063, "education_HS-grad": 0.0792531269910109, "marital-status_Married-civ-spouse": 0.07314286942082747, "marital-status_Never-married": 0.061951544403547866, "hours-per-week": 0.05640174695131261, "occupation_Sales": 0.03597672938850639, "fnlwgt": 0.025434550914471662, "occupation_Adm-clerical": 0.024868145387384924, "occupation_Other-service": 0.0218835269818054, "sex_Female": 0.02009105423346142}}}