{"instance_id": 6884, "quadrant": "TP", "true_label": 1, "prediction": 1, "prediction_correct": true, "metrics": {"cost": 1152.217730996199, "sparsity": 0.09259259259259259, "fidelity": 0.6358073245540831, "faithfulness_gap": 0.6456816074935194, "stability": 0.2321201285817672}, "explanation": {"top_features": ["education-num: 0.1287", "age: 0.0766", "education_HS-grad: 0.0714", "hours-per-week: 0.0692", "marital-status_Married-civ-spouse: 0.0600", "marital-status_Never-married: 0.0425", "relationship_Husband: 0.0385", "sex_Female: 0.0241", "occupation_Sales: 0.0200", "workclass_Local-gov: 0.0148"], "raw_top": {"education-num": 0.12873368599320154, "age": 0.07662573231876617, "education_HS-grad": 0.07135890684023898, "hours-per-week": 0.06916894872047621, "marital-status_Married-civ-spouse": 0.060043213151381024, "marital-status_Never-married": 0.04253689860089577, "relationship_Husband": 0.03848925302750483, "sex_Female": 0.024115722064199582, "occupation_Sales": 0.020001148702774703, "workclass_Local-gov": 0.01484368446724793}}}