{"instance_id": 6889, "quadrant": "FN", "true_label": 1, "prediction": 0, "prediction_correct": false, "metrics": {"cost": 1659.2292619752698, "sparsity": 0.09259259259259259, "fidelity": 0.6660014093050515, "faithfulness_gap": 0.30569105468841196, "stability": 0.13340817126076593}, "explanation": {"top_features": ["occupation_Other-service: -0.1481", "relationship_Wife: 0.0621", "marital-status_Married-civ-spouse: 0.0518", "sex_Male: 0.0411", "education_HS-grad: 0.0362", "marital-status_Never-married: 0.0160", "age: 0.0132", "occupation_Craft-repair: 0.0122", "workclass_Self-emp-not-inc: 0.0110", "education_Assoc-voc: 0.0096"], "raw_top": {"occupation_Other-service": -0.14807458828447118, "relationship_Wife": 0.062072502386469434, "marital-status_Married-civ-spouse": 0.05179189209494388, "sex_Male": 0.04110976369973687, "education_HS-grad": 0.03620099487324947, "marital-status_Never-married": 0.0159512985907702, "age": 0.01321598725883183, "occupation_Craft-repair": 0.012214645701941501, "workclass_Self-emp-not-inc": 0.010996556144900214, "education_Assoc-voc": 0.00962054149793979}}}