{"instance_id": 6897, "quadrant": "FP", "true_label": 0, "prediction": 1, "prediction_correct": false, "metrics": {"cost": 1329.3232040014118, "sparsity": 0.09259259259259259, "fidelity": 0.8296153162782264, "faithfulness_gap": 0.7548333476416497, "stability": 0.3615199170683729}, "explanation": {"top_features": ["education-num: 0.1377", "workclass_Private: 0.0856", "sex_Female: 0.0689", "hours-per-week: 0.0620", "education_HS-grad: 0.0529", "age: 0.0431", "education_Some-college: 0.0305", "relationship_Not-in-family: 0.0261", "workclass_Local-gov: 0.0255", "education_Bachelors: 0.0202"], "raw_top": {"education-num": 0.1377048515281886, "workclass_Private": 0.08556030951479573, "sex_Female": 0.06887856224191406, "hours-per-week": 0.06202504832789541, "education_HS-grad": 0.05294301520975362, "age": 0.043119978670208545, "education_Some-college": 0.030500497314222105, "relationship_Not-in-family": 0.02613532393639047, "workclass_Local-gov": 0.025488368503637737, "education_Bachelors": 0.020221287240190455}}}