{"instance_id": 6937, "quadrant": "FP", "true_label": 0, "prediction": 1, "prediction_correct": false, "metrics": {"cost": 1168.9994990010746, "sparsity": 0.09259259259259259, "fidelity": 0.6644010534901793, "faithfulness_gap": 0.4976217092077798, "stability": 0.1257774052218085}, "explanation": {"top_features": ["marital-status_Married-civ-spouse: 0.1089", "age: 0.0566", "marital-status_Never-married: 0.0387", "education_HS-grad: 0.0340", "fnlwgt: 0.0285", "sex_Female: 0.0260", "hours-per-week: 0.0225", "workclass_Local-gov: 0.0155", "workclass_Self-emp-not-inc: 0.0096", "education_Assoc-voc: 0.0094"], "raw_top": {"marital-status_Married-civ-spouse": 0.10890106787807922, "age": 0.05658136245705088, "marital-status_Never-married": 0.03866513920545062, "education_HS-grad": 0.03396978537941629, "fnlwgt": 0.028521995164741812, "sex_Female": 0.02601659222835917, "hours-per-week": 0.022460618599978784, "workclass_Local-gov": 0.015515577108657518, "workclass_Self-emp-not-inc": 0.009618213795326513, "education_Assoc-voc": 0.00942964377587394}}}