{"instance_id": 7066, "quadrant": "FP", "true_label": 0, "prediction": 1, "prediction_correct": false, "metrics": {"cost": 1163.7698150007054, "sparsity": 0.09259259259259259, "fidelity": 0.7806586389496148, "faithfulness_gap": 0.5462213122051877, "stability": 0.07464342946411355}, "explanation": {"top_features": ["hours-per-week: 0.0736", "marital-status_Married-civ-spouse: 0.0601", "relationship_Husband: 0.0394", "education_Some-college: 0.0390", "fnlwgt: 0.0337", "occupation_Craft-repair: 0.0278", "sex_Female: 0.0241", "marital-status_Never-married: 0.0232", "occupation_Other-service: 0.0146", "relationship_Unmarried: 0.0121"], "raw_top": {"hours-per-week": 0.0735547029593325, "marital-status_Married-civ-spouse": 0.06009140188362601, "relationship_Husband": 0.03944249507225645, "education_Some-college": 0.03903425336164076, "fnlwgt": 0.033707940106056995, "occupation_Craft-repair": 0.027820219345892964, "sex_Female": 0.024117391107221615, "marital-status_Never-married": 0.0232415307520405, "occupation_Other-service": 0.014611372511880527, "relationship_Unmarried": 0.012112157538807455}}}