{"instance_id": 709, "quadrant": "FP", "true_label": 0, "prediction": 1, "prediction_correct": false, "metrics": {"cost": 1486.602465971373, "sparsity": 0.09259259259259259, "fidelity": 0.6525903985421277, "faithfulness_gap": 0.8031569749917635, "stability": 0.04541930739727846}, "explanation": {"top_features": ["marital-status_Married-civ-spouse: 0.1047", "education-num: 0.0988", "education_HS-grad: 0.0939", "hours-per-week: 0.0818", "marital-status_Never-married: 0.0580", "occupation_Exec-managerial: 0.0517", "relationship_Husband: 0.0478", "sex_Female: 0.0353", "occupation_Other-service: 0.0306", "relationship_Unmarried: 0.0242"], "raw_top": {"marital-status_Married-civ-spouse": 0.10470722342674921, "education-num": 0.09878565348646141, "education_HS-grad": 0.09387669320822024, "hours-per-week": 0.08176811511724051, "marital-status_Never-married": 0.05802461472601591, "occupation_Exec-managerial": 0.05169787406136769, "relationship_Husband": 0.04776864031751453, "sex_Female": 0.0353441030506737, "occupation_Other-service": 0.03060296634558866, "relationship_Unmarried": 0.024157007714315393}}}