{"instance_id": 7139, "quadrant": "FP", "true_label": 0, "prediction": 1, "prediction_correct": false, "metrics": {"cost": 1348.4228960005566, "sparsity": 0.09259259259259259, "fidelity": 0.7532256046638934, "faithfulness_gap": 0.6098764848632663, "stability": 0.25359889431050386}, "explanation": {"top_features": ["age: 0.1178", "hours-per-week: 0.1011", "workclass_Private: 0.0581", "marital-status_Married-civ-spouse: 0.0447", "relationship_Husband: 0.0225", "workclass_Self-emp-not-inc: 0.0157", "fnlwgt: 0.0154", "marital-status_Never-married: 0.0153", "education_Some-college: 0.0133", "workclass_Local-gov: 0.0095"], "raw_top": {"age": 0.1177576550719315, "hours-per-week": 0.10114869486652842, "workclass_Private": 0.058106012297117225, "marital-status_Married-civ-spouse": 0.04471496922569888, "relationship_Husband": 0.022455534406719622, "workclass_Self-emp-not-inc": 0.01566519183282781, "fnlwgt": 0.015367775869358205, "marital-status_Never-married": 0.015339495639876383, "education_Some-college": 0.013294098033234511, "workclass_Local-gov": 0.009546558531104532}}}