{"instance_id": 7182, "quadrant": "FN", "true_label": 1, "prediction": 0, "prediction_correct": false, "metrics": {"cost": 902.8696300229058, "sparsity": 0.09259259259259259, "fidelity": 0.7711711851572941, "faithfulness_gap": 0.3114961142913313, "stability": 0.31566871075579267}, "explanation": {"top_features": ["relationship_Wife: 0.2037", "hours-per-week: -0.1384", "marital-status_Married-civ-spouse: 0.0931", "occupation_Adm-clerical: -0.0796", "sex_Female: -0.0760", "age: 0.0707", "sex_Male: 0.0452", "marital-status_Never-married: 0.0445", "education_HS-grad: 0.0400", "relationship_Husband: 0.0372"], "raw_top": {"relationship_Wife": 0.20370024746606538, "hours-per-week": -0.13844693978358472, "marital-status_Married-civ-spouse": 0.09307267024852911, "occupation_Adm-clerical": -0.07957742225918568, "sex_Female": -0.07597160747445877, "age": 0.0707136269947807, "sex_Male": 0.04520738115368483, "marital-status_Never-married": 0.04445112860465264, "education_HS-grad": 0.04000273978651204, "relationship_Husband": 0.03723616066342336}}}