{"instance_id": 7231, "quadrant": "FN", "true_label": 1, "prediction": 0, "prediction_correct": false, "metrics": {"cost": 1061.2669499823824, "sparsity": 0.09259259259259259, "fidelity": 0.7948290978931138, "faithfulness_gap": 0.07168053361174337, "stability": 0.06863713140174321}, "explanation": {"top_features": ["occupation_Tech-support: 0.0909", "fnlwgt: -0.0850", "marital-status_Married-civ-spouse: 0.0805", "age: -0.0431", "relationship_Husband: 0.0348", "education_Some-college: -0.0346", "marital-status_Never-married: 0.0266", "education_HS-grad: 0.0256", "sex_Female: 0.0201", "workclass_Local-gov: 0.0156"], "raw_top": {"occupation_Tech-support": 0.09089013203235756, "fnlwgt": -0.08497659496383712, "marital-status_Married-civ-spouse": 0.08054973823522629, "age": -0.04307744827729426, "relationship_Husband": 0.03478984391282769, "education_Some-college": -0.034559288293317475, "marital-status_Never-married": 0.026615793650634777, "education_HS-grad": 0.025612892152761857, "sex_Female": 0.02008479782577594, "workclass_Local-gov": 0.015572891722068938}}}