{"instance_id": 7346, "quadrant": "FN", "true_label": 1, "prediction": 0, "prediction_correct": false, "metrics": {"cost": 822.2362620290369, "sparsity": 0.09259259259259259, "fidelity": 0.7500058650329589, "faithfulness_gap": 0.0894060592377093, "stability": 0.14583283778875739}, "explanation": {"top_features": ["marital-status_Married-civ-spouse: -0.0716", "education_HS-grad: -0.0670", "age: 0.0554", "marital-status_Divorced: -0.0358", "fnlwgt: 0.0295", "education_Some-college: 0.0281", "relationship_Husband: -0.0277", "sex_Female: 0.0274", "workclass_Private: -0.0253", "workclass_Self-emp-not-inc: 0.0177"], "raw_top": {"marital-status_Married-civ-spouse": -0.07159674802258012, "education_HS-grad": -0.06697926958350124, "age": 0.05540208589135811, "marital-status_Divorced": -0.03579693615723966, "fnlwgt": 0.02950191439265435, "education_Some-college": 0.028095147638315825, "relationship_Husband": -0.02765129854285299, "sex_Female": 0.027357122738286974, "workclass_Private": -0.0252857115350605, "workclass_Self-emp-not-inc": 0.017728741330522782}}}