{"instance_id": 7466, "quadrant": "TN", "true_label": 0, "prediction": 0, "prediction_correct": true, "metrics": {"cost": 1272.0899700070731, "sparsity": 0.09259259259259259, "fidelity": 0.8631858453419056, "faithfulness_gap": 0.3099456150612984, "stability": 0.0361654773007705}, "explanation": {"top_features": ["occupation_Transport-moving: -0.1038", "education_HS-grad: -0.1006", "workclass_Private: -0.0549", "marital-status_Married-civ-spouse: 0.0537", "fnlwgt: 0.0487", "education_Some-college: 0.0328", "marital-status_Never-married: 0.0212", "occupation_Craft-repair: 0.0189", "sex_Female: 0.0157", "occupation_Other-service: 0.0127"], "raw_top": {"occupation_Transport-moving": -0.10375065285788419, "education_HS-grad": -0.10056392858276972, "workclass_Private": -0.05491264618093727, "marital-status_Married-civ-spouse": 0.05368922731217858, "fnlwgt": 0.048731968511429115, "education_Some-college": 0.032836667575575906, "marital-status_Never-married": 0.02120662041930359, "occupation_Craft-repair": 0.01885739096704496, "sex_Female": 0.01571400633866149, "occupation_Other-service": 0.012716885794130384}}}