{"instance_id": 7467, "quadrant": "TP", "true_label": 1, "prediction": 1, "prediction_correct": true, "metrics": {"cost": 1214.0398059855215, "sparsity": 0.09259259259259259, "fidelity": 0.828529856668018, "faithfulness_gap": 0.9849229902713297, "stability": 0.4438199748576073}, "explanation": {"top_features": ["capital-loss: 0.2104", "education-num: 0.1442", "relationship_Wife: 0.1366", "education_HS-grad: 0.0714", "marital-status_Married-civ-spouse: 0.0526", "workclass_Private: 0.0432", "education_Bachelors: 0.0421", "sex_Male: 0.0363", "marital-status_Never-married: 0.0350", "occupation_Adm-clerical: 0.0184"], "raw_top": {"capital-loss": 0.21037466804038144, "education-num": 0.1441534005691981, "relationship_Wife": 0.1366249557947846, "education_HS-grad": 0.07140358956640158, "marital-status_Married-civ-spouse": 0.052646773121697556, "workclass_Private": 0.04317113921020136, "education_Bachelors": 0.04213360523747737, "sex_Male": 0.03631078544328873, "marital-status_Never-married": 0.03499666813463132, "occupation_Adm-clerical": 0.018417716544667506}}}