{"instance_id": 7508, "quadrant": "TP", "true_label": 1, "prediction": 1, "prediction_correct": true, "metrics": {"cost": 1441.7139519937336, "sparsity": 0.09259259259259259, "fidelity": 0.7465268829776308, "faithfulness_gap": 0.5426784359917122, "stability": 0.1848477780672313}, "explanation": {"top_features": ["education-num: 0.1025", "marital-status_Married-civ-spouse: 0.0990", "education_HS-grad: 0.0596", "marital-status_Never-married: 0.0402", "sex_Female: 0.0154", "age: 0.0079", "workclass_Local-gov: 0.0076", "occupation_Craft-repair: 0.0059", "occupation_Transport-moving: 0.0032", "occupation_Prof-specialty: 0.0028"], "raw_top": {"education-num": 0.10252447766994942, "marital-status_Married-civ-spouse": 0.09901585605871352, "education_HS-grad": 0.05957155479736508, "marital-status_Never-married": 0.04015308046789475, "sex_Female": 0.015357873244312955, "age": 0.007940024668078837, "workclass_Local-gov": 0.007559001984591782, "occupation_Craft-repair": 0.005930836664159978, "occupation_Transport-moving": 0.003239859959626531, "occupation_Prof-specialty": 0.0027993564558226325}}}