{"instance_id": 7539, "quadrant": "FP", "true_label": 0, "prediction": 1, "prediction_correct": false, "metrics": {"cost": 858.6384009686299, "sparsity": 0.09259259259259259, "fidelity": 0.809914425474318, "faithfulness_gap": 0.5007989162804616, "stability": 0.2068330474095608}, "explanation": {"top_features": ["hours-per-week: 0.1342", "education-num: 0.1047", "marital-status_Married-civ-spouse: -0.0795", "marital-status_Never-married: -0.0790", "education_HS-grad: 0.0732", "sex_Female: 0.0479", "relationship_Not-in-family: 0.0438", "fnlwgt: 0.0363", "occupation_Craft-repair: 0.0300", "occupation_Machine-op-inspct: 0.0211"], "raw_top": {"hours-per-week": 0.13421831684448396, "education-num": 0.1046515748496885, "marital-status_Married-civ-spouse": -0.0795277277136448, "marital-status_Never-married": -0.07901087666463674, "education_HS-grad": 0.07320534407373117, "sex_Female": 0.047938758203269434, "relationship_Not-in-family": 0.04378629112052922, "fnlwgt": 0.03625518606193515, "occupation_Craft-repair": 0.030044561344545345, "occupation_Machine-op-inspct": 0.021119874053539486}}}