{"instance_id": 7599, "quadrant": "FN", "true_label": 1, "prediction": 0, "prediction_correct": false, "metrics": {"cost": 1431.64758203784, "sparsity": 0.09259259259259259, "fidelity": 0.7497261633924042, "faithfulness_gap": 0.17903148572821326, "stability": 0.1297203691207877}, "explanation": {"top_features": ["age: -0.0776", "occupation_Prof-specialty: -0.0548", "education-num: 0.0546", "hours-per-week: 0.0483", "marital-status_Never-married: -0.0400", "marital-status_Married-civ-spouse: -0.0388", "education_HS-grad: 0.0342", "sex_Female: 0.0260", "education_Some-college: 0.0225", "education_Bachelors: 0.0172"], "raw_top": {"age": -0.07763537155012856, "occupation_Prof-specialty": -0.05482500479269375, "education-num": 0.05459382666613074, "hours-per-week": 0.048343459465227924, "marital-status_Never-married": -0.03995434733365492, "marital-status_Married-civ-spouse": -0.038805405298584957, "education_HS-grad": 0.03421473625388571, "sex_Female": 0.025975741470609406, "education_Some-college": 0.02245366207503814, "education_Bachelors": 0.01719544393963557}}}