{"instance_id": 760, "quadrant": "FN", "true_label": 1, "prediction": 0, "prediction_correct": false, "metrics": {"cost": 1093.353122996632, "sparsity": 0.09259259259259259, "fidelity": 0.7306585274892041, "faithfulness_gap": 0.23222991869446882, "stability": 0.15345216225339853}, "explanation": {"top_features": ["education_Assoc-voc: -0.1109", "marital-status_Married-civ-spouse: 0.0881", "education_HS-grad: 0.0584", "education_Some-college: 0.0417", "education-num: 0.0396", "sex_Female: 0.0342", "marital-status_Never-married: 0.0306", "workclass_Self-emp-not-inc: 0.0213", "workclass_Self-emp-inc: 0.0152", "relationship_Not-in-family: 0.0134"], "raw_top": {"education_Assoc-voc": -0.11089760005210061, "marital-status_Married-civ-spouse": 0.08809255564749661, "education_HS-grad": 0.0583581435613041, "education_Some-college": 0.041713303714674736, "education-num": 0.03961084406494091, "sex_Female": 0.034226086492158345, "marital-status_Never-married": 0.030620001100519115, "workclass_Self-emp-not-inc": 0.021308388870369416, "workclass_Self-emp-inc": 0.01520469949087036, "relationship_Not-in-family": 0.013448131852640884}}}