{"instance_id": 7653, "quadrant": "FN", "true_label": 1, "prediction": 0, "prediction_correct": false, "metrics": {"cost": 1483.5349640343338, "sparsity": 0.09259259259259259, "fidelity": 0.8635776733571144, "faithfulness_gap": 0.18853082032662608, "stability": 0.0938409126656839}, "explanation": {"top_features": ["occupation_Transport-moving: -0.1322", "education_HS-grad: -0.1073", "marital-status_Married-civ-spouse: 0.0488", "hours-per-week: 0.0432", "education_Some-college: 0.0394", "relationship_Husband: 0.0346", "marital-status_Never-married: 0.0241", "occupation_Craft-repair: 0.0211", "occupation_Sales: 0.0143", "fnlwgt: 0.0141"], "raw_top": {"occupation_Transport-moving": -0.13215242164879426, "education_HS-grad": -0.10727911813813268, "marital-status_Married-civ-spouse": 0.04875703575826347, "hours-per-week": 0.043224720908658386, "education_Some-college": 0.03937013431450795, "relationship_Husband": 0.034635453651135004, "marital-status_Never-married": 0.024135350543453078, "occupation_Craft-repair": 0.021145297088895097, "occupation_Sales": 0.0142512318344267, "fnlwgt": 0.014137054167464714}}}