{"instance_id": 7690, "quadrant": "FP", "true_label": 0, "prediction": 1, "prediction_correct": false, "metrics": {"cost": 1308.7453070329502, "sparsity": 0.09259259259259259, "fidelity": 0.7923430302910318, "faithfulness_gap": 0.5481893906728349, "stability": 0.09104876492120766}, "explanation": {"top_features": ["age: 0.0930", "hours-per-week: 0.0653", "marital-status_Married-civ-spouse: 0.0635", "relationship_Husband: 0.0465", "marital-status_Never-married: 0.0279", "fnlwgt: 0.0228", "occupation_Other-service: 0.0135", "workclass_Self-emp-not-inc: 0.0124", "workclass_Local-gov: 0.0095", "sex_Male: 0.0088"], "raw_top": {"age": 0.09295070854624347, "hours-per-week": 0.06530862253055515, "marital-status_Married-civ-spouse": 0.06350046343941729, "relationship_Husband": 0.046504064069612217, "marital-status_Never-married": 0.027872739411486845, "fnlwgt": 0.02275607321936289, "occupation_Other-service": 0.01350077375399051, "workclass_Self-emp-not-inc": 0.012359054534727007, "workclass_Local-gov": 0.0095325449765576, "sex_Male": 0.008771582229571695}}}