{"instance_id": 7785, "quadrant": "TN", "true_label": 0, "prediction": 0, "prediction_correct": true, "metrics": {"cost": 1185.5484339757822, "sparsity": 0.09259259259259259, "fidelity": 0.4258212466369736, "faithfulness_gap": 0.004588910651904559, "stability": 0.4266221733333415}, "explanation": {"top_features": ["marital-status_Never-married: -0.0674", "marital-status_Married-civ-spouse: -0.0633", "race_White: 0.0441", "race_Black: -0.0387", "occupation_Other-service: -0.0374", "age: -0.0288", "relationship_Not-in-family: 0.0220", "hours-per-week: -0.0135", "education-num: -0.0099", "workclass_Private: -0.0090"], "raw_top": {"marital-status_Never-married": -0.06739285018420804, "marital-status_Married-civ-spouse": -0.0633075142199027, "race_White": 0.044112102200510254, "race_Black": -0.038719060890747115, "occupation_Other-service": -0.037406346216490284, "age": -0.028828623976593835, "relationship_Not-in-family": 0.021992742337930443, "hours-per-week": -0.013540733398328344, "education-num": -0.00992389426407634, "workclass_Private": -0.009025520723299558}}}