{"instance_id": 7879, "quadrant": "TP", "true_label": 1, "prediction": 1, "prediction_correct": true, "metrics": {"cost": 1307.811072038021, "sparsity": 0.09259259259259259, "fidelity": 0.9079463229231552, "faithfulness_gap": 0.8911883499721295, "stability": 0.6114770741079196}, "explanation": {"top_features": ["capital-loss: 0.3446", "education-num: 0.1206", "education_HS-grad: 0.0820", "sex_Male: 0.0404", "occupation_Other-service: 0.0269", "marital-status_Divorced: 0.0169", "education_Some-college: 0.0155", "age: 0.0153", "occupation_Adm-clerical: 0.0147", "workclass_Local-gov: 0.0140"], "raw_top": {"capital-loss": 0.34460599749220466, "education-num": 0.12056292182432406, "education_HS-grad": 0.08197819345418583, "sex_Male": 0.04039661759847827, "occupation_Other-service": 0.026934210827094386, "marital-status_Divorced": 0.016916780777028035, "education_Some-college": 0.01549100110942525, "age": 0.015331098530664028, "occupation_Adm-clerical": 0.014725943390437535, "workclass_Local-gov": 0.014008829783780005}}}