{"instance_id": 7884, "quadrant": "TP", "true_label": 1, "prediction": 1, "prediction_correct": true, "metrics": {"cost": 1112.178398994729, "sparsity": 0.09259259259259259, "fidelity": 0.5538217898404114, "faithfulness_gap": 0.3880353419773547, "stability": 0.3598969940347785}, "explanation": {"top_features": ["age: 0.1575", "education-num: 0.0921", "workclass_Private: 0.0808", "hours-per-week: 0.0802", "marital-status_Married-civ-spouse: 0.0751", "workclass_Federal-gov: 0.0711", "education_HS-grad: 0.0663", "sex_Female: 0.0642", "marital-status_Never-married: 0.0434", "occupation_Other-service: 0.0407"], "raw_top": {"age": 0.15745120143865188, "education-num": 0.09206898870645458, "workclass_Private": 0.08082731051998596, "hours-per-week": 0.0802215686508973, "marital-status_Married-civ-spouse": 0.07510832135745818, "workclass_Federal-gov": 0.07113802840523746, "education_HS-grad": 0.06628475416221803, "sex_Female": 0.06421126841704232, "marital-status_Never-married": 0.04341812982828441, "occupation_Other-service": 0.040662248553146714}}}