{"instance_id": 7895, "quadrant": "TN", "true_label": 0, "prediction": 0, "prediction_correct": true, "metrics": {"cost": 1256.328143994324, "sparsity": 0.09259259259259259, "fidelity": 0.6354069637226338, "faithfulness_gap": 0.038444923934916844, "stability": 0.6436892536961306}, "explanation": {"top_features": ["marital-status_Never-married: -0.0429", "age: -0.0344", "hours-per-week: -0.0336", "marital-status_Married-civ-spouse: -0.0323", "race_Amer-Indian-Eskimo: -0.0308", "education_HS-grad: -0.0305", "race_White: 0.0238", "education-num: -0.0086", "relationship_Husband: -0.0073", "occupation_Tech-support: -0.0057"], "raw_top": {"marital-status_Never-married": -0.04289556526104923, "age": -0.03439689090531015, "hours-per-week": -0.03362081888866208, "marital-status_Married-civ-spouse": -0.032310490002846505, "race_Amer-Indian-Eskimo": -0.030816576261392874, "education_HS-grad": -0.030471998932991858, "race_White": 0.023828686714476383, "education-num": -0.008625718676637315, "relationship_Husband": -0.007251188009901984, "occupation_Tech-support": -0.005734574547336676}}}