{"instance_id": 7935, "quadrant": "FN", "true_label": 1, "prediction": 0, "prediction_correct": false, "metrics": {"cost": 1273.3894110424444, "sparsity": 0.09259259259259259, "fidelity": 0.626420781387192, "faithfulness_gap": 0.3917301228543879, "stability": 0.028879146608874466}, "explanation": {"top_features": ["hours-per-week: 0.0461", "marital-status_Married-civ-spouse: 0.0438", "relationship_Husband: 0.0299", "sex_Female: 0.0224", "education_Some-college: 0.0212", "fnlwgt: 0.0204", "marital-status_Never-married: 0.0185", "workclass_Self-emp-not-inc: 0.0091", "occupation_Machine-op-inspct: 0.0090", "education_Assoc-voc: 0.0078"], "raw_top": {"hours-per-week": 0.046050677037011746, "marital-status_Married-civ-spouse": 0.04379335683258857, "relationship_Husband": 0.029892213607128418, "sex_Female": 0.022371466824160444, "education_Some-college": 0.021180857611508192, "fnlwgt": 0.020418604466313918, "marital-status_Never-married": 0.018506618623077706, "workclass_Self-emp-not-inc": 0.009066137819994907, "occupation_Machine-op-inspct": 0.009002810488409693, "education_Assoc-voc": 0.007787043101863172}}}