{"instance_id": 7961, "quadrant": "FN", "true_label": 1, "prediction": 0, "prediction_correct": false, "metrics": {"cost": 1360.6574150035158, "sparsity": 0.09259259259259259, "fidelity": 0.833676109429585, "faithfulness_gap": 0.25180507886525405, "stability": 0.2654666532503913}, "explanation": {"top_features": ["marital-status_Married-civ-spouse: -0.1149", "hours-per-week: 0.1133", "education_Masters: 0.1092", "education-num: -0.1075", "relationship_Not-in-family: 0.0800", "marital-status_Never-married: -0.0744", "education_HS-grad: 0.0605", "sex_Female: 0.0498", "age: 0.0345", "workclass_Self-emp-not-inc: 0.0246"], "raw_top": {"marital-status_Married-civ-spouse": -0.11485337428470559, "hours-per-week": 0.11327478369882377, "education_Masters": 0.10919433797056884, "education-num": -0.10754604636892325, "relationship_Not-in-family": 0.07995989909665165, "marital-status_Never-married": -0.07436258163129159, "education_HS-grad": 0.06049328471910534, "sex_Female": 0.04980352459218657, "age": 0.03454055999559981, "workclass_Self-emp-not-inc": 0.024575071131153148}}}