{"instance_id": 8028, "quadrant": "TN", "true_label": 0, "prediction": 0, "prediction_correct": true, "metrics": {"cost": 1236.3704040180892, "sparsity": 0.09259259259259259, "fidelity": 0.6455315978911209, "faithfulness_gap": 0.04216831518578455, "stability": 0.7393787648163288}, "explanation": {"top_features": ["age: -0.0513", "marital-status_Never-married: -0.0449", "hours-per-week: -0.0420", "marital-status_Married-civ-spouse: -0.0322", "workclass_Local-gov: -0.0301", "sex_Female: -0.0195", "workclass_Private: 0.0162", "fnlwgt: 0.0099", "education-num: -0.0043", "relationship_Husband: -0.0041"], "raw_top": {"age": -0.051336012040235676, "marital-status_Never-married": -0.044879515716203945, "hours-per-week": -0.041972848531434785, "marital-status_Married-civ-spouse": -0.032152238383715, "workclass_Local-gov": -0.030146008062713576, "sex_Female": -0.019460751583539646, "workclass_Private": 0.01615030591314459, "fnlwgt": 0.00990948112510584, "education-num": -0.004348113261935876, "relationship_Husband": -0.004061722430546432}}}