{"instance_id": 8038, "quadrant": "TP", "true_label": 1, "prediction": 1, "prediction_correct": true, "metrics": {"cost": 1100.9668959886767, "sparsity": 0.09259259259259259, "fidelity": 0.9945971197051816, "faithfulness_gap": 0.9872345776317346, "stability": 0.9908714541272629}, "explanation": {"top_features": ["capital-gain: 0.8846", "occupation_Farming-fishing: -0.0531", "marital-status_Never-married: -0.0427", "age: -0.0364", "hours-per-week: 0.0313", "education_HS-grad: 0.0279", "education-num: 0.0259", "marital-status_Married-civ-spouse: -0.0243", "relationship_Own-child: -0.0085", "fnlwgt: -0.0071"], "raw_top": {"capital-gain": 0.8845780824146662, "occupation_Farming-fishing": -0.05307459474707016, "marital-status_Never-married": -0.042712165185624214, "age": -0.036350980193739064, "hours-per-week": 0.03132193592188544, "education_HS-grad": 0.027859697559645312, "education-num": 0.025915954659729717, "marital-status_Married-civ-spouse": -0.024271006734123447, "relationship_Own-child": -0.008547465378202945, "fnlwgt": -0.007116061860040795}}}