{"instance_id": 8103, "quadrant": "TP", "true_label": 1, "prediction": 1, "prediction_correct": true, "metrics": {"cost": 977.7194790076464, "sparsity": 0.09259259259259259, "fidelity": 0.6034934827012021, "faithfulness_gap": 0.04336318533296035, "stability": 0.19208108236073518}, "explanation": {"top_features": ["workclass_Self-emp-inc: -0.1117", "education-num: 0.0893", "marital-status_Married-civ-spouse: 0.0814", "education_HS-grad: 0.0781", "sex_Female: 0.0641", "age: 0.0579", "hours-per-week: 0.0577", "workclass_Private: 0.0553", "marital-status_Never-married: 0.0380", "relationship_Husband: 0.0182"], "raw_top": {"workclass_Self-emp-inc": -0.11173074546412282, "education-num": 0.08932018711806702, "marital-status_Married-civ-spouse": 0.0814167059699827, "education_HS-grad": 0.07811889956312117, "sex_Female": 0.0641279737516904, "age": 0.057917256501496886, "hours-per-week": 0.057676564188128505, "workclass_Private": 0.05534790217021412, "marital-status_Never-married": 0.03803201712528731, "relationship_Husband": 0.01824048281966918}}}