{"instance_id": 8131, "quadrant": "TP", "true_label": 1, "prediction": 1, "prediction_correct": true, "metrics": {"cost": 1219.9629159877077, "sparsity": 0.09259259259259259, "fidelity": 0.7349806121852771, "faithfulness_gap": 0.6132064389222976, "stability": 0.15462940667492045}, "explanation": {"top_features": ["marital-status_Married-civ-spouse: 0.1141", "workclass_Private: 0.0699", "age: 0.0652", "marital-status_Never-married: 0.0453", "education_HS-grad: 0.0392", "sex_Female: 0.0283", "occupation_Other-service: 0.0174", "workclass_Self-emp-not-inc: 0.0158", "occupation_Transport-moving: 0.0111", "education-num: 0.0101"], "raw_top": {"marital-status_Married-civ-spouse": 0.11407558802128448, "workclass_Private": 0.06987128866607294, "age": 0.06524968226387391, "marital-status_Never-married": 0.04525312583939029, "education_HS-grad": 0.039157347809066906, "sex_Female": 0.028310939091662816, "occupation_Other-service": 0.017372945501151, "workclass_Self-emp-not-inc": 0.015770212307568907, "occupation_Transport-moving": 0.01106185633606721, "education-num": 0.010117562325679423}}}