{"instance_id": 8181, "quadrant": "FP", "true_label": 0, "prediction": 1, "prediction_correct": false, "metrics": {"cost": 948.4329620026983, "sparsity": 0.09259259259259259, "fidelity": 0.5513570464216645, "faithfulness_gap": 0.586043617124349, "stability": 0.14577831388701262}, "explanation": {"top_features": ["workclass_Private: 0.0952", "age: 0.0714", "marital-status_Married-civ-spouse: 0.0577", "sex_Female: 0.0392", "marital-status_Never-married: 0.0308", "education_HS-grad: 0.0268", "education_Some-college: 0.0211", "occupation_Exec-managerial: 0.0199", "relationship_Unmarried: 0.0166", "workclass_Self-emp-not-inc: 0.0152"], "raw_top": {"workclass_Private": 0.09518939374926616, "age": 0.07141788755881048, "marital-status_Married-civ-spouse": 0.057708749183705915, "sex_Female": 0.03915906443722337, "marital-status_Never-married": 0.03080616154953474, "education_HS-grad": 0.026832209885313492, "education_Some-college": 0.021070088107351274, "occupation_Exec-managerial": 0.019946043848759847, "relationship_Unmarried": 0.016561950054664654, "workclass_Self-emp-not-inc": 0.015197112895590352}}}