{"instance_id": 8288, "quadrant": "TP", "true_label": 1, "prediction": 1, "prediction_correct": true, "metrics": {"cost": 883.724550018087, "sparsity": 0.09259259259259259, "fidelity": 0.5486037563983397, "faithfulness_gap": 0.6532208883248751, "stability": 0.38100219133684177}, "explanation": {"top_features": ["education-num: 0.1154", "capital-loss: 0.1042", "education_HS-grad: 0.0803", "marital-status_Married-civ-spouse: 0.0594", "sex_Female: 0.0543", "marital-status_Never-married: 0.0483", "hours-per-week: 0.0246", "relationship_Not-in-family: 0.0238", "marital-status_Divorced: 0.0226", "occupation_Machine-op-inspct: 0.0154"], "raw_top": {"education-num": 0.11540360498882514, "capital-loss": 0.10415692101210965, "education_HS-grad": 0.08031066169292965, "marital-status_Married-civ-spouse": 0.05939144487887725, "sex_Female": 0.05425643398458504, "marital-status_Never-married": 0.04827923550699961, "hours-per-week": 0.024636569613323965, "relationship_Not-in-family": 0.023773720338984096, "marital-status_Divorced": 0.022602943055726705, "occupation_Machine-op-inspct": 0.015386517650308407}}}