{"instance_id": 8298, "quadrant": "FN", "true_label": 1, "prediction": 0, "prediction_correct": false, "metrics": {"cost": 1474.4406839599833, "sparsity": 0.09259259259259259, "fidelity": 0.6199293984039411, "faithfulness_gap": 0.14061419586793125, "stability": 0.06128666154802065}, "explanation": {"top_features": ["marital-status_Married-civ-spouse: 0.0722", "occupation_Sales: -0.0589", "capital-gain: -0.0556", "age: 0.0501", "education_Some-college: -0.0358", "sex_Female: 0.0292", "marital-status_Never-married: 0.0260", "occupation_Exec-managerial: -0.0229", "education_HS-grad: 0.0229", "education-num: -0.0224"], "raw_top": {"marital-status_Married-civ-spouse": 0.07218188885901401, "occupation_Sales": -0.058904626082604654, "capital-gain": -0.055612149677052324, "age": 0.05006191552383324, "education_Some-college": -0.03582767378899615, "sex_Female": 0.02919177926705634, "marital-status_Never-married": 0.025988688904976773, "occupation_Exec-managerial": -0.022912656596392512, "education_HS-grad": 0.022884023067781607, "education-num": -0.02235794779893252}}}