{"instance_id": 831, "quadrant": "FP", "true_label": 0, "prediction": 1, "prediction_correct": false, "metrics": {"cost": 994.3552439799532, "sparsity": 0.09259259259259259, "fidelity": 0.6486822469672416, "faithfulness_gap": 0.9978427671786169, "stability": 0.46969262078745383}, "explanation": {"top_features": ["fnlwgt: 0.1582", "race_White: 0.1369", "education-num: 0.0832", "workclass_Private: 0.0815", "relationship_Wife: 0.0778", "hours-per-week: 0.0763", "marital-status_Married-civ-spouse: 0.0707", "marital-status_Never-married: 0.0431", "occupation_Sales: 0.0349", "education_HS-grad: 0.0339"], "raw_top": {"fnlwgt": 0.1581587545438133, "race_White": 0.136878458911343, "education-num": 0.08320507990682931, "workclass_Private": 0.08148727768678933, "relationship_Wife": 0.07776156055727114, "hours-per-week": 0.076317200556478, "marital-status_Married-civ-spouse": 0.07071215776028436, "marital-status_Never-married": 0.04311595028984936, "occupation_Sales": 0.03492832667274033, "education_HS-grad": 0.03385137692891094}}}