{"instance_id": 8358, "quadrant": "TP", "true_label": 1, "prediction": 1, "prediction_correct": true, "metrics": {"cost": 1078.3640319714323, "sparsity": 0.09259259259259259, "fidelity": 0.7558723464443724, "faithfulness_gap": 0.8196565958084525, "stability": 0.20287709720510533}, "explanation": {"top_features": ["marital-status_Married-civ-spouse: 0.1091", "education_HS-grad: 0.1031", "age: 0.0880", "education-num: 0.0840", "sex_Female: 0.0746", "hours-per-week: 0.0711", "native-country_United-States: 0.0561", "occupation_Other-service: 0.0384", "marital-status_Never-married: 0.0381", "occupation_Machine-op-inspct: 0.0186"], "raw_top": {"marital-status_Married-civ-spouse": 0.10906220231191811, "education_HS-grad": 0.1030949332307142, "age": 0.08796053777418786, "education-num": 0.08397648007282763, "sex_Female": 0.07462940900353952, "hours-per-week": 0.07107257577909257, "native-country_United-States": 0.05605484786946917, "occupation_Other-service": 0.038394842248905714, "marital-status_Never-married": 0.038105159119884865, "occupation_Machine-op-inspct": 0.01857332976282766}}}