{"instance_id": 8428, "quadrant": "TP", "true_label": 1, "prediction": 1, "prediction_correct": true, "metrics": {"cost": 1150.4356900113635, "sparsity": 0.09259259259259259, "fidelity": 0.8913801417149678, "faithfulness_gap": 0.3420996490122242, "stability": 0.4138737757546405}, "explanation": {"top_features": ["education_Masters: 0.1376", "hours-per-week: 0.1166", "occupation_Exec-managerial: 0.0963", "marital-status_Married-civ-spouse: 0.0852", "age: 0.0759", "marital-status_Never-married: 0.0603", "education_HS-grad: 0.0585", "workclass_Private: 0.0423", "sex_Female: 0.0232", "relationship_Husband: 0.0192"], "raw_top": {"education_Masters": 0.13760653263771394, "hours-per-week": 0.11659778326720252, "occupation_Exec-managerial": 0.09628952164114168, "marital-status_Married-civ-spouse": 0.08521612313752054, "age": 0.0759027735205765, "marital-status_Never-married": 0.06029595827830631, "education_HS-grad": 0.058451995788333384, "workclass_Private": 0.04226173338224485, "sex_Female": 0.02316424087308111, "relationship_Husband": 0.019197847443081808}}}