{"instance_id": 843, "quadrant": "TN", "true_label": 0, "prediction": 0, "prediction_correct": true, "metrics": {"cost": 1170.5134700168855, "sparsity": 0.09259259259259259, "fidelity": 0.4428446723414485, "faithfulness_gap": 4.438460721115131e-05, "stability": 0.6495753329792523}, "explanation": {"top_features": ["occupation_Other-service: -0.0416", "age: -0.0405", "marital-status_Never-married: -0.0382", "race_White: 0.0343", "marital-status_Married-civ-spouse: -0.0317", "education_11th: -0.0295", "race_Other: -0.0291", "education-num: -0.0162", "workclass_Private: -0.0055", "relationship_Husband: -0.0042"], "raw_top": {"occupation_Other-service": -0.041597938063563565, "age": -0.04045786957882557, "marital-status_Never-married": -0.03817613638674674, "race_White": 0.03425669383159819, "marital-status_Married-civ-spouse": -0.03174743392809077, "education_11th": -0.029473520171174335, "race_Other": -0.0290866898229996, "education-num": -0.016249495300475657, "workclass_Private": -0.005517158533752084, "relationship_Husband": -0.004247916193248741}}}