{"instance_id": 848, "quadrant": "FP", "true_label": 0, "prediction": 1, "prediction_correct": false, "metrics": {"cost": 873.8471260294318, "sparsity": 0.09259259259259259, "fidelity": 0.773571137898984, "faithfulness_gap": 0.7372967687565675, "stability": 0.12730018777168767}, "explanation": {"top_features": ["education-num: 0.1437", "marital-status_Married-civ-spouse: 0.1143", "hours-per-week: 0.1000", "occupation_Tech-support: 0.0691", "marital-status_Never-married: 0.0452", "education_HS-grad: 0.0388", "relationship_Husband: 0.0105", "occupation_Prof-specialty: 0.0103", "education_9th: 0.0053", "occupation_Other-service: 0.0049"], "raw_top": {"education-num": 0.14371814813083045, "marital-status_Married-civ-spouse": 0.11434152055377812, "hours-per-week": 0.09997817512757394, "occupation_Tech-support": 0.06911811042372819, "marital-status_Never-married": 0.045245174990857305, "education_HS-grad": 0.038784003726489095, "relationship_Husband": 0.010494875636359223, "occupation_Prof-specialty": 0.010266615386053779, "education_9th": 0.00533294342440882, "occupation_Other-service": 0.004861317744514825}}}