{"instance_id": 8506, "quadrant": "FN", "true_label": 1, "prediction": 0, "prediction_correct": false, "metrics": {"cost": 1212.6181510393508, "sparsity": 0.09259259259259259, "fidelity": 0.7433939559964292, "faithfulness_gap": 0.3928176723367172, "stability": 0.19004134010824403}, "explanation": {"top_features": ["education_HS-grad: -0.1488", "capital-loss: 0.1309", "education_Some-college: 0.0499", "marital-status_Married-civ-spouse: 0.0411", "marital-status_Never-married: 0.0381", "sex_Female: 0.0375", "relationship_Husband: 0.0229", "workclass_Local-gov: 0.0147", "occupation_Adm-clerical: 0.0111", "occupation_Craft-repair: 0.0111"], "raw_top": {"education_HS-grad": -0.14883937037889405, "capital-loss": 0.13085865659512658, "education_Some-college": 0.049870236708508556, "marital-status_Married-civ-spouse": 0.041112891933345816, "marital-status_Never-married": 0.03812865648069451, "sex_Female": 0.03754495236309796, "relationship_Husband": 0.022918646451853316, "workclass_Local-gov": 0.014738555027964383, "occupation_Adm-clerical": 0.011113034629268694, "occupation_Craft-repair": 0.011052065195613997}}}