{"instance_id": 8521, "quadrant": "FN", "true_label": 1, "prediction": 0, "prediction_correct": false, "metrics": {"cost": 1481.8130600033328, "sparsity": 0.09259259259259259, "fidelity": 0.7968610461512808, "faithfulness_gap": 0.26341761900700184, "stability": 0.26469989133935223}, "explanation": {"top_features": ["marital-status_Never-married: -0.2151", "marital-status_Married-civ-spouse: -0.1281", "education_Masters: 0.1161", "race_White: 0.1061", "relationship_Not-in-family: 0.0765", "occupation_Exec-managerial: 0.0543", "education_HS-grad: 0.0482", "education-num: 0.0467", "sex_Male: 0.0398", "education_Some-college: 0.0143"], "raw_top": {"marital-status_Never-married": -0.21513375225175005, "marital-status_Married-civ-spouse": -0.12809433037381335, "education_Masters": 0.11614683321460552, "race_White": 0.1060823080677357, "relationship_Not-in-family": 0.07647826822602032, "occupation_Exec-managerial": 0.05426364758871083, "education_HS-grad": 0.0482023840700262, "education-num": 0.04665708476388332, "sex_Male": 0.039754370457694234, "education_Some-college": 0.01426549039959979}}}