{"instance_id": 8544, "quadrant": "TN", "true_label": 0, "prediction": 0, "prediction_correct": true, "metrics": {"cost": 1591.357605997473, "sparsity": 0.09259259259259259, "fidelity": 0.47349694381920054, "faithfulness_gap": 0.005762619234676554, "stability": 0.103915370406305}, "explanation": {"top_features": ["marital-status_Married-civ-spouse: -0.0497", "sex_Female: -0.0424", "marital-status_Divorced: -0.0331", "age: 0.0247", "education_HS-grad: -0.0242", "occupation_Adm-clerical: -0.0221", "relationship_Husband: -0.0198", "education-num: -0.0161", "occupation_Tech-support: -0.0076", "workclass_Private: -0.0061"], "raw_top": {"marital-status_Married-civ-spouse": -0.04967471062072463, "sex_Female": -0.04240614999261205, "marital-status_Divorced": -0.03308150374687474, "age": 0.0246979517108995, "education_HS-grad": -0.02416619316736806, "occupation_Adm-clerical": -0.02208586058709527, "relationship_Husband": -0.019766992033307305, "education-num": -0.01609928909375141, "occupation_Tech-support": -0.0076344220551167645, "workclass_Private": -0.006111438338636674}}}