{"instance_id": 8583, "quadrant": "FP", "true_label": 0, "prediction": 1, "prediction_correct": false, "metrics": {"cost": 1055.2352029480971, "sparsity": 0.09259259259259259, "fidelity": 0.7887557875775231, "faithfulness_gap": 0.07864707589292141, "stability": 0.2618284591288446}, "explanation": {"top_features": ["education_10th: -0.2114", "workclass_Private: 0.1094", "workclass_Self-emp-inc: -0.1048", "fnlwgt: 0.0995", "age: 0.0979", "occupation_Exec-managerial: 0.0954", "marital-status_Married-civ-spouse: 0.0793", "sex_Female: 0.0708", "education_Some-college: 0.0475", "marital-status_Never-married: 0.0431"], "raw_top": {"education_10th": -0.2114135077178872, "workclass_Private": 0.10941549704238548, "workclass_Self-emp-inc": -0.10482956021657447, "fnlwgt": 0.09954377999319683, "age": 0.09790239452925613, "occupation_Exec-managerial": 0.09538042997575856, "marital-status_Married-civ-spouse": 0.07928557165854679, "sex_Female": 0.07077662449963937, "education_Some-college": 0.04750546780576847, "marital-status_Never-married": 0.04313996187402543}}}