{"instance_id": 879, "quadrant": "FN", "true_label": 1, "prediction": 0, "prediction_correct": false, "metrics": {"cost": 1194.7484909906052, "sparsity": 0.09259259259259259, "fidelity": 0.7854878464860842, "faithfulness_gap": 0.18732112951836763, "stability": 0.10636323154316775}, "explanation": {"top_features": ["occupation_Transport-moving: -0.1098", "education_HS-grad: -0.1073", "hours-per-week: 0.0745", "relationship_Husband: 0.0596", "marital-status_Married-civ-spouse: 0.0438", "education_Some-college: 0.0420", "age: 0.0387", "marital-status_Never-married: 0.0342", "sex_Female: 0.0288", "occupation_Craft-repair: 0.0246"], "raw_top": {"occupation_Transport-moving": -0.10984901129174279, "education_HS-grad": -0.10734795594472706, "hours-per-week": 0.07453351333646419, "relationship_Husband": 0.05955922662234104, "marital-status_Married-civ-spouse": 0.04384490017256146, "education_Some-college": 0.04204720455063387, "age": 0.03871026884386976, "marital-status_Never-married": 0.03418955720914353, "sex_Female": 0.028840815889710325, "occupation_Craft-repair": 0.024641308667304025}}}