{"instance_id": 8847, "quadrant": "FP", "true_label": 0, "prediction": 1, "prediction_correct": false, "metrics": {"cost": 1035.8925469918177, "sparsity": 0.09259259259259259, "fidelity": 0.6046060664765585, "faithfulness_gap": 0.41870356796495317, "stability": 0.14965392659816948}, "explanation": {"top_features": ["marital-status_Married-civ-spouse: 0.0917", "workclass_Private: 0.0882", "hours-per-week: 0.0763", "education_HS-grad: 0.0658", "relationship_Husband: 0.0645", "sex_Female: 0.0478", "relationship_Unmarried: 0.0457", "marital-status_Never-married: 0.0435", "workclass_Self-emp-not-inc: 0.0412", "age: 0.0371"], "raw_top": {"marital-status_Married-civ-spouse": 0.09173420983345136, "workclass_Private": 0.08824394223414372, "hours-per-week": 0.07632388840144064, "education_HS-grad": 0.06577785736970967, "relationship_Husband": 0.06452409441468716, "sex_Female": 0.047755207389121535, "relationship_Unmarried": 0.0457232719646233, "marital-status_Never-married": 0.0434726210260835, "workclass_Self-emp-not-inc": 0.041235734792250824, "age": 0.037139264920621806}}}