{"instance_id": 8955, "quadrant": "TP", "true_label": 1, "prediction": 1, "prediction_correct": true, "metrics": {"cost": 1157.1511559886858, "sparsity": 0.09259259259259259, "fidelity": 0.7436354638121263, "faithfulness_gap": 0.4867762316431863, "stability": 0.04446692290206932}, "explanation": {"top_features": ["marital-status_Married-civ-spouse: 0.0961", "age: 0.0723", "marital-status_Never-married: 0.0359", "sex_Female: 0.0344", "education_HS-grad: 0.0175", "sex_Male: 0.0120", "workclass_Local-gov: 0.0113", "workclass_Self-emp-not-inc: 0.0112", "occupation_Craft-repair: 0.0108", "fnlwgt: 0.0098"], "raw_top": {"marital-status_Married-civ-spouse": 0.09606188481200129, "age": 0.07232248602251565, "marital-status_Never-married": 0.035858898285823705, "sex_Female": 0.034354359414481145, "education_HS-grad": 0.017538736938702646, "sex_Male": 0.01196705440662486, "workclass_Local-gov": 0.011279408619374025, "workclass_Self-emp-not-inc": 0.011206934899082893, "occupation_Craft-repair": 0.010829909489493729, "fnlwgt": 0.00980592642052125}}}