{"instance_id": 8974, "quadrant": "TN", "true_label": 0, "prediction": 0, "prediction_correct": true, "metrics": {"cost": 1572.8351860307157, "sparsity": 0.09259259259259259, "fidelity": 0.79855899279879, "faithfulness_gap": 0.20951612316618037, "stability": 0.26159096072665877}, "explanation": {"top_features": ["age: -0.1046", "marital-status_Married-civ-spouse: -0.0544", "marital-status_Never-married: -0.0466", "occupation_Craft-repair: -0.0424", "hours-per-week: 0.0393", "education_Assoc-voc: -0.0283", "education_HS-grad: 0.0236", "education_Some-college: 0.0221", "workclass_Private: -0.0183", "sex_Female: 0.0182"], "raw_top": {"age": -0.10456457904788223, "marital-status_Married-civ-spouse": -0.054438965450247186, "marital-status_Never-married": -0.04660453380141594, "occupation_Craft-repair": -0.04239941465599854, "hours-per-week": 0.03931072558889577, "education_Assoc-voc": -0.02829910658038202, "education_HS-grad": 0.02361912610157955, "education_Some-college": 0.022066451431397398, "workclass_Private": -0.018309913434080526, "sex_Female": 0.018236290162308377}}}