{"instance_id": 9015, "quadrant": "FP", "true_label": 0, "prediction": 1, "prediction_correct": false, "metrics": {"cost": 1300.7899390067905, "sparsity": 0.09259259259259259, "fidelity": 0.7524140618323301, "faithfulness_gap": 0.4456789659409004, "stability": 0.12707959094064433}, "explanation": {"top_features": ["age: 0.1091", "hours-per-week: 0.0671", "marital-status_Married-civ-spouse: 0.0492", "education_Some-college: 0.0389", "relationship_Husband: 0.0196", "occupation_Other-service: 0.0164", "sex_Female: 0.0154", "occupation_Sales: 0.0116", "marital-status_Never-married: 0.0115", "education_Bachelors: 0.0102"], "raw_top": {"age": 0.10905734138184082, "hours-per-week": 0.06712280915141709, "marital-status_Married-civ-spouse": 0.04922273532780721, "education_Some-college": 0.03890338830615587, "relationship_Husband": 0.019553445198385762, "occupation_Other-service": 0.016443984274107124, "sex_Female": 0.015362604198491621, "occupation_Sales": 0.011633310045193359, "marital-status_Never-married": 0.01153020369453791, "education_Bachelors": 0.010188452603015485}}}