{"instance_id": 902, "quadrant": "FP", "true_label": 0, "prediction": 1, "prediction_correct": false, "metrics": {"cost": 1049.8151709907688, "sparsity": 0.09259259259259259, "fidelity": 0.5814512666289364, "faithfulness_gap": 0.7112710404835056, "stability": 0.13893019582483962}, "explanation": {"top_features": ["age: 0.1045", "hours-per-week: 0.0936", "education_HS-grad: 0.0855", "sex_Female: 0.0658", "marital-status_Married-civ-spouse: 0.0457", "education-num: 0.0402", "education_Some-college: 0.0339", "fnlwgt: 0.0301", "workclass_Local-gov: 0.0283", "relationship_Not-in-family: 0.0246"], "raw_top": {"age": 0.10448785644831467, "hours-per-week": 0.09359109084827003, "education_HS-grad": 0.08549394659081222, "sex_Female": 0.06578410722959552, "marital-status_Married-civ-spouse": 0.04571547409996279, "education-num": 0.04020794418862748, "education_Some-college": 0.03394752887278839, "fnlwgt": 0.030094196717470552, "workclass_Local-gov": 0.028335411207545402, "relationship_Not-in-family": 0.02460519695599117}}}