{"instance_id": 9032, "quadrant": "TN", "true_label": 0, "prediction": 0, "prediction_correct": true, "metrics": {"cost": 1068.5215190169401, "sparsity": 0.09259259259259259, "fidelity": 0.7020588015021392, "faithfulness_gap": 0.002552944352506633, "stability": 0.7616582884259246}, "explanation": {"top_features": ["marital-status_Never-married: -0.0451", "occupation_Other-service: -0.0335", "age: -0.0321", "relationship_Unmarried: -0.0239", "education_HS-grad: -0.0237", "marital-status_Married-civ-spouse: -0.0230", "fnlwgt: -0.0105", "education-num: -0.0065", "relationship_Husband: -0.0026", "workclass_Private: -0.0015"], "raw_top": {"marital-status_Never-married": -0.04511971934084563, "occupation_Other-service": -0.03348192131765732, "age": -0.03207203257490286, "relationship_Unmarried": -0.023908726337059472, "education_HS-grad": -0.023686380128021853, "marital-status_Married-civ-spouse": -0.022960802119200124, "fnlwgt": -0.010468651336858984, "education-num": -0.0064976411525800425, "relationship_Husband": -0.0026242401663896272, "workclass_Private": -0.0014770072475994156}}}