{"instance_id": 907, "quadrant": "TP", "true_label": 1, "prediction": 1, "prediction_correct": true, "metrics": {"cost": 711.00196801126, "sparsity": 0.09259259259259259, "fidelity": 0.5738219787988441, "faithfulness_gap": 0.29829861625266874, "stability": 0.3308488750163599}, "explanation": {"top_features": ["education_Masters: 0.1295", "capital-loss: 0.1118", "marital-status_Never-married: 0.0790", "hours-per-week: 0.0788", "sex_Female: 0.0772", "marital-status_Married-civ-spouse: 0.0749", "education_HS-grad: 0.0740", "occupation_Exec-managerial: 0.0610", "occupation_Other-service: 0.0540", "age: 0.0464"], "raw_top": {"education_Masters": 0.12951478601420266, "capital-loss": 0.11184175666183126, "marital-status_Never-married": 0.07897987090854282, "hours-per-week": 0.0787866937065027, "sex_Female": 0.07719486194657438, "marital-status_Married-civ-spouse": 0.07487925887351655, "education_HS-grad": 0.0740265513767966, "occupation_Exec-managerial": 0.06097734055169995, "occupation_Other-service": 0.05396525804303465, "age": 0.04638224375436659}}}