{"instance_id": 9140, "quadrant": "FP", "true_label": 0, "prediction": 1, "prediction_correct": false, "metrics": {"cost": 1020.5204620142467, "sparsity": 0.09259259259259259, "fidelity": 0.6441180093214723, "faithfulness_gap": 0.5476659518320194, "stability": 0.17634563624939248}, "explanation": {"top_features": ["workclass_Private: 0.0881", "age: 0.0822", "education-num: 0.0523", "marital-status_Married-civ-spouse: 0.0474", "relationship_Husband: 0.0404", "education_Some-college: 0.0353", "sex_Female: 0.0314", "marital-status_Never-married: 0.0212", "occupation_Other-service: 0.0209", "relationship_Not-in-family: 0.0151"], "raw_top": {"workclass_Private": 0.08811138836421759, "age": 0.08216339695187136, "education-num": 0.05233942304000357, "marital-status_Married-civ-spouse": 0.04744076978400607, "relationship_Husband": 0.040413475732072775, "education_Some-college": 0.035289585701448724, "sex_Female": 0.03136668128494249, "marital-status_Never-married": 0.021237188734630003, "occupation_Other-service": 0.02091592443348541, "relationship_Not-in-family": 0.015141468247884926}}}