{"instance_id": 9341, "quadrant": "FN", "true_label": 1, "prediction": 0, "prediction_correct": false, "metrics": {"cost": 942.8442600183189, "sparsity": 0.09259259259259259, "fidelity": 0.8277240043046206, "faithfulness_gap": 0.5966934951227314, "stability": 0.1037745157996503}, "explanation": {"top_features": ["workclass_Self-emp-not-inc: -0.1279", "occupation_Craft-repair: -0.0690", "education_HS-grad: -0.0659", "hours-per-week: 0.0515", "workclass_Private: 0.0470", "marital-status_Married-civ-spouse: 0.0431", "education_Some-college: 0.0273", "education-num: -0.0259", "sex_Female: 0.0210", "occupation_Other-service: 0.0179"], "raw_top": {"workclass_Self-emp-not-inc": -0.1278994322544053, "occupation_Craft-repair": -0.06899088668250225, "education_HS-grad": -0.06587460158056933, "hours-per-week": 0.05151695094654096, "workclass_Private": 0.04698230673430253, "marital-status_Married-civ-spouse": 0.04312751499911715, "education_Some-college": 0.027341826988943784, "education-num": -0.025939710836456784, "sex_Female": 0.02100524725258339, "occupation_Other-service": 0.017884020351532928}}}