{"instance_id": 9411, "quadrant": "FP", "true_label": 0, "prediction": 1, "prediction_correct": false, "metrics": {"cost": 973.892125999555, "sparsity": 0.09259259259259259, "fidelity": 0.7611992681570905, "faithfulness_gap": 0.5637899837241902, "stability": 0.12522847566413442}, "explanation": {"top_features": ["education-num: 0.1367", "marital-status_Married-civ-spouse: 0.0711", "education_HS-grad: 0.0439", "marital-status_Never-married: 0.0314", "sex_Female: 0.0248", "relationship_Husband: 0.0193", "hours-per-week: 0.0182", "occupation_Sales: 0.0147", "occupation_Other-service: 0.0135", "workclass_Self-emp-inc: 0.0088"], "raw_top": {"education-num": 0.13673613345241656, "marital-status_Married-civ-spouse": 0.07112971887041307, "education_HS-grad": 0.043910738163015904, "marital-status_Never-married": 0.03142309899075526, "sex_Female": 0.024773372025231125, "relationship_Husband": 0.019272475287957554, "hours-per-week": 0.018176807242293053, "occupation_Sales": 0.014732341782619519, "occupation_Other-service": 0.013454537735572484, "workclass_Self-emp-inc": 0.008783856509979815}}}