{"instance_id": 9573, "quadrant": "TN", "true_label": 0, "prediction": 0, "prediction_correct": true, "metrics": {"cost": 1254.9883039901033, "sparsity": 0.09259259259259259, "fidelity": 0.7239643565019467, "faithfulness_gap": 0.036360654029846236, "stability": 0.4651451839726308}, "explanation": {"top_features": ["hours-per-week: -0.0566", "marital-status_Married-civ-spouse: -0.0340", "sex_Female: -0.0308", "education_HS-grad: -0.0217", "marital-status_Divorced: -0.0172", "occupation_Adm-clerical: -0.0132", "workclass_Private: -0.0119", "education-num: -0.0097", "relationship_Husband: -0.0063", "occupation_Tech-support: -0.0007"], "raw_top": {"hours-per-week": -0.0566484576416893, "marital-status_Married-civ-spouse": -0.03401462756154067, "sex_Female": -0.030789893300827834, "education_HS-grad": -0.02171991179177441, "marital-status_Divorced": -0.017241951912717744, "occupation_Adm-clerical": -0.013152187653129876, "workclass_Private": -0.011857042438046528, "education-num": -0.009703795486807859, "relationship_Husband": -0.006274053484732874, "occupation_Tech-support": -0.0007204782401194765}}}