{"instance_id": 9623, "quadrant": "FN", "true_label": 1, "prediction": 0, "prediction_correct": false, "metrics": {"cost": 1052.922319038771, "sparsity": 0.09259259259259259, "fidelity": 0.6905171683176807, "faithfulness_gap": 0.015234581630556632, "stability": 0.1339623247407929}, "explanation": {"top_features": ["education_HS-grad: -0.1082", "marital-status_Married-civ-spouse: 0.0617", "age: 0.0510", "occupation_Craft-repair: -0.0462", "education_Some-college: 0.0350", "marital-status_Never-married: 0.0221", "sex_Female: 0.0215", "relationship_Husband: 0.0189", "occupation_Other-service: 0.0170", "education_Bachelors: 0.0147"], "raw_top": {"education_HS-grad": -0.1081584126057849, "marital-status_Married-civ-spouse": 0.061656216364559924, "age": 0.05103332444184702, "occupation_Craft-repair": -0.04617211124157683, "education_Some-college": 0.035031492840424415, "marital-status_Never-married": 0.022106038544361457, "sex_Female": 0.021456503883924456, "relationship_Husband": 0.018881372810695747, "occupation_Other-service": 0.017016004381953196, "education_Bachelors": 0.014675017894801311}}}