{"instance_id": 9662, "quadrant": "TP", "true_label": 1, "prediction": 1, "prediction_correct": true, "metrics": {"cost": 1436.3104130025022, "sparsity": 0.09259259259259259, "fidelity": 0.8016571173341668, "faithfulness_gap": 0.7659646870493291, "stability": 0.3413793986745564}, "explanation": {"top_features": ["capital-loss: 0.2164", "education_HS-grad: 0.1117", "age: 0.0956", "marital-status_Never-married: 0.0792", "education-num: 0.0642", "hours-per-week: 0.0596", "marital-status_Married-civ-spouse: 0.0548", "occupation_Transport-moving: 0.0364", "sex_Female: 0.0357", "occupation_Other-service: 0.0351"], "raw_top": {"capital-loss": 0.21643717573639226, "education_HS-grad": 0.11174015524633832, "age": 0.09563675028411525, "marital-status_Never-married": 0.07921573412734115, "education-num": 0.06420730149853526, "hours-per-week": 0.059578490629464104, "marital-status_Married-civ-spouse": 0.054811360600829494, "occupation_Transport-moving": 0.03636251387660819, "sex_Female": 0.03566756975019336, "occupation_Other-service": 0.0351429218217272}}}