{"instance_id": 9678, "quadrant": "TN", "true_label": 0, "prediction": 0, "prediction_correct": true, "metrics": {"cost": 1165.8794329850934, "sparsity": 0.09259259259259259, "fidelity": 0.6703394030998067, "faithfulness_gap": 0.1174808826796713, "stability": 0.40935600502192204}, "explanation": {"top_features": ["occupation_Other-service: -0.0679", "hours-per-week: -0.0425", "sex_Female: -0.0400", "marital-status_Married-civ-spouse: -0.0333", "age: 0.0203", "education_Assoc-voc: -0.0201", "education_HS-grad: 0.0195", "relationship_Unmarried: -0.0184", "marital-status_Divorced: -0.0132", "workclass_Private: -0.0067"], "raw_top": {"occupation_Other-service": -0.06788370301177575, "hours-per-week": -0.04250468058569598, "sex_Female": -0.04001276871656634, "marital-status_Married-civ-spouse": -0.03325355972961015, "age": 0.020313916859933397, "education_Assoc-voc": -0.02006954412358257, "education_HS-grad": 0.019548983823862637, "relationship_Unmarried": -0.018400221336851232, "marital-status_Divorced": -0.0132191578013298, "workclass_Private": -0.006740452660287235}}}