{"instance_id": 9697, "quadrant": "FP", "true_label": 0, "prediction": 1, "prediction_correct": false, "metrics": {"cost": 1409.3684459803626, "sparsity": 0.09259259259259259, "fidelity": 0.6023618177884547, "faithfulness_gap": 0.5700512520921943, "stability": 0.06834121044120409}, "explanation": {"top_features": ["hours-per-week: 0.0951", "age: 0.0644", "education_HS-grad: 0.0582", "education_Some-college: 0.0515", "sex_Female: 0.0398", "workclass_Self-emp-not-inc: 0.0161", "occupation_Sales: 0.0158", "education-num: 0.0149", "occupation_Other-service: 0.0127", "workclass_nan: 0.0093"], "raw_top": {"hours-per-week": 0.09508314999839315, "age": 0.06440112038925602, "education_HS-grad": 0.05819372109689612, "education_Some-college": 0.051494313250321326, "sex_Female": 0.03982462062733868, "workclass_Self-emp-not-inc": 0.01610206902400058, "occupation_Sales": 0.015755291361883198, "education-num": 0.014914788550738765, "occupation_Other-service": 0.012722890289439301, "workclass_nan": 0.009326676139647438}}}