{"instance_id": 1022, "quadrant": "FN", "true_label": 1, "prediction": 0, "prediction_correct": false, "metrics": {"cost": 16972.086988040246, "sparsity": 0.09259259259259259, "fidelity": 0.4954883469396137, "faithfulness_gap": 0.06931276478961955, "stability": 0.8992567278220589}, "explanation": {"top_features": ["marital-status_Married-civ-spouse: -0.0380", "relationship_Husband: -0.0218", "education-num: -0.0194", "capital-gain: -0.0177", "occupation_Transport-moving: -0.0133", "capital-loss: -0.0112", "education_HS-grad: 0.0110", "age: -0.0040", "sex_Male: -0.0035", "sex_Female: -0.0026"], "raw_top": {"marital-status_Married-civ-spouse": -0.03799155446896649, "relationship_Husband": -0.021774217413239042, "education-num": -0.01944309358911152, "capital-gain": -0.017665731210057854, "occupation_Transport-moving": -0.013347076407314033, "capital-loss": -0.011162976575485314, "education_HS-grad": 0.010981806359596544, "age": -0.004026838005943538, "sex_Male": -0.003463309213974864, "sex_Female": -0.002585290184806785}}}