{"instance_id": 1071, "quadrant": "FN", "true_label": 1, "prediction": 0, "prediction_correct": false, "metrics": {"cost": 17263.97949398961, "sparsity": 0.09259259259259259, "fidelity": 0.9525846671305889, "faithfulness_gap": 0.2490813425185227, "stability": 0.9362128846682782}, "explanation": {"top_features": ["education-num: 0.1749", "marital-status_Married-civ-spouse: 0.0740", "hours-per-week: -0.0447", "relationship_Husband: 0.0381", "occupation_nan: -0.0317", "workclass_nan: -0.0317", "capital-gain: -0.0313", "capital-loss: -0.0184", "marital-status_Never-married: 0.0134", "education_Masters: -0.0073"], "raw_top": {"education-num": 0.1748797836804575, "marital-status_Married-civ-spouse": 0.07398706632741837, "hours-per-week": -0.04467790002354129, "relationship_Husband": 0.03807323197610659, "occupation_nan": -0.03169317537816553, "workclass_nan": -0.03169158152931609, "capital-gain": -0.03133265683087548, "capital-loss": -0.018440524170876823, "marital-status_Never-married": 0.01337770727016957, "education_Masters": -0.007291387190397097}}}