{"instance_id": 1096, "quadrant": "FP", "true_label": 0, "prediction": 1, "prediction_correct": false, "metrics": {"cost": 17624.13986597676, "sparsity": 0.09259259259259259, "fidelity": 0.9800917152291955, "faithfulness_gap": 0.3863540055475857, "stability": 0.9426308112212209}, "explanation": {"top_features": ["occupation_Prof-specialty: 0.1871", "education-num: 0.1605", "marital-status_Married-civ-spouse: 0.0850", "age: -0.0549", "native-country_United-States: -0.0507", "relationship_Husband: 0.0495", "native-country_Mexico: -0.0471", "capital-gain: -0.0273", "education_Bachelors: 0.0245", "marital-status_Never-married: 0.0126"], "raw_top": {"occupation_Prof-specialty": 0.18706093164466542, "education-num": 0.16051668195731253, "marital-status_Married-civ-spouse": 0.08496692936593049, "age": -0.05490582595982319, "native-country_United-States": -0.050661861128210695, "relationship_Husband": 0.04954886638093871, "native-country_Mexico": -0.04714511809031657, "capital-gain": -0.027313636559295133, "education_Bachelors": 0.024510368622326587, "marital-status_Never-married": 0.012552993077163233}}}