{"instance_id": 1361, "quadrant": "FN", "true_label": 1, "prediction": 0, "prediction_correct": false, "metrics": {"cost": 16766.99377602199, "sparsity": 0.09259259259259259, "fidelity": 0.7887986522580578, "faithfulness_gap": 0.07107493023327234, "stability": 0.7866002246242082}, "explanation": {"top_features": ["occupation_Handlers-cleaners: -0.0511", "education-num: -0.0319", "capital-gain: -0.0250", "marital-status_Married-civ-spouse: 0.0230", "capital-loss: -0.0217", "relationship_Husband: 0.0203", "age: -0.0111", "hours-per-week: 0.0087", "fnlwgt: -0.0029", "education_Bachelors: -0.0022"], "raw_top": {"occupation_Handlers-cleaners": -0.05111884209938853, "education-num": -0.03185043891913671, "capital-gain": -0.02496943489406455, "marital-status_Married-civ-spouse": 0.022966843921977533, "capital-loss": -0.021652618702123448, "relationship_Husband": 0.020274860395772514, "age": -0.01112353321843395, "hours-per-week": 0.008705731119830801, "fnlwgt": -0.0028598735672719505, "education_Bachelors": -0.002173577104798941}}}