{"instance_id": 1472, "quadrant": "TN", "true_label": 0, "prediction": 0, "prediction_correct": true, "metrics": {"cost": 17137.09525100421, "sparsity": 0.09259259259259259, "fidelity": 0.8990363490477806, "faithfulness_gap": 0.23004519214330696, "stability": 0.978415753915454}, "explanation": {"top_features": ["capital-gain: 0.3446", "marital-status_Married-civ-spouse: -0.0781", "education-num: 0.0613", "relationship_Unmarried: -0.0551", "marital-status_Divorced: -0.0358", "relationship_Husband: -0.0311", "race_White: -0.0283", "race_Black: -0.0254", "age: -0.0222", "education_Assoc-acdm: -0.0183"], "raw_top": {"capital-gain": 0.344559717793449, "marital-status_Married-civ-spouse": -0.07811541737865596, "education-num": 0.061340423951598194, "relationship_Unmarried": -0.05511298132247966, "marital-status_Divorced": -0.03578038216361099, "relationship_Husband": -0.03114392820065151, "race_White": -0.02829513665517959, "race_Black": -0.025417370402880335, "age": -0.02221945096740204, "education_Assoc-acdm": -0.018285468967037397}}}