{"instance_id": 1581, "quadrant": "FP", "true_label": 0, "prediction": 1, "prediction_correct": false, "metrics": {"cost": 17199.58229199983, "sparsity": 0.09259259259259259, "fidelity": 0.9855039677207567, "faithfulness_gap": 0.7526874816844477, "stability": 0.9809339056347224}, "explanation": {"top_features": ["occupation_Exec-managerial: 0.2052", "education-num: 0.1988", "marital-status_Married-civ-spouse: 0.1046", "relationship_Husband: 0.0578", "age: 0.0497", "hours-per-week: 0.0356", "education_HS-grad: 0.0138", "marital-status_Never-married: 0.0123", "relationship_Own-child: 0.0050", "relationship_Not-in-family: 0.0038"], "raw_top": {"occupation_Exec-managerial": 0.20523237403539882, "education-num": 0.1988260670139357, "marital-status_Married-civ-spouse": 0.10456030319414258, "relationship_Husband": 0.05780793926029641, "age": 0.04967766321883889, "hours-per-week": 0.035564739429745945, "education_HS-grad": 0.013836800728614129, "marital-status_Never-married": 0.012287987668384905, "relationship_Own-child": 0.005017341198024891, "relationship_Not-in-family": 0.0037706341957780554}}}