{"instance_id": 1642, "quadrant": "TP", "true_label": 1, "prediction": 1, "prediction_correct": true, "metrics": {"cost": 45914.84667203622, "sparsity": 0.09259259259259259, "fidelity": 0.9839729539857089, "faithfulness_gap": 0.7197199571184966, "stability": 0.97607772875571}, "explanation": {"top_features": ["occupation_Exec-managerial: 0.2079", "education-num: 0.1830", "marital-status_Married-civ-spouse: 0.0920", "hours-per-week: 0.0634", "relationship_Husband: 0.0628", "fnlwgt: -0.0405", "education_Bachelors: 0.0309", "marital-status_Never-married: 0.0119", "education_HS-grad: 0.0089", "relationship_Not-in-family: 0.0046"], "raw_top": {"occupation_Exec-managerial": 0.20790494104006643, "education-num": 0.18300428810304106, "marital-status_Married-civ-spouse": 0.09195005970045211, "hours-per-week": 0.06343744007090299, "relationship_Husband": 0.0627883793655577, "fnlwgt": -0.0404517642306921, "education_Bachelors": 0.03088490387354433, "marital-status_Never-married": 0.011918692962328973, "education_HS-grad": 0.008854207224731275, "relationship_Not-in-family": 0.004607070008572189}}}