{"instance_id": 1700, "quadrant": "FN", "true_label": 1, "prediction": 0, "prediction_correct": false, "metrics": {"cost": 17142.44486298412, "sparsity": 0.09259259259259259, "fidelity": 0.8427675227210638, "faithfulness_gap": 0.04668638173421194, "stability": 0.732099925460977}, "explanation": {"top_features": ["workclass_Self-emp-not-inc: -0.0397", "marital-status_Married-civ-spouse: 0.0359", "capital-gain: -0.0312", "capital-loss: -0.0249", "education-num: -0.0192", "hours-per-week: 0.0191", "age: 0.0184", "fnlwgt: -0.0184", "occupation_Craft-repair: -0.0133", "workclass_Private: -0.0093"], "raw_top": {"workclass_Self-emp-not-inc": -0.03966930916233342, "marital-status_Married-civ-spouse": 0.035909160062159155, "capital-gain": -0.031221585857983472, "capital-loss": -0.024889071069612974, "education-num": -0.019182554481630837, "hours-per-week": 0.019117719253446394, "age": 0.018412309612939666, "fnlwgt": -0.018405845976111907, "occupation_Craft-repair": -0.013258999806432364, "workclass_Private": -0.009268272428119437}}}