{"instance_id": 1702, "quadrant": "FP", "true_label": 0, "prediction": 1, "prediction_correct": false, "metrics": {"cost": 17063.35129501531, "sparsity": 0.09259259259259259, "fidelity": 0.9625941062909303, "faithfulness_gap": 0.5119479619373545, "stability": 0.9344121349358442}, "explanation": {"top_features": ["education-num: 0.1603", "capital-loss: 0.1318", "marital-status_Married-civ-spouse: 0.1154", "relationship_Husband: 0.0587", "occupation_Craft-repair: -0.0558", "fnlwgt: -0.0556", "age: 0.0500", "workclass_Federal-gov: 0.0425", "workclass_Private: -0.0370", "marital-status_Never-married: 0.0149"], "raw_top": {"education-num": 0.16032257172097616, "capital-loss": 0.1317693258438748, "marital-status_Married-civ-spouse": 0.11539020596337292, "relationship_Husband": 0.05869183833004407, "occupation_Craft-repair": -0.055818006616630673, "fnlwgt": -0.05560598535097924, "age": 0.050034899585472664, "workclass_Federal-gov": 0.04245538408221422, "workclass_Private": -0.036960273601777505, "marital-status_Never-married": 0.014914216623875494}}}