{"instance_id": 1773, "quadrant": "TN", "true_label": 0, "prediction": 0, "prediction_correct": true, "metrics": {"cost": 17246.4418450254, "sparsity": 0.09259259259259259, "fidelity": 0.7149565270122552, "faithfulness_gap": 0.035060599793620015, "stability": 0.9560223271481249}, "explanation": {"top_features": ["age: -0.0518", "marital-status_Married-civ-spouse: -0.0340", "relationship_Husband: -0.0201", "capital-gain: -0.0149", "capital-loss: -0.0124", "marital-status_Never-married: -0.0107", "relationship_Own-child: -0.0103", "race_White: -0.0096", "education-num: -0.0096", "workclass_Private: -0.0092"], "raw_top": {"age": -0.05182696817077262, "marital-status_Married-civ-spouse": -0.03396057935432149, "relationship_Husband": -0.020088097396937364, "capital-gain": -0.014905861542208685, "capital-loss": -0.012381731467841398, "marital-status_Never-married": -0.010681225559963106, "relationship_Own-child": -0.010349219816067883, "race_White": -0.009592522786575514, "education-num": -0.009574077676001713, "workclass_Private": -0.009204144142922034}}}