{"instance_id": 1783, "quadrant": "FP", "true_label": 0, "prediction": 1, "prediction_correct": false, "metrics": {"cost": 16767.28676399216, "sparsity": 0.09259259259259259, "fidelity": 0.9459366949828927, "faithfulness_gap": 0.30284109844857426, "stability": 0.9370542333589196}, "explanation": {"top_features": ["education-num: 0.1514", "age: -0.0881", "marital-status_Married-civ-spouse: 0.0790", "occupation_Protective-serv: 0.0692", "fnlwgt: 0.0648", "relationship_Husband: 0.0421", "race_Black: -0.0388", "education_Bachelors: 0.0305", "capital-gain: -0.0268", "race_White: -0.0255"], "raw_top": {"education-num": 0.15140244018044643, "age": -0.08809804426052409, "marital-status_Married-civ-spouse": 0.0789691776544992, "occupation_Protective-serv": 0.06919247527536612, "fnlwgt": 0.06481569451526448, "relationship_Husband": 0.04206859210236766, "race_Black": -0.038771559640247956, "education_Bachelors": 0.030476751358469813, "capital-gain": -0.02677005108465643, "race_White": -0.02549251713141193}}}