{"instance_id": 1797, "quadrant": "TN", "true_label": 0, "prediction": 0, "prediction_correct": true, "metrics": {"cost": 16576.203002012335, "sparsity": 0.09259259259259259, "fidelity": 0.9034699633953172, "faithfulness_gap": 0.04431136515791846, "stability": 0.9758770729664207}, "explanation": {"top_features": ["capital-gain: 0.1413", "age: -0.1256", "occupation_Tech-support: 0.0652", "marital-status_Married-civ-spouse: -0.0595", "relationship_Husband: -0.0321", "marital-status_Never-married: -0.0254", "education-num: -0.0217", "hours-per-week: -0.0071", "fnlwgt: 0.0066", "capital-loss: -0.0054"], "raw_top": {"capital-gain": 0.14134432556208218, "age": -0.12556415272895718, "occupation_Tech-support": 0.06516502378205402, "marital-status_Married-civ-spouse": -0.05954129246133783, "relationship_Husband": -0.03206477481899035, "marital-status_Never-married": -0.02540752023880569, "education-num": -0.021689798905781904, "hours-per-week": -0.007050940316224278, "fnlwgt": 0.00656442049070087, "capital-loss": -0.005370220448792919}}}