{"instance_id": 1956, "quadrant": "TN", "true_label": 0, "prediction": 0, "prediction_correct": true, "metrics": {"cost": 17425.80936802551, "sparsity": 0.09259259259259259, "fidelity": 0.730439792278468, "faithfulness_gap": 0.049533297091562074, "stability": 0.9549382227480432}, "explanation": {"top_features": ["age: -0.0559", "occupation_Tech-support: 0.0451", "marital-status_Married-civ-spouse: -0.0446", "relationship_Husband: -0.0235", "education-num: -0.0216", "capital-gain: -0.0154", "workclass_Private: -0.0152", "marital-status_Never-married: -0.0139", "capital-loss: -0.0094", "hours-per-week: -0.0069"], "raw_top": {"age": -0.05587634222734632, "occupation_Tech-support": 0.04509185198192744, "marital-status_Married-civ-spouse": -0.044598928896125975, "relationship_Husband": -0.023478361751355772, "education-num": -0.02162970671696364, "capital-gain": -0.015431014415007617, "workclass_Private": -0.01522013427991817, "marital-status_Never-married": -0.013885334173893734, "capital-loss": -0.009437645105464127, "hours-per-week": -0.006894842671109513}}}