{"instance_id": 2072, "quadrant": "FP", "true_label": 0, "prediction": 1, "prediction_correct": false, "metrics": {"cost": 17639.66820097994, "sparsity": 0.09259259259259259, "fidelity": 0.976972649268757, "faithfulness_gap": 0.7273438722786684, "stability": 0.9756977968252667}, "explanation": {"top_features": ["education-num: 0.2714", "occupation_Prof-specialty: 0.1136", "marital-status_Married-civ-spouse: 0.1082", "relationship_Husband: 0.0586", "hours-per-week: 0.0307", "age: 0.0263", "marital-status_Never-married: 0.0149", "education_HS-grad: 0.0105", "relationship_Own-child: 0.0062", "relationship_Not-in-family: 0.0053"], "raw_top": {"education-num": 0.271398306374089, "occupation_Prof-specialty": 0.11357437963684537, "marital-status_Married-civ-spouse": 0.1081870682720368, "relationship_Husband": 0.05856493667480818, "hours-per-week": 0.030666725354861347, "age": 0.02625224509580192, "marital-status_Never-married": 0.01486164711402479, "education_HS-grad": 0.010531717177972346, "relationship_Own-child": 0.006214938506242601, "relationship_Not-in-family": 0.005262529172991748}}}