{"instance_id": 2146, "quadrant": "TP", "true_label": 1, "prediction": 1, "prediction_correct": true, "metrics": {"cost": 42122.1313069982, "sparsity": 0.09259259259259259, "fidelity": 0.9853312829321788, "faithfulness_gap": 0.7482716774737734, "stability": 0.9618954682575169}, "explanation": {"top_features": ["occupation_Exec-managerial: 0.1867", "education-num: 0.1827", "marital-status_Married-civ-spouse: 0.1019", "relationship_Husband: 0.0670", "hours-per-week: 0.0564", "workclass_Self-emp-inc: 0.0289", "marital-status_Never-married: 0.0193", "education_HS-grad: 0.0178", "age: 0.0113", "relationship_Not-in-family: 0.0049"], "raw_top": {"occupation_Exec-managerial": 0.18674415344193893, "education-num": 0.18272762263187245, "marital-status_Married-civ-spouse": 0.10192687064431881, "relationship_Husband": 0.06704340957178458, "hours-per-week": 0.056448725027195217, "workclass_Self-emp-inc": 0.028904641946310865, "marital-status_Never-married": 0.019343995125175244, "education_HS-grad": 0.01783970317967182, "age": 0.011306028009117786, "relationship_Not-in-family": 0.004903602130150286}}}