{"instance_id": 2276, "quadrant": "FP", "true_label": 0, "prediction": 1, "prediction_correct": false, "metrics": {"cost": 16641.03623700794, "sparsity": 0.09259259259259259, "fidelity": 0.9849270585438965, "faithfulness_gap": 0.3212755478812881, "stability": 0.951171457174854}, "explanation": {"top_features": ["capital-gain: 0.2239", "marital-status_Married-civ-spouse: 0.0553", "education-num: -0.0542", "hours-per-week: 0.0411", "relationship_Husband: 0.0338", "occupation_Craft-repair: -0.0162", "capital-loss: -0.0154", "marital-status_Never-married: 0.0122", "education_HS-grad: -0.0110", "education_Bachelors: -0.0073"], "raw_top": {"capital-gain": 0.22393440035878742, "marital-status_Married-civ-spouse": 0.055270352243242137, "education-num": -0.054215996351365064, "hours-per-week": 0.04108498778547023, "relationship_Husband": 0.03375470673676545, "occupation_Craft-repair": -0.016203851131581824, "capital-loss": -0.015377341612727177, "marital-status_Never-married": 0.012235663755254141, "education_HS-grad": -0.011023740779033168, "education_Bachelors": -0.0072922955119995025}}}