{"instance_id": 2391, "quadrant": "FP", "true_label": 0, "prediction": 1, "prediction_correct": false, "metrics": {"cost": 17402.924263034947, "sparsity": 0.09259259259259259, "fidelity": 0.9837826294112575, "faithfulness_gap": 0.7438734822074478, "stability": 0.9761445037810991}, "explanation": {"top_features": ["occupation_Exec-managerial: 0.2106", "education-num: 0.1720", "marital-status_Married-civ-spouse: 0.1098", "relationship_Husband: 0.0666", "hours-per-week: 0.0479", "age: 0.0366", "education_HS-grad: 0.0195", "education_Bachelors: 0.0176", "marital-status_Never-married: 0.0153", "relationship_Not-in-family: 0.0077"], "raw_top": {"occupation_Exec-managerial": 0.21063324138643683, "education-num": 0.1719816069191359, "marital-status_Married-civ-spouse": 0.10980741820215353, "relationship_Husband": 0.06658583772263275, "hours-per-week": 0.04789392107575468, "age": 0.036599092078350624, "education_HS-grad": 0.019502645569164374, "education_Bachelors": 0.017609379725029913, "marital-status_Never-married": 0.015293806810980108, "relationship_Not-in-family": 0.0077067787591980075}}}