{"instance_id": 2496, "quadrant": "FN", "true_label": 1, "prediction": 0, "prediction_correct": false, "metrics": {"cost": 17173.37493703235, "sparsity": 0.09259259259259259, "fidelity": 0.729370242941256, "faithfulness_gap": 0.08008818575619363, "stability": 0.8202758969796495}, "explanation": {"top_features": ["marital-status_Married-civ-spouse: -0.0527", "capital-gain: -0.0191", "marital-status_Divorced: -0.0186", "relationship_Husband: -0.0182", "native-country_Cuba: 0.0176", "native-country_United-States: -0.0128", "capital-loss: -0.0088", "relationship_Not-in-family: -0.0084", "education_Assoc-voc: -0.0049", "hours-per-week: -0.0031"], "raw_top": {"marital-status_Married-civ-spouse": -0.05267589345536661, "capital-gain": -0.01913026118919818, "marital-status_Divorced": -0.018566148612523155, "relationship_Husband": -0.018249445713903006, "native-country_Cuba": 0.017573717299598307, "native-country_United-States": -0.012800073428023332, "capital-loss": -0.00882694142954197, "relationship_Not-in-family": -0.008433204271147417, "education_Assoc-voc": -0.004891018592621785, "hours-per-week": -0.0031295668935332585}}}