{"instance_id": 2535, "quadrant": "TP", "true_label": 1, "prediction": 1, "prediction_correct": true, "metrics": {"cost": 59356.30025700084, "sparsity": 0.09259259259259259, "fidelity": 0.9571275282375581, "faithfulness_gap": 0.7977719774437391, "stability": 0.9975036912815165}, "explanation": {"top_features": ["capital-gain: 0.4964", "education-num: 0.1238", "occupation_Prof-specialty: 0.0606", "marital-status_Married-civ-spouse: 0.0397", "workclass_Federal-gov: 0.0282", "age: -0.0254", "relationship_Husband: 0.0216", "hours-per-week: 0.0194", "education_Prof-school: 0.0090", "marital-status_Never-married: 0.0061"], "raw_top": {"capital-gain": 0.49638618721786154, "education-num": 0.1238166711184654, "occupation_Prof-specialty": 0.06057441643899502, "marital-status_Married-civ-spouse": 0.03970894523573487, "workclass_Federal-gov": 0.028249512851262527, "age": -0.0254304538518475, "relationship_Husband": 0.021575561418687734, "hours-per-week": 0.019428245432752626, "education_Prof-school": 0.008968744551981286, "marital-status_Never-married": 0.006060001667352043}}}