{"instance_id": 2548, "quadrant": "TP", "true_label": 1, "prediction": 1, "prediction_correct": true, "metrics": {"cost": 40085.35829099128, "sparsity": 0.09259259259259259, "fidelity": 0.9935951153809504, "faithfulness_gap": 0.5774495260595358, "stability": 0.9932344711980882}, "explanation": {"top_features": ["capital-gain: 0.5031", "occupation_Other-service: -0.0721", "marital-status_Married-civ-spouse: 0.0526", "native-country_United-States: -0.0383", "relationship_Husband: 0.0377", "native-country_Greece: -0.0291", "age: 0.0289", "education-num: -0.0262", "marital-status_Never-married: 0.0103", "sex_Female: 0.0086"], "raw_top": {"capital-gain": 0.5030690479977739, "occupation_Other-service": -0.072113897375282, "marital-status_Married-civ-spouse": 0.05256969480614807, "native-country_United-States": -0.03831131430654856, "relationship_Husband": 0.03765598115265987, "native-country_Greece": -0.029139357753689726, "age": 0.02892364305571237, "education-num": -0.0261625911487697, "marital-status_Never-married": 0.010347021687686118, "sex_Female": 0.00863958203460058}}}