{"instance_id": 2562, "quadrant": "TN", "true_label": 0, "prediction": 0, "prediction_correct": true, "metrics": {"cost": 17492.941288976, "sparsity": 0.09259259259259259, "fidelity": 0.6363050187413566, "faithfulness_gap": 0.07606414717317465, "stability": 0.8878687713923691}, "explanation": {"top_features": ["marital-status_Married-civ-spouse: -0.0439", "occupation_Other-service: -0.0284", "relationship_Husband: -0.0178", "capital-gain: -0.0166", "hours-per-week: -0.0164", "capital-loss: -0.0098", "marital-status_Divorced: -0.0083", "education-num: -0.0059", "education_HS-grad: -0.0040", "relationship_Not-in-family: -0.0006"], "raw_top": {"marital-status_Married-civ-spouse": -0.04391903914461562, "occupation_Other-service": -0.028403506185348443, "relationship_Husband": -0.017782154046657832, "capital-gain": -0.016620737693572963, "hours-per-week": -0.01639789467561373, "capital-loss": -0.00976751865810303, "marital-status_Divorced": -0.0083343954718515, "education-num": -0.005910880349411055, "education_HS-grad": -0.004011606162962388, "relationship_Not-in-family": -0.0005874125981825684}}}