{"instance_id": 257, "quadrant": "FN", "true_label": 1, "prediction": 0, "prediction_correct": false, "metrics": {"cost": 17245.187461026944, "sparsity": 0.09259259259259259, "fidelity": 0.9561190818357157, "faithfulness_gap": 0.0844071863772162, "stability": 0.9301896567125053}, "explanation": {"top_features": ["occupation_Tech-support: 0.1367", "education-num: -0.0563", "marital-status_Married-civ-spouse: 0.0502", "age: -0.0369", "capital-gain: -0.0313", "relationship_Husband: 0.0293", "capital-loss: -0.0206", "education_HS-grad: -0.0143", "fnlwgt: 0.0136", "hours-per-week: -0.0096"], "raw_top": {"occupation_Tech-support": 0.13674881025196928, "education-num": -0.05631600461515647, "marital-status_Married-civ-spouse": 0.05021963013244321, "age": -0.03685780983703613, "capital-gain": -0.03126281158449737, "relationship_Husband": 0.029300158350546755, "capital-loss": -0.020628587588824014, "education_HS-grad": -0.014310394288755376, "fnlwgt": 0.01363204134086586, "hours-per-week": -0.009586904915089076}}}