{"instance_id": 2899, "quadrant": "FP", "true_label": 0, "prediction": 1, "prediction_correct": false, "metrics": {"cost": 16773.164477024693, "sparsity": 0.09259259259259259, "fidelity": 0.9754276970091666, "faithfulness_gap": 0.7197760074976817, "stability": 0.9616687373169964}, "explanation": {"top_features": ["education-num: 0.1898", "relationship_Wife: 0.1712", "marital-status_Married-civ-spouse: 0.1017", "occupation_Adm-clerical: 0.0673", "education_Bachelors: 0.0203", "workclass_Local-gov: 0.0186", "fnlwgt: 0.0089", "sex_Female: 0.0083", "workclass_Private: 0.0076", "education_HS-grad: 0.0067"], "raw_top": {"education-num": 0.1897751361648579, "relationship_Wife": 0.17121400258599342, "marital-status_Married-civ-spouse": 0.10166843822358458, "occupation_Adm-clerical": 0.06730274043349208, "education_Bachelors": 0.020251707836459517, "workclass_Local-gov": 0.01859335709890904, "fnlwgt": 0.008935872860263537, "sex_Female": 0.008259710962394484, "workclass_Private": 0.007628786547914112, "education_HS-grad": 0.006652292931253911}}}