{"instance_id": 2957, "quadrant": "TP", "true_label": 1, "prediction": 1, "prediction_correct": true, "metrics": {"cost": 70784.60685699247, "sparsity": 0.09259259259259259, "fidelity": 0.9168725016156978, "faithfulness_gap": 0.5478145459910934, "stability": 0.9937642712889702}, "explanation": {"top_features": ["capital-gain: 0.4448", "hours-per-week: -0.1960", "education-num: 0.1426", "marital-status_Married-civ-spouse: 0.0471", "relationship_Husband: 0.0212", "education_Masters: -0.0146", "workclass_Private: -0.0134", "age: 0.0086", "fnlwgt: 0.0071", "relationship_Own-child: 0.0044"], "raw_top": {"capital-gain": 0.4447931980011134, "hours-per-week": -0.1960431979471063, "education-num": 0.1425663981851929, "marital-status_Married-civ-spouse": 0.04705610401513301, "relationship_Husband": 0.021197743968348465, "education_Masters": -0.014635904443116209, "workclass_Private": -0.01338032429767997, "age": 0.008645008021768588, "fnlwgt": 0.00711583607262441, "relationship_Own-child": 0.004354864442271955}}}