{"instance_id": 3003, "quadrant": "TN", "true_label": 0, "prediction": 0, "prediction_correct": true, "metrics": {"cost": 16804.29489800008, "sparsity": 0.09259259259259259, "fidelity": 0.8327427094663062, "faithfulness_gap": 0.015307033128825226, "stability": 0.7973599012437516}, "explanation": {"top_features": ["education-num: -0.0533", "capital-gain: -0.0281", "race_Asian-Pac-Islander: 0.0276", "marital-status_Married-civ-spouse: 0.0252", "capital-loss: -0.0232", "relationship_Husband: 0.0184", "occupation_Craft-repair: -0.0148", "education_Bachelors: -0.0092", "education_HS-grad: -0.0092", "race_White: -0.0074"], "raw_top": {"education-num": -0.053328344804152536, "capital-gain": -0.028128946709122, "race_Asian-Pac-Islander": 0.02759628422459065, "marital-status_Married-civ-spouse": 0.025159128674851112, "capital-loss": -0.02322065545920781, "relationship_Husband": 0.018361308454388416, "occupation_Craft-repair": -0.0148330180612542, "education_Bachelors": -0.009234846653528223, "education_HS-grad": -0.009180709762894401, "race_White": -0.007391424429858533}}}