{"instance_id": 303, "quadrant": "TP", "true_label": 1, "prediction": 1, "prediction_correct": true, "metrics": {"cost": 34288.46997200162, "sparsity": 0.09259259259259259, "fidelity": 0.9850941996198777, "faithfulness_gap": 0.5439713285469022, "stability": 0.9711911254545846}, "explanation": {"top_features": ["capital-loss: 0.2621", "marital-status_Married-civ-spouse: 0.1017", "occupation_Protective-serv: 0.0599", "education-num: -0.0516", "relationship_Husband: 0.0477", "capital-gain: -0.0174", "workclass_Local-gov: -0.0171", "age: 0.0146", "marital-status_Never-married: 0.0099", "relationship_Own-child: 0.0092"], "raw_top": {"capital-loss": 0.26210871463202545, "marital-status_Married-civ-spouse": 0.10169049223174478, "occupation_Protective-serv": 0.059946158400155804, "education-num": -0.05162954674644291, "relationship_Husband": 0.04767363277691276, "capital-gain": -0.017449067657082644, "workclass_Local-gov": -0.01705983012984158, "age": 0.014632441718147711, "marital-status_Never-married": 0.009871398817682397, "relationship_Own-child": 0.009183695265233827}}}