{"instance_id": 3183, "quadrant": "TP", "true_label": 1, "prediction": 1, "prediction_correct": true, "metrics": {"cost": 40422.065020015, "sparsity": 0.09259259259259259, "fidelity": 0.9810384715989569, "faithfulness_gap": 0.7007338642714717, "stability": 0.9711541072859814}, "explanation": {"top_features": ["education-num: 0.2135", "occupation_Sales: 0.1249", "marital-status_Married-civ-spouse: 0.0929", "relationship_Husband: 0.0685", "education_Bachelors: 0.0492", "hours-per-week: 0.0290", "age: 0.0271", "marital-status_Never-married: 0.0171", "education_HS-grad: 0.0133", "relationship_Own-child: 0.0058"], "raw_top": {"education-num": 0.2134650462244297, "occupation_Sales": 0.1248677243751399, "marital-status_Married-civ-spouse": 0.092891838275817, "relationship_Husband": 0.06845821448227261, "education_Bachelors": 0.049241454047561625, "hours-per-week": 0.029001432105561862, "age": 0.027140559303274577, "marital-status_Never-married": 0.017129500880039325, "education_HS-grad": 0.013315773528224668, "relationship_Own-child": 0.005757859505069685}}}