{"instance_id": 3199, "quadrant": "FP", "true_label": 0, "prediction": 1, "prediction_correct": false, "metrics": {"cost": 16971.85998299392, "sparsity": 0.09259259259259259, "fidelity": 0.9610962310580543, "faithfulness_gap": 0.41523394898438054, "stability": 0.9951303234811346}, "explanation": {"top_features": ["capital-loss: 0.4397", "occupation_Farming-fishing: -0.0709", "age: -0.0600", "marital-status_Married-civ-spouse: 0.0600", "native-country_United-States: -0.0461", "education-num: -0.0343", "workclass_Private: -0.0292", "relationship_Husband: 0.0279", "native-country_Vietnam: -0.0237", "fnlwgt: 0.0185"], "raw_top": {"capital-loss": 0.4397491659665611, "occupation_Farming-fishing": -0.0709436164347092, "age": -0.060047731805393904, "marital-status_Married-civ-spouse": 0.05999804464326674, "native-country_United-States": -0.04608174052701886, "education-num": -0.03434525917718552, "workclass_Private": -0.02919108489023251, "relationship_Husband": 0.027911406334809864, "native-country_Vietnam": -0.023662006087684834, "fnlwgt": 0.018476562183113}}}