{"instance_id": 3215, "quadrant": "FN", "true_label": 1, "prediction": 0, "prediction_correct": false, "metrics": {"cost": 16503.069400961976, "sparsity": 0.09259259259259259, "fidelity": 0.9455496284537168, "faithfulness_gap": 0.21685573468830371, "stability": 0.920800452360909}, "explanation": {"top_features": ["occupation_Tech-support: 0.1403", "education-num: -0.0568", "marital-status_Married-civ-spouse: 0.0564", "age: 0.0382", "relationship_Husband: 0.0333", "capital-gain: -0.0289", "race_White: -0.0286", "education_HS-grad: -0.0253", "capital-loss: -0.0215", "race_Black: -0.0154"], "raw_top": {"occupation_Tech-support": 0.14025055753619312, "education-num": -0.056768924063074586, "marital-status_Married-civ-spouse": 0.05639961279258799, "age": 0.038166883545142784, "relationship_Husband": 0.03327257552484546, "capital-gain": -0.02888248581226045, "race_White": -0.028564821485775233, "education_HS-grad": -0.025337674266666103, "capital-loss": -0.021538077485744957, "race_Black": -0.01542852615851309}}}