{"instance_id": 3328, "quadrant": "TP", "true_label": 1, "prediction": 1, "prediction_correct": true, "metrics": {"cost": 39106.34298797231, "sparsity": 0.09259259259259259, "fidelity": 0.9971856099786095, "faithfulness_gap": 0.736236728640659, "stability": 0.9958245149962455}, "explanation": {"top_features": ["capital-gain: 0.5571", "marital-status_Married-civ-spouse: 0.0567", "occupation_Transport-moving: -0.0379", "relationship_Husband: 0.0375", "age: 0.0353", "education-num: -0.0240", "marital-status_Never-married: 0.0127", "fnlwgt: -0.0124", "sex_Female: 0.0087", "sex_Male: 0.0078"], "raw_top": {"capital-gain": 0.5570536581071791, "marital-status_Married-civ-spouse": 0.05670568301786713, "occupation_Transport-moving": -0.03791242488055454, "relationship_Husband": 0.03750753585004796, "age": 0.03531167217761769, "education-num": -0.02400628472869507, "marital-status_Never-married": 0.012690054621452566, "fnlwgt": -0.012448741966563759, "sex_Female": 0.008673642409409812, "sex_Male": 0.007797211073864768}}}