{"instance_id": 3344, "quadrant": "TP", "true_label": 1, "prediction": 1, "prediction_correct": true, "metrics": {"cost": 41826.86062500579, "sparsity": 0.09259259259259259, "fidelity": 0.9688431374483772, "faithfulness_gap": 0.6724243718264074, "stability": 0.9670660344796389}, "explanation": {"top_features": ["occupation_Exec-managerial: 0.2006", "education-num: 0.1706", "marital-status_Married-civ-spouse: 0.0996", "relationship_Husband: 0.0701", "age: 0.0287", "marital-status_Never-married: 0.0201", "education_HS-grad: 0.0170", "relationship_Own-child: 0.0064", "relationship_Not-in-family: 0.0050", "sex_Female: 0.0024"], "raw_top": {"occupation_Exec-managerial": 0.20057952912567548, "education-num": 0.170603281224461, "marital-status_Married-civ-spouse": 0.09964189747174568, "relationship_Husband": 0.07010207668024869, "age": 0.0287418443367693, "marital-status_Never-married": 0.020144358974081542, "education_HS-grad": 0.016975773604757775, "relationship_Own-child": 0.006418295875985759, "relationship_Not-in-family": 0.004961080166636782, "sex_Female": 0.0023725648891028683}}}