{"instance_id": 3363, "quadrant": "TP", "true_label": 1, "prediction": 1, "prediction_correct": true, "metrics": {"cost": 53561.24071899103, "sparsity": 0.09259259259259259, "fidelity": 0.9933440382184668, "faithfulness_gap": 0.6096287446185568, "stability": 0.9770791582896904}, "explanation": {"top_features": ["capital-loss: 0.2930", "age: -0.0933", "marital-status_Married-civ-spouse: 0.0823", "hours-per-week: 0.0770", "fnlwgt: 0.0612", "relationship_Husband: 0.0518", "education-num: -0.0451", "race_White: 0.0242", "education_HS-grad: 0.0200", "marital-status_Never-married: 0.0138"], "raw_top": {"capital-loss": 0.2930422746075773, "age": -0.09333538128665575, "marital-status_Married-civ-spouse": 0.08232927995119685, "hours-per-week": 0.07703373076311759, "fnlwgt": 0.06121410641410977, "relationship_Husband": 0.051840508158361866, "education-num": -0.04512597808515728, "race_White": 0.024194934532014878, "education_HS-grad": 0.019953025856598305, "marital-status_Never-married": 0.013835430012055195}}}