{"instance_id": 3523, "quadrant": "TN", "true_label": 0, "prediction": 0, "prediction_correct": true, "metrics": {"cost": 17016.017337038647, "sparsity": 0.09259259259259259, "fidelity": 0.7923393861568663, "faithfulness_gap": 0.14947105803483335, "stability": 0.8647687914087328}, "explanation": {"top_features": ["occupation_Other-service: -0.0451", "hours-per-week: -0.0327", "capital-loss: -0.0218", "capital-gain: -0.0172", "race_Amer-Indian-Eskimo: -0.0170", "education-num: -0.0122", "workclass_Private: -0.0058", "age: -0.0051", "education_Bachelors: -0.0019", "race_White: -0.0017"], "raw_top": {"occupation_Other-service": -0.04507455041798912, "hours-per-week": -0.03266852698221323, "capital-loss": -0.021825013921600262, "capital-gain": -0.01716928999937626, "race_Amer-Indian-Eskimo": -0.017023427218273303, "education-num": -0.012230842330690222, "workclass_Private": -0.005823361693311252, "age": -0.005084313416894158, "education_Bachelors": -0.0018915404529020229, "race_White": -0.001712900186889743}}}