{"instance_id": 3596, "quadrant": "FN", "true_label": 1, "prediction": 0, "prediction_correct": false, "metrics": {"cost": 16974.326997005846, "sparsity": 0.09259259259259259, "fidelity": 0.8830997228948443, "faithfulness_gap": 0.07268316957472123, "stability": 0.9724615191922708}, "explanation": {"top_features": ["education-num: 0.1208", "marital-status_Married-civ-spouse: -0.0604", "marital-status_Never-married: -0.0559", "occupation_Prof-specialty: 0.0507", "hours-per-week: -0.0414", "education_Prof-school: 0.0347", "relationship_Husband: -0.0344", "capital-gain: -0.0169", "relationship_Not-in-family: -0.0153", "capital-loss: -0.0144"], "raw_top": {"education-num": 0.12083364220352284, "marital-status_Married-civ-spouse": -0.0604143604653555, "marital-status_Never-married": -0.05588770420359123, "occupation_Prof-specialty": 0.05072899170620955, "hours-per-week": -0.0413930553912707, "education_Prof-school": 0.03470535053114584, "relationship_Husband": -0.03437630872933068, "capital-gain": -0.01691902922278344, "relationship_Not-in-family": -0.015311182237317002, "capital-loss": -0.014420220930912747}}}