{"instance_id": 3670, "quadrant": "TN", "true_label": 0, "prediction": 0, "prediction_correct": true, "metrics": {"cost": 17383.772942994256, "sparsity": 0.09259259259259259, "fidelity": 0.897389477214444, "faithfulness_gap": 0.08798897992940055, "stability": 0.874982714166603}, "explanation": {"top_features": ["education-num: -0.0814", "occupation_Transport-moving: -0.0383", "marital-status_Married-civ-spouse: 0.0297", "capital-gain: -0.0284", "relationship_Husband: 0.0155", "capital-loss: -0.0153", "age: 0.0100", "marital-status_Never-married: 0.0053", "education_HS-grad: 0.0051", "education_11th: 0.0049"], "raw_top": {"education-num": -0.08138196969111088, "occupation_Transport-moving": -0.03830361748883221, "marital-status_Married-civ-spouse": 0.029730319573124032, "capital-gain": -0.028400403695909605, "relationship_Husband": 0.015466708482282624, "capital-loss": -0.01531448567777331, "age": 0.009988982988205858, "marital-status_Never-married": 0.005337635122034612, "education_HS-grad": 0.005126176238313288, "education_11th": 0.0048761122422476405}}}