{"instance_id": 390, "quadrant": "TP", "true_label": 1, "prediction": 1, "prediction_correct": true, "metrics": {"cost": 50648.02228999906, "sparsity": 0.09259259259259259, "fidelity": 0.9623762430949562, "faithfulness_gap": 0.624455653037691, "stability": 0.9571335760705527}, "explanation": {"top_features": ["relationship_Wife: 0.1781", "education-num: 0.1701", "occupation_Tech-support: 0.1057", "hours-per-week: -0.1018", "marital-status_Married-civ-spouse: 0.1005", "age: 0.0308", "education_Bachelors: 0.0248", "education_HS-grad: 0.0076", "sex_Male: 0.0076", "sex_Female: 0.0061"], "raw_top": {"relationship_Wife": 0.17811748789124748, "education-num": 0.1700685553458144, "occupation_Tech-support": 0.10572124075103954, "hours-per-week": -0.10178036556879792, "marital-status_Married-civ-spouse": 0.10054251426027656, "age": 0.03076203240362974, "education_Bachelors": 0.024752759904689652, "education_HS-grad": 0.007618038505303626, "sex_Male": 0.007577194996468204, "sex_Female": 0.006080108455554925}}}