{"instance_id": 3918, "quadrant": "TP", "true_label": 1, "prediction": 1, "prediction_correct": true, "metrics": {"cost": 33067.86201000796, "sparsity": 0.09259259259259259, "fidelity": 0.9834497427460578, "faithfulness_gap": 0.7443700709704204, "stability": 0.988118205029445}, "explanation": {"top_features": ["capital-gain: 0.3718", "education-num: 0.1560", "marital-status_Married-civ-spouse: 0.0737", "hours-per-week: 0.0393", "relationship_Husband: 0.0373", "occupation_Protective-serv: 0.0298", "workclass_Local-gov: 0.0210", "marital-status_Never-married: 0.0148", "education_Masters: 0.0124", "age: 0.0107"], "raw_top": {"capital-gain": 0.3718319716425291, "education-num": 0.1559921061675015, "marital-status_Married-civ-spouse": 0.07369884829571059, "hours-per-week": 0.039279889936288184, "relationship_Husband": 0.037273198702142234, "occupation_Protective-serv": 0.029833408966627534, "workclass_Local-gov": 0.021000774587597755, "marital-status_Never-married": 0.014844308650709178, "education_Masters": 0.012417258576852438, "age": 0.010749799503619317}}}