{"instance_id": 3932, "quadrant": "TP", "true_label": 1, "prediction": 1, "prediction_correct": true, "metrics": {"cost": 38551.946336985566, "sparsity": 0.09259259259259259, "fidelity": 0.9617418361538657, "faithfulness_gap": 0.8440172234443103, "stability": 0.9970979191399405}, "explanation": {"top_features": ["capital-gain: 0.4812", "education-num: 0.0871", "occupation_Exec-managerial: 0.0749", "relationship_Wife: 0.0637", "marital-status_Married-civ-spouse: 0.0393", "age: 0.0186", "education_HS-grad: 0.0097", "relationship_Not-in-family: 0.0037", "education_Bachelors: 0.0021", "relationship_Own-child: 0.0017"], "raw_top": {"capital-gain": 0.48117878473584125, "education-num": 0.08711259209828429, "occupation_Exec-managerial": 0.07491014286012755, "relationship_Wife": 0.06367328563500488, "marital-status_Married-civ-spouse": 0.039328160972731056, "age": 0.01857827237460653, "education_HS-grad": 0.009690297537727374, "relationship_Not-in-family": 0.0036710404525195427, "education_Bachelors": 0.002067410899121024, "relationship_Own-child": 0.0016525732476337929}}}