{"instance_id": 3963, "quadrant": "TP", "true_label": 1, "prediction": 1, "prediction_correct": true, "metrics": {"cost": 53079.63392598322, "sparsity": 0.09259259259259259, "fidelity": 0.9881598220751648, "faithfulness_gap": 0.7427088958321132, "stability": 0.9857242513464177}, "explanation": {"top_features": ["capital-loss: 0.3605", "fnlwgt: 0.1223", "marital-status_Married-civ-spouse: 0.0867", "relationship_Husband: 0.0448", "education-num: -0.0416", "education_HS-grad: 0.0198", "hours-per-week: 0.0146", "marital-status_Never-married: 0.0140", "relationship_Not-in-family: 0.0071", "occupation_Craft-repair: 0.0069"], "raw_top": {"capital-loss": 0.36045730536185266, "fnlwgt": 0.1222983143560096, "marital-status_Married-civ-spouse": 0.08670739680140147, "relationship_Husband": 0.044793656848884776, "education-num": -0.041613321923285485, "education_HS-grad": 0.019790876326188818, "hours-per-week": 0.014639146301067819, "marital-status_Never-married": 0.013978030861452282, "relationship_Not-in-family": 0.007063664462691838, "occupation_Craft-repair": 0.006924298231870606}}}