{"instance_id": 3979, "quadrant": "TP", "true_label": 1, "prediction": 1, "prediction_correct": true, "metrics": {"cost": 50220.257790002506, "sparsity": 0.09259259259259259, "fidelity": 0.9600752617973956, "faithfulness_gap": 0.5945354464466119, "stability": 0.9411996147056462}, "explanation": {"top_features": ["occupation_Exec-managerial: 0.2291", "education-num: 0.1493", "marital-status_Married-civ-spouse: 0.1026", "relationship_Husband: 0.0644", "capital-gain: -0.0263", "age: -0.0213", "education_HS-grad: 0.0186", "marital-status_Never-married: 0.0162", "relationship_Not-in-family: 0.0094", "relationship_Own-child: 0.0093"], "raw_top": {"occupation_Exec-managerial": 0.22914333710048854, "education-num": 0.1493097687661674, "marital-status_Married-civ-spouse": 0.10264218276435412, "relationship_Husband": 0.06443917758107248, "capital-gain": -0.026273674490257103, "age": -0.021334724693238938, "education_HS-grad": 0.018579277386051814, "marital-status_Never-married": 0.016203241217405046, "relationship_Not-in-family": 0.009396825149875557, "relationship_Own-child": 0.009341973711232611}}}