{"instance_id": 4005, "quadrant": "TP", "true_label": 1, "prediction": 1, "prediction_correct": true, "metrics": {"cost": 40012.75510201231, "sparsity": 0.09259259259259259, "fidelity": 0.9821133094744239, "faithfulness_gap": 0.7032164995179607, "stability": 0.9657483358479585}, "explanation": {"top_features": ["occupation_Exec-managerial: 0.1952", "education-num: 0.1767", "marital-status_Married-civ-spouse: 0.1171", "relationship_Husband: 0.0589", "age: 0.0353", "education_HS-grad: 0.0229", "marital-status_Never-married: 0.0163", "education_Bachelors: 0.0161", "relationship_Not-in-family: 0.0073", "relationship_Own-child: 0.0047"], "raw_top": {"occupation_Exec-managerial": 0.19524801381815773, "education-num": 0.17668227799030375, "marital-status_Married-civ-spouse": 0.11714347140828751, "relationship_Husband": 0.05886703049717693, "age": 0.03532664182875837, "education_HS-grad": 0.022912305997672078, "marital-status_Never-married": 0.01631506455708799, "education_Bachelors": 0.016114369742691516, "relationship_Not-in-family": 0.007303907276839048, "relationship_Own-child": 0.004661347246495362}}}