{"instance_id": 4026, "quadrant": "TN", "true_label": 0, "prediction": 0, "prediction_correct": true, "metrics": {"cost": 17121.10568699427, "sparsity": 0.09259259259259259, "fidelity": 0.3652216049535558, "faithfulness_gap": 0.018903688866144505, "stability": 0.9280892410056903}, "explanation": {"top_features": ["marital-status_Married-civ-spouse: -0.0338", "hours-per-week: -0.0302", "occupation_Other-service: -0.0202", "relationship_Husband: -0.0201", "capital-gain: -0.0154", "capital-loss: -0.0147", "age: -0.0139", "marital-status_Separated: -0.0130", "education-num: -0.0102", "race_White: -0.0073"], "raw_top": {"marital-status_Married-civ-spouse": -0.033783138448438464, "hours-per-week": -0.030207415134182874, "occupation_Other-service": -0.020221388062573956, "relationship_Husband": -0.020060837048461396, "capital-gain": -0.015370031887203702, "capital-loss": -0.014731230419800215, "age": -0.013864417342988043, "marital-status_Separated": -0.012993415956324502, "education-num": -0.010215124927783235, "race_White": -0.007256695496877685}}}