{"instance_id": 4073, "quadrant": "TN", "true_label": 0, "prediction": 0, "prediction_correct": true, "metrics": {"cost": 17387.02328898944, "sparsity": 0.09259259259259259, "fidelity": 0.8885119774274475, "faithfulness_gap": 0.07524383546152161, "stability": 0.77849836260908}, "explanation": {"top_features": ["occupation_Machine-op-inspct: -0.0522", "education-num: -0.0457", "marital-status_Married-civ-spouse: 0.0339", "capital-gain: -0.0313", "capital-loss: -0.0229", "relationship_Husband: 0.0207", "age: 0.0117", "hours-per-week: 0.0104", "education_HS-grad: -0.0098", "marital-status_Never-married: 0.0047"], "raw_top": {"occupation_Machine-op-inspct": -0.05223794369184455, "education-num": -0.045730005140630844, "marital-status_Married-civ-spouse": 0.03387443024543816, "capital-gain": -0.0313263284864939, "capital-loss": -0.022866286145009497, "relationship_Husband": 0.02066725171082022, "age": 0.01168889825429951, "hours-per-week": 0.01040079197978715, "education_HS-grad": -0.009772204616602373, "marital-status_Never-married": 0.004677511936686529}}}