{"instance_id": 4113, "quadrant": "TP", "true_label": 1, "prediction": 1, "prediction_correct": true, "metrics": {"cost": 47760.50677802414, "sparsity": 0.09259259259259259, "fidelity": 0.9861634496102809, "faithfulness_gap": 0.7194665901829415, "stability": 0.9510114126971788}, "explanation": {"top_features": ["education-num: 0.2024", "occupation_Sales: 0.1219", "marital-status_Married-civ-spouse: 0.0932", "relationship_Husband: 0.0635", "hours-per-week: 0.0566", "education_Bachelors: 0.0317", "workclass_Self-emp-inc: 0.0279", "education_HS-grad: 0.0129", "marital-status_Never-married: 0.0096", "relationship_Own-child: 0.0028"], "raw_top": {"education-num": 0.20239213380252488, "occupation_Sales": 0.12186140878300478, "marital-status_Married-civ-spouse": 0.09323275496184982, "relationship_Husband": 0.06354321139432642, "hours-per-week": 0.05661509584632809, "education_Bachelors": 0.03171047508255018, "workclass_Self-emp-inc": 0.02785719511689204, "education_HS-grad": 0.012933969244765324, "marital-status_Never-married": 0.009573722344261805, "relationship_Own-child": 0.00280829446462183}}}