{"instance_id": 4209, "quadrant": "TN", "true_label": 0, "prediction": 0, "prediction_correct": true, "metrics": {"cost": 17465.013730048668, "sparsity": 0.09259259259259259, "fidelity": 0.48815264857607865, "faithfulness_gap": 0.012795930327092198, "stability": 0.9457517240398419}, "explanation": {"top_features": ["age: -0.0288", "marital-status_Married-civ-spouse: -0.0221", "relationship_Husband: -0.0165", "education-num: -0.0158", "capital-gain: -0.0124", "race_Amer-Indian-Eskimo: -0.0114", "race_White: -0.0106", "marital-status_Never-married: -0.0079", "occupation_Other-service: -0.0073", "capital-loss: -0.0072"], "raw_top": {"age": -0.02879566857479078, "marital-status_Married-civ-spouse": -0.022132151678570428, "relationship_Husband": -0.016487161508359334, "education-num": -0.01577545128083884, "capital-gain": -0.012394380699774244, "race_Amer-Indian-Eskimo": -0.01144723234348793, "race_White": -0.010577726578862384, "marital-status_Never-married": -0.007943179659627202, "occupation_Other-service": -0.007256167809278652, "capital-loss": -0.007179411761763768}}}