{"instance_id": 4260, "quadrant": "TN", "true_label": 0, "prediction": 0, "prediction_correct": true, "metrics": {"cost": 17371.91351200454, "sparsity": 0.09259259259259259, "fidelity": 0.4249174989031598, "faithfulness_gap": 0.06476348737194107, "stability": 0.9041500873031353}, "explanation": {"top_features": ["marital-status_Married-civ-spouse: -0.0320", "occupation_Handlers-cleaners: -0.0275", "age: -0.0255", "relationship_Other-relative: -0.0194", "relationship_Husband: -0.0186", "capital-gain: -0.0116", "marital-status_Never-married: -0.0100", "capital-loss: -0.0081", "native-country_United-States: -0.0071", "race_White: -0.0061"], "raw_top": {"marital-status_Married-civ-spouse": -0.03200869255610528, "occupation_Handlers-cleaners": -0.02748370621246181, "age": -0.025528667647260434, "relationship_Other-relative": -0.01944502125392093, "relationship_Husband": -0.01855105388287055, "capital-gain": -0.01164322191760086, "marital-status_Never-married": -0.009992718363399478, "capital-loss": -0.008118414007537638, "native-country_United-States": -0.007145450872948854, "race_White": -0.006082088196118551}}}