{"instance_id": 4559, "quadrant": "TP", "true_label": 1, "prediction": 1, "prediction_correct": true, "metrics": {"cost": 39243.82845600485, "sparsity": 0.09259259259259259, "fidelity": 0.9821523714474152, "faithfulness_gap": 0.7448905722641201, "stability": 0.988030071468924}, "explanation": {"top_features": ["education-num: 0.3040", "occupation_Prof-specialty: 0.1275", "marital-status_Married-civ-spouse: 0.0879", "relationship_Husband: 0.0558", "education_Prof-school: 0.0268", "marital-status_Never-married: 0.0237", "hours-per-week: 0.0162", "age: 0.0108", "relationship_Own-child: 0.0068", "education_HS-grad: 0.0060"], "raw_top": {"education-num": 0.30397889374477505, "occupation_Prof-specialty": 0.127451784268345, "marital-status_Married-civ-spouse": 0.08791271677445066, "relationship_Husband": 0.05580632715747971, "education_Prof-school": 0.02682369676676904, "marital-status_Never-married": 0.02367280347677526, "hours-per-week": 0.016239882471906723, "age": 0.010847370470092963, "relationship_Own-child": 0.006838548406268536, "education_HS-grad": 0.005995037093093791}}}