{"instance_id": 4617, "quadrant": "TP", "true_label": 1, "prediction": 1, "prediction_correct": true, "metrics": {"cost": 35558.05869199685, "sparsity": 0.09259259259259259, "fidelity": 0.9829946809208395, "faithfulness_gap": 0.7042739044404716, "stability": 0.965935782777933}, "explanation": {"top_features": ["education-num: 0.2531", "occupation_Prof-specialty: 0.1448", "marital-status_Married-civ-spouse: 0.1027", "relationship_Husband: 0.0576", "hours-per-week: 0.0274", "marital-status_Never-married: 0.0152", "education_HS-grad: 0.0107", "education_Masters: 0.0074", "age: 0.0055", "relationship_Own-child: 0.0044"], "raw_top": {"education-num": 0.25314243065089964, "occupation_Prof-specialty": 0.14477830852249082, "marital-status_Married-civ-spouse": 0.10266605282930662, "relationship_Husband": 0.05758036300518685, "hours-per-week": 0.027370260731076825, "marital-status_Never-married": 0.015237864674495793, "education_HS-grad": 0.010657085482986257, "education_Masters": 0.007426833950678367, "age": 0.00552919507999443, "relationship_Own-child": 0.004414236707355079}}}