{"instance_id": 4639, "quadrant": "TP", "true_label": 1, "prediction": 1, "prediction_correct": true, "metrics": {"cost": 53351.452369010076, "sparsity": 0.09259259259259259, "fidelity": 0.9798655169850289, "faithfulness_gap": 0.7186561576757002, "stability": 0.9735598998468616}, "explanation": {"top_features": ["education-num: 0.2298", "occupation_Exec-managerial: 0.1644", "marital-status_Married-civ-spouse: 0.1053", "relationship_Husband: 0.0546", "age: 0.0450", "capital-gain: -0.0283", "education_HS-grad: 0.0170", "marital-status_Never-married: 0.0147", "workclass_Local-gov: 0.0133", "relationship_Own-child: 0.0066"], "raw_top": {"education-num": 0.22977970286009874, "occupation_Exec-managerial": 0.16439918656610736, "marital-status_Married-civ-spouse": 0.10530999694185565, "relationship_Husband": 0.054593222418633944, "age": 0.04500459405717701, "capital-gain": -0.028338145351010757, "education_HS-grad": 0.016973389813705053, "marital-status_Never-married": 0.014661209336027494, "workclass_Local-gov": 0.013331310423010357, "relationship_Own-child": 0.006622790589832457}}}