{"instance_id": 4691, "quadrant": "FN", "true_label": 1, "prediction": 0, "prediction_correct": false, "metrics": {"cost": 16486.68389604427, "sparsity": 0.09259259259259259, "fidelity": 0.8738557968119947, "faithfulness_gap": 0.09455158513045353, "stability": 0.8479427068575005}, "explanation": {"top_features": ["education-num: -0.0550", "workclass_Self-emp-not-inc: -0.0347", "marital-status_Married-civ-spouse: 0.0305", "capital-gain: -0.0301", "capital-loss: -0.0253", "hours-per-week: 0.0171", "education_HS-grad: -0.0122", "relationship_Husband: 0.0116", "occupation_Craft-repair: -0.0099", "fnlwgt: 0.0086"], "raw_top": {"education-num": -0.05497976346593009, "workclass_Self-emp-not-inc": -0.03468299309850408, "marital-status_Married-civ-spouse": 0.03052879039046388, "capital-gain": -0.03007014768612066, "capital-loss": -0.02532117213592807, "hours-per-week": 0.01711180226458978, "education_HS-grad": -0.012165718649068681, "relationship_Husband": 0.011557290634149254, "occupation_Craft-repair": -0.009875571589795558, "fnlwgt": 0.008588578345658987}}}