{"instance_id": 49, "quadrant": "FN", "true_label": 1, "prediction": 0, "prediction_correct": false, "metrics": {"cost": 17528.1336089829, "sparsity": 0.09259259259259259, "fidelity": 0.8715541883613478, "faithfulness_gap": 0.060901876795933896, "stability": 0.8797540917794018}, "explanation": {"top_features": ["age: -0.0963", "occupation_Tech-support: 0.0950", "education-num: 0.0723", "marital-status_Married-civ-spouse: 0.0585", "education_Assoc-acdm: -0.0385", "fnlwgt: -0.0338", "capital-gain: -0.0277", "workclass_State-gov: -0.0274", "workclass_Private: -0.0246", "capital-loss: -0.0223"], "raw_top": {"age": -0.09631421443379758, "occupation_Tech-support": 0.09496620003577763, "education-num": 0.07233340019219349, "marital-status_Married-civ-spouse": 0.05846178864198354, "education_Assoc-acdm": -0.03845459540480971, "fnlwgt": -0.03377881083351438, "capital-gain": -0.027727805704317116, "workclass_State-gov": -0.027358308405512205, "workclass_Private": -0.02457536178207094, "capital-loss": -0.022299317386192504}}}