{"instance_id": 491, "quadrant": "TN", "true_label": 0, "prediction": 0, "prediction_correct": true, "metrics": {"cost": 17117.788262024987, "sparsity": 0.09259259259259259, "fidelity": 0.9383855242929073, "faithfulness_gap": 0.008304987958917223, "stability": 0.9264970060430889}, "explanation": {"top_features": ["marital-status_Married-civ-spouse: -0.0983", "education-num: 0.0672", "relationship_Husband: -0.0413", "occupation_Adm-clerical: 0.0410", "marital-status_Divorced: -0.0321", "relationship_Not-in-family: -0.0223", "capital-gain: -0.0203", "education_Bachelors: 0.0156", "capital-loss: -0.0080", "hours-per-week: -0.0053"], "raw_top": {"marital-status_Married-civ-spouse": -0.0983080609438784, "education-num": 0.06716464696638119, "relationship_Husband": -0.04134619716866937, "occupation_Adm-clerical": 0.04101298863703278, "marital-status_Divorced": -0.03209483581944404, "relationship_Not-in-family": -0.022294088422318177, "capital-gain": -0.02028535762412508, "education_Bachelors": 0.015617274426425338, "capital-loss": -0.007984772460535538, "hours-per-week": -0.005290215680823981}}}