{"instance_id": 5038, "quadrant": "FP", "true_label": 0, "prediction": 1, "prediction_correct": false, "metrics": {"cost": 16746.624984953087, "sparsity": 0.09259259259259259, "fidelity": 0.9467042723871965, "faithfulness_gap": 0.3915803238757124, "stability": 0.9375236631100573}, "explanation": {"top_features": ["occupation_Exec-managerial: 0.1476", "education-num: -0.0944", "marital-status_Married-civ-spouse: 0.0942", "capital-loss: 0.0856", "workclass_Self-emp-inc: 0.0394", "relationship_Husband: 0.0388", "age: 0.0357", "education_12th: -0.0258", "marital-status_Never-married: 0.0065", "relationship_Not-in-family: 0.0063"], "raw_top": {"occupation_Exec-managerial": 0.14759667479591945, "education-num": -0.09436544705255401, "marital-status_Married-civ-spouse": 0.09423510232550955, "capital-loss": 0.085565908336413, "workclass_Self-emp-inc": 0.039364257719358975, "relationship_Husband": 0.038824998608580304, "age": 0.03566936117441636, "education_12th": -0.025767493524278436, "marital-status_Never-married": 0.006543436090908739, "relationship_Not-in-family": 0.006324419745200582}}}