{"instance_id": 520, "quadrant": "TP", "true_label": 1, "prediction": 1, "prediction_correct": true, "metrics": {"cost": 53360.584034002386, "sparsity": 0.09259259259259259, "fidelity": 0.984543712138174, "faithfulness_gap": 0.7614944484467743, "stability": 0.9885685744598147}, "explanation": {"top_features": ["education-num: 0.3091", "occupation_Prof-specialty: 0.1496", "marital-status_Married-civ-spouse: 0.0877", "relationship_Husband: 0.0433", "hours-per-week: 0.0275", "education_Prof-school: 0.0237", "marital-status_Never-married: 0.0153", "education_HS-grad: 0.0064", "relationship_Own-child: 0.0064", "relationship_Not-in-family: 0.0014"], "raw_top": {"education-num": 0.3090827950002554, "occupation_Prof-specialty": 0.14958480992316958, "marital-status_Married-civ-spouse": 0.08771991683311102, "relationship_Husband": 0.043300880492427606, "hours-per-week": 0.027543180562837895, "education_Prof-school": 0.02368738820753912, "marital-status_Never-married": 0.015310740727061949, "education_HS-grad": 0.0064365135543757585, "relationship_Own-child": 0.006359330104350933, "relationship_Not-in-family": 0.0013593285176051184}}}