{"instance_id": 5446, "quadrant": "TN", "true_label": 0, "prediction": 0, "prediction_correct": true, "metrics": {"cost": 17230.58866901556, "sparsity": 0.09259259259259259, "fidelity": 0.6087212229922654, "faithfulness_gap": 0.06395573086460238, "stability": 0.952874824165809}, "explanation": {"top_features": ["age: -0.0423", "marital-status_Married-civ-spouse: -0.0336", "education-num: -0.0202", "relationship_Husband: -0.0187", "capital-gain: -0.0144", "marital-status_Never-married: -0.0119", "capital-loss: -0.0099", "relationship_Own-child: -0.0050", "education_Bachelors: -0.0035", "hours-per-week: -0.0026"], "raw_top": {"age": -0.04232110989874543, "marital-status_Married-civ-spouse": -0.03363935541574347, "education-num": -0.02023014721731994, "relationship_Husband": -0.018710398487459732, "capital-gain": -0.014419603769195322, "marital-status_Never-married": -0.01194670887203434, "capital-loss": -0.009931842568372422, "relationship_Own-child": -0.005019270762851488, "education_Bachelors": -0.0034988690488251257, "hours-per-week": -0.002558530503730533}}}