{"instance_id": 5581, "quadrant": "FN", "true_label": 1, "prediction": 0, "prediction_correct": false, "metrics": {"cost": 17327.419908018783, "sparsity": 0.09259259259259259, "fidelity": 0.8975604678465003, "faithfulness_gap": 0.012584973576063557, "stability": 0.840271848922125}, "explanation": {"top_features": ["education-num: -0.0661", "marital-status_Married-civ-spouse: 0.0290", "capital-gain: -0.0265", "occupation_Sales: 0.0245", "capital-loss: -0.0240", "education_Bachelors: -0.0205", "relationship_Husband: 0.0193", "age: -0.0155", "education_HS-grad: -0.0072", "fnlwgt: -0.0058"], "raw_top": {"education-num": -0.06605767471272246, "marital-status_Married-civ-spouse": 0.02899321994123072, "capital-gain": -0.026547905543619278, "occupation_Sales": 0.02451689136662995, "capital-loss": -0.023952031656379096, "education_Bachelors": -0.020450764857988357, "relationship_Husband": 0.01926893263399545, "age": -0.015538861503697432, "education_HS-grad": -0.007217031024614367, "fnlwgt": -0.0058076486595926985}}}