{"instance_id": 5635, "quadrant": "TP", "true_label": 1, "prediction": 1, "prediction_correct": true, "metrics": {"cost": 48818.699516996276, "sparsity": 0.09259259259259259, "fidelity": 0.9898357050193765, "faithfulness_gap": 0.7488002364494113, "stability": 0.9784299309127555}, "explanation": {"top_features": ["occupation_Exec-managerial: 0.2144", "education-num: 0.2112", "marital-status_Married-civ-spouse: 0.1029", "age: 0.0516", "relationship_Husband: 0.0501", "education_HS-grad: 0.0142", "marital-status_Never-married: 0.0134", "relationship_Not-in-family: 0.0059", "relationship_Own-child: 0.0053", "education_Masters: 0.0046"], "raw_top": {"occupation_Exec-managerial": 0.2143872748902847, "education-num": 0.21121832078825756, "marital-status_Married-civ-spouse": 0.10286602864037112, "age": 0.051572562912880614, "relationship_Husband": 0.05006451764855644, "education_HS-grad": 0.014239292185807691, "marital-status_Never-married": 0.013431741152531809, "relationship_Not-in-family": 0.005925378715862618, "relationship_Own-child": 0.005296020294903053, "education_Masters": 0.004646379091514441}}}