{"instance_id": 5732, "quadrant": "FP", "true_label": 0, "prediction": 1, "prediction_correct": false, "metrics": {"cost": 17000.669358007144, "sparsity": 0.09259259259259259, "fidelity": 0.9867570164656939, "faithfulness_gap": 0.514033882360007, "stability": 0.9545987451370663}, "explanation": {"top_features": ["occupation_Exec-managerial: 0.2182", "relationship_Wife: 0.1193", "marital-status_Married-civ-spouse: 0.0901", "relationship_Husband: -0.0426", "education_HS-grad: 0.0329", "capital-gain: -0.0313", "hours-per-week: 0.0159", "education-num: 0.0122", "marital-status_Never-married: 0.0113", "age: 0.0102"], "raw_top": {"occupation_Exec-managerial": 0.2181963202330375, "relationship_Wife": 0.11933136674557192, "marital-status_Married-civ-spouse": 0.09013791481865453, "relationship_Husband": -0.042551934744237636, "education_HS-grad": 0.03292120858730957, "capital-gain": -0.031252380182981605, "hours-per-week": 0.015853067435459473, "education-num": 0.0121979165708387, "marital-status_Never-married": 0.011288701674698967, "age": 0.010177757183209402}}}