{"instance_id": 5830, "quadrant": "FN", "true_label": 1, "prediction": 0, "prediction_correct": false, "metrics": {"cost": 17346.016850031447, "sparsity": 0.09259259259259259, "fidelity": 0.9259686199387432, "faithfulness_gap": 0.17966195953382397, "stability": 0.8960338945603544}, "explanation": {"top_features": ["occupation_Prof-specialty: 0.1337", "marital-status_Married-civ-spouse: 0.0657", "capital-gain: -0.0293", "relationship_Husband: 0.0288", "workclass_Private: -0.0194", "capital-loss: -0.0190", "fnlwgt: -0.0143", "education_Some-college: -0.0119", "education_Bachelors: -0.0117", "education-num: -0.0085"], "raw_top": {"occupation_Prof-specialty": 0.1337129260223604, "marital-status_Married-civ-spouse": 0.06568385868598256, "capital-gain": -0.0293240258667901, "relationship_Husband": 0.028843066721664604, "workclass_Private": -0.019364161083636703, "capital-loss": -0.01899353913967978, "fnlwgt": -0.014297937372453197, "education_Some-college": -0.011919448856791064, "education_Bachelors": -0.011743035197306089, "education-num": -0.00846849916761215}}}