{"instance_id": 593, "quadrant": "TP", "true_label": 1, "prediction": 1, "prediction_correct": true, "metrics": {"cost": 33717.93462600908, "sparsity": 0.09259259259259259, "fidelity": 0.9489363350478885, "faithfulness_gap": 0.37310243390553494, "stability": 0.8696290520887697}, "explanation": {"top_features": ["education-num: 0.1613", "marital-status_Married-civ-spouse: 0.0805", "relationship_Husband: 0.0551", "occupation_Craft-repair: -0.0536", "hours-per-week: 0.0391", "fnlwgt: -0.0343", "capital-gain: -0.0317", "age: 0.0292", "education_Bachelors: 0.0198", "workclass_Self-emp-inc: 0.0166"], "raw_top": {"education-num": 0.16127874581544993, "marital-status_Married-civ-spouse": 0.08052899855402768, "relationship_Husband": 0.055054488134245017, "occupation_Craft-repair": -0.053612155323759667, "hours-per-week": 0.0391173462839212, "fnlwgt": -0.03434436011002616, "capital-gain": -0.0316894041064556, "age": 0.029153504671672645, "education_Bachelors": 0.019765607580671397, "workclass_Self-emp-inc": 0.016610968705779387}}}