{"instance_id": 6016, "quadrant": "TN", "true_label": 0, "prediction": 0, "prediction_correct": true, "metrics": {"cost": 17448.371323000174, "sparsity": 0.09259259259259259, "fidelity": 0.866699548288019, "faithfulness_gap": 0.015499406215102526, "stability": 0.9321063862839494}, "explanation": {"top_features": ["relationship_Wife: 0.0587", "occupation_Other-service: -0.0518", "education-num: -0.0426", "hours-per-week: -0.0354", "marital-status_Married-civ-spouse: 0.0261", "capital-loss: -0.0209", "capital-gain: -0.0203", "relationship_Husband: -0.0184", "age: 0.0116", "education_HS-grad: -0.0039"], "raw_top": {"relationship_Wife": 0.05868471359413673, "occupation_Other-service": -0.05181246191503868, "education-num": -0.042573790578904896, "hours-per-week": -0.03540974624336697, "marital-status_Married-civ-spouse": 0.026078531316739102, "capital-loss": -0.020907954820268804, "capital-gain": -0.020251293949351778, "relationship_Husband": -0.01840362079413152, "age": 0.011590796890398661, "education_HS-grad": -0.0038654906411649814}}}