{"instance_id": 6075, "quadrant": "FN", "true_label": 1, "prediction": 0, "prediction_correct": false, "metrics": {"cost": 16960.00590600306, "sparsity": 0.09259259259259259, "fidelity": 0.9290022542548524, "faithfulness_gap": 0.22999671151540776, "stability": 0.9082368841418867}, "explanation": {"top_features": ["relationship_Wife: 0.1192", "marital-status_Married-civ-spouse: 0.0616", "education-num: 0.0417", "relationship_Husband: -0.0383", "race_Black: -0.0340", "race_White: -0.0325", "occupation_Adm-clerical: 0.0317", "capital-gain: -0.0305", "education_Assoc-voc: -0.0288", "hours-per-week: 0.0278"], "raw_top": {"relationship_Wife": 0.11921525609469577, "marital-status_Married-civ-spouse": 0.06157525924503123, "education-num": 0.04166729933416836, "relationship_Husband": -0.03829094242630677, "race_Black": -0.03401638766004159, "race_White": -0.0324917599592507, "occupation_Adm-clerical": 0.03169861790663978, "capital-gain": -0.03051867925162572, "education_Assoc-voc": -0.028829202594670825, "hours-per-week": 0.027815411094740145}}}