{"instance_id": 6096, "quadrant": "TP", "true_label": 1, "prediction": 1, "prediction_correct": true, "metrics": {"cost": 42391.55723300064, "sparsity": 0.09259259259259259, "fidelity": 0.9891183064416619, "faithfulness_gap": 0.7670327617157421, "stability": 0.9754974217269557}, "explanation": {"top_features": ["education-num: 0.2029", "occupation_Exec-managerial: 0.1941", "marital-status_Married-civ-spouse: 0.0989", "hours-per-week: 0.0629", "relationship_Husband: 0.0530", "age: 0.0395", "marital-status_Never-married: 0.0183", "education_HS-grad: 0.0111", "workclass_State-gov: 0.0070", "relationship_Not-in-family: 0.0059"], "raw_top": {"education-num": 0.2028931118627603, "occupation_Exec-managerial": 0.19406740162031313, "marital-status_Married-civ-spouse": 0.0989374848093999, "hours-per-week": 0.06292268368406993, "relationship_Husband": 0.05302345111713307, "age": 0.03948285443305476, "marital-status_Never-married": 0.018265918712030812, "education_HS-grad": 0.011061923304692604, "workclass_State-gov": 0.006985639002898603, "relationship_Not-in-family": 0.005936836155187253}}}