{"instance_id": 6232, "quadrant": "FN", "true_label": 1, "prediction": 0, "prediction_correct": false, "metrics": {"cost": 17470.570742036216, "sparsity": 0.09259259259259259, "fidelity": 0.9327346747528764, "faithfulness_gap": 0.2222586055352364, "stability": 0.9016579865684926}, "explanation": {"top_features": ["relationship_Wife: 0.1058", "education-num: -0.0708", "marital-status_Married-civ-spouse: 0.0617", "occupation_Adm-clerical: 0.0473", "age: 0.0370", "education_HS-grad: -0.0269", "capital-gain: -0.0237", "relationship_Husband: -0.0185", "workclass_Private: 0.0173", "capital-loss: -0.0167"], "raw_top": {"relationship_Wife": 0.10575093382582583, "education-num": -0.07081215242299559, "marital-status_Married-civ-spouse": 0.061707470121804664, "occupation_Adm-clerical": 0.047322031635603334, "age": 0.03697756965652005, "education_HS-grad": -0.026912031897038897, "capital-gain": -0.023666976093053658, "relationship_Husband": -0.01845846420222763, "workclass_Private": 0.017264547570481403, "capital-loss": -0.01673002818712666}}}