{"instance_id": 626, "quadrant": "FN", "true_label": 1, "prediction": 0, "prediction_correct": false, "metrics": {"cost": 16456.973002990708, "sparsity": 0.09259259259259259, "fidelity": 0.9514965564975973, "faithfulness_gap": 0.008604396186502855, "stability": 0.9914299960080813}, "explanation": {"top_features": ["education-num: -0.2794", "occupation_Exec-managerial: 0.1104", "marital-status_Married-civ-spouse: 0.0369", "age: 0.0347", "relationship_Husband: 0.0288", "hours-per-week: 0.0228", "capital-gain: -0.0218", "education_HS-grad: 0.0086", "marital-status_Never-married: 0.0038", "sex_Male: 0.0029"], "raw_top": {"education-num": -0.2794042126130084, "occupation_Exec-managerial": 0.11037469115056754, "marital-status_Married-civ-spouse": 0.036937832633387915, "age": 0.03471955083107477, "relationship_Husband": 0.028843035858828626, "hours-per-week": 0.022788623214235162, "capital-gain": -0.021828437813607444, "education_HS-grad": 0.008552429365476436, "marital-status_Never-married": 0.0037818862017616464, "sex_Male": 0.0029009587332450987}}}