{"instance_id": 6265, "quadrant": "TN", "true_label": 0, "prediction": 0, "prediction_correct": true, "metrics": {"cost": 17163.4564549895, "sparsity": 0.09259259259259259, "fidelity": 0.8580683462078365, "faithfulness_gap": 0.00787448278982078, "stability": 0.7166520651924291}, "explanation": {"top_features": ["education-num: -0.0520", "capital-gain: -0.0300", "marital-status_Married-civ-spouse: 0.0293", "capital-loss: -0.0209", "relationship_Husband: 0.0134", "education_Bachelors: -0.0103", "occupation_Craft-repair: -0.0085", "education_HS-grad: -0.0057", "hours-per-week: -0.0038", "fnlwgt: -0.0027"], "raw_top": {"education-num": -0.05195332799515802, "capital-gain": -0.029965313580619973, "marital-status_Married-civ-spouse": 0.02928238552006398, "capital-loss": -0.02087134506462943, "relationship_Husband": 0.013407650106502427, "education_Bachelors": -0.010333913741972088, "occupation_Craft-repair": -0.008501636362780958, "education_HS-grad": -0.005703171856585051, "hours-per-week": -0.003756546782932321, "fnlwgt": -0.0026508544129291017}}}