{"instance_id": 6435, "quadrant": "FP", "true_label": 0, "prediction": 1, "prediction_correct": false, "metrics": {"cost": 17336.18480397854, "sparsity": 0.09259259259259259, "fidelity": 0.9825466958022715, "faithfulness_gap": 0.5665265541132307, "stability": 0.9763876973047767}, "explanation": {"top_features": ["education-num: 0.3249", "marital-status_Married-civ-spouse: 0.0747", "workclass_Self-emp-not-inc: -0.0464", "relationship_Husband: 0.0333", "hours-per-week: 0.0301", "age: 0.0293", "education_Doctorate: 0.0242", "workclass_Private: 0.0161", "marital-status_Never-married: 0.0134", "relationship_Own-child: 0.0051"], "raw_top": {"education-num": 0.32491269926897004, "marital-status_Married-civ-spouse": 0.07473662614831379, "workclass_Self-emp-not-inc": -0.04640799318349054, "relationship_Husband": 0.033286583274274056, "hours-per-week": 0.030084185384996336, "age": 0.029333922777127118, "education_Doctorate": 0.02415714896881404, "workclass_Private": 0.01609150869305726, "marital-status_Never-married": 0.013410819704805184, "relationship_Own-child": 0.005135967049950341}}}