{"instance_id": 6509, "quadrant": "TP", "true_label": 1, "prediction": 1, "prediction_correct": true, "metrics": {"cost": 39993.01151902182, "sparsity": 0.09259259259259259, "fidelity": 0.9859517019254768, "faithfulness_gap": 0.5692827334653584, "stability": 0.9671081398109581}, "explanation": {"top_features": ["capital-gain: 0.2872", "education-num: 0.1638", "hours-per-week: -0.1262", "occupation_Sales: 0.1011", "marital-status_Married-civ-spouse: 0.0894", "relationship_Husband: 0.0510", "workclass_Self-emp-inc: 0.0279", "workclass_Private: -0.0219", "education_HS-grad: 0.0169", "marital-status_Never-married: 0.0102"], "raw_top": {"capital-gain": 0.2871713158231017, "education-num": 0.16376830151910304, "hours-per-week": -0.12623089242840058, "occupation_Sales": 0.10112243743682925, "marital-status_Married-civ-spouse": 0.08940095834834147, "relationship_Husband": 0.05097287416271598, "workclass_Self-emp-inc": 0.02786173291911112, "workclass_Private": -0.02188019228609983, "education_HS-grad": 0.016888064654218188, "marital-status_Never-married": 0.01019810828302826}}}