{"instance_id": 6531, "quadrant": "FN", "true_label": 1, "prediction": 0, "prediction_correct": false, "metrics": {"cost": 17683.27909905929, "sparsity": 0.09259259259259259, "fidelity": 0.9289417510268482, "faithfulness_gap": 0.17800765664680085, "stability": 0.9689180471368557}, "explanation": {"top_features": ["capital-loss: 0.2041", "occupation_Craft-repair: -0.0781", "marital-status_Married-civ-spouse: 0.0755", "age: -0.0691", "education-num: -0.0573", "relationship_Husband: 0.0414", "fnlwgt: -0.0341", "hours-per-week: 0.0265", "workclass_Self-emp-inc: 0.0196", "capital-gain: -0.0183"], "raw_top": {"capital-loss": 0.20414399265513886, "occupation_Craft-repair": -0.07813785889821326, "marital-status_Married-civ-spouse": 0.07549055666691638, "age": -0.0690854832898372, "education-num": -0.05733040052190127, "relationship_Husband": 0.04138474362208415, "fnlwgt": -0.03405566964692489, "hours-per-week": 0.02646494235633007, "workclass_Self-emp-inc": 0.019586483669164736, "capital-gain": -0.01825645398160744}}}