{"instance_id": 6719, "quadrant": "TP", "true_label": 1, "prediction": 1, "prediction_correct": true, "metrics": {"cost": 35666.8698519934, "sparsity": 0.09259259259259259, "fidelity": 0.9900692256764034, "faithfulness_gap": 0.8170979877912375, "stability": 0.9907180624023444}, "explanation": {"top_features": ["capital-gain: 0.4134", "occupation_Tech-support: 0.1225", "marital-status_Married-civ-spouse: 0.0734", "age: 0.0474", "education-num: 0.0431", "relationship_Husband: 0.0305", "hours-per-week: 0.0056", "marital-status_Never-married: 0.0053", "education_HS-grad: 0.0043", "relationship_Not-in-family: 0.0040"], "raw_top": {"capital-gain": 0.4133608427315003, "occupation_Tech-support": 0.12251189676899277, "marital-status_Married-civ-spouse": 0.07336163491088867, "age": 0.04740021446262618, "education-num": 0.043096742739859736, "relationship_Husband": 0.03050666543205716, "hours-per-week": 0.00560693922643198, "marital-status_Never-married": 0.005310497566941547, "education_HS-grad": 0.004275557732383507, "relationship_Not-in-family": 0.003985932843640905}}}