{"instance_id": 688, "quadrant": "FP", "true_label": 0, "prediction": 1, "prediction_correct": false, "metrics": {"cost": 17605.706359958276, "sparsity": 0.09259259259259259, "fidelity": 0.9545122597960831, "faithfulness_gap": 0.6399712049754849, "stability": 0.9570594404311581}, "explanation": {"top_features": ["relationship_Wife: 0.1963", "education-num: 0.1857", "occupation_Exec-managerial: 0.1279", "marital-status_Married-civ-spouse: 0.1045", "workclass_Self-emp-not-inc: -0.0706", "hours-per-week: -0.0680", "workclass_Private: -0.0373", "age: 0.0319", "education_HS-grad: 0.0198", "sex_Male: 0.0140"], "raw_top": {"relationship_Wife": 0.1963212826468372, "education-num": 0.18565142385452957, "occupation_Exec-managerial": 0.12794714131231125, "marital-status_Married-civ-spouse": 0.10448185938586528, "workclass_Self-emp-not-inc": -0.07062804402851453, "hours-per-week": -0.06800072620848135, "workclass_Private": -0.037258517573409464, "age": 0.031889818658430276, "education_HS-grad": 0.019761407727167994, "sex_Male": 0.014036641886688073}}}