{"instance_id": 6955, "quadrant": "FN", "true_label": 1, "prediction": 0, "prediction_correct": false, "metrics": {"cost": 17270.868378982414, "sparsity": 0.09259259259259259, "fidelity": 0.899502273916167, "faithfulness_gap": 0.1236380675310757, "stability": 0.9754937835396864}, "explanation": {"top_features": ["education-num: 0.1732", "marital-status_Married-civ-spouse: -0.0865", "occupation_Prof-specialty: 0.0815", "marital-status_Never-married: -0.0564", "relationship_Unmarried: -0.0454", "relationship_Husband: -0.0443", "education_Doctorate: 0.0297", "capital-gain: -0.0190", "capital-loss: -0.0155", "sex_Female: -0.0090"], "raw_top": {"education-num": 0.17316677154451776, "marital-status_Married-civ-spouse": -0.08645701178508214, "occupation_Prof-specialty": 0.08154618582780382, "marital-status_Never-married": -0.05637170218519431, "relationship_Unmarried": -0.04537920469868602, "relationship_Husband": -0.044272788846943155, "education_Doctorate": 0.029667512644236692, "capital-gain": -0.01903456777094235, "capital-loss": -0.015523423847244077, "sex_Female": -0.009022339965123784}}}