{"instance_id": 7150, "quadrant": "FN", "true_label": 1, "prediction": 0, "prediction_correct": false, "metrics": {"cost": 17469.66068499023, "sparsity": 0.09259259259259259, "fidelity": 0.6084947698895972, "faithfulness_gap": 0.021653798912108294, "stability": 0.9432487736592529}, "explanation": {"top_features": ["marital-status_Married-civ-spouse: -0.0260", "occupation_Other-service: -0.0227", "education-num: -0.0190", "age: -0.0182", "relationship_Husband: -0.0170", "capital-gain: -0.0163", "workclass_Private: -0.0148", "capital-loss: -0.0082", "education_HS-grad: -0.0065", "sex_Female: -0.0065"], "raw_top": {"marital-status_Married-civ-spouse": -0.025952222044534557, "occupation_Other-service": -0.022741386189016933, "education-num": -0.0190130522588341, "age": -0.0182322802093291, "relationship_Husband": -0.016965313085952175, "capital-gain": -0.01629425816737021, "workclass_Private": -0.014777192858568147, "capital-loss": -0.008248749917366507, "education_HS-grad": -0.006492881225512941, "sex_Female": -0.006463328294813386}}}