{"instance_id": 7240, "quadrant": "TP", "true_label": 1, "prediction": 1, "prediction_correct": true, "metrics": {"cost": 44053.91721701017, "sparsity": 0.09259259259259259, "fidelity": 0.9746052810785018, "faithfulness_gap": 0.6549294811068542, "stability": 0.9667149101186909}, "explanation": {"top_features": ["education-num: 0.2658", "relationship_Wife: 0.1636", "marital-status_Married-civ-spouse: 0.1030", "occupation_Prof-specialty: 0.0975", "hours-per-week: -0.0593", "relationship_Husband: -0.0448", "capital-gain: -0.0285", "age: 0.0285", "education_HS-grad: 0.0165", "marital-status_Never-married: 0.0149"], "raw_top": {"education-num": 0.265838658630723, "relationship_Wife": 0.16362156497235872, "marital-status_Married-civ-spouse": 0.1030433125988468, "occupation_Prof-specialty": 0.097541976588083, "hours-per-week": -0.05927825333376508, "relationship_Husband": -0.04479771804424465, "capital-gain": -0.028531342336850063, "age": 0.028506947016132225, "education_HS-grad": 0.01651392510141168, "marital-status_Never-married": 0.014944833443924175}}}