{"instance_id": 7281, "quadrant": "TP", "true_label": 1, "prediction": 1, "prediction_correct": true, "metrics": {"cost": 70800.32946798019, "sparsity": 0.09259259259259259, "fidelity": 0.9861594391460275, "faithfulness_gap": 0.6497623025343019, "stability": 0.9538276858910824}, "explanation": {"top_features": ["education-num: 0.2006", "occupation_Prof-specialty: 0.1912", "marital-status_Married-civ-spouse: 0.1049", "relationship_Husband: 0.0531", "workclass_Self-emp-not-inc: -0.0477", "age: 0.0442", "capital-gain: -0.0299", "education_Bachelors: 0.0198", "education_HS-grad: 0.0139", "marital-status_Never-married: 0.0135"], "raw_top": {"education-num": 0.20062756554042313, "occupation_Prof-specialty": 0.19116807855865947, "marital-status_Married-civ-spouse": 0.10492527713308403, "relationship_Husband": 0.05305152543508608, "workclass_Self-emp-not-inc": -0.047663850473994705, "age": 0.04419813099560022, "capital-gain": -0.029858210286420217, "education_Bachelors": 0.019834083702165203, "education_HS-grad": 0.013863904304666752, "marital-status_Never-married": 0.013541794253350191}}}