{"instance_id": 7423, "quadrant": "TN", "true_label": 0, "prediction": 0, "prediction_correct": true, "metrics": {"cost": 17253.24943801388, "sparsity": 0.09259259259259259, "fidelity": 0.9078645329083506, "faithfulness_gap": 0.03911875184123738, "stability": 0.9540697285478593}, "explanation": {"top_features": ["marital-status_Married-civ-spouse: -0.0715", "age: -0.0596", "education-num: 0.0475", "relationship_Husband: -0.0351", "occupation_Adm-clerical: 0.0283", "marital-status_Never-married: -0.0229", "relationship_Own-child: -0.0221", "capital-gain: -0.0189", "education_Bachelors: 0.0166", "capital-loss: -0.0091"], "raw_top": {"marital-status_Married-civ-spouse": -0.07146110342282015, "age": -0.05963662319129298, "education-num": 0.04747941856410863, "relationship_Husband": -0.03512304784811486, "occupation_Adm-clerical": 0.028342183178476314, "marital-status_Never-married": -0.02294339897758149, "relationship_Own-child": -0.022145602678845654, "capital-gain": -0.018935472809825073, "education_Bachelors": 0.0165902522812148, "capital-loss": -0.0091498798252147}}}