{"instance_id": 7598, "quadrant": "FP", "true_label": 0, "prediction": 1, "prediction_correct": false, "metrics": {"cost": 16835.138681984972, "sparsity": 0.09259259259259259, "fidelity": 0.9863725255822506, "faithfulness_gap": 0.7510233081963102, "stability": 0.9843457400520172}, "explanation": {"top_features": ["capital-loss: 0.2854", "marital-status_Married-civ-spouse: 0.1072", "occupation_Sales: 0.0703", "relationship_Husband: 0.0495", "workclass_Self-emp-inc: 0.0382", "education_Some-college: 0.0204", "workclass_Private: 0.0130", "marital-status_Never-married: 0.0092", "education-num: 0.0072", "relationship_Own-child: 0.0059"], "raw_top": {"capital-loss": 0.28541305365180863, "marital-status_Married-civ-spouse": 0.10716969499660878, "occupation_Sales": 0.07034083572053358, "relationship_Husband": 0.04945630294998192, "workclass_Self-emp-inc": 0.03823779354390772, "education_Some-college": 0.02041732219095054, "workclass_Private": 0.012964365863523708, "marital-status_Never-married": 0.00921415564813355, "education-num": 0.007219354112153373, "relationship_Own-child": 0.0059340374165262055}}}