{"instance_id": 7635, "quadrant": "FN", "true_label": 1, "prediction": 0, "prediction_correct": false, "metrics": {"cost": 17242.688494035974, "sparsity": 0.09259259259259259, "fidelity": 0.9417438416665016, "faithfulness_gap": 0.019734089927693182, "stability": 0.9470740584529679}, "explanation": {"top_features": ["hours-per-week: -0.1326", "occupation_Prof-specialty: 0.0919", "marital-status_Married-civ-spouse: 0.0351", "capital-loss: -0.0257", "capital-gain: -0.0246", "education-num: -0.0147", "age: -0.0138", "relationship_Husband: 0.0106", "education_Bachelors: -0.0083", "fnlwgt: -0.0068"], "raw_top": {"hours-per-week": -0.13263268781198026, "occupation_Prof-specialty": 0.09185897083640349, "marital-status_Married-civ-spouse": 0.035056118780073024, "capital-loss": -0.025656536774020574, "capital-gain": -0.02463462135909158, "education-num": -0.014684787636463414, "age": -0.01380086320412231, "relationship_Husband": 0.010607405391910879, "education_Bachelors": -0.008336699977225257, "fnlwgt": -0.006843724473370365}}}