{"instance_id": 7681, "quadrant": "TN", "true_label": 0, "prediction": 0, "prediction_correct": true, "metrics": {"cost": 16712.299844948575, "sparsity": 0.09259259259259259, "fidelity": 0.9544371769770237, "faithfulness_gap": 0.1245027156671, "stability": 0.9572351467903801}, "explanation": {"top_features": ["hours-per-week: -0.0960", "age: -0.0505", "marital-status_Married-civ-spouse: 0.0245", "capital-loss: -0.0214", "capital-gain: -0.0181", "workclass_Private: -0.0083", "education_Assoc-voc: -0.0082", "occupation_nan: -0.0062", "workclass_nan: -0.0062", "education_Bachelors: -0.0019"], "raw_top": {"hours-per-week": -0.09596430557105506, "age": -0.05047616235125362, "marital-status_Married-civ-spouse": 0.024495728134879498, "capital-loss": -0.021370935731390883, "capital-gain": -0.018112530864028333, "workclass_Private": -0.008281077195263907, "education_Assoc-voc": -0.008193384803035064, "occupation_nan": -0.006219371178051398, "workclass_nan": -0.006201877293948374, "education_Bachelors": -0.0019318245911643661}}}