{"instance_id": 7697, "quadrant": "FP", "true_label": 0, "prediction": 1, "prediction_correct": false, "metrics": {"cost": 17243.591521983035, "sparsity": 0.09259259259259259, "fidelity": 0.9799905882213802, "faithfulness_gap": 0.6863107929198504, "stability": 0.9724666135657981}, "explanation": {"top_features": ["education-num: 0.2138", "occupation_Sales: 0.1252", "marital-status_Married-civ-spouse: 0.0899", "relationship_Husband: 0.0676", "education_Bachelors: 0.0447", "age: 0.0269", "hours-per-week: 0.0220", "marital-status_Never-married: 0.0154", "education_HS-grad: 0.0144", "relationship_Own-child: 0.0071"], "raw_top": {"education-num": 0.2138185911611228, "occupation_Sales": 0.1252190179804285, "marital-status_Married-civ-spouse": 0.08985546081074504, "relationship_Husband": 0.06763390483310464, "education_Bachelors": 0.04469594827471364, "age": 0.026913247737449478, "hours-per-week": 0.022034741611662526, "marital-status_Never-married": 0.01540805599444165, "education_HS-grad": 0.014436142844233097, "relationship_Own-child": 0.007111167041297772}}}