{"instance_id": 8166, "quadrant": "FN", "true_label": 1, "prediction": 0, "prediction_correct": false, "metrics": {"cost": 17162.60013601277, "sparsity": 0.09259259259259259, "fidelity": 0.9499797583287326, "faithfulness_gap": 0.13498174343969627, "stability": 0.9911502377360331}, "explanation": {"top_features": ["education-num: -0.2692", "capital-loss: 0.1787", "marital-status_Married-civ-spouse: 0.0523", "hours-per-week: 0.0310", "age: 0.0290", "relationship_Husband: 0.0265", "occupation_Craft-repair: -0.0256", "education_7th-8th: -0.0249", "workclass_Self-emp-inc: 0.0207", "native-country_nan: 0.0186"], "raw_top": {"education-num": -0.26924042331767833, "capital-loss": 0.17865759358131608, "marital-status_Married-civ-spouse": 0.052284890934379276, "hours-per-week": 0.03097859283064442, "age": 0.028984418822570936, "relationship_Husband": 0.026536237670626992, "occupation_Craft-repair": -0.02558419690202668, "education_7th-8th": -0.02490282458166355, "workclass_Self-emp-inc": 0.020747739347898777, "native-country_nan": 0.01858404157935198}}}