{"instance_id": 8267, "quadrant": "FN", "true_label": 1, "prediction": 0, "prediction_correct": false, "metrics": {"cost": 16564.22277900856, "sparsity": 0.09259259259259259, "fidelity": 0.33012267632925524, "faithfulness_gap": 0.057605605375740956, "stability": 0.9172963148814348}, "explanation": {"top_features": ["education-num: -0.0412", "marital-status_Married-civ-spouse: -0.0362", "capital-gain: -0.0169", "age: -0.0153", "relationship_Husband: -0.0145", "occupation_Craft-repair: 0.0136", "marital-status_Never-married: -0.0123", "capital-loss: -0.0090", "fnlwgt: -0.0077", "workclass_Private: -0.0059"], "raw_top": {"education-num": -0.04124599213251734, "marital-status_Married-civ-spouse": -0.036156658226375045, "capital-gain": -0.016929131563839888, "age": -0.015307964654643966, "relationship_Husband": -0.014529560710114341, "occupation_Craft-repair": 0.01360398598126808, "marital-status_Never-married": -0.012308573643988147, "capital-loss": -0.008957679751338089, "fnlwgt": -0.0076599382906644975, "workclass_Private": -0.005903343138287114}}}