{"instance_id": 8287, "quadrant": "FP", "true_label": 0, "prediction": 1, "prediction_correct": false, "metrics": {"cost": 17035.74750601547, "sparsity": 0.09259259259259259, "fidelity": 0.9349231378561785, "faithfulness_gap": 0.4418450464943111, "stability": 0.9438699362280215}, "explanation": {"top_features": ["education-num: 0.1374", "age: -0.1212", "relationship_Wife: 0.1013", "fnlwgt: 0.0836", "marital-status_Married-civ-spouse: 0.0709", "occupation_Protective-serv: 0.0412", "hours-per-week: 0.0371", "education_Bachelors: 0.0162", "workclass_Private: 0.0135", "marital-status_Never-married: 0.0071"], "raw_top": {"education-num": 0.1373841220699255, "age": -0.1212488255932112, "relationship_Wife": 0.10128274710756545, "fnlwgt": 0.08361942846197644, "marital-status_Married-civ-spouse": 0.07088146032529478, "occupation_Protective-serv": 0.04120776181241029, "hours-per-week": 0.03705766633580665, "education_Bachelors": 0.016181826824565274, "workclass_Private": 0.01353736206362244, "marital-status_Never-married": 0.0070604627402451325}}}