{"instance_id": 8349, "quadrant": "FP", "true_label": 0, "prediction": 1, "prediction_correct": false, "metrics": {"cost": 16775.09380498668, "sparsity": 0.09259259259259259, "fidelity": 0.9442392107306268, "faithfulness_gap": 0.8027118821352329, "stability": 0.9857353464098049}, "explanation": {"top_features": ["capital-loss: 0.3259", "occupation_Exec-managerial: 0.1186", "marital-status_Married-civ-spouse: 0.1009", "age: 0.0618", "relationship_Husband: 0.0420", "education-num: 0.0197", "education_Some-college: 0.0099", "marital-status_Never-married: 0.0075", "relationship_Not-in-family: 0.0059", "relationship_Own-child: 0.0030"], "raw_top": {"capital-loss": 0.3259350725822505, "occupation_Exec-managerial": 0.11856834440522317, "marital-status_Married-civ-spouse": 0.10086205248833231, "age": 0.06178978337244401, "relationship_Husband": 0.04202545307149477, "education-num": 0.019672369384989404, "education_Some-college": 0.00985527804376392, "marital-status_Never-married": 0.0074734474786675, "relationship_Not-in-family": 0.005939270457833869, "relationship_Own-child": 0.0030055035977015754}}}