{"instance_id": 8369, "quadrant": "FP", "true_label": 0, "prediction": 1, "prediction_correct": false, "metrics": {"cost": 16549.421382020228, "sparsity": 0.09259259259259259, "fidelity": 0.9825736216573526, "faithfulness_gap": 0.6503938805877966, "stability": 0.9736131968484627}, "explanation": {"top_features": ["occupation_Exec-managerial: 0.2730", "marital-status_Married-civ-spouse: 0.0899", "age: 0.0819", "relationship_Husband: 0.0432", "education_Some-college: 0.0295", "education_HS-grad: 0.0194", "marital-status_Never-married: 0.0104", "education-num: 0.0098", "relationship_Not-in-family: 0.0033", "sex_Male: 0.0024"], "raw_top": {"occupation_Exec-managerial": 0.27304909176381825, "marital-status_Married-civ-spouse": 0.0898885970795614, "age": 0.08187453848695844, "relationship_Husband": 0.043222626142687195, "education_Some-college": 0.029504153917276555, "education_HS-grad": 0.019415267869002995, "marital-status_Never-married": 0.010401523392425404, "education-num": 0.009814503880678888, "relationship_Not-in-family": 0.0033065804224961933, "sex_Male": 0.0023678714729027384}}}