{"instance_id": 8483, "quadrant": "TN", "true_label": 0, "prediction": 0, "prediction_correct": true, "metrics": {"cost": 17257.53975502448, "sparsity": 0.09259259259259259, "fidelity": 0.6178742058028569, "faithfulness_gap": 0.0396839577720795, "stability": 0.8711384163442869}, "explanation": {"top_features": ["marital-status_Married-civ-spouse: -0.0348", "relationship_Husband: -0.0225", "capital-gain: -0.0197", "marital-status_Never-married: -0.0180", "occupation_Craft-repair: 0.0163", "capital-loss: -0.0128", "age: -0.0089", "education-num: -0.0077", "fnlwgt: -0.0033", "education_Bachelors: -0.0011"], "raw_top": {"marital-status_Married-civ-spouse": -0.03475625385722395, "relationship_Husband": -0.022538767622888284, "capital-gain": -0.019701681135103313, "marital-status_Never-married": -0.017953190989377494, "occupation_Craft-repair": 0.01634961144999616, "capital-loss": -0.012835245844578519, "age": -0.008866328340116747, "education-num": -0.007676212359876468, "fnlwgt": -0.0033343521636404706, "education_Bachelors": -0.0011200618417150088}}}