{"instance_id": 8568, "quadrant": "FN", "true_label": 1, "prediction": 0, "prediction_correct": false, "metrics": {"cost": 17196.10430696048, "sparsity": 0.09259259259259259, "fidelity": 0.799950574161667, "faithfulness_gap": 0.024611436453600685, "stability": 0.896149466221233}, "explanation": {"top_features": ["hours-per-week: -0.0415", "education-num: -0.0398", "relationship_Other-relative: -0.0299", "marital-status_Married-civ-spouse: 0.0242", "capital-loss: -0.0210", "relationship_Husband: -0.0195", "occupation_Sales: 0.0191", "capital-gain: -0.0183", "education_Bachelors: -0.0093", "education_HS-grad: -0.0047"], "raw_top": {"hours-per-week": -0.04147219487060323, "education-num": -0.039845967468807295, "relationship_Other-relative": -0.029888128986860055, "marital-status_Married-civ-spouse": 0.024150727929440615, "capital-loss": -0.02101380131417041, "relationship_Husband": -0.019525042199124543, "occupation_Sales": 0.01908742022137956, "capital-gain": -0.018273695020739243, "education_Bachelors": -0.009277109631842275, "education_HS-grad": -0.004702424117090931}}}