{"instance_id": 860, "quadrant": "TP", "true_label": 1, "prediction": 1, "prediction_correct": true, "metrics": {"cost": 38086.88240399351, "sparsity": 0.09259259259259259, "fidelity": 0.9813129609960352, "faithfulness_gap": 0.759278633836966, "stability": 0.9735405555906974}, "explanation": {"top_features": ["education-num: 0.1801", "occupation_Prof-specialty: 0.1646", "marital-status_Married-civ-spouse: 0.1099", "workclass_Federal-gov: 0.0670", "relationship_Husband: 0.0615", "age: 0.0551", "marital-status_Never-married: 0.0120", "relationship_Not-in-family: 0.0069", "relationship_Own-child: 0.0064", "education_Bachelors: 0.0049"], "raw_top": {"education-num": 0.18006476168827437, "occupation_Prof-specialty": 0.16457572312089916, "marital-status_Married-civ-spouse": 0.10987535120423667, "workclass_Federal-gov": 0.06696163262318065, "relationship_Husband": 0.06147252654624766, "age": 0.055057009142701716, "marital-status_Never-married": 0.011997954068929763, "relationship_Not-in-family": 0.006871870585477459, "relationship_Own-child": 0.006384899275202284, "education_Bachelors": 0.0049117819032911125}}}