{"instance_id": 8612, "quadrant": "FN", "true_label": 1, "prediction": 0, "prediction_correct": false, "metrics": {"cost": 17072.162354015745, "sparsity": 0.09259259259259259, "fidelity": 0.7937816857676732, "faithfulness_gap": 0.0038080948163942696, "stability": 0.502762143182002}, "explanation": {"top_features": ["marital-status_Married-civ-spouse: 0.0417", "capital-gain: -0.0316", "occupation_Sales: 0.0261", "capital-loss: -0.0259", "age: -0.0252", "education-num: -0.0241", "relationship_Husband: 0.0205", "education_Bachelors: -0.0201", "education_Some-college: -0.0198", "education_HS-grad: 0.0109"], "raw_top": {"marital-status_Married-civ-spouse": 0.04169706861988272, "capital-gain": -0.03159495002637897, "occupation_Sales": 0.0261073336325842, "capital-loss": -0.02587069481219746, "age": -0.025173781948373903, "education-num": -0.024087742946502847, "relationship_Husband": 0.02049765122888074, "education_Bachelors": -0.020076218301363597, "education_Some-college": -0.019766941708527906, "education_HS-grad": 0.010901208720876895}}}