{"instance_id": 863, "quadrant": "FP", "true_label": 0, "prediction": 1, "prediction_correct": false, "metrics": {"cost": 16727.04343200894, "sparsity": 0.09259259259259259, "fidelity": 0.9382049287649874, "faithfulness_gap": 0.405453028381844, "stability": 0.8734502447064559}, "explanation": {"top_features": ["capital-gain: 0.1709", "occupation_Protective-serv: 0.0806", "marital-status_Married-civ-spouse: 0.0720", "age: -0.0659", "workclass_Local-gov: 0.0468", "hours-per-week: 0.0312", "relationship_Husband: 0.0308", "workclass_Private: 0.0136", "fnlwgt: 0.0126", "marital-status_Never-married: 0.0088"], "raw_top": {"capital-gain": 0.17085594285259018, "occupation_Protective-serv": 0.08059202303157907, "marital-status_Married-civ-spouse": 0.07203833570730034, "age": -0.06593454341706734, "workclass_Local-gov": 0.04680377182697814, "hours-per-week": 0.031158782610933144, "relationship_Husband": 0.030796837049005155, "workclass_Private": 0.013645938536884826, "fnlwgt": 0.012646140969962857, "marital-status_Never-married": 0.008750166809355586}}}