{"instance_id": 8658, "quadrant": "FN", "true_label": 1, "prediction": 0, "prediction_correct": false, "metrics": {"cost": 17233.20204700576, "sparsity": 0.09259259259259259, "fidelity": 0.8538902253618875, "faithfulness_gap": 0.04789589776305554, "stability": 0.7805431780640656}, "explanation": {"top_features": ["education-num: -0.0492", "age: -0.0318", "capital-gain: -0.0290", "marital-status_Married-civ-spouse: 0.0269", "capital-loss: -0.0195", "relationship_Husband: 0.0140", "hours-per-week: 0.0101", "education_Bachelors: -0.0095", "occupation_Craft-repair: -0.0031", "education_HS-grad: -0.0030"], "raw_top": {"education-num": -0.04924072823810073, "age": -0.0318403767872534, "capital-gain": -0.0289879840631356, "marital-status_Married-civ-spouse": 0.02693220137658259, "capital-loss": -0.01951742657939353, "relationship_Husband": 0.013987786997229862, "hours-per-week": 0.01005431142584578, "education_Bachelors": -0.009481285464183533, "occupation_Craft-repair": -0.003051373228947149, "education_HS-grad": -0.0029904143721664264}}}