{"instance_id": 8686, "quadrant": "FN", "true_label": 1, "prediction": 0, "prediction_correct": false, "metrics": {"cost": 17147.44515303755, "sparsity": 0.09259259259259259, "fidelity": 0.9293777821632093, "faithfulness_gap": 0.20431452946238124, "stability": 0.9376104862993887}, "explanation": {"top_features": ["occupation_Exec-managerial: 0.1669", "workclass_Self-emp-not-inc: -0.1111", "marital-status_Married-civ-spouse: 0.0649", "age: 0.0585", "workclass_Private: -0.0488", "fnlwgt: -0.0459", "relationship_Husband: 0.0409", "hours-per-week: 0.0344", "capital-gain: -0.0276", "capital-loss: -0.0176"], "raw_top": {"occupation_Exec-managerial": 0.16691736512920768, "workclass_Self-emp-not-inc": -0.11106170158341286, "marital-status_Married-civ-spouse": 0.06488292292801029, "age": 0.0585298145582061, "workclass_Private": -0.04879182574999048, "fnlwgt": -0.04590834848718429, "relationship_Husband": 0.04088616661409294, "hours-per-week": 0.03439716946880997, "capital-gain": -0.02759222503767828, "capital-loss": -0.017636705619693827}}}