{"instance_id": 8717, "quadrant": "TP", "true_label": 1, "prediction": 1, "prediction_correct": true, "metrics": {"cost": 39344.166930997744, "sparsity": 0.09259259259259259, "fidelity": 0.9959347091692948, "faithfulness_gap": 0.7426235910064982, "stability": 0.9966209539486263}, "explanation": {"top_features": ["capital-gain: 0.6466", "education-num: 0.0773", "occupation_Sales: 0.0629", "marital-status_Married-civ-spouse: -0.0578", "relationship_Husband: -0.0365", "marital-status_Never-married: -0.0328", "hours-per-week: 0.0268", "fnlwgt: -0.0251", "age: 0.0220", "relationship_Not-in-family: -0.0209"], "raw_top": {"capital-gain": 0.6465925363903217, "education-num": 0.077348409758053, "occupation_Sales": 0.06291165029396542, "marital-status_Married-civ-spouse": -0.05782497765943629, "relationship_Husband": -0.036504659353520486, "marital-status_Never-married": -0.03282303156650617, "hours-per-week": 0.026831607795518797, "fnlwgt": -0.025078976296557816, "age": 0.02203077757266736, "relationship_Not-in-family": -0.020861762913690168}}}