{"instance_id": 8752, "quadrant": "FP", "true_label": 0, "prediction": 1, "prediction_correct": false, "metrics": {"cost": 17509.850597998593, "sparsity": 0.09259259259259259, "fidelity": 0.9273242766060308, "faithfulness_gap": 0.49033157130802063, "stability": 0.9345694738806725}, "explanation": {"top_features": ["occupation_Prof-specialty: 0.1451", "marital-status_Married-civ-spouse: 0.0834", "age: 0.0726", "fnlwgt: 0.0304", "relationship_Husband: 0.0242", "education_HS-grad: 0.0238", "education_Some-college: 0.0128", "marital-status_Never-married: 0.0041", "relationship_Not-in-family: 0.0034", "education-num: 0.0034"], "raw_top": {"occupation_Prof-specialty": 0.14509578937380904, "marital-status_Married-civ-spouse": 0.08340163416114123, "age": 0.0725586716681239, "fnlwgt": 0.030390885130610685, "relationship_Husband": 0.0242321294638842, "education_HS-grad": 0.02376670814535531, "education_Some-college": 0.0128208906800016, "marital-status_Never-married": 0.0041147707050990575, "relationship_Not-in-family": 0.0034375349355755813, "education-num": 0.003427236421353075}}}