{"instance_id": 8767, "quadrant": "FP", "true_label": 0, "prediction": 1, "prediction_correct": false, "metrics": {"cost": 17024.10229697125, "sparsity": 0.09259259259259259, "fidelity": 0.9828226817772783, "faithfulness_gap": 0.4025367904457925, "stability": 0.9788774034279808}, "explanation": {"top_features": ["capital-loss: 0.2716", "occupation_Machine-op-inspct: -0.1214", "marital-status_Married-civ-spouse: 0.0906", "age: 0.0631", "education-num: -0.0529", "relationship_Husband: 0.0431", "capital-gain: -0.0187", "marital-status_Never-married: 0.0092", "education_HS-grad: 0.0087", "relationship_Not-in-family: 0.0072"], "raw_top": {"capital-loss": 0.27159058011755116, "occupation_Machine-op-inspct": -0.12139726342360445, "marital-status_Married-civ-spouse": 0.09060303027101245, "age": 0.06307580938382736, "education-num": -0.05292071469932029, "relationship_Husband": 0.04305970195051871, "capital-gain": -0.018664741206420022, "marital-status_Never-married": 0.00916789152001933, "education_HS-grad": 0.008686623106650502, "relationship_Not-in-family": 0.007248055617878446}}}