{"instance_id": 8774, "quadrant": "TN", "true_label": 0, "prediction": 0, "prediction_correct": true, "metrics": {"cost": 17359.12591498345, "sparsity": 0.09259259259259259, "fidelity": 0.45521158286315233, "faithfulness_gap": 0.06578637233028092, "stability": 0.8985342992419062}, "explanation": {"top_features": ["marital-status_Married-civ-spouse: -0.0359", "age: -0.0350", "education-num: -0.0201", "capital-gain: -0.0178", "relationship_Husband: -0.0172", "occupation_Craft-repair: 0.0172", "marital-status_Never-married: -0.0137", "capital-loss: -0.0097", "hours-per-week: -0.0036", "education_Bachelors: -0.0015"], "raw_top": {"marital-status_Married-civ-spouse": -0.035926457997347956, "age": -0.03501507154862817, "education-num": -0.020085668218446137, "capital-gain": -0.017794145591228196, "relationship_Husband": -0.017200531291011803, "occupation_Craft-repair": 0.017174409511328002, "marital-status_Never-married": -0.013671807952080998, "capital-loss": -0.009708754901563955, "hours-per-week": -0.0035666567334980206, "education_Bachelors": -0.0015080101954276504}}}