{"instance_id": 8815, "quadrant": "FP", "true_label": 0, "prediction": 1, "prediction_correct": false, "metrics": {"cost": 17614.114841038827, "sparsity": 0.09259259259259259, "fidelity": 0.986826089645674, "faithfulness_gap": 0.5685332124791318, "stability": 0.9633372150019259}, "explanation": {"top_features": ["education-num: 0.2655", "marital-status_Married-civ-spouse: 0.0877", "native-country_Philippines: 0.0785", "occupation_Adm-clerical: 0.0600", "native-country_United-States: -0.0597", "relationship_Husband: 0.0539", "age: 0.0253", "race_Asian-Pac-Islander: 0.0198", "marital-status_Never-married: 0.0149", "education_HS-grad: 0.0053"], "raw_top": {"education-num": 0.2654660689671709, "marital-status_Married-civ-spouse": 0.08772447269828555, "native-country_Philippines": 0.07853584713662405, "occupation_Adm-clerical": 0.0600261204600684, "native-country_United-States": -0.059698798875108074, "relationship_Husband": 0.053897238567549306, "age": 0.025349010296833462, "race_Asian-Pac-Islander": 0.019832965952380762, "marital-status_Never-married": 0.014878715877647077, "education_HS-grad": 0.005279096295695895}}}