{"instance_id": 8864, "quadrant": "TP", "true_label": 1, "prediction": 1, "prediction_correct": true, "metrics": {"cost": 47529.140912985895, "sparsity": 0.09259259259259259, "fidelity": 0.9855608244139351, "faithfulness_gap": 0.6561389660670568, "stability": 0.9551299888872508}, "explanation": {"top_features": ["occupation_Exec-managerial: 0.2566", "marital-status_Married-civ-spouse: 0.0960", "hours-per-week: 0.0547", "age: 0.0493", "relationship_Husband: 0.0462", "education_HS-grad: 0.0237", "fnlwgt: 0.0193", "education_Some-college: 0.0187", "marital-status_Never-married: 0.0135", "education-num: 0.0125"], "raw_top": {"occupation_Exec-managerial": 0.2566439477911711, "marital-status_Married-civ-spouse": 0.0959678579064819, "hours-per-week": 0.05467449509335937, "age": 0.0493285219104399, "relationship_Husband": 0.04615124482012628, "education_HS-grad": 0.02374979362524979, "fnlwgt": 0.019252672810367077, "education_Some-college": 0.01873327934976164, "marital-status_Never-married": 0.013534707950973305, "education-num": 0.012490242908299032}}}