{"instance_id": 8939, "quadrant": "TP", "true_label": 1, "prediction": 1, "prediction_correct": true, "metrics": {"cost": 42849.82658401714, "sparsity": 0.09259259259259259, "fidelity": 0.9976441948854914, "faithfulness_gap": 0.8413302289487056, "stability": 0.9992699301508104}, "explanation": {"top_features": ["capital-gain: 0.7024", "marital-status_Married-civ-spouse: 0.0333", "occupation_Protective-serv: 0.0327", "education-num: -0.0275", "workclass_Local-gov: 0.0156", "relationship_Husband: 0.0138", "education_HS-grad: -0.0093", "capital-loss: -0.0085", "age: 0.0078", "marital-status_Never-married: 0.0047"], "raw_top": {"capital-gain": 0.7024026404080385, "marital-status_Married-civ-spouse": 0.03330505147569656, "occupation_Protective-serv": 0.03266744036972084, "education-num": -0.02746431964294127, "workclass_Local-gov": 0.015586533495976376, "relationship_Husband": 0.013848144980868362, "education_HS-grad": -0.009250213532853935, "capital-loss": -0.008537839476592864, "age": 0.007841778430639062, "marital-status_Never-married": 0.004745792348038355}}}