{"instance_id": 8998, "quadrant": "FN", "true_label": 1, "prediction": 0, "prediction_correct": false, "metrics": {"cost": 16624.192631978076, "sparsity": 0.09259259259259259, "fidelity": 0.8616104438846763, "faithfulness_gap": 0.00405023630426099, "stability": 0.850170822876304}, "explanation": {"top_features": ["age: -0.0739", "relationship_Wife: 0.0627", "marital-status_Married-civ-spouse: 0.0292", "capital-loss: -0.0240", "capital-gain: -0.0234", "occupation_nan: -0.0211", "relationship_Husband: -0.0207", "workclass_nan: -0.0203", "education_Some-college: -0.0195", "education-num: -0.0187"], "raw_top": {"age": -0.07389938776946214, "relationship_Wife": 0.0627102432968527, "marital-status_Married-civ-spouse": 0.029153417627804518, "capital-loss": -0.02397552821938457, "capital-gain": -0.023374537427801483, "occupation_nan": -0.021123086038927173, "relationship_Husband": -0.0207173274055741, "workclass_nan": -0.020302154794120883, "education_Some-college": -0.01946714428894568, "education-num": -0.018689052766022594}}}