{"instance_id": 9003, "quadrant": "TP", "true_label": 1, "prediction": 1, "prediction_correct": true, "metrics": {"cost": 50206.72929304419, "sparsity": 0.09259259259259259, "fidelity": 0.7755819881594477, "faithfulness_gap": 0.7334119058331547, "stability": 0.9762529255638139}, "explanation": {"top_features": ["education-num: 0.1759", "capital-loss: 0.1332", "marital-status_Married-civ-spouse: 0.1197", "occupation_Exec-managerial: 0.1087", "relationship_Husband: 0.0467", "age: 0.0338", "marital-status_Never-married: 0.0143", "hours-per-week: 0.0090", "relationship_Not-in-family: 0.0079", "relationship_Own-child: 0.0063"], "raw_top": {"education-num": 0.17587706266172978, "capital-loss": 0.13322275809997036, "marital-status_Married-civ-spouse": 0.11972137712261019, "occupation_Exec-managerial": 0.10872949627293596, "relationship_Husband": 0.04674434451302779, "age": 0.03377656213616135, "marital-status_Never-married": 0.014295300219868138, "hours-per-week": 0.009008175109655507, "relationship_Not-in-family": 0.007908901575938291, "relationship_Own-child": 0.006346717339706043}}}