{"instance_id": 9006, "quadrant": "FN", "true_label": 1, "prediction": 0, "prediction_correct": false, "metrics": {"cost": 16543.721184018068, "sparsity": 0.09259259259259259, "fidelity": 0.8106249293295417, "faithfulness_gap": 0.12233825290378544, "stability": 0.8887923601214047}, "explanation": {"top_features": ["education-num: -0.0878", "occupation_Handlers-cleaners: -0.0378", "marital-status_Married-civ-spouse: 0.0245", "capital-gain: -0.0224", "education_9th: 0.0185", "relationship_Husband: 0.0161", "capital-loss: -0.0147", "age: 0.0109", "education_Bachelors: -0.0044", "marital-status_Never-married: 0.0031"], "raw_top": {"education-num": -0.08782579862465317, "occupation_Handlers-cleaners": -0.0377889815638755, "marital-status_Married-civ-spouse": 0.024482736283319328, "capital-gain": -0.022445704782974404, "education_9th": 0.0184664788978413, "relationship_Husband": 0.01610137814616789, "capital-loss": -0.014704132178889374, "age": 0.01091604127851752, "education_Bachelors": -0.00444553713807448, "marital-status_Never-married": 0.0030611326635238134}}}