{"instance_id": 9022, "quadrant": "FN", "true_label": 1, "prediction": 0, "prediction_correct": false, "metrics": {"cost": 16730.60914600501, "sparsity": 0.09259259259259259, "fidelity": 0.9363933501224031, "faithfulness_gap": 0.012211512683065195, "stability": 0.9332756364370538}, "explanation": {"top_features": ["occupation_Other-service: -0.1189", "education-num: 0.0760", "native-country_United-States: -0.0493", "marital-status_Married-civ-spouse: 0.0420", "relationship_Husband: 0.0268", "capital-gain: -0.0240", "capital-loss: -0.0213", "age: -0.0112", "hours-per-week: -0.0094", "race_White: -0.0084"], "raw_top": {"occupation_Other-service": -0.1188800062403207, "education-num": 0.07600985725280071, "native-country_United-States": -0.04932624878439032, "marital-status_Married-civ-spouse": 0.042033249475263934, "relationship_Husband": 0.02678213785590147, "capital-gain": -0.02404482250668239, "capital-loss": -0.021260915344576196, "age": -0.011234946303835045, "hours-per-week": -0.009421571211204863, "race_White": -0.008395177568051497}}}