{"instance_id": 9160, "quadrant": "TP", "true_label": 1, "prediction": 1, "prediction_correct": true, "metrics": {"cost": 39454.27967997966, "sparsity": 0.09259259259259259, "fidelity": 0.9862473399708396, "faithfulness_gap": 0.7279728176512149, "stability": 0.9693702211539278}, "explanation": {"top_features": ["occupation_Exec-managerial: 0.2104", "education-num: 0.1774", "marital-status_Married-civ-spouse: 0.1107", "relationship_Husband: 0.0607", "education_Bachelors: 0.0232", "age: 0.0190", "education_HS-grad: 0.0178", "marital-status_Never-married: 0.0128", "relationship_Own-child: 0.0067", "relationship_Not-in-family: 0.0063"], "raw_top": {"occupation_Exec-managerial": 0.21037354638527617, "education-num": 0.17740018668425225, "marital-status_Married-civ-spouse": 0.11065528009469751, "relationship_Husband": 0.060726446091315764, "education_Bachelors": 0.02320758733733264, "age": 0.019032567732849174, "education_HS-grad": 0.017774517273786254, "marital-status_Never-married": 0.012832022802600394, "relationship_Own-child": 0.006679989894936567, "relationship_Not-in-family": 0.006319405922849331}}}