{"instance_id": 9161, "quadrant": "FP", "true_label": 0, "prediction": 1, "prediction_correct": false, "metrics": {"cost": 16773.033651988953, "sparsity": 0.09259259259259259, "fidelity": 0.9838074394863067, "faithfulness_gap": 0.46123849399307404, "stability": 0.9345822938100778}, "explanation": {"top_features": ["occupation_Exec-managerial: 0.2281", "marital-status_Married-civ-spouse: 0.0870", "age: -0.0839", "education-num: 0.0613", "hours-per-week: 0.0512", "relationship_Husband: 0.0380", "capital-gain: -0.0329", "education_HS-grad: 0.0214", "marital-status_Never-married: 0.0132", "fnlwgt: 0.0058"], "raw_top": {"occupation_Exec-managerial": 0.2280980774580786, "marital-status_Married-civ-spouse": 0.08702334222135934, "age": -0.08392101998947513, "education-num": 0.06127322488440071, "hours-per-week": 0.05120600355118396, "relationship_Husband": 0.038018803792126965, "capital-gain": -0.03288483177503274, "education_HS-grad": 0.021419889028832295, "marital-status_Never-married": 0.013184974956582808, "fnlwgt": 0.005757807581555807}}}