{"instance_id": 9204, "quadrant": "FP", "true_label": 0, "prediction": 1, "prediction_correct": false, "metrics": {"cost": 16832.63075602008, "sparsity": 0.09259259259259259, "fidelity": 0.9755766519299364, "faithfulness_gap": 0.46183248615975314, "stability": 0.9874119757616314}, "explanation": {"top_features": ["capital-loss: 0.3645", "occupation_Machine-op-inspct: -0.1027", "marital-status_Married-civ-spouse: 0.1000", "age: 0.0588", "education-num: -0.0469", "relationship_Husband: 0.0440", "workclass_Local-gov: -0.0432", "capital-gain: -0.0141", "workclass_Private: -0.0138", "marital-status_Never-married: 0.0125"], "raw_top": {"capital-loss": 0.3645470813380943, "occupation_Machine-op-inspct": -0.10271385216730874, "marital-status_Married-civ-spouse": 0.09998259089145517, "age": 0.058781266170892923, "education-num": -0.04694015136295413, "relationship_Husband": 0.04398585569927961, "workclass_Local-gov": -0.04324212466339513, "capital-gain": -0.014070633435556491, "workclass_Private": -0.013836320580640042, "marital-status_Never-married": 0.012466680873290337}}}