{"instance_id": 927, "quadrant": "TP", "true_label": 1, "prediction": 1, "prediction_correct": true, "metrics": {"cost": 42055.210792052094, "sparsity": 0.09259259259259259, "fidelity": 0.9866451034264506, "faithfulness_gap": 0.7375222777150501, "stability": 0.9755115191461369}, "explanation": {"top_features": ["capital-gain: 0.2877", "education-num: 0.1238", "marital-status_Married-civ-spouse: 0.0879", "occupation_Sales: 0.0482", "relationship_Husband: 0.0442", "workclass_Self-emp-inc: 0.0381", "hours-per-week: 0.0320", "age: 0.0143", "education_HS-grad: 0.0109", "marital-status_Never-married: 0.0094"], "raw_top": {"capital-gain": 0.28771539013149755, "education-num": 0.12377524862016213, "marital-status_Married-civ-spouse": 0.08794715818764932, "occupation_Sales": 0.048170010116556417, "relationship_Husband": 0.04420598641101592, "workclass_Self-emp-inc": 0.038084124520643164, "hours-per-week": 0.032001854079126923, "age": 0.014259965457305577, "education_HS-grad": 0.010940989205913888, "marital-status_Never-married": 0.009383356793911557}}}