{"instance_id": 9294, "quadrant": "FP", "true_label": 0, "prediction": 1, "prediction_correct": false, "metrics": {"cost": 17389.868221012875, "sparsity": 0.09259259259259259, "fidelity": 0.9665715027571169, "faithfulness_gap": 0.3626706774731382, "stability": 0.9135881331105151}, "explanation": {"top_features": ["occupation_Exec-managerial: 0.1984", "marital-status_Married-civ-spouse: 0.0816", "age: -0.0809", "hours-per-week: 0.0505", "relationship_Husband: 0.0406", "capital-gain: -0.0342", "education_HS-grad: 0.0246", "fnlwgt: 0.0105", "marital-status_Never-married: 0.0090", "education_Some-college: 0.0073"], "raw_top": {"occupation_Exec-managerial": 0.19839950685141536, "marital-status_Married-civ-spouse": 0.08163727421322597, "age": -0.0808526866711637, "hours-per-week": 0.05054743438827982, "relationship_Husband": 0.0406082682528452, "capital-gain": -0.03417832395530309, "education_HS-grad": 0.02457756284806733, "fnlwgt": 0.010522022888677244, "marital-status_Never-married": 0.008977090255303353, "education_Some-college": 0.00731821352175982}}}