{"instance_id": 9329, "quadrant": "FN", "true_label": 1, "prediction": 0, "prediction_correct": false, "metrics": {"cost": 16456.170657998882, "sparsity": 0.09259259259259259, "fidelity": 0.8794143377185911, "faithfulness_gap": 0.03525293957011652, "stability": 0.9472337682461364}, "explanation": {"top_features": ["occupation_Exec-managerial: 0.1135", "workclass_Self-emp-not-inc: -0.0984", "workclass_Private: -0.0421", "marital-status_Married-civ-spouse: 0.0410", "relationship_Husband: 0.0271", "education_Some-college: 0.0249", "age: 0.0212", "capital-gain: -0.0197", "capital-loss: -0.0185", "hours-per-week: -0.0173"], "raw_top": {"occupation_Exec-managerial": 0.11353734184418862, "workclass_Self-emp-not-inc": -0.09843138616006368, "workclass_Private": -0.04205275405856341, "marital-status_Married-civ-spouse": 0.04102534996918451, "relationship_Husband": 0.027128876261282027, "education_Some-college": 0.02493081324486474, "age": 0.021187400255492404, "capital-gain": -0.019698294184455654, "capital-loss": -0.018515775948402712, "hours-per-week": -0.017301019236873424}}}