{"instance_id": 9384, "quadrant": "TP", "true_label": 1, "prediction": 1, "prediction_correct": true, "metrics": {"cost": 44633.723325969186, "sparsity": 0.09259259259259259, "fidelity": 0.9877797362765501, "faithfulness_gap": 0.6412200532308254, "stability": 0.9685051249723756}, "explanation": {"top_features": ["capital-gain: 0.4105", "occupation_Other-service: -0.0979", "workclass_Federal-gov: 0.0833", "relationship_Wife: 0.0824", "marital-status_Married-civ-spouse: 0.0823", "education-num: -0.0370", "fnlwgt: 0.0330", "relationship_Husband: -0.0289", "marital-status_Never-married: 0.0123", "capital-loss: -0.0102"], "raw_top": {"capital-gain": 0.4105441963438637, "occupation_Other-service": -0.09786911792988712, "workclass_Federal-gov": 0.0832595538555035, "relationship_Wife": 0.0824291422099464, "marital-status_Married-civ-spouse": 0.0822876539924388, "education-num": -0.036965217157416304, "fnlwgt": 0.032958209502184393, "relationship_Husband": -0.028882933623245295, "marital-status_Never-married": 0.012328783668493607, "capital-loss": -0.010241626408855065}}}