{"instance_id": 9461, "quadrant": "FP", "true_label": 0, "prediction": 1, "prediction_correct": false, "metrics": {"cost": 17651.73581399722, "sparsity": 0.09259259259259259, "fidelity": 0.9810636938422488, "faithfulness_gap": 0.7244843051342837, "stability": 0.9666091029460101}, "explanation": {"top_features": ["education-num: 0.2075", "relationship_Wife: 0.1607", "occupation_Prof-specialty: 0.1415", "marital-status_Married-civ-spouse: 0.0914", "age: 0.0226", "education_Masters: 0.0082", "native-country_England: 0.0056", "education_HS-grad: 0.0048", "marital-status_Never-married: 0.0046", "hours-per-week: 0.0032"], "raw_top": {"education-num": 0.20752724713312287, "relationship_Wife": 0.1606924276973261, "occupation_Prof-specialty": 0.1414633962113982, "marital-status_Married-civ-spouse": 0.09138821939688432, "age": 0.022579335312781543, "education_Masters": 0.008214448377675366, "native-country_England": 0.005636719598035801, "education_HS-grad": 0.004844970868221993, "marital-status_Never-married": 0.004596315424349739, "hours-per-week": 0.0032354719496134887}}}