{"instance_id": 9476, "quadrant": "FN", "true_label": 1, "prediction": 0, "prediction_correct": false, "metrics": {"cost": 16569.447341025807, "sparsity": 0.09259259259259259, "fidelity": 0.8744278770172518, "faithfulness_gap": 0.0683513941456958, "stability": 0.8123484475523389}, "explanation": {"top_features": ["occupation_Transport-moving: -0.0436", "education-num: -0.0435", "marital-status_Married-civ-spouse: 0.0328", "capital-gain: -0.0307", "capital-loss: -0.0263", "relationship_Husband: 0.0177", "hours-per-week: 0.0173", "marital-status_Never-married: 0.0069", "education_HS-grad: -0.0067", "education_Bachelors: -0.0060"], "raw_top": {"occupation_Transport-moving": -0.043646537593610445, "education-num": -0.04353916323009587, "marital-status_Married-civ-spouse": 0.032756785292521524, "capital-gain": -0.03066474136191741, "capital-loss": -0.026256197923294224, "relationship_Husband": 0.017650008470155385, "hours-per-week": 0.017273957270537866, "marital-status_Never-married": 0.0069148989914905035, "education_HS-grad": -0.006667064413664873, "education_Bachelors": -0.0059777706377107725}}}