{"instance_id": 95, "quadrant": "FP", "true_label": 0, "prediction": 1, "prediction_correct": false, "metrics": {"cost": 17337.281156971585, "sparsity": 0.09259259259259259, "fidelity": 0.9637442106189718, "faithfulness_gap": 0.699545784076876, "stability": 0.973876624413216}, "explanation": {"top_features": ["occupation_Exec-managerial: 0.1821", "education-num: 0.1689", "marital-status_Married-civ-spouse: 0.1098", "relationship_Husband: 0.0528", "age: 0.0523", "marital-status_Never-married: 0.0134", "education_HS-grad: 0.0128", "workclass_State-gov: 0.0069", "education_Bachelors: 0.0044", "relationship_Own-child: 0.0015"], "raw_top": {"occupation_Exec-managerial": 0.18213346022657118, "education-num": 0.16893301650956188, "marital-status_Married-civ-spouse": 0.10983063638084162, "relationship_Husband": 0.05279566758571064, "age": 0.05226386693355973, "marital-status_Never-married": 0.013397262975615234, "education_HS-grad": 0.01281820487971656, "workclass_State-gov": 0.006857080725083124, "education_Bachelors": 0.00443474399775193, "relationship_Own-child": 0.0015113651806293316}}}