{"instance_id": 9540, "quadrant": "TN", "true_label": 0, "prediction": 0, "prediction_correct": true, "metrics": {"cost": 16896.57459699083, "sparsity": 0.09259259259259259, "fidelity": 0.6048853519591273, "faithfulness_gap": 0.03383178993029015, "stability": 0.9023382880925533}, "explanation": {"top_features": ["marital-status_Married-civ-spouse: -0.0364", "education-num: -0.0211", "relationship_Husband: -0.0189", "occupation_Machine-op-inspct: -0.0172", "capital-gain: -0.0166", "age: -0.0105", "marital-status_Divorced: -0.0086", "relationship_Own-child: -0.0078", "capital-loss: -0.0063", "hours-per-week: -0.0025"], "raw_top": {"marital-status_Married-civ-spouse": -0.03641385294052447, "education-num": -0.021069497500653813, "relationship_Husband": -0.018929695194546157, "occupation_Machine-op-inspct": -0.017174815139764644, "capital-gain": -0.016577246639825315, "age": -0.01047095460142512, "marital-status_Divorced": -0.008610372256178505, "relationship_Own-child": -0.007817024501184372, "capital-loss": -0.006307705169078595, "hours-per-week": -0.002458082547483753}}}