{"instance_id": 9631, "quadrant": "TN", "true_label": 0, "prediction": 0, "prediction_correct": true, "metrics": {"cost": 17135.1725369459, "sparsity": 0.09259259259259259, "fidelity": 0.49980425512670656, "faithfulness_gap": 0.014360777325896454, "stability": 0.9059277350803892}, "explanation": {"top_features": ["marital-status_Married-civ-spouse: -0.0274", "education-num: -0.0202", "occupation_Farming-fishing: -0.0160", "relationship_Husband: -0.0150", "capital-gain: -0.0140", "marital-status_Never-married: -0.0110", "workclass_Private: -0.0109", "capital-loss: -0.0073", "age: -0.0065", "relationship_Unmarried: -0.0053"], "raw_top": {"marital-status_Married-civ-spouse": -0.027373629170762692, "education-num": -0.020179974559974258, "occupation_Farming-fishing": -0.015979388513888085, "relationship_Husband": -0.014962713711333496, "capital-gain": -0.013953743058622223, "marital-status_Never-married": -0.01096337086396219, "workclass_Private": -0.010945242912076344, "capital-loss": -0.007342166655159506, "age": -0.006495203279505973, "relationship_Unmarried": -0.005251314177277672}}}