{"instance_id": 9645, "quadrant": "FN", "true_label": 1, "prediction": 0, "prediction_correct": false, "metrics": {"cost": 16550.335626991, "sparsity": 0.09259259259259259, "fidelity": 0.8955446716753539, "faithfulness_gap": 0.052246355903485975, "stability": 0.8141117680214495}, "explanation": {"top_features": ["education-num: -0.0521", "occupation_Transport-moving: -0.0393", "marital-status_Married-civ-spouse: 0.0381", "capital-gain: -0.0297", "capital-loss: -0.0257", "fnlwgt: 0.0219", "education_HS-grad: -0.0144", "age: 0.0138", "relationship_Husband: 0.0129", "workclass_Local-gov: 0.0071"], "raw_top": {"education-num": -0.05210073575859008, "occupation_Transport-moving": -0.03932612478722929, "marital-status_Married-civ-spouse": 0.03805183963975736, "capital-gain": -0.029682993196390804, "capital-loss": -0.025746239112864663, "fnlwgt": 0.021935642540224978, "education_HS-grad": -0.014414011390424848, "age": 0.013828246427942534, "relationship_Husband": 0.012863856396728669, "workclass_Local-gov": 0.007128528563342784}}}