{"instance_id": 9727, "quadrant": "TP", "true_label": 1, "prediction": 1, "prediction_correct": true, "metrics": {"cost": 40032.5427550124, "sparsity": 0.09259259259259259, "fidelity": 0.9655978048385574, "faithfulness_gap": 0.645808158186771, "stability": 0.9640365639396369}, "explanation": {"top_features": ["education-num: 0.2018", "occupation_Prof-specialty: 0.1308", "marital-status_Married-civ-spouse: 0.0980", "relationship_Husband: 0.0673", "education_Bachelors: 0.0304", "age: 0.0199", "marital-status_Never-married: 0.0161", "education_HS-grad: 0.0133", "relationship_Own-child: 0.0065", "relationship_Not-in-family: 0.0039"], "raw_top": {"education-num": 0.20176988012392105, "occupation_Prof-specialty": 0.13083002663269097, "marital-status_Married-civ-spouse": 0.09796385618850012, "relationship_Husband": 0.06733750432756465, "education_Bachelors": 0.03044857108351593, "age": 0.019869348345397574, "marital-status_Never-married": 0.016091667983271687, "education_HS-grad": 0.013346701533035877, "relationship_Own-child": 0.006506916503379756, "relationship_Not-in-family": 0.003858668263614695}}}