{"instance_id": 9750, "quadrant": "TN", "true_label": 0, "prediction": 0, "prediction_correct": true, "metrics": {"cost": 17442.657742998563, "sparsity": 0.09259259259259259, "fidelity": 0.8603787008788037, "faithfulness_gap": 0.01656865810681274, "stability": 0.7471437564400809}, "explanation": {"top_features": ["education-num: -0.0557", "marital-status_Married-civ-spouse: 0.0333", "capital-gain: -0.0309", "capital-loss: -0.0236", "relationship_Husband: 0.0137", "education_HS-grad: -0.0119", "occupation_Craft-repair: -0.0114", "age: 0.0112", "education_Bachelors: -0.0086", "hours-per-week: -0.0029"], "raw_top": {"education-num": -0.05574097395534105, "marital-status_Married-civ-spouse": 0.033260012367602836, "capital-gain": -0.030913409932782444, "capital-loss": -0.023626842136894855, "relationship_Husband": 0.01374326676675786, "education_HS-grad": -0.011890828535570882, "occupation_Craft-repair": -0.011445836250052521, "age": 0.01124462950494744, "education_Bachelors": -0.00856795132652025, "hours-per-week": -0.0029024759006032047}}}