score_dimension,mean_visible_minus_hidden,median_visible_minus_hidden,n_pairs
clarity,-0.3715277777777778,0.0,576
completeness,-0.1440972222222222,0.0,576
concision,-0.3454861111111111,0.0,576
semantic_plausibility,-0.6163194444444444,-1.0,576
audit_usefulness,-0.171875,0.0,576
actionability,-0.15104166666666666,0.0,576
overall_quality,-0.17708333333333334,0.0,576
