score_dimension,mean_visible_minus_hidden,median_visible_minus_hidden,n_pairs
clarity,-0.2893401015228426,0.0,197
completeness,-0.1116751269035533,0.0,197
concision,-0.16751269035532995,0.0,197
semantic_plausibility,-0.5228426395939086,0.0,197
audit_usefulness,-0.14213197969543148,0.0,197
actionability,-0.1116751269035533,0.0,197
overall_quality,-0.13705583756345177,0.0,197
