score_dimension,mean_visible_minus_hidden,median_visible_minus_hidden,n_pairs
clarity,-0.058823529411764705,0.0,17
completeness,-0.058823529411764705,0.0,17
concision,0.11764705882352941,0.0,17
semantic_plausibility,-0.29411764705882354,0.0,17
audit_usefulness,0.0,0.0,17
actionability,-0.058823529411764705,0.0,17
overall_quality,-0.058823529411764705,0.0,17
