dataset,model,seed,intensity,instance_id,prediction,lime_lime.top5_jaccard,lime_lime.top10_jaccard,lime_lime.kendall_tau_b,shap_shap.top5_jaccard,shap_shap.top10_jaccard,shap_shap.kendall_tau_b,shap_lime_stored.top5_jaccard,shap_lime_stored.top10_jaccard,shap_lime_stored.kendall_tau_b,lime_rerun_vs_stored.top5_jaccard,lime_rerun_vs_stored.top10_jaccard,lime_rerun_vs_stored.kendall_tau_b,shap_rerun_vs_stored.top5_jaccard,shap_rerun_vs_stored.top10_jaccard,shap_rerun_vs_stored.kendall_tau_b
breast_cancer,rf,123,not_applicable,12,1,0.6666666666666666,1.0,0.7333333333333333,1.0,1.0,0.9555555555555554,0.42857142857142855,0.5384615384615384,0.2933333333333333,1.0,1.0,0.9555555555555554,1.0,0.8181818181818182,0.7818181818181819
breast_cancer,rf,123,not_applicable,93,0,0.6666666666666666,0.8181818181818182,0.8181818181818182,1.0,0.8181818181818182,0.7090909090909091,0.42857142857142855,0.6666666666666666,0.33846153846153854,0.6666666666666666,0.6666666666666666,0.7076923076923078,1.0,0.8181818181818182,0.8545454545454545
breast_cancer,rf,123,not_applicable,67,1,0.6666666666666666,0.8181818181818182,0.7818181818181819,1.0,1.0,0.911111111111111,0.6666666666666666,0.6666666666666666,0.5846153846153846,0.6666666666666666,0.8181818181818182,0.7090909090909091,1.0,1.0,0.6444444444444444
breast_cancer,rf,123,not_applicable,19,1,0.42857142857142855,0.8181818181818182,0.2727272727272727,0.6666666666666666,1.0,0.8666666666666666,0.42857142857142855,0.42857142857142855,0.29411764705882354,0.42857142857142855,0.6666666666666666,0.4000000000000001,1.0,0.8181818181818182,0.8909090909090909
breast_cancer,rf,123,not_applicable,5,0,1.0,1.0,0.911111111111111,1.0,0.8181818181818182,0.8545454545454545,0.6666666666666666,0.8181818181818182,0.5636363636363636,0.6666666666666666,1.0,0.7333333333333333,1.0,0.8181818181818182,0.8909090909090909
breast_cancer,rf,123,not_applicable,18,1,0.6666666666666666,0.6666666666666666,0.5230769230769232,1.0,1.0,0.8666666666666666,0.25,0.6666666666666666,0.06153846153846155,0.6666666666666666,0.6666666666666666,0.2461538461538462,0.6666666666666666,0.6666666666666666,0.6461538461538463
breast_cancer,rf,123,not_applicable,42,1,0.6666666666666666,0.6666666666666666,0.7692307692307693,1.0,1.0,0.911111111111111,1.0,0.8181818181818182,0.6363636363636364,1.0,0.8181818181818182,0.8545454545454545,1.0,1.0,0.7333333333333333
breast_cancer,rf,123,not_applicable,92,1,1.0,1.0,0.7777777777777777,1.0,1.0,0.911111111111111,0.6666666666666666,0.5384615384615384,0.4799999999999999,0.6666666666666666,0.8181818181818182,0.7090909090909091,1.0,0.8181818181818182,0.7090909090909091
breast_cancer,rf,123,not_applicable,61,1,0.6666666666666666,0.8181818181818182,0.7090909090909091,1.0,0.8181818181818182,0.8545454545454545,1.0,0.8181818181818182,0.8545454545454545,0.6666666666666666,0.8181818181818182,0.8909090909090909,1.0,0.8181818181818182,0.8181818181818182
breast_cancer,rf,123,not_applicable,79,0,0.6666666666666666,0.6666666666666666,0.6461538461538463,1.0,1.0,0.911111111111111,1.0,0.8181818181818182,0.7454545454545454,0.6666666666666666,0.8181818181818182,0.8181818181818182,1.0,1.0,0.9555555555555554
breast_cancer,rf,123,not_applicable,2,1,1.0,0.6666666666666666,0.8000000000000002,1.0,1.0,0.9555555555555554,0.6666666666666666,0.8181818181818182,0.7090909090909091,0.6666666666666666,0.8181818181818182,0.8545454545454545,1.0,0.8181818181818182,0.7818181818181819
breast_cancer,rf,123,not_applicable,27,1,1.0,0.8181818181818182,0.7454545454545454,0.6666666666666666,1.0,0.7777777777777777,1.0,1.0,0.8222222222222221,0.6666666666666666,0.8181818181818182,0.6363636363636364,1.0,1.0,0.7777777777777777
breast_cancer,rf,123,not_applicable,72,1,0.42857142857142855,0.5384615384615384,0.45333333333333325,1.0,1.0,0.8222222222222221,0.42857142857142855,0.5384615384615384,0.0,1.0,0.8181818181818182,0.6727272727272727,0.6666666666666666,0.8181818181818182,0.6727272727272727
breast_cancer,rf,123,not_applicable,55,0,1.0,0.8181818181818182,0.7818181818181819,1.0,1.0,0.9555555555555554,1.0,0.6666666666666666,0.7692307692307693,1.0,0.8181818181818182,0.9636363636363636,1.0,1.0,0.911111111111111
breast_cancer,rf,123,not_applicable,90,0,1.0,0.8181818181818182,0.8909090909090909,1.0,0.6666666666666666,0.8307692307692309,1.0,0.8181818181818182,0.7090909090909091,1.0,0.8181818181818182,0.7818181818181819,1.0,0.8181818181818182,0.8909090909090909
breast_cancer,rf,123,not_applicable,75,0,0.6666666666666666,0.6666666666666666,0.5846153846153846,1.0,1.0,0.9555555555555554,0.25,0.6666666666666666,0.27692307692307694,0.42857142857142855,0.8181818181818182,0.5636363636363636,1.0,1.0,0.9555555555555554
breast_cancer,rf,123,not_applicable,95,1,0.6666666666666666,0.8181818181818182,0.45454545454545453,1.0,0.6666666666666666,0.8307692307692309,0.42857142857142855,0.42857142857142855,-0.011764705882352941,0.42857142857142855,0.6666666666666666,0.15384615384615385,0.6666666666666666,0.6666666666666666,0.6153846153846154
breast_cancer,rf,123,not_applicable,8,1,0.6666666666666666,1.0,0.6888888888888888,1.0,1.0,0.911111111111111,0.42857142857142855,0.8181818181818182,0.6363636363636364,0.42857142857142855,1.0,0.7333333333333333,1.0,0.6666666666666666,0.6461538461538463
breast_cancer,rf,123,not_applicable,7,0,1.0,0.8181818181818182,0.8545454545454545,1.0,0.8181818181818182,0.9636363636363636,1.0,0.5384615384615384,0.5866666666666666,1.0,0.8181818181818182,0.7090909090909091,1.0,0.8181818181818182,0.9636363636363636
breast_cancer,rf,123,not_applicable,50,0,0.6666666666666666,0.8181818181818182,0.7090909090909091,1.0,0.8181818181818182,0.9636363636363636,1.0,0.6666666666666666,0.6769230769230771,1.0,0.6666666666666666,0.6769230769230771,1.0,0.8181818181818182,0.9636363636363636
breast_cancer,rf,123,not_applicable,11,1,0.6666666666666666,0.8181818181818182,0.8545454545454545,1.0,1.0,0.8222222222222221,1.0,0.8181818181818182,0.6727272727272727,0.6666666666666666,0.8181818181818182,0.8181818181818182,1.0,0.8181818181818182,0.7818181818181819
breast_cancer,rf,123,not_applicable,85,1,1.0,0.8181818181818182,0.7818181818181819,1.0,0.8181818181818182,0.9272727272727274,0.42857142857142855,0.5384615384615384,0.4266666666666666,0.6666666666666666,0.6666666666666666,0.4000000000000001,0.6666666666666666,1.0,0.8666666666666666
breast_cancer,rf,123,not_applicable,82,1,1.0,0.8181818181818182,0.8181818181818182,1.0,1.0,0.911111111111111,1.0,0.8181818181818182,0.6363636363636364,0.6666666666666666,0.8181818181818182,0.7454545454545454,1.0,0.8181818181818182,0.7818181818181819
breast_cancer,rf,123,not_applicable,45,1,0.6666666666666666,0.8181818181818182,0.7454545454545454,1.0,0.8181818181818182,0.8909090909090909,1.0,0.6666666666666666,0.6769230769230771,0.6666666666666666,0.8181818181818182,0.7090909090909091,1.0,0.8181818181818182,0.8909090909090909
breast_cancer,rf,123,not_applicable,103,0,0.42857142857142855,0.5384615384615384,0.23999999999999996,1.0,0.6666666666666666,0.7692307692307693,0.42857142857142855,0.42857142857142855,-0.08235294117647059,0.6666666666666666,0.6666666666666666,0.33846153846153854,1.0,0.6666666666666666,0.7076923076923078
breast_cancer,rf,123,not_applicable,112,1,1.0,0.8181818181818182,0.6727272727272727,1.0,1.0,0.8666666666666666,1.0,0.5384615384615384,0.5066666666666665,1.0,0.8181818181818182,0.6727272727272727,1.0,0.8181818181818182,0.8545454545454545
breast_cancer,rf,123,not_applicable,81,0,0.6666666666666666,0.6666666666666666,0.6461538461538463,0.6666666666666666,0.8181818181818182,0.7454545454545454,0.42857142857142855,0.8181818181818182,0.45454545454545453,1.0,0.8181818181818182,0.7090909090909091,0.6666666666666666,1.0,0.7777777777777777
breast_cancer,rf,123,not_applicable,107,0,0.6666666666666666,0.8181818181818182,0.7454545454545454,1.0,0.8181818181818182,0.9636363636363636,1.0,0.6666666666666666,0.8307692307692309,0.6666666666666666,0.6666666666666666,0.7692307692307693,1.0,1.0,0.911111111111111
breast_cancer,rf,123,not_applicable,113,1,0.6666666666666666,0.5384615384615384,0.6133333333333332,0.6666666666666666,1.0,0.5555555555555555,0.42857142857142855,0.42857142857142855,0.08235294117647059,0.6666666666666666,0.5384615384615384,0.5599999999999998,1.0,0.6666666666666666,0.7692307692307693
breast_cancer,rf,123,not_applicable,88,1,0.6666666666666666,0.8181818181818182,0.7454545454545454,1.0,0.8181818181818182,0.8181818181818182,1.0,0.8181818181818182,0.5636363636363636,0.6666666666666666,0.8181818181818182,0.8545454545454545,1.0,0.8181818181818182,0.7090909090909091
breast_cancer,rf,42,not_applicable,0,0,0.6666666666666666,0.8181818181818182,0.7818181818181819,1.0,0.8181818181818182,0.9636363636363636,0.6666666666666666,0.8181818181818182,0.6000000000000001,0.6666666666666666,0.6666666666666666,0.6769230769230771,1.0,0.8181818181818182,0.8545454545454545
breast_cancer,rf,42,not_applicable,77,1,0.42857142857142855,0.6666666666666666,0.3076923076923077,0.6666666666666666,0.8181818181818182,0.8545454545454545,0.6666666666666666,0.42857142857142855,0.31764705882352945,0.6666666666666666,0.8181818181818182,0.8545454545454545,0.6666666666666666,1.0,0.8222222222222221
breast_cancer,rf,42,not_applicable,80,1,0.6666666666666666,1.0,0.911111111111111,1.0,0.8181818181818182,0.9272727272727274,0.6666666666666666,0.6666666666666666,0.5230769230769232,0.6666666666666666,1.0,0.911111111111111,1.0,1.0,0.7777777777777777
breast_cancer,rf,42,not_applicable,41,1,0.6666666666666666,0.8181818181818182,0.7090909090909091,1.0,0.8181818181818182,0.8909090909090909,1.0,0.8181818181818182,0.8545454545454545,1.0,0.8181818181818182,0.6727272727272727,1.0,1.0,0.8666666666666666
breast_cancer,rf,42,not_applicable,85,1,1.0,0.8181818181818182,0.8181818181818182,0.6666666666666666,0.6666666666666666,0.7384615384615385,0.6666666666666666,0.5384615384615384,0.5866666666666666,1.0,0.6666666666666666,0.8000000000000002,0.6666666666666666,0.8181818181818182,0.7818181818181819
breast_cancer,rf,42,not_applicable,30,1,1.0,0.8181818181818182,0.7454545454545454,1.0,1.0,0.8666666666666666,0.6666666666666666,0.42857142857142855,0.29411764705882354,1.0,0.8181818181818182,0.7818181818181819,0.6666666666666666,0.8181818181818182,0.7818181818181819
breast_cancer,rf,42,not_applicable,97,1,1.0,0.8181818181818182,0.6363636363636364,1.0,0.8181818181818182,0.9636363636363636,0.6666666666666666,0.5384615384615384,0.34666666666666657,0.6666666666666666,0.8181818181818182,0.5272727272727272,0.6666666666666666,1.0,0.911111111111111
breast_cancer,rf,42,not_applicable,11,0,1.0,0.8181818181818182,0.8545454545454545,1.0,1.0,0.9555555555555554,0.6666666666666666,0.6666666666666666,0.43076923076923085,0.6666666666666666,1.0,0.7333333333333333,0.6666666666666666,1.0,0.9555555555555554
breast_cancer,rf,42,not_applicable,29,1,0.6666666666666666,1.0,0.6888888888888888,1.0,1.0,0.911111111111111,1.0,0.8181818181818182,0.7090909090909091,1.0,0.8181818181818182,0.8545454545454545,1.0,1.0,0.9555555555555554
breast_cancer,rf,42,not_applicable,38,1,0.6666666666666666,1.0,0.911111111111111,0.6666666666666666,1.0,0.9555555555555554,0.6666666666666666,0.5384615384615384,0.3999999999999999,1.0,0.8181818181818182,0.7454545454545454,0.6666666666666666,0.6666666666666666,0.5538461538461539
breast_cancer,rf,42,not_applicable,59,1,0.6666666666666666,0.8181818181818182,0.45454545454545453,1.0,1.0,0.8666666666666666,0.42857142857142855,0.42857142857142855,0.2705882352941177,0.6666666666666666,0.6666666666666666,0.5846153846153846,1.0,0.8181818181818182,0.7090909090909091
breast_cancer,rf,42,not_applicable,60,1,0.6666666666666666,0.8181818181818182,0.7090909090909091,0.6666666666666666,1.0,0.9555555555555554,1.0,1.0,0.7777777777777777,0.6666666666666666,0.8181818181818182,0.7090909090909091,0.6666666666666666,1.0,0.9555555555555554
breast_cancer,rf,42,not_applicable,63,1,0.6666666666666666,0.8181818181818182,0.6363636363636364,1.0,0.8181818181818182,0.9636363636363636,0.6666666666666666,0.5384615384615384,0.34666666666666657,0.6666666666666666,1.0,0.6888888888888888,1.0,0.8181818181818182,0.9272727272727274
breast_cancer,rf,42,not_applicable,75,0,0.6666666666666666,1.0,0.8222222222222221,0.6666666666666666,1.0,0.8666666666666666,0.6666666666666666,0.6666666666666666,0.5230769230769232,0.6666666666666666,1.0,0.911111111111111,1.0,1.0,0.8666666666666666
breast_cancer,rf,42,not_applicable,20,0,0.6666666666666666,0.8181818181818182,0.7090909090909091,1.0,1.0,0.8666666666666666,0.6666666666666666,0.5384615384615384,0.5599999999999998,0.6666666666666666,1.0,0.8222222222222221,1.0,1.0,0.8222222222222221
breast_cancer,rf,42,not_applicable,91,1,0.6666666666666666,0.8181818181818182,0.7818181818181819,1.0,1.0,0.9999999999999999,0.6666666666666666,0.8181818181818182,0.6727272727272727,1.0,0.8181818181818182,0.7818181818181819,1.0,0.8181818181818182,0.8909090909090909
breast_cancer,rf,42,not_applicable,2,0,1.0,0.6666666666666666,0.7076923076923078,1.0,1.0,0.911111111111111,0.42857142857142855,0.5384615384615384,0.3199999999999999,0.6666666666666666,0.8181818181818182,0.6363636363636364,1.0,0.6666666666666666,0.7692307692307693
breast_cancer,rf,42,not_applicable,27,1,1.0,1.0,0.8222222222222221,1.0,1.0,0.911111111111111,0.6666666666666666,0.8181818181818182,0.6363636363636364,1.0,0.8181818181818182,0.8181818181818182,1.0,1.0,0.8666666666666666
breast_cancer,rf,42,not_applicable,109,0,1.0,1.0,0.911111111111111,1.0,0.8181818181818182,0.9272727272727274,0.6666666666666666,0.6666666666666666,0.6153846153846154,0.6666666666666666,1.0,0.7777777777777777,1.0,1.0,0.9555555555555554
breast_cancer,rf,42,not_applicable,72,1,1.0,0.8181818181818182,0.5272727272727272,1.0,0.8181818181818182,0.9272727272727274,0.6666666666666666,0.6666666666666666,0.7076923076923078,0.6666666666666666,0.8181818181818182,0.41818181818181815,0.6666666666666666,1.0,0.8666666666666666
breast_cancer,rf,42,not_applicable,45,1,1.0,0.8181818181818182,0.8181818181818182,1.0,0.8181818181818182,0.9272727272727274,0.1111111111111111,0.42857142857142855,-0.17647058823529413,1.0,0.8181818181818182,0.8181818181818182,0.42857142857142855,0.8181818181818182,0.5636363636363636
breast_cancer,rf,42,not_applicable,33,1,1.0,1.0,0.911111111111111,1.0,0.8181818181818182,0.7818181818181819,1.0,0.5384615384615384,0.4799999999999999,1.0,1.0,0.9555555555555554,0.6666666666666666,0.8181818181818182,0.6727272727272727
breast_cancer,rf,42,not_applicable,58,0,0.6666666666666666,0.6666666666666666,0.7384615384615385,1.0,1.0,0.9999999999999999,1.0,0.8181818181818182,0.6363636363636364,0.6666666666666666,1.0,0.7777777777777777,1.0,0.8181818181818182,0.8909090909090909
breast_cancer,rf,42,not_applicable,15,1,0.42857142857142855,0.8181818181818182,0.6363636363636364,0.6666666666666666,0.8181818181818182,0.6727272727272727,0.25,0.42857142857142855,0.08235294117647059,0.6666666666666666,0.8181818181818182,0.7818181818181819,0.6666666666666666,0.8181818181818182,0.6000000000000001
breast_cancer,rf,42,not_applicable,8,0,1.0,1.0,0.7333333333333333,1.0,1.0,0.9999999999999999,0.6666666666666666,0.8181818181818182,0.6727272727272727,1.0,0.8181818181818182,0.7090909090909091,1.0,1.0,0.911111111111111
breast_cancer,rf,42,not_applicable,67,1,1.0,0.6666666666666666,0.8000000000000002,1.0,0.8181818181818182,0.8545454545454545,1.0,0.5384615384615384,0.5866666666666666,1.0,0.6666666666666666,0.8615384615384617,1.0,1.0,0.911111111111111
breast_cancer,rf,42,not_applicable,24,1,0.6666666666666666,0.8181818181818182,0.6000000000000001,1.0,1.0,0.9999999999999999,1.0,0.8181818181818182,0.7090909090909091,0.6666666666666666,1.0,0.5555555555555555,1.0,1.0,0.911111111111111
breast_cancer,rf,42,not_applicable,39,0,0.6666666666666666,1.0,0.8666666666666666,1.0,1.0,0.9555555555555554,0.6666666666666666,0.5384615384615384,0.5866666666666666,0.6666666666666666,0.8181818181818182,0.8181818181818182,1.0,0.8181818181818182,0.8909090909090909
breast_cancer,rf,42,not_applicable,100,0,0.6666666666666666,0.6666666666666666,0.5230769230769232,1.0,1.0,0.9555555555555554,0.6666666666666666,0.8181818181818182,0.6727272727272727,0.6666666666666666,0.8181818181818182,0.7090909090909091,1.0,0.8181818181818182,0.8545454545454545
breast_cancer,rf,42,not_applicable,25,0,0.6666666666666666,0.8181818181818182,0.7454545454545454,1.0,1.0,0.9999999999999999,0.42857142857142855,0.6666666666666666,0.5230769230769232,0.6666666666666666,0.8181818181818182,0.8181818181818182,0.6666666666666666,0.8181818181818182,0.8909090909090909
breast_cancer,rf,456,not_applicable,21,1,1.0,0.8181818181818182,0.8181818181818182,1.0,1.0,0.9999999999999999,0.6666666666666666,0.6666666666666666,0.7076923076923078,0.6666666666666666,0.8181818181818182,0.6727272727272727,1.0,0.8181818181818182,0.9636363636363636
breast_cancer,rf,456,not_applicable,88,1,1.0,1.0,0.911111111111111,1.0,1.0,0.8222222222222221,1.0,0.8181818181818182,0.6363636363636364,1.0,0.8181818181818182,0.8545454545454545,1.0,1.0,0.911111111111111
breast_cancer,rf,456,not_applicable,14,1,1.0,0.6666666666666666,0.7692307692307693,1.0,1.0,0.9555555555555554,1.0,0.8181818181818182,0.6727272727272727,1.0,1.0,0.9555555555555554,1.0,0.8181818181818182,0.9636363636363636
breast_cancer,rf,456,not_applicable,6,1,1.0,0.8181818181818182,0.8545454545454545,1.0,0.8181818181818182,0.9272727272727274,1.0,0.6666666666666666,0.7076923076923078,1.0,1.0,0.8222222222222221,1.0,0.8181818181818182,0.8545454545454545
breast_cancer,rf,456,not_applicable,43,0,1.0,0.8181818181818182,0.7454545454545454,1.0,1.0,0.9555555555555554,1.0,0.8181818181818182,0.9272727272727274,1.0,1.0,0.9555555555555554,1.0,0.8181818181818182,0.8909090909090909
breast_cancer,rf,456,not_applicable,110,0,0.6666666666666666,0.6666666666666666,0.43076923076923085,1.0,1.0,0.911111111111111,0.6666666666666666,0.5384615384615384,0.4799999999999999,0.42857142857142855,0.6666666666666666,0.36923076923076925,1.0,0.8181818181818182,0.8545454545454545
breast_cancer,rf,456,not_applicable,85,1,0.6666666666666666,0.8181818181818182,0.8545454545454545,1.0,0.8181818181818182,0.8545454545454545,1.0,0.6666666666666666,0.5230769230769232,1.0,0.8181818181818182,0.8181818181818182,1.0,0.8181818181818182,0.8909090909090909
breast_cancer,rf,456,not_applicable,63,1,1.0,0.8181818181818182,0.9272727272727274,1.0,1.0,0.9999999999999999,1.0,1.0,0.8222222222222221,1.0,0.8181818181818182,0.8181818181818182,1.0,0.8181818181818182,0.9636363636363636
breast_cancer,rf,456,not_applicable,66,1,0.6666666666666666,0.8181818181818182,0.8545454545454545,1.0,1.0,0.8666666666666666,0.6666666666666666,0.6666666666666666,0.5230769230769232,1.0,0.8181818181818182,0.8545454545454545,1.0,1.0,0.7333333333333333
breast_cancer,rf,456,not_applicable,3,1,1.0,1.0,0.8222222222222221,1.0,1.0,0.8666666666666666,0.6666666666666666,1.0,0.6,1.0,1.0,0.7777777777777777,1.0,1.0,0.8666666666666666
breast_cancer,rf,456,not_applicable,5,1,1.0,0.5384615384615384,0.4799999999999999,1.0,1.0,0.911111111111111,1.0,0.6666666666666666,0.5230769230769232,1.0,0.5384615384615384,0.4799999999999999,1.0,0.8181818181818182,0.8545454545454545
breast_cancer,rf,456,not_applicable,46,0,0.6666666666666666,0.6666666666666666,0.6461538461538463,1.0,1.0,0.911111111111111,0.6666666666666666,0.5384615384615384,0.45333333333333325,1.0,0.6666666666666666,0.8615384615384617,1.0,1.0,0.9555555555555554
breast_cancer,rf,456,not_applicable,50,0,1.0,0.6666666666666666,0.6153846153846154,1.0,0.8181818181818182,0.9272727272727274,1.0,0.6666666666666666,0.8307692307692309,1.0,0.8181818181818182,0.7818181818181819,1.0,0.8181818181818182,0.8545454545454545
breast_cancer,rf,456,not_applicable,30,1,0.42857142857142855,0.6666666666666666,0.36923076923076925,0.6666666666666666,0.6666666666666666,0.5538461538461539,0.42857142857142855,0.42857142857142855,0.22352941176470592,0.6666666666666666,0.6666666666666666,0.5230769230769232,1.0,0.6666666666666666,0.8000000000000002
breast_cancer,rf,456,not_applicable,16,1,1.0,0.8181818181818182,0.8545454545454545,1.0,0.6666666666666666,0.7692307692307693,0.6666666666666666,0.6666666666666666,0.43076923076923085,0.6666666666666666,0.8181818181818182,0.7818181818181819,1.0,0.8181818181818182,0.7818181818181819
breast_cancer,rf,456,not_applicable,86,1,1.0,0.8181818181818182,0.8909090909090909,1.0,1.0,0.9555555555555554,1.0,0.8181818181818182,0.6363636363636364,1.0,0.8181818181818182,0.7454545454545454,1.0,1.0,0.8666666666666666
breast_cancer,rf,456,not_applicable,102,0,1.0,0.8181818181818182,0.7818181818181819,1.0,0.8181818181818182,0.9272727272727274,0.6666666666666666,0.8181818181818182,0.7090909090909091,1.0,0.8181818181818182,0.5272727272727272,1.0,0.8181818181818182,0.8909090909090909
breast_cancer,rf,456,not_applicable,26,0,1.0,1.0,0.9555555555555554,0.6666666666666666,0.8181818181818182,0.6363636363636364,0.6666666666666666,0.6666666666666666,0.6461538461538463,1.0,1.0,0.911111111111111,0.6666666666666666,0.8181818181818182,0.7090909090909091
breast_cancer,rf,456,not_applicable,79,1,1.0,0.8181818181818182,0.8545454545454545,1.0,1.0,0.8666666666666666,1.0,1.0,0.6888888888888888,1.0,1.0,0.911111111111111,1.0,1.0,0.8222222222222221
breast_cancer,rf,456,not_applicable,37,1,1.0,0.8181818181818182,0.7818181818181819,1.0,0.8181818181818182,0.8545454545454545,1.0,0.8181818181818182,0.7454545454545454,1.0,0.8181818181818182,0.8181818181818182,1.0,1.0,0.911111111111111
breast_cancer,rf,456,not_applicable,74,0,1.0,0.8181818181818182,0.8909090909090909,1.0,0.8181818181818182,0.8545454545454545,1.0,0.8181818181818182,0.7818181818181819,1.0,0.8181818181818182,0.8181818181818182,1.0,1.0,0.8666666666666666
breast_cancer,rf,456,not_applicable,71,1,1.0,0.6666666666666666,0.7692307692307693,1.0,0.8181818181818182,0.9272727272727274,0.6666666666666666,0.8181818181818182,0.7454545454545454,1.0,0.6666666666666666,0.6153846153846154,1.0,0.8181818181818182,0.9636363636363636
breast_cancer,rf,456,not_applicable,34,1,1.0,0.8181818181818182,0.8181818181818182,1.0,0.8181818181818182,0.9272727272727274,1.0,0.6666666666666666,0.7076923076923078,1.0,0.8181818181818182,0.7454545454545454,1.0,0.8181818181818182,0.9272727272727274
breast_cancer,rf,456,not_applicable,31,0,1.0,0.8181818181818182,0.8181818181818182,0.6666666666666666,0.8181818181818182,0.8545454545454545,0.6666666666666666,0.5384615384615384,0.4266666666666666,0.6666666666666666,0.8181818181818182,0.7090909090909091,1.0,1.0,0.911111111111111
breast_cancer,rf,456,not_applicable,69,0,1.0,0.8181818181818182,0.8545454545454545,1.0,0.8181818181818182,0.8909090909090909,1.0,0.6666666666666666,0.8000000000000002,1.0,1.0,0.8222222222222221,1.0,0.8181818181818182,0.9272727272727274
breast_cancer,rf,456,not_applicable,92,0,1.0,0.6666666666666666,0.7692307692307693,1.0,0.8181818181818182,0.8545454545454545,0.6666666666666666,0.6666666666666666,0.6461538461538463,0.6666666666666666,0.6666666666666666,0.5846153846153846,1.0,0.8181818181818182,0.8545454545454545
breast_cancer,rf,456,not_applicable,27,1,1.0,1.0,0.911111111111111,1.0,1.0,0.8222222222222221,0.6666666666666666,0.6666666666666666,0.46153846153846156,1.0,0.8181818181818182,0.7818181818181819,1.0,1.0,0.911111111111111
breast_cancer,rf,456,not_applicable,98,0,1.0,0.5384615384615384,0.5599999999999998,1.0,1.0,0.9555555555555554,1.0,0.5384615384615384,0.6666666666666665,1.0,0.5384615384615384,0.5599999999999998,1.0,1.0,0.8666666666666666
breast_cancer,rf,456,not_applicable,78,0,1.0,0.6666666666666666,0.4923076923076924,1.0,0.8181818181818182,0.8909090909090909,1.0,0.5384615384615384,0.6399999999999998,1.0,0.8181818181818182,0.7090909090909091,1.0,0.8181818181818182,0.8909090909090909
breast_cancer,rf,456,not_applicable,89,1,1.0,0.8181818181818182,0.8545454545454545,1.0,0.6666666666666666,0.7692307692307693,0.6666666666666666,0.5384615384615384,0.4266666666666666,1.0,0.8181818181818182,0.8181818181818182,1.0,0.8181818181818182,0.8181818181818182
breast_cancer,xgb,123,not_applicable,70,1,1.0,0.8181818181818182,0.7090909090909091,1.0,0.8181818181818182,0.8909090909090909,0.6666666666666666,0.5384615384615384,0.4266666666666666,1.0,0.6666666666666666,0.5846153846153846,1.0,0.8181818181818182,0.8181818181818182
breast_cancer,xgb,123,not_applicable,2,1,0.6666666666666666,0.8181818181818182,0.8181818181818182,1.0,1.0,0.9555555555555554,1.0,0.6666666666666666,0.7076923076923078,1.0,0.8181818181818182,0.7818181818181819,1.0,1.0,0.7777777777777777
breast_cancer,xgb,123,not_applicable,78,0,0.42857142857142855,0.42857142857142855,0.2,0.6666666666666666,1.0,0.7777777777777777,0.42857142857142855,0.6666666666666666,0.06153846153846155,0.42857142857142855,0.5384615384615384,0.2133333333333333,0.6666666666666666,1.0,0.7777777777777777
breast_cancer,xgb,123,not_applicable,85,0,0.6666666666666666,0.6666666666666666,0.3076923076923077,1.0,0.8181818181818182,0.9636363636363636,0.6666666666666666,0.5384615384615384,0.3199999999999999,1.0,0.8181818181818182,0.7454545454545454,1.0,0.8181818181818182,0.9272727272727274
breast_cancer,xgb,123,not_applicable,36,1,1.0,1.0,0.8666666666666666,1.0,0.8181818181818182,0.9272727272727274,0.42857142857142855,0.8181818181818182,0.45454545454545453,0.6666666666666666,0.8181818181818182,0.8181818181818182,1.0,0.8181818181818182,0.8545454545454545
breast_cancer,xgb,123,not_applicable,59,0,0.6666666666666666,0.5384615384615384,0.4266666666666666,0.6666666666666666,0.8181818181818182,0.9272727272727274,0.1111111111111111,0.42857142857142855,-0.10588235294117648,0.42857142857142855,0.6666666666666666,0.15384615384615385,0.6666666666666666,0.8181818181818182,0.8545454545454545
breast_cancer,xgb,123,not_applicable,84,0,0.6666666666666666,0.5384615384615384,0.6666666666666665,0.6666666666666666,0.8181818181818182,0.7454545454545454,1.0,0.5384615384615384,0.5599999999999998,0.6666666666666666,0.42857142857142855,0.45882352941176474,0.6666666666666666,1.0,0.7777777777777777
breast_cancer,xgb,123,not_applicable,25,1,1.0,0.8181818181818182,0.8909090909090909,1.0,1.0,0.9555555555555554,0.42857142857142855,0.8181818181818182,0.45454545454545453,0.6666666666666666,0.8181818181818182,0.7818181818181819,1.0,1.0,0.7333333333333333
breast_cancer,xgb,123,not_applicable,50,0,0.6666666666666666,0.8181818181818182,0.5636363636363636,1.0,1.0,0.911111111111111,0.42857142857142855,0.42857142857142855,0.3647058823529412,0.6666666666666666,0.6666666666666666,0.5846153846153846,1.0,1.0,0.8222222222222221
breast_cancer,xgb,123,not_applicable,6,1,0.6666666666666666,0.6666666666666666,0.7692307692307693,1.0,1.0,0.9555555555555554,0.6666666666666666,0.5384615384615384,0.5333333333333332,1.0,0.8181818181818182,0.8909090909090909,1.0,1.0,0.8222222222222221
breast_cancer,xgb,123,not_applicable,90,0,1.0,0.6666666666666666,0.4923076923076924,0.6666666666666666,0.8181818181818182,0.8545454545454545,0.6666666666666666,0.5384615384615384,0.45333333333333325,1.0,0.8181818181818182,0.7818181818181819,0.6666666666666666,1.0,0.7777777777777777
breast_cancer,xgb,123,not_applicable,86,0,1.0,0.6666666666666666,0.6153846153846154,1.0,0.8181818181818182,0.8181818181818182,0.6666666666666666,0.6666666666666666,0.7692307692307693,0.6666666666666666,0.6666666666666666,0.6153846153846154,1.0,0.8181818181818182,0.8181818181818182
breast_cancer,xgb,123,not_applicable,52,1,0.6666666666666666,0.8181818181818182,0.7818181818181819,1.0,1.0,0.9555555555555554,0.6666666666666666,0.8181818181818182,0.7818181818181819,0.6666666666666666,0.8181818181818182,0.8545454545454545,0.6666666666666666,0.8181818181818182,0.7454545454545454
breast_cancer,xgb,123,not_applicable,63,0,0.6666666666666666,0.42857142857142855,0.5058823529411764,0.6666666666666666,1.0,0.911111111111111,0.42857142857142855,0.6666666666666666,0.5230769230769232,1.0,0.42857142857142855,0.5529411764705883,0.6666666666666666,1.0,0.911111111111111
breast_cancer,xgb,123,not_applicable,54,1,1.0,0.8181818181818182,0.8181818181818182,1.0,0.8181818181818182,0.8909090909090909,0.6666666666666666,0.6666666666666666,0.5846153846153846,0.6666666666666666,0.8181818181818182,0.8181818181818182,1.0,0.5384615384615384,0.6666666666666665
breast_cancer,xgb,123,not_applicable,112,1,1.0,0.8181818181818182,0.8545454545454545,1.0,1.0,0.9555555555555554,0.42857142857142855,0.8181818181818182,0.6363636363636364,0.6666666666666666,0.8181818181818182,0.8545454545454545,0.6666666666666666,1.0,0.8222222222222221
breast_cancer,xgb,123,not_applicable,45,1,0.6666666666666666,0.8181818181818182,0.4909090909090909,1.0,1.0,0.911111111111111,0.6666666666666666,0.5384615384615384,0.5866666666666666,1.0,0.8181818181818182,0.7090909090909091,0.6666666666666666,1.0,0.6
breast_cancer,xgb,123,not_applicable,9,1,0.6666666666666666,0.8181818181818182,0.7090909090909091,1.0,1.0,0.911111111111111,0.6666666666666666,0.8181818181818182,0.7454545454545454,0.6666666666666666,0.8181818181818182,0.8909090909090909,0.6666666666666666,1.0,0.6888888888888888
breast_cancer,xgb,123,not_applicable,26,1,0.6666666666666666,0.8181818181818182,0.6363636363636364,1.0,1.0,0.8222222222222221,0.6666666666666666,0.6666666666666666,0.5846153846153846,0.6666666666666666,0.8181818181818182,0.7818181818181819,1.0,1.0,0.8666666666666666
breast_cancer,xgb,123,not_applicable,21,1,1.0,0.5384615384615384,0.5866666666666666,1.0,1.0,0.8666666666666666,1.0,0.6666666666666666,0.6461538461538463,1.0,0.5384615384615384,0.4799999999999999,1.0,1.0,0.7777777777777777
breast_cancer,xgb,123,not_applicable,100,1,0.6666666666666666,1.0,0.6888888888888888,1.0,1.0,0.911111111111111,0.6666666666666666,0.8181818181818182,0.7090909090909091,0.6666666666666666,0.8181818181818182,0.8545454545454545,0.6666666666666666,0.8181818181818182,0.6727272727272727
breast_cancer,xgb,123,not_applicable,67,1,1.0,0.6666666666666666,0.7384615384615385,1.0,1.0,0.911111111111111,1.0,0.8181818181818182,0.8181818181818182,0.6666666666666666,0.8181818181818182,0.7090909090909091,1.0,0.8181818181818182,0.8909090909090909
breast_cancer,xgb,123,not_applicable,75,0,0.6666666666666666,0.6666666666666666,0.4923076923076924,0.6666666666666666,0.6666666666666666,0.7692307692307693,0.42857142857142855,0.3333333333333333,0.24210526315789477,1.0,0.8181818181818182,0.8545454545454545,0.6666666666666666,1.0,0.7777777777777777
breast_cancer,xgb,123,not_applicable,66,0,0.6666666666666666,0.6666666666666666,0.7076923076923078,0.6666666666666666,1.0,0.7777777777777777,0.6666666666666666,0.6666666666666666,0.43076923076923085,1.0,0.8181818181818182,0.8181818181818182,0.6666666666666666,0.8181818181818182,0.7454545454545454
breast_cancer,xgb,123,not_applicable,61,1,1.0,0.8181818181818182,0.8545454545454545,1.0,1.0,0.9555555555555554,0.6666666666666666,0.6666666666666666,0.6769230769230771,1.0,0.5384615384615384,0.6133333333333332,1.0,0.8181818181818182,0.7454545454545454
breast_cancer,xgb,123,not_applicable,8,1,0.6666666666666666,0.8181818181818182,0.6727272727272727,1.0,1.0,0.911111111111111,0.42857142857142855,0.8181818181818182,0.6000000000000001,0.6666666666666666,0.8181818181818182,0.7090909090909091,1.0,1.0,0.8666666666666666
breast_cancer,xgb,123,not_applicable,17,1,0.6666666666666666,0.6666666666666666,0.6153846153846154,1.0,0.6666666666666666,0.6769230769230771,0.42857142857142855,0.42857142857142855,0.29411764705882354,0.6666666666666666,0.8181818181818182,0.7454545454545454,0.6666666666666666,0.6666666666666666,0.6461538461538463
breast_cancer,xgb,123,not_applicable,30,1,0.6666666666666666,0.8181818181818182,0.8181818181818182,1.0,1.0,0.911111111111111,0.6666666666666666,1.0,0.6888888888888888,1.0,0.8181818181818182,0.7818181818181819,0.6666666666666666,1.0,0.6888888888888888
breast_cancer,xgb,123,not_applicable,48,1,0.6666666666666666,0.8181818181818182,0.6727272727272727,1.0,1.0,0.9999999999999999,0.42857142857142855,0.8181818181818182,0.6363636363636364,0.6666666666666666,1.0,0.7333333333333333,1.0,1.0,0.8222222222222221
breast_cancer,xgb,123,not_applicable,68,1,0.6666666666666666,0.8181818181818182,0.7818181818181819,1.0,1.0,0.9555555555555554,0.6666666666666666,0.8181818181818182,0.6363636363636364,1.0,0.8181818181818182,0.8909090909090909,0.6666666666666666,1.0,0.7333333333333333
breast_cancer,xgb,42,not_applicable,24,1,1.0,1.0,0.8666666666666666,0.6666666666666666,1.0,0.911111111111111,0.6666666666666666,0.6666666666666666,0.3076923076923077,1.0,1.0,0.7333333333333333,1.0,0.8181818181818182,0.8181818181818182
breast_cancer,xgb,42,not_applicable,107,0,1.0,0.8181818181818182,0.7454545454545454,0.6666666666666666,1.0,0.911111111111111,0.6666666666666666,0.8181818181818182,0.6363636363636364,1.0,0.8181818181818182,0.7818181818181819,1.0,1.0,0.911111111111111
breast_cancer,xgb,42,not_applicable,111,0,1.0,0.6666666666666666,0.7076923076923078,1.0,1.0,0.9555555555555554,0.6666666666666666,0.5384615384615384,0.34666666666666657,1.0,0.5384615384615384,0.6133333333333332,1.0,1.0,0.9999999999999999
breast_cancer,xgb,42,not_applicable,108,1,1.0,0.8181818181818182,0.8545454545454545,1.0,0.8181818181818182,0.8545454545454545,0.6666666666666666,0.5384615384615384,0.3199999999999999,1.0,0.8181818181818182,0.6000000000000001,1.0,1.0,0.8666666666666666
breast_cancer,xgb,42,not_applicable,73,0,0.6666666666666666,0.6666666666666666,0.7076923076923078,1.0,1.0,0.9999999999999999,0.6666666666666666,0.6666666666666666,0.5538461538461539,1.0,0.6666666666666666,0.7692307692307693,1.0,0.8181818181818182,0.9636363636363636
breast_cancer,xgb,42,not_applicable,7,0,0.6666666666666666,0.8181818181818182,0.8181818181818182,0.6666666666666666,0.8181818181818182,0.8909090909090909,1.0,0.6666666666666666,0.6461538461538463,1.0,1.0,0.911111111111111,0.6666666666666666,1.0,0.9555555555555554
breast_cancer,xgb,42,not_applicable,39,0,1.0,0.8181818181818182,0.8181818181818182,1.0,1.0,0.9999999999999999,0.6666666666666666,0.6666666666666666,0.5230769230769232,1.0,0.8181818181818182,0.8909090909090909,1.0,0.8181818181818182,0.9272727272727274
breast_cancer,xgb,42,not_applicable,27,1,0.6666666666666666,1.0,0.8666666666666666,1.0,0.8181818181818182,0.8909090909090909,0.6666666666666666,0.6666666666666666,0.46153846153846156,1.0,1.0,0.9999999999999999,1.0,0.6666666666666666,0.8307692307692309
breast_cancer,xgb,42,not_applicable,97,1,0.6666666666666666,0.8181818181818182,0.7818181818181819,1.0,0.8181818181818182,0.9272727272727274,0.6666666666666666,0.8181818181818182,0.7818181818181819,0.6666666666666666,0.8181818181818182,0.8181818181818182,1.0,0.8181818181818182,0.9272727272727274
breast_cancer,xgb,42,not_applicable,77,1,0.6666666666666666,0.8181818181818182,0.6000000000000001,0.6666666666666666,1.0,0.6,0.6666666666666666,0.6666666666666666,0.6461538461538463,0.6666666666666666,0.6666666666666666,0.5846153846153846,0.6666666666666666,0.8181818181818182,0.4909090909090909
breast_cancer,xgb,42,not_applicable,56,1,0.6666666666666666,0.8181818181818182,0.6000000000000001,1.0,1.0,0.8666666666666666,0.6666666666666666,0.8181818181818182,0.7818181818181819,0.6666666666666666,0.6666666666666666,0.5846153846153846,1.0,0.8181818181818182,0.8181818181818182
breast_cancer,xgb,42,not_applicable,40,1,0.6666666666666666,0.8181818181818182,0.5636363636363636,1.0,1.0,0.7777777777777777,0.6666666666666666,0.8181818181818182,0.38181818181818183,1.0,1.0,0.8222222222222221,1.0,0.8181818181818182,0.6363636363636364
breast_cancer,xgb,42,not_applicable,103,1,0.6666666666666666,0.6666666666666666,0.5230769230769232,1.0,0.8181818181818182,0.8181818181818182,0.6666666666666666,0.6666666666666666,0.4000000000000001,0.6666666666666666,1.0,0.911111111111111,1.0,1.0,0.7333333333333333
breast_cancer,xgb,42,not_applicable,12,1,1.0,0.8181818181818182,0.8181818181818182,1.0,1.0,0.9555555555555554,0.6666666666666666,0.6666666666666666,0.5230769230769232,1.0,0.6666666666666666,0.6153846153846154,1.0,0.8181818181818182,0.8909090909090909
breast_cancer,xgb,42,not_applicable,92,0,1.0,0.8181818181818182,0.8909090909090909,1.0,1.0,0.9555555555555554,1.0,0.5384615384615384,0.5599999999999998,1.0,0.5384615384615384,0.5599999999999998,1.0,0.8181818181818182,0.8545454545454545
breast_cancer,xgb,42,not_applicable,37,1,0.6666666666666666,0.8181818181818182,0.8545454545454545,1.0,0.8181818181818182,0.9272727272727274,0.6666666666666666,0.8181818181818182,0.6727272727272727,1.0,0.8181818181818182,0.8545454545454545,1.0,0.8181818181818182,0.8181818181818182
breast_cancer,xgb,42,not_applicable,59,1,1.0,1.0,0.7777777777777777,0.6666666666666666,1.0,0.8222222222222221,0.42857142857142855,0.5384615384615384,0.2933333333333333,1.0,1.0,0.911111111111111,0.6666666666666666,0.8181818181818182,0.8181818181818182
breast_cancer,xgb,42,not_applicable,35,1,1.0,1.0,0.911111111111111,1.0,0.8181818181818182,0.6727272727272727,0.6666666666666666,0.6666666666666666,0.33846153846153854,1.0,1.0,0.8222222222222221,1.0,0.8181818181818182,0.8181818181818182
breast_cancer,xgb,42,not_applicable,113,1,0.6666666666666666,0.8181818181818182,0.6000000000000001,1.0,1.0,0.9555555555555554,0.6666666666666666,0.6666666666666666,0.46153846153846156,1.0,0.8181818181818182,0.7090909090909091,1.0,1.0,0.911111111111111
breast_cancer,xgb,42,not_applicable,69,1,1.0,0.8181818181818182,0.8181818181818182,1.0,0.6666666666666666,0.8615384615384617,1.0,0.6666666666666666,0.7076923076923078,1.0,0.8181818181818182,0.8545454545454545,0.6666666666666666,0.8181818181818182,0.8545454545454545
breast_cancer,xgb,42,not_applicable,80,1,0.6666666666666666,1.0,0.9555555555555554,1.0,0.8181818181818182,0.8181818181818182,0.6666666666666666,0.8181818181818182,0.6727272727272727,1.0,0.8181818181818182,0.7818181818181819,0.6666666666666666,1.0,0.8222222222222221
breast_cancer,xgb,42,not_applicable,109,0,1.0,0.8181818181818182,0.8545454545454545,1.0,1.0,0.9555555555555554,0.6666666666666666,0.6666666666666666,0.5846153846153846,1.0,0.6666666666666666,0.7692307692307693,1.0,1.0,0.9999999999999999
breast_cancer,xgb,42,not_applicable,106,1,1.0,0.8181818181818182,0.8181818181818182,1.0,0.8181818181818182,0.8909090909090909,0.6666666666666666,0.6666666666666666,0.46153846153846156,1.0,0.8181818181818182,0.8545454545454545,1.0,0.8181818181818182,0.7818181818181819
breast_cancer,xgb,42,not_applicable,28,1,0.6666666666666666,1.0,0.8666666666666666,0.6666666666666666,1.0,0.8222222222222221,0.6666666666666666,0.8181818181818182,0.6363636363636364,1.0,0.8181818181818182,0.7818181818181819,1.0,1.0,0.8666666666666666
breast_cancer,xgb,42,not_applicable,74,0,0.6666666666666666,0.8181818181818182,0.5636363636363636,1.0,1.0,0.9999999999999999,0.6666666666666666,0.8181818181818182,0.4909090909090909,0.42857142857142855,0.8181818181818182,0.4909090909090909,0.6666666666666666,0.8181818181818182,0.8545454545454545
breast_cancer,xgb,42,not_applicable,53,1,0.6666666666666666,0.5384615384615384,0.5066666666666665,0.6666666666666666,1.0,0.8666666666666666,0.6666666666666666,0.5384615384615384,0.2933333333333333,1.0,0.5384615384615384,0.6399999999999998,0.42857142857142855,0.8181818181818182,0.5272727272727272
breast_cancer,xgb,42,not_applicable,102,0,0.6666666666666666,0.5384615384615384,0.4266666666666666,1.0,1.0,0.8666666666666666,0.42857142857142855,0.5384615384615384,0.2133333333333333,0.6666666666666666,0.5384615384615384,0.34666666666666657,1.0,0.8181818181818182,0.8181818181818182
breast_cancer,xgb,42,not_applicable,64,0,0.42857142857142855,0.6666666666666666,0.6769230769230771,1.0,1.0,0.9999999999999999,0.42857142857142855,0.6666666666666666,0.46153846153846156,0.6666666666666666,0.8181818181818182,0.8181818181818182,1.0,1.0,0.911111111111111
breast_cancer,xgb,42,not_applicable,45,1,1.0,1.0,0.911111111111111,0.6666666666666666,0.6666666666666666,0.7384615384615385,0.42857142857142855,0.42857142857142855,0.08235294117647059,1.0,0.5384615384615384,0.6133333333333332,0.6666666666666666,0.8181818181818182,0.7454545454545454
breast_cancer,xgb,42,not_applicable,19,1,1.0,0.8181818181818182,0.7818181818181819,1.0,0.8181818181818182,0.8909090909090909,0.6666666666666666,0.42857142857142855,0.2,1.0,0.8181818181818182,0.7818181818181819,1.0,0.8181818181818182,0.7454545454545454
breast_cancer,xgb,456,not_applicable,50,0,1.0,0.8181818181818182,0.8909090909090909,1.0,1.0,0.8666666666666666,1.0,0.8181818181818182,0.7818181818181819,1.0,0.8181818181818182,0.8181818181818182,1.0,1.0,0.8666666666666666
breast_cancer,xgb,456,not_applicable,101,1,1.0,1.0,0.6888888888888888,1.0,1.0,0.8222222222222221,0.42857142857142855,0.8181818181818182,0.5636363636363636,1.0,0.8181818181818182,0.8181818181818182,0.6666666666666666,1.0,0.7333333333333333
breast_cancer,xgb,456,not_applicable,17,1,1.0,0.8181818181818182,0.7454545454545454,1.0,1.0,0.911111111111111,1.0,0.6666666666666666,0.7076923076923078,1.0,0.8181818181818182,0.7454545454545454,1.0,1.0,0.8222222222222221
breast_cancer,xgb,456,not_applicable,32,1,1.0,0.8181818181818182,0.7454545454545454,1.0,1.0,0.9555555555555554,1.0,0.6666666666666666,0.7384615384615385,1.0,0.8181818181818182,0.7818181818181819,1.0,0.8181818181818182,0.9272727272727274
breast_cancer,xgb,456,not_applicable,105,1,1.0,1.0,0.911111111111111,1.0,1.0,0.9555555555555554,1.0,0.8181818181818182,0.7090909090909091,1.0,1.0,0.8666666666666666,1.0,0.8181818181818182,0.9272727272727274
breast_cancer,xgb,456,not_applicable,102,0,1.0,0.8181818181818182,0.7454545454545454,1.0,1.0,0.911111111111111,1.0,1.0,0.6,1.0,0.6666666666666666,0.7076923076923078,1.0,1.0,0.911111111111111
breast_cancer,xgb,456,not_applicable,5,1,1.0,1.0,0.9555555555555554,1.0,1.0,0.9555555555555554,0.6666666666666666,0.6666666666666666,0.5538461538461539,1.0,1.0,0.6888888888888888,1.0,0.8181818181818182,0.8909090909090909
breast_cancer,xgb,456,not_applicable,66,1,1.0,0.8181818181818182,0.6363636363636364,1.0,1.0,0.911111111111111,1.0,0.5384615384615384,0.5333333333333332,1.0,0.8181818181818182,0.7454545454545454,1.0,1.0,0.911111111111111
breast_cancer,xgb,456,not_applicable,97,0,1.0,0.6666666666666666,0.5230769230769232,1.0,1.0,0.8666666666666666,1.0,0.42857142857142855,0.31764705882352945,1.0,0.5384615384615384,0.5066666666666665,1.0,1.0,0.8666666666666666
breast_cancer,xgb,456,not_applicable,71,1,1.0,1.0,0.911111111111111,1.0,1.0,0.9555555555555554,1.0,0.8181818181818182,0.7454545454545454,1.0,0.8181818181818182,0.7818181818181819,1.0,1.0,0.911111111111111
breast_cancer,xgb,456,not_applicable,54,1,0.6666666666666666,0.5384615384615384,0.4266666666666666,0.6666666666666666,1.0,0.6444444444444444,0.6666666666666666,0.5384615384615384,0.2933333333333333,0.6666666666666666,0.42857142857142855,0.38823529411764707,1.0,1.0,0.7333333333333333
breast_cancer,xgb,456,not_applicable,77,1,1.0,0.8181818181818182,0.8181818181818182,1.0,1.0,0.9555555555555554,0.6666666666666666,0.6666666666666666,0.5230769230769232,1.0,0.8181818181818182,0.7818181818181819,1.0,0.8181818181818182,0.8545454545454545
breast_cancer,xgb,456,not_applicable,31,1,1.0,0.42857142857142855,0.3411764705882353,1.0,0.6666666666666666,0.6153846153846154,0.6666666666666666,0.5384615384615384,0.34666666666666657,1.0,0.6666666666666666,0.6769230769230771,1.0,0.6666666666666666,0.7076923076923078
breast_cancer,xgb,456,not_applicable,82,1,1.0,0.8181818181818182,0.8909090909090909,1.0,1.0,0.9999999999999999,0.6666666666666666,0.6666666666666666,0.5538461538461539,1.0,0.8181818181818182,0.8181818181818182,0.6666666666666666,1.0,0.8666666666666666
breast_cancer,xgb,456,not_applicable,20,1,1.0,0.8181818181818182,0.6727272727272727,1.0,1.0,0.911111111111111,1.0,0.8181818181818182,0.6000000000000001,1.0,0.6666666666666666,0.7384615384615385,1.0,0.8181818181818182,0.8909090909090909
breast_cancer,xgb,456,not_applicable,61,1,1.0,0.8181818181818182,0.8181818181818182,1.0,0.8181818181818182,0.9272727272727274,1.0,0.8181818181818182,0.8181818181818182,1.0,0.8181818181818182,0.7818181818181819,1.0,0.8181818181818182,0.9272727272727274
breast_cancer,xgb,456,not_applicable,111,1,0.6666666666666666,0.8181818181818182,0.7454545454545454,0.6666666666666666,0.8181818181818182,0.8545454545454545,0.42857142857142855,0.8181818181818182,0.38181818181818183,1.0,0.8181818181818182,0.7454545454545454,0.6666666666666666,0.8181818181818182,0.8181818181818182
breast_cancer,xgb,456,not_applicable,26,0,1.0,1.0,0.7333333333333333,0.42857142857142855,0.8181818181818182,0.6363636363636364,0.42857142857142855,0.8181818181818182,0.16363636363636364,1.0,1.0,0.7333333333333333,0.6666666666666666,0.8181818181818182,0.7818181818181819
breast_cancer,xgb,456,not_applicable,39,1,1.0,0.6666666666666666,0.7076923076923078,1.0,1.0,0.9555555555555554,1.0,0.6666666666666666,0.5846153846153846,1.0,0.8181818181818182,0.8545454545454545,1.0,0.8181818181818182,0.8545454545454545
breast_cancer,xgb,456,not_applicable,19,1,0.6666666666666666,0.6666666666666666,0.8000000000000002,1.0,0.8181818181818182,0.8181818181818182,0.6666666666666666,0.42857142857142855,0.2,0.6666666666666666,0.6666666666666666,0.5846153846153846,1.0,0.6666666666666666,0.8307692307692309
breast_cancer,xgb,456,not_applicable,23,0,1.0,0.8181818181818182,0.8545454545454545,1.0,0.8181818181818182,0.8181818181818182,0.6666666666666666,0.6666666666666666,0.4000000000000001,1.0,0.8181818181818182,0.7454545454545454,1.0,0.8181818181818182,0.8909090909090909
breast_cancer,xgb,456,not_applicable,91,1,1.0,1.0,0.8222222222222221,1.0,0.8181818181818182,0.9636363636363636,0.6666666666666666,0.6666666666666666,0.4923076923076924,1.0,0.8181818181818182,0.7454545454545454,1.0,0.8181818181818182,0.9272727272727274
breast_cancer,xgb,456,not_applicable,35,1,1.0,0.8181818181818182,0.6727272727272727,0.6666666666666666,1.0,0.9555555555555554,0.6666666666666666,0.3333333333333333,0.20000000000000004,1.0,0.6666666666666666,0.5846153846153846,0.6666666666666666,0.8181818181818182,0.8909090909090909
breast_cancer,xgb,456,not_applicable,55,0,1.0,0.8181818181818182,0.8545454545454545,1.0,1.0,0.8222222222222221,1.0,0.8181818181818182,0.7818181818181819,1.0,1.0,0.8666666666666666,1.0,1.0,0.911111111111111
breast_cancer,xgb,456,not_applicable,113,1,1.0,0.8181818181818182,0.8181818181818182,1.0,1.0,0.911111111111111,1.0,0.6666666666666666,0.7384615384615385,1.0,0.8181818181818182,0.9636363636363636,1.0,1.0,0.911111111111111
breast_cancer,xgb,456,not_applicable,48,1,0.6666666666666666,0.8181818181818182,0.7818181818181819,1.0,0.8181818181818182,0.9636363636363636,1.0,0.8181818181818182,0.8909090909090909,0.6666666666666666,0.8181818181818182,0.6363636363636364,1.0,0.8181818181818182,0.9636363636363636
breast_cancer,xgb,456,not_applicable,96,1,1.0,0.8181818181818182,0.7818181818181819,1.0,1.0,0.9555555555555554,0.6666666666666666,0.8181818181818182,0.5272727272727272,1.0,0.8181818181818182,0.8545454545454545,1.0,1.0,0.911111111111111
breast_cancer,xgb,456,not_applicable,43,0,1.0,0.6666666666666666,0.6461538461538463,1.0,1.0,0.911111111111111,1.0,0.8181818181818182,0.6363636363636364,1.0,0.8181818181818182,0.7818181818181819,1.0,1.0,0.911111111111111
breast_cancer,xgb,456,not_applicable,49,1,1.0,1.0,0.8222222222222221,1.0,1.0,0.9555555555555554,0.6666666666666666,0.6666666666666666,0.6461538461538463,1.0,0.8181818181818182,0.8545454545454545,0.6666666666666666,0.8181818181818182,0.9272727272727274
breast_cancer,xgb,456,not_applicable,83,1,1.0,0.8181818181818182,0.8545454545454545,1.0,1.0,0.8222222222222221,1.0,0.6666666666666666,0.6769230769230771,1.0,0.6666666666666666,0.6769230769230771,1.0,1.0,0.9555555555555554
exp2_adult,logreg,123,n_100,9214,0,0.6666666666666666,0.8181818181818182,0.6363636363636364,1.0,0.8181818181818182,0.7454545454545454,0.42857142857142855,0.6666666666666666,-0.18461538461538463,0.6666666666666666,0.6666666666666666,0.43076923076923085,1.0,1.0,0.7777777777777777
exp2_adult,logreg,123,n_100,1629,0,0.6666666666666666,0.8181818181818182,0.4909090909090909,0.6666666666666666,0.8181818181818182,0.6000000000000001,0.25,0.42857142857142855,0.03529411764705882,0.42857142857142855,0.6666666666666666,0.09230769230769231,0.6666666666666666,0.42857142857142855,0.31764705882352945
exp2_adult,logreg,123,n_100,1594,1,1.0,1.0,0.911111111111111,0.6666666666666666,0.8181818181818182,0.6727272727272727,0.6666666666666666,0.6666666666666666,0.33846153846153854,0.6666666666666666,0.8181818181818182,0.7090909090909091,0.6666666666666666,0.8181818181818182,0.6363636363636364
exp2_adult,logreg,123,n_100,8819,0,0.1111111111111111,0.42857142857142855,-0.29411764705882354,0.6666666666666666,0.6666666666666666,0.6769230769230771,0.25,0.42857142857142855,0.058823529411764705,0.25,0.42857142857142855,-0.2,0.6666666666666666,0.6666666666666666,0.6769230769230771
exp2_adult,logreg,123,n_100,8182,1,0.6666666666666666,1.0,0.6,0.6666666666666666,0.6666666666666666,0.7076923076923078,0.42857142857142855,0.5384615384615384,0.10666666666666665,0.42857142857142855,0.8181818181818182,0.4909090909090909,0.6666666666666666,0.6666666666666666,0.7692307692307693
exp2_adult,logreg,123,n_100,4978,1,0.6666666666666666,1.0,0.8222222222222221,1.0,0.8181818181818182,0.7454545454545454,0.6666666666666666,0.6666666666666666,0.46153846153846156,1.0,0.6666666666666666,0.7384615384615385,1.0,0.6666666666666666,0.7384615384615385
exp2_adult,logreg,123,n_100,8396,1,1.0,1.0,0.911111111111111,0.6666666666666666,1.0,0.7777777777777777,0.1111111111111111,0.42857142857142855,-0.17647058823529413,0.6666666666666666,1.0,0.911111111111111,0.6666666666666666,0.8181818181818182,0.8909090909090909
exp2_adult,logreg,123,n_100,3916,0,0.6666666666666666,1.0,0.7333333333333333,1.0,0.6666666666666666,0.6461538461538463,0.42857142857142855,0.5384615384615384,0.2933333333333333,0.42857142857142855,0.8181818181818182,0.6727272727272727,1.0,0.5384615384615384,0.5599999999999998
exp2_adult,logreg,123,n_100,3349,0,1.0,1.0,0.7777777777777777,0.42857142857142855,0.6666666666666666,0.5230769230769232,0.6666666666666666,0.42857142857142855,0.2705882352941177,0.6666666666666666,0.8181818181818182,0.7454545454545454,0.42857142857142855,0.6666666666666666,0.33846153846153854
exp2_adult,logreg,123,n_100,1728,1,0.6666666666666666,0.8181818181818182,0.7818181818181819,1.0,0.6666666666666666,0.7384615384615385,0.42857142857142855,0.5384615384615384,0.3199999999999999,1.0,0.8181818181818182,0.7818181818181819,1.0,0.6666666666666666,0.6769230769230771
exp2_adult,logreg,123,n_100,7702,1,0.6666666666666666,1.0,0.9555555555555554,1.0,0.6666666666666666,0.6153846153846154,0.6666666666666666,0.42857142857142855,0.2705882352941177,1.0,0.8181818181818182,0.6727272727272727,1.0,0.5384615384615384,0.5599999999999998
exp2_adult,logreg,123,n_100,7290,1,0.6666666666666666,1.0,0.8222222222222221,1.0,0.8181818181818182,0.8181818181818182,1.0,0.8181818181818182,0.8181818181818182,0.6666666666666666,1.0,0.7777777777777777,1.0,0.8181818181818182,0.8181818181818182
exp2_adult,logreg,123,n_100,9441,0,0.6666666666666666,0.8181818181818182,0.6727272727272727,0.6666666666666666,0.8181818181818182,0.7090909090909091,0.42857142857142855,0.8181818181818182,0.38181818181818183,0.6666666666666666,0.8181818181818182,0.6363636363636364,0.6666666666666666,0.8181818181818182,0.8909090909090909
exp2_adult,logreg,123,n_100,7438,0,0.6666666666666666,0.6666666666666666,0.6769230769230771,1.0,0.8181818181818182,0.7454545454545454,0.42857142857142855,0.8181818181818182,0.2,1.0,0.6666666666666666,0.7384615384615385,1.0,0.8181818181818182,0.6727272727272727
exp2_adult,logreg,123,n_100,5396,1,1.0,0.8181818181818182,0.8909090909090909,0.6666666666666666,0.8181818181818182,0.6727272727272727,0.6666666666666666,0.8181818181818182,0.23636363636363636,0.6666666666666666,1.0,0.8666666666666666,0.6666666666666666,0.8181818181818182,0.6727272727272727
exp2_adult,logreg,123,n_100,3013,0,0.6666666666666666,0.6666666666666666,0.5538461538461539,0.6666666666666666,0.8181818181818182,0.8181818181818182,0.6666666666666666,0.5384615384615384,0.34666666666666657,1.0,0.8181818181818182,0.8909090909090909,0.6666666666666666,0.8181818181818182,0.6000000000000001
exp2_adult,logreg,123,n_100,7239,0,0.6666666666666666,1.0,0.6,1.0,0.8181818181818182,0.8909090909090909,0.42857142857142855,0.6666666666666666,0.43076923076923085,0.6666666666666666,0.6666666666666666,0.5230769230769232,1.0,0.6666666666666666,0.8307692307692309
exp2_adult,logreg,123,n_100,6479,1,0.6666666666666666,0.8181818181818182,0.5272727272727272,1.0,0.8181818181818182,0.8181818181818182,0.42857142857142855,0.5384615384615384,0.1333333333333333,0.6666666666666666,0.8181818181818182,0.5272727272727272,1.0,0.8181818181818182,0.7818181818181819
exp2_adult,logreg,123,n_100,2036,0,0.6666666666666666,1.0,0.7777777777777777,1.0,0.5384615384615384,0.6933333333333331,0.6666666666666666,0.5384615384615384,0.5066666666666665,0.6666666666666666,0.8181818181818182,0.7818181818181819,1.0,0.6666666666666666,0.7384615384615385
exp2_adult,logreg,123,n_100,1974,1,0.6666666666666666,0.6666666666666666,0.27692307692307694,0.42857142857142855,0.8181818181818182,0.6000000000000001,0.42857142857142855,0.6666666666666666,0.06153846153846155,0.42857142857142855,0.8181818181818182,0.3090909090909091,0.6666666666666666,0.8181818181818182,0.6363636363636364
exp2_adult,logreg,42,n_100,125,1,1.0,0.8181818181818182,0.7818181818181819,0.6666666666666666,0.8181818181818182,0.8181818181818182,0.42857142857142855,0.6666666666666666,0.36923076923076925,1.0,0.8181818181818182,0.8181818181818182,1.0,0.6666666666666666,0.5846153846153846
exp2_adult,logreg,42,n_100,622,1,0.6666666666666666,0.6666666666666666,0.7076923076923078,0.6666666666666666,0.6666666666666666,0.5846153846153846,1.0,0.6666666666666666,0.6153846153846154,0.6666666666666666,0.6666666666666666,0.7076923076923078,0.6666666666666666,0.6666666666666666,0.6153846153846154
exp2_adult,logreg,42,n_100,9612,1,1.0,1.0,0.8222222222222221,0.6666666666666666,0.8181818181818182,0.7454545454545454,0.6666666666666666,0.6666666666666666,0.4923076923076924,1.0,0.8181818181818182,0.7454545454545454,0.6666666666666666,0.8181818181818182,0.6363636363636364
exp2_adult,logreg,42,n_100,2899,1,0.6666666666666666,0.42857142857142855,0.29411764705882354,1.0,0.6666666666666666,0.5538461538461539,0.42857142857142855,0.5384615384615384,0.15999999999999995,0.6666666666666666,0.6666666666666666,0.6153846153846154,0.6666666666666666,0.8181818181818182,0.6363636363636364
exp2_adult,logreg,42,n_100,5492,0,1.0,0.6666666666666666,0.7384615384615385,0.6666666666666666,0.6666666666666666,0.5230769230769232,1.0,0.8181818181818182,0.5272727272727272,1.0,0.6666666666666666,0.6461538461538463,0.6666666666666666,0.6666666666666666,0.4923076923076924
exp2_adult,logreg,42,n_100,6994,0,1.0,0.5384615384615384,0.4799999999999999,1.0,0.6666666666666666,0.7384615384615385,0.42857142857142855,1.0,0.28888888888888886,1.0,1.0,0.8222222222222221,1.0,0.8181818181818182,0.8181818181818182
exp2_adult,logreg,42,n_100,4235,1,0.6666666666666666,0.8181818181818182,0.5636363636363636,1.0,1.0,0.9555555555555554,0.6666666666666666,0.8181818181818182,0.41818181818181815,1.0,0.8181818181818182,0.8545454545454545,1.0,1.0,0.9999999999999999
exp2_adult,logreg,42,n_100,8805,0,1.0,0.6666666666666666,0.6461538461538463,1.0,0.6666666666666666,0.6769230769230771,0.6666666666666666,0.8181818181818182,0.2727272727272727,1.0,0.6666666666666666,0.5230769230769232,0.6666666666666666,0.8181818181818182,0.6727272727272727
exp2_adult,logreg,42,n_100,2236,1,0.6666666666666666,0.8181818181818182,0.8181818181818182,0.6666666666666666,0.5384615384615384,0.2666666666666666,1.0,0.6666666666666666,0.6769230769230771,1.0,0.6666666666666666,0.5846153846153846,0.6666666666666666,0.8181818181818182,0.5272727272727272
exp2_adult,logreg,42,n_100,7454,0,0.42857142857142855,0.8181818181818182,0.6727272727272727,1.0,0.6666666666666666,0.5538461538461539,0.42857142857142855,0.6666666666666666,0.21538461538461542,0.42857142857142855,0.8181818181818182,0.6363636363636364,1.0,0.8181818181818182,0.7818181818181819
exp2_adult,logreg,42,n_100,3742,1,0.6666666666666666,0.8181818181818182,0.6727272727272727,0.6666666666666666,0.8181818181818182,0.9272727272727274,1.0,0.6666666666666666,0.8307692307692309,0.6666666666666666,1.0,0.8222222222222221,1.0,0.8181818181818182,0.8909090909090909
exp2_adult,logreg,42,n_100,4169,1,0.6666666666666666,0.8181818181818182,0.8545454545454545,1.0,0.6666666666666666,0.7076923076923078,0.6666666666666666,0.8181818181818182,0.5272727272727272,0.6666666666666666,0.6666666666666666,0.5230769230769232,0.6666666666666666,0.8181818181818182,0.6727272727272727
exp2_adult,logreg,42,n_100,9143,0,0.42857142857142855,0.8181818181818182,0.2727272727272727,0.42857142857142855,0.6666666666666666,0.43076923076923085,0.42857142857142855,1.0,0.24444444444444444,0.42857142857142855,0.6666666666666666,0.21538461538461542,0.42857142857142855,0.6666666666666666,0.43076923076923085
exp2_adult,logreg,42,n_100,5038,1,0.6666666666666666,0.6666666666666666,0.5538461538461539,1.0,0.8181818181818182,0.9272727272727274,0.25,0.5384615384615384,0.05333333333333332,1.0,0.8181818181818182,0.8545454545454545,1.0,1.0,0.911111111111111
exp2_adult,logreg,42,n_100,1699,0,0.6666666666666666,0.5384615384615384,0.5333333333333332,0.6666666666666666,0.6666666666666666,0.6461538461538463,0.42857142857142855,0.5384615384615384,0.15999999999999995,0.6666666666666666,0.8181818181818182,0.45454545454545453,1.0,0.8181818181818182,0.7454545454545454
exp2_adult,logreg,42,n_100,1333,1,1.0,0.6666666666666666,0.7692307692307693,1.0,0.8181818181818182,0.7454545454545454,0.6666666666666666,0.6666666666666666,0.3076923076923077,0.6666666666666666,0.8181818181818182,0.7454545454545454,1.0,0.8181818181818182,0.7454545454545454
exp2_adult,logreg,42,n_100,3986,1,0.6666666666666666,0.8181818181818182,0.5272727272727272,0.6666666666666666,0.5384615384615384,0.5066666666666665,0.1111111111111111,0.42857142857142855,-0.03529411764705882,0.42857142857142855,0.6666666666666666,0.06153846153846155,0.6666666666666666,0.6666666666666666,0.6153846153846154
exp2_adult,logreg,42,n_100,4616,1,0.6666666666666666,1.0,0.8222222222222221,1.0,0.6666666666666666,0.46153846153846156,0.6666666666666666,0.3333333333333333,0.20000000000000004,0.6666666666666666,1.0,0.8222222222222221,1.0,0.6666666666666666,0.5230769230769232
exp2_adult,logreg,42,n_100,6108,0,1.0,0.6666666666666666,0.6769230769230771,0.6666666666666666,0.6666666666666666,0.5846153846153846,1.0,0.5384615384615384,0.5866666666666666,0.6666666666666666,0.6666666666666666,0.6769230769230771,0.6666666666666666,0.8181818181818182,0.6727272727272727
exp2_adult,logreg,42,n_100,5618,1,1.0,0.6666666666666666,0.7076923076923078,0.6666666666666666,0.5384615384615384,0.34666666666666657,0.6666666666666666,0.8181818181818182,0.4909090909090909,0.6666666666666666,0.6666666666666666,0.5846153846153846,0.6666666666666666,0.8181818181818182,0.5636363636363636
exp2_adult,logreg,456,n_100,2352,0,1.0,1.0,0.8222222222222221,0.42857142857142855,0.6666666666666666,0.5538461538461539,0.42857142857142855,0.5384615384615384,0.18666666666666662,0.6666666666666666,0.8181818181818182,0.4909090909090909,0.6666666666666666,0.8181818181818182,0.7454545454545454
exp2_adult,logreg,456,n_100,625,0,1.0,1.0,0.9555555555555554,0.6666666666666666,0.8181818181818182,0.8909090909090909,0.1111111111111111,0.5384615384615384,-0.2666666666666666,0.6666666666666666,1.0,0.7333333333333333,1.0,0.6666666666666666,0.7076923076923078
exp2_adult,logreg,456,n_100,8337,1,0.6666666666666666,0.8181818181818182,0.7090909090909091,0.6666666666666666,0.8181818181818182,0.7454545454545454,0.42857142857142855,0.6666666666666666,0.1230769230769231,0.6666666666666666,0.8181818181818182,0.6727272727272727,0.6666666666666666,0.8181818181818182,0.6000000000000001
exp2_adult,logreg,456,n_100,4908,0,1.0,0.6666666666666666,0.6769230769230771,0.6666666666666666,0.8181818181818182,0.6000000000000001,0.42857142857142855,0.3333333333333333,0.0736842105263158,0.6666666666666666,0.8181818181818182,0.6363636363636364,0.6666666666666666,0.8181818181818182,0.6727272727272727
exp2_adult,logreg,456,n_100,2530,1,0.6666666666666666,1.0,0.8666666666666666,0.6666666666666666,0.8181818181818182,0.8181818181818182,0.6666666666666666,0.8181818181818182,0.3090909090909091,0.6666666666666666,0.6666666666666666,0.5230769230769232,1.0,0.8181818181818182,0.8545454545454545
exp2_adult,logreg,456,n_100,9030,0,0.6666666666666666,0.6666666666666666,0.6153846153846154,0.25,0.42857142857142855,0.12941176470588237,0.25,0.42857142857142855,-0.058823529411764705,0.6666666666666666,0.5384615384615384,0.5599999999999998,0.42857142857142855,0.6666666666666666,0.4923076923076924
exp2_adult,logreg,456,n_100,4435,1,0.6666666666666666,0.8181818181818182,0.6000000000000001,0.6666666666666666,0.8181818181818182,0.5636363636363636,0.6666666666666666,0.42857142857142855,0.2705882352941177,0.6666666666666666,0.8181818181818182,0.38181818181818183,1.0,0.5384615384615384,0.6399999999999998
exp2_adult,logreg,456,n_100,4047,0,0.6666666666666666,0.6666666666666666,0.5846153846153846,1.0,0.8181818181818182,0.7090909090909091,0.25,0.42857142857142855,-0.17647058823529413,0.42857142857142855,0.5384615384615384,0.3199999999999999,1.0,0.8181818181818182,0.7454545454545454
exp2_adult,logreg,456,n_100,2803,0,0.42857142857142855,0.6666666666666666,0.15384615384615385,0.6666666666666666,0.6666666666666666,0.4923076923076924,0.42857142857142855,0.6666666666666666,0.15384615384615385,0.42857142857142855,0.6666666666666666,0.4923076923076924,0.6666666666666666,0.8181818181818182,0.5636363636363636
exp2_adult,logreg,456,n_100,9375,1,1.0,0.8181818181818182,0.7818181818181819,0.6666666666666666,0.5384615384615384,0.5066666666666665,0.42857142857142855,0.42857142857142855,0.2705882352941177,0.6666666666666666,0.8181818181818182,0.7090909090909091,0.6666666666666666,0.6666666666666666,0.5846153846153846
exp2_adult,logreg,456,n_100,1207,1,0.6666666666666666,1.0,0.8666666666666666,0.6666666666666666,0.6666666666666666,0.5846153846153846,0.42857142857142855,0.5384615384615384,0.02666666666666666,1.0,1.0,0.911111111111111,1.0,0.6666666666666666,0.6153846153846154
exp2_adult,logreg,456,n_100,528,1,1.0,0.8181818181818182,0.9272727272727274,1.0,0.8181818181818182,0.7454545454545454,0.1111111111111111,0.17647058823529413,-0.3652173913043479,1.0,0.8181818181818182,0.9272727272727274,1.0,0.8181818181818182,0.7454545454545454
exp2_adult,logreg,456,n_100,6175,0,1.0,0.6666666666666666,0.5538461538461539,0.6666666666666666,0.8181818181818182,0.8181818181818182,0.6666666666666666,0.5384615384615384,0.5866666666666666,0.6666666666666666,0.8181818181818182,0.7818181818181819,1.0,0.8181818181818182,0.5636363636363636
exp2_adult,logreg,456,n_100,9733,1,0.6666666666666666,0.8181818181818182,0.7090909090909091,0.42857142857142855,0.8181818181818182,0.4909090909090909,0.42857142857142855,0.42857142857142855,0.12941176470588237,0.6666666666666666,1.0,0.7777777777777777,0.42857142857142855,0.6666666666666666,0.5230769230769232
exp2_adult,logreg,456,n_100,6180,1,0.6666666666666666,0.6666666666666666,0.46153846153846156,0.6666666666666666,0.8181818181818182,0.7454545454545454,0.42857142857142855,0.6666666666666666,0.27692307692307694,0.42857142857142855,0.6666666666666666,0.21538461538461542,1.0,1.0,0.8222222222222221
exp2_adult,logreg,456,n_100,4256,0,0.6666666666666666,0.8181818181818182,0.6727272727272727,1.0,1.0,0.7777777777777777,0.42857142857142855,0.6666666666666666,0.2461538461538462,0.6666666666666666,1.0,0.7777777777777777,0.6666666666666666,1.0,0.8666666666666666
exp2_adult,logreg,456,n_100,3129,1,1.0,1.0,0.8666666666666666,0.42857142857142855,0.6666666666666666,0.5538461538461539,0.42857142857142855,0.42857142857142855,0.17647058823529413,1.0,0.8181818181818182,0.8181818181818182,1.0,0.6666666666666666,0.7076923076923078
exp2_adult,logreg,456,n_100,6380,1,1.0,0.8181818181818182,0.7818181818181819,0.6666666666666666,0.6666666666666666,0.43076923076923085,0.42857142857142855,0.8181818181818182,0.05454545454545454,1.0,0.8181818181818182,0.7818181818181819,0.6666666666666666,0.8181818181818182,0.5636363636363636
exp2_adult,logreg,456,n_100,8194,1,0.42857142857142855,0.5384615384615384,0.10666666666666665,1.0,1.0,0.8222222222222221,0.25,0.6666666666666666,-0.06153846153846155,0.42857142857142855,0.6666666666666666,0.18461538461538463,1.0,0.8181818181818182,0.8545454545454545
exp2_adult,logreg,456,n_100,9524,1,0.6666666666666666,1.0,0.7777777777777777,0.6666666666666666,0.8181818181818182,0.6363636363636364,0.25,0.8181818181818182,0.0909090909090909,0.6666666666666666,1.0,0.8666666666666666,1.0,0.8181818181818182,0.7090909090909091
exp2_adult,logreg,789,n_100,5801,0,1.0,0.8181818181818182,0.7454545454545454,1.0,0.6666666666666666,0.6769230769230771,0.1111111111111111,0.3333333333333333,-0.11578947368421054,1.0,0.8181818181818182,0.7818181818181819,0.6666666666666666,0.6666666666666666,0.6461538461538463
exp2_adult,logreg,789,n_100,4574,0,0.6666666666666666,0.8181818181818182,0.5636363636363636,1.0,0.6666666666666666,0.8000000000000002,0.6666666666666666,0.6666666666666666,0.6461538461538463,0.42857142857142855,0.8181818181818182,0.5272727272727272,1.0,0.6666666666666666,0.7692307692307693
exp2_adult,logreg,789,n_100,6924,0,0.42857142857142855,1.0,0.6,0.6666666666666666,0.5384615384615384,0.5066666666666665,0.42857142857142855,0.8181818181818182,0.45454545454545453,0.42857142857142855,1.0,0.5555555555555555,0.6666666666666666,0.6666666666666666,0.6769230769230771
exp2_adult,logreg,789,n_100,681,0,0.6666666666666666,0.8181818181818182,0.6363636363636364,0.6666666666666666,0.5384615384615384,0.3199999999999999,0.42857142857142855,0.8181818181818182,0.2727272727272727,1.0,0.8181818181818182,0.6363636363636364,0.6666666666666666,0.6666666666666666,0.36923076923076925
exp2_adult,logreg,789,n_100,4397,1,0.6666666666666666,0.8181818181818182,0.4909090909090909,1.0,0.6666666666666666,0.7076923076923078,0.25,0.6666666666666666,0.27692307692307694,1.0,1.0,0.8222222222222221,1.0,0.6666666666666666,0.5230769230769232
exp2_adult,logreg,789,n_100,7421,1,1.0,0.8181818181818182,0.9636363636363636,1.0,0.8181818181818182,0.7818181818181819,0.1111111111111111,0.5384615384615384,0.0,0.6666666666666666,1.0,0.9555555555555554,1.0,0.8181818181818182,0.8545454545454545
exp2_adult,logreg,789,n_100,4778,1,0.6666666666666666,1.0,0.7777777777777777,1.0,0.8181818181818182,0.7454545454545454,0.25,0.5384615384615384,-0.02666666666666666,1.0,1.0,0.7777777777777777,1.0,0.8181818181818182,0.6727272727272727
exp2_adult,logreg,789,n_100,2352,0,0.6666666666666666,0.8181818181818182,0.7818181818181819,0.42857142857142855,0.5384615384615384,0.23999999999999996,0.42857142857142855,0.5384615384615384,0.2933333333333333,0.6666666666666666,0.8181818181818182,0.7454545454545454,0.6666666666666666,0.6666666666666666,0.43076923076923085
exp2_adult,logreg,789,n_100,5240,1,0.6666666666666666,0.8181818181818182,0.7090909090909091,1.0,0.6666666666666666,0.5846153846153846,0.42857142857142855,0.6666666666666666,0.06153846153846155,1.0,0.5384615384615384,0.6399999999999998,1.0,0.6666666666666666,0.5230769230769232
exp2_adult,logreg,789,n_100,8090,1,1.0,0.8181818181818182,0.9272727272727274,1.0,0.8181818181818182,0.7090909090909091,0.42857142857142855,0.6666666666666666,-0.1230769230769231,1.0,0.8181818181818182,0.9636363636363636,1.0,0.8181818181818182,0.8545454545454545
exp2_adult,logreg,789,n_100,9196,0,1.0,0.6666666666666666,0.6769230769230771,0.6666666666666666,0.5384615384615384,0.5599999999999998,0.6666666666666666,0.5384615384615384,0.2933333333333333,0.6666666666666666,0.8181818181818182,0.6727272727272727,1.0,0.8181818181818182,0.6000000000000001
exp2_adult,logreg,789,n_100,7218,0,0.6666666666666666,0.6666666666666666,0.7076923076923078,1.0,0.6666666666666666,0.7384615384615385,0.25,0.5384615384615384,-0.10666666666666665,0.6666666666666666,0.6666666666666666,0.7692307692307693,1.0,0.8181818181818182,0.6727272727272727
exp2_adult,logreg,789,n_100,913,1,0.6666666666666666,1.0,0.6888888888888888,0.6666666666666666,0.6666666666666666,0.5846153846153846,0.6666666666666666,0.5384615384615384,0.3999999999999999,0.42857142857142855,0.8181818181818182,0.6727272727272727,0.6666666666666666,0.6666666666666666,0.6461538461538463
exp2_adult,logreg,789,n_100,8327,0,0.6666666666666666,0.8181818181818182,0.6363636363636364,0.6666666666666666,0.8181818181818182,0.6363636363636364,0.42857142857142855,0.6666666666666666,0.21538461538461542,0.6666666666666666,0.6666666666666666,0.4923076923076924,1.0,0.6666666666666666,0.7384615384615385
exp2_adult,logreg,789,n_100,1758,1,1.0,0.8181818181818182,0.7454545454545454,0.6666666666666666,0.6666666666666666,0.43076923076923085,0.42857142857142855,0.6666666666666666,0.2461538461538462,1.0,0.6666666666666666,0.6461538461538463,0.6666666666666666,0.6666666666666666,0.5846153846153846
exp2_adult,logreg,789,n_100,3923,0,1.0,0.6666666666666666,0.6153846153846154,0.6666666666666666,0.8181818181818182,0.4909090909090909,0.42857142857142855,0.5384615384615384,0.3199999999999999,0.6666666666666666,0.8181818181818182,0.41818181818181815,0.6666666666666666,0.6666666666666666,0.5230769230769232
exp2_adult,logreg,789,n_100,4871,0,0.6666666666666666,0.8181818181818182,0.45454545454545453,0.6666666666666666,0.6666666666666666,0.5230769230769232,0.25,0.6666666666666666,0.06153846153846155,0.42857142857142855,0.6666666666666666,0.3076923076923077,0.6666666666666666,0.6666666666666666,0.5538461538461539
exp2_adult,logreg,789,n_100,5490,1,1.0,1.0,0.911111111111111,0.42857142857142855,0.5384615384615384,0.5066666666666665,0.6666666666666666,0.42857142857142855,0.31764705882352945,0.6666666666666666,0.8181818181818182,0.6727272727272727,0.6666666666666666,0.6666666666666666,0.43076923076923085
exp2_adult,logreg,789,n_100,727,1,1.0,0.6666666666666666,0.8000000000000002,0.6666666666666666,0.6666666666666666,0.6153846153846154,0.42857142857142855,0.5384615384615384,0.2933333333333333,0.6666666666666666,0.8181818181818182,0.6363636363636364,1.0,0.6666666666666666,0.8000000000000002
exp2_adult,logreg,789,n_100,2217,1,0.6666666666666666,0.6666666666666666,0.6769230769230771,1.0,0.6666666666666666,0.7384615384615385,0.25,0.5384615384615384,0.15999999999999995,1.0,0.8181818181818182,0.9636363636363636,0.6666666666666666,0.6666666666666666,0.7076923076923078
exp2_adult,logreg,999,n_100,2347,1,0.6666666666666666,1.0,0.7333333333333333,0.6666666666666666,0.6666666666666666,0.5846153846153846,0.6666666666666666,0.6666666666666666,0.4923076923076924,0.6666666666666666,1.0,0.7333333333333333,1.0,0.8181818181818182,0.8545454545454545
exp2_adult,logreg,999,n_100,3748,1,1.0,0.8181818181818182,0.9272727272727274,1.0,0.6666666666666666,0.7692307692307693,0.0,0.3333333333333333,-0.24210526315789477,0.6666666666666666,0.8181818181818182,0.8909090909090909,0.6666666666666666,0.6666666666666666,0.7384615384615385
exp2_adult,logreg,999,n_100,9632,0,0.25,0.5384615384615384,0.15999999999999995,0.42857142857142855,0.6666666666666666,0.46153846153846156,0.25,0.3333333333333333,-0.15789473684210528,0.25,0.5384615384615384,0.18666666666666662,0.6666666666666666,0.5384615384615384,0.4799999999999999
exp2_adult,logreg,999,n_100,3401,1,1.0,0.8181818181818182,0.7454545454545454,0.42857142857142855,0.5384615384615384,0.5599999999999998,0.1111111111111111,0.25,-0.3047619047619048,0.6666666666666666,0.8181818181818182,0.6363636363636364,0.6666666666666666,0.6666666666666666,0.6461538461538463
exp2_adult,logreg,999,n_100,4711,1,1.0,1.0,0.9999999999999999,0.6666666666666666,0.6666666666666666,0.5230769230769232,0.6666666666666666,0.5384615384615384,0.2933333333333333,1.0,1.0,0.911111111111111,0.6666666666666666,0.6666666666666666,0.5846153846153846
exp2_adult,logreg,999,n_100,4182,1,1.0,0.8181818181818182,0.7818181818181819,1.0,0.5384615384615384,0.45333333333333325,0.6666666666666666,0.6666666666666666,0.43076923076923085,1.0,0.8181818181818182,0.7454545454545454,0.6666666666666666,0.5384615384615384,0.45333333333333325
exp2_adult,logreg,999,n_100,1402,1,1.0,1.0,0.9555555555555554,1.0,0.8181818181818182,0.8909090909090909,0.6666666666666666,0.6666666666666666,0.5846153846153846,1.0,1.0,0.8222222222222221,1.0,0.8181818181818182,0.8545454545454545
exp2_adult,logreg,999,n_100,8184,0,0.6666666666666666,0.6666666666666666,0.43076923076923085,0.6666666666666666,0.8181818181818182,0.7818181818181819,0.42857142857142855,0.6666666666666666,0.2461538461538462,0.6666666666666666,0.5384615384615384,0.37333333333333324,1.0,0.6666666666666666,0.7384615384615385
exp2_adult,logreg,999,n_100,7976,1,1.0,1.0,0.9555555555555554,1.0,0.8181818181818182,0.8909090909090909,0.6666666666666666,0.5384615384615384,0.4266666666666666,1.0,0.8181818181818182,0.7090909090909091,0.6666666666666666,0.8181818181818182,0.7090909090909091
exp2_adult,logreg,999,n_100,2367,0,0.6666666666666666,0.8181818181818182,0.6363636363636364,0.6666666666666666,0.8181818181818182,0.5636363636363636,0.42857142857142855,0.6666666666666666,0.36923076923076925,0.6666666666666666,0.8181818181818182,0.5636363636363636,0.6666666666666666,0.5384615384615384,0.45333333333333325
exp2_adult,logreg,999,n_100,2746,0,1.0,1.0,0.8222222222222221,0.6666666666666666,0.8181818181818182,0.7090909090909091,0.6666666666666666,0.6666666666666666,0.5538461538461539,0.6666666666666666,0.8181818181818182,0.7090909090909091,0.6666666666666666,0.8181818181818182,0.5272727272727272
exp2_adult,logreg,999,n_100,6438,0,0.6666666666666666,0.8181818181818182,0.6363636363636364,0.6666666666666666,0.5384615384615384,0.4266666666666666,0.6666666666666666,0.6666666666666666,0.5846153846153846,0.6666666666666666,0.8181818181818182,0.7454545454545454,0.42857142857142855,0.42857142857142855,0.29411764705882354
exp2_adult,logreg,999,n_100,7144,0,1.0,0.8181818181818182,0.7090909090909091,0.6666666666666666,0.6666666666666666,0.5846153846153846,0.42857142857142855,0.6666666666666666,0.27692307692307694,0.6666666666666666,0.6666666666666666,0.6461538461538463,0.6666666666666666,0.5384615384615384,0.5599999999999998
exp2_adult,logreg,999,n_100,2860,1,0.6666666666666666,1.0,0.7777777777777777,0.6666666666666666,0.8181818181818182,0.8181818181818182,0.6666666666666666,0.6666666666666666,0.46153846153846156,0.6666666666666666,0.6666666666666666,0.7384615384615385,0.6666666666666666,0.6666666666666666,0.7076923076923078
exp2_adult,logreg,999,n_100,4824,0,1.0,0.6666666666666666,0.5846153846153846,0.6666666666666666,0.8181818181818182,0.7454545454545454,1.0,0.6666666666666666,0.36923076923076925,1.0,0.8181818181818182,0.5636363636363636,0.6666666666666666,0.6666666666666666,0.5230769230769232
exp2_adult,logreg,999,n_100,9234,0,1.0,0.8181818181818182,0.7454545454545454,0.6666666666666666,0.5384615384615384,0.5066666666666665,0.42857142857142855,0.8181818181818182,0.38181818181818183,0.6666666666666666,0.8181818181818182,0.7818181818181819,0.42857142857142855,0.5384615384615384,0.4266666666666666
exp2_adult,logreg,999,n_100,6630,1,1.0,1.0,0.8666666666666666,0.6666666666666666,0.6666666666666666,0.4923076923076924,0.42857142857142855,0.6666666666666666,0.09230769230769231,1.0,0.8181818181818182,0.8181818181818182,1.0,0.8181818181818182,0.6727272727272727
exp2_adult,logreg,999,n_100,2512,0,1.0,0.5384615384615384,0.4799999999999999,0.6666666666666666,0.5384615384615384,0.4266666666666666,1.0,0.42857142857142855,0.45882352941176474,0.6666666666666666,0.8181818181818182,0.6727272727272727,0.6666666666666666,0.42857142857142855,0.3647058823529412
exp2_adult,logreg,999,n_100,8675,1,0.6666666666666666,0.6666666666666666,0.43076923076923085,0.6666666666666666,0.6666666666666666,0.5846153846153846,0.6666666666666666,0.6666666666666666,0.36923076923076925,0.6666666666666666,0.5384615384615384,0.3999999999999999,0.6666666666666666,0.6666666666666666,0.4923076923076924
exp2_adult,logreg,999,n_100,8906,0,0.25,0.6666666666666666,0.2461538461538462,0.6666666666666666,0.6666666666666666,0.4000000000000001,0.25,0.6666666666666666,0.33846153846153854,0.25,0.6666666666666666,0.18461538461538463,0.42857142857142855,0.6666666666666666,0.36923076923076925
exp2_adult,mlp,123,n_100,9195,0,0.25,0.5384615384615384,-0.2133333333333333,0.6666666666666666,0.5384615384615384,0.4799999999999999,0.25,0.42857142857142855,-0.2,0.42857142857142855,0.6666666666666666,0.06153846153846155,1.0,0.5384615384615384,0.6666666666666665
exp2_adult,mlp,123,n_100,7197,0,0.25,0.3333333333333333,-0.20000000000000004,1.0,1.0,0.7777777777777777,0.42857142857142855,0.6666666666666666,0.21538461538461542,0.1111111111111111,0.42857142857142855,-0.2705882352941177,0.6666666666666666,0.8181818181818182,0.7090909090909091
exp2_adult,mlp,123,n_100,2629,0,0.6666666666666666,0.8181818181818182,0.7454545454545454,0.6666666666666666,0.6666666666666666,0.4923076923076924,0.42857142857142855,0.5384615384615384,0.18666666666666662,0.6666666666666666,0.8181818181818182,0.8545454545454545,0.6666666666666666,0.8181818181818182,0.6363636363636364
exp2_adult,mlp,123,n_100,9622,0,0.25,0.5384615384615384,-0.05333333333333332,1.0,0.6666666666666666,0.5846153846153846,0.1111111111111111,0.3333333333333333,-0.26315789473684215,0.25,0.6666666666666666,0.0,1.0,0.3333333333333333,0.3052631578947369
exp2_adult,mlp,123,n_100,288,0,1.0,0.8181818181818182,0.7818181818181819,0.6666666666666666,0.6666666666666666,0.43076923076923085,0.6666666666666666,0.6666666666666666,0.2461538461538462,1.0,0.8181818181818182,0.7454545454545454,0.42857142857142855,0.8181818181818182,0.45454545454545453
exp2_adult,mlp,123,n_100,4047,1,0.1111111111111111,0.5384615384615384,-0.2933333333333333,1.0,0.6666666666666666,0.6461538461538463,0.42857142857142855,0.3333333333333333,0.0736842105263158,0.42857142857142855,0.6666666666666666,0.2461538461538462,0.6666666666666666,0.6666666666666666,0.46153846153846156
exp2_adult,mlp,123,n_100,577,0,0.42857142857142855,0.5384615384615384,0.23999999999999996,1.0,0.6666666666666666,0.43076923076923085,0.25,0.5384615384615384,0.0,0.6666666666666666,0.6666666666666666,0.15384615384615385,0.42857142857142855,0.8181818181818182,0.38181818181818183
exp2_adult,mlp,123,n_100,7141,0,1.0,0.8181818181818182,0.5636363636363636,1.0,0.5384615384615384,0.5599999999999998,0.0,0.25,-0.4761904761904763,0.1111111111111111,0.6666666666666666,-0.1230769230769231,1.0,0.42857142857142855,0.48235294117647065
exp2_adult,mlp,123,n_100,4580,1,0.42857142857142855,0.42857142857142855,0.2,1.0,0.6666666666666666,0.5846153846153846,0.25,0.3333333333333333,-0.20000000000000004,1.0,0.6666666666666666,0.7692307692307693,1.0,0.42857142857142855,0.411764705882353
exp2_adult,mlp,123,n_100,5403,0,0.42857142857142855,0.5384615384615384,0.2666666666666666,0.6666666666666666,0.42857142857142855,0.411764705882353,0.25,0.3333333333333333,-0.010526315789473686,0.6666666666666666,0.6666666666666666,0.4923076923076924,0.6666666666666666,0.6666666666666666,0.6153846153846154
exp2_adult,mlp,123,n_100,8889,1,1.0,0.5384615384615384,0.6133333333333332,0.6666666666666666,0.6666666666666666,0.7384615384615385,0.1111111111111111,0.3333333333333333,-0.20000000000000004,0.6666666666666666,0.42857142857142855,0.22352941176470592,0.6666666666666666,0.8181818181818182,0.7454545454545454
exp2_adult,mlp,123,n_100,1360,0,0.6666666666666666,0.6666666666666666,0.4923076923076924,0.6666666666666666,0.5384615384615384,0.5333333333333332,0.6666666666666666,0.42857142857142855,0.3647058823529412,1.0,0.8181818181818182,0.6727272727272727,0.6666666666666666,0.5384615384615384,0.6666666666666665
exp2_adult,mlp,123,n_100,9144,0,0.6666666666666666,0.6666666666666666,0.2461538461538462,0.6666666666666666,0.42857142857142855,0.38823529411764707,0.25,0.42857142857142855,0.12941176470588237,0.42857142857142855,0.5384615384615384,0.10666666666666665,0.6666666666666666,0.6666666666666666,0.6769230769230771
exp2_adult,mlp,123,n_100,1281,1,0.6666666666666666,0.8181818181818182,0.7818181818181819,0.6666666666666666,0.6666666666666666,0.5538461538461539,0.42857142857142855,0.25,0.0,0.6666666666666666,0.8181818181818182,0.7454545454545454,0.42857142857142855,0.5384615384615384,0.5066666666666665
exp2_adult,mlp,123,n_100,3318,0,1.0,0.6666666666666666,0.4923076923076924,0.6666666666666666,0.6666666666666666,0.7076923076923078,0.42857142857142855,0.42857142857142855,0.10588235294117648,1.0,0.5384615384615384,0.5599999999999998,1.0,0.6666666666666666,0.7384615384615385
exp2_adult,mlp,123,n_100,57,1,0.25,0.5384615384615384,-0.02666666666666666,0.6666666666666666,0.42857142857142855,0.3647058823529412,0.42857142857142855,0.3333333333333333,-0.03157894736842106,0.42857142857142855,0.5384615384615384,0.3199999999999999,0.6666666666666666,0.6666666666666666,0.46153846153846156
exp2_adult,mlp,123,n_100,5393,1,0.25,0.3333333333333333,-0.05263157894736843,0.6666666666666666,0.6666666666666666,0.7692307692307693,0.42857142857142855,0.3333333333333333,0.05263157894736843,0.1111111111111111,0.42857142857142855,-0.058823529411764705,0.6666666666666666,0.6666666666666666,0.6461538461538463
exp2_adult,mlp,123,n_100,9038,1,0.1111111111111111,0.42857142857142855,-0.22352941176470592,1.0,0.5384615384615384,0.5866666666666666,0.25,0.3333333333333333,-0.010526315789473686,0.42857142857142855,0.42857142857142855,-0.22352941176470592,0.42857142857142855,0.6666666666666666,0.5846153846153846
exp2_adult,mlp,123,n_100,9188,1,0.42857142857142855,0.42857142857142855,0.058823529411764705,1.0,0.6666666666666666,0.7076923076923078,0.25,0.25,-0.1142857142857143,0.42857142857142855,0.5384615384615384,0.37333333333333324,1.0,0.8181818181818182,0.6000000000000001
exp2_adult,mlp,123,n_100,4663,1,0.6666666666666666,0.6666666666666666,0.33846153846153854,1.0,0.5384615384615384,0.5333333333333332,0.42857142857142855,0.42857142857142855,0.12941176470588237,0.42857142857142855,0.6666666666666666,0.3076923076923077,1.0,0.6666666666666666,0.5538461538461539
exp2_adult,mlp,42,n_100,1011,0,0.6666666666666666,0.5384615384615384,0.37333333333333324,1.0,0.8181818181818182,0.6363636363636364,0.42857142857142855,0.5384615384615384,0.18666666666666662,0.6666666666666666,0.5384615384615384,0.45333333333333325,1.0,0.6666666666666666,0.6769230769230771
exp2_adult,mlp,42,n_100,3403,0,0.42857142857142855,0.42857142857142855,-0.08235294117647059,0.42857142857142855,0.6666666666666666,0.33846153846153854,0.25,0.6666666666666666,0.18461538461538463,0.6666666666666666,0.5384615384615384,0.37333333333333324,0.42857142857142855,0.8181818181818182,0.6727272727272727
exp2_adult,mlp,42,n_100,1072,0,1.0,0.6666666666666666,0.8000000000000002,0.42857142857142855,0.8181818181818182,0.41818181818181815,0.1111111111111111,0.42857142857142855,-0.08235294117647059,1.0,0.8181818181818182,0.8909090909090909,0.25,0.8181818181818182,0.3090909090909091
exp2_adult,mlp,42,n_100,3538,0,0.6666666666666666,0.8181818181818182,0.6363636363636364,0.6666666666666666,0.6666666666666666,0.5846153846153846,0.1111111111111111,0.8181818181818182,-0.05454545454545454,0.6666666666666666,0.8181818181818182,0.6000000000000001,0.42857142857142855,0.5384615384615384,0.4799999999999999
exp2_adult,mlp,42,n_100,2846,1,0.25,0.6666666666666666,0.030769230769230774,1.0,0.5384615384615384,0.5066666666666665,0.42857142857142855,0.25,-0.0380952380952381,0.42857142857142855,1.0,0.3333333333333333,0.6666666666666666,0.5384615384615384,0.3999999999999999
exp2_adult,mlp,42,n_100,2569,1,0.42857142857142855,0.5384615384615384,0.34666666666666657,0.6666666666666666,0.6666666666666666,0.6769230769230771,0.42857142857142855,0.42857142857142855,0.03529411764705882,0.6666666666666666,0.8181818181818182,0.5636363636363636,0.6666666666666666,0.5384615384615384,0.45333333333333325
exp2_adult,mlp,42,n_100,2236,1,0.6666666666666666,0.8181818181818182,0.2727272727272727,1.0,0.5384615384615384,0.6666666666666665,0.6666666666666666,0.5384615384615384,0.34666666666666657,0.25,0.6666666666666666,0.21538461538461542,0.6666666666666666,0.5384615384615384,0.5599999999999998
exp2_adult,mlp,42,n_100,642,1,0.42857142857142855,0.8181818181818182,0.4909090909090909,1.0,0.6666666666666666,0.6461538461538463,0.25,0.5384615384615384,-0.05333333333333332,0.42857142857142855,0.6666666666666666,0.15384615384615385,0.42857142857142855,0.5384615384615384,0.3199999999999999
exp2_adult,mlp,42,n_100,7333,0,0.42857142857142855,0.42857142857142855,0.29411764705882354,0.42857142857142855,0.6666666666666666,0.33846153846153854,0.25,0.25,-0.0380952380952381,0.6666666666666666,0.3333333333333333,0.20000000000000004,0.42857142857142855,0.5384615384615384,0.45333333333333325
exp2_adult,mlp,42,n_100,336,0,0.25,0.5384615384615384,0.02666666666666666,1.0,0.6666666666666666,0.7692307692307693,0.42857142857142855,0.6666666666666666,0.15384615384615385,0.25,0.42857142857142855,0.03529411764705882,0.6666666666666666,0.5384615384615384,0.5333333333333332
exp2_adult,mlp,42,n_100,890,1,0.42857142857142855,0.6666666666666666,0.18461538461538463,1.0,0.6666666666666666,0.6461538461538463,0.1111111111111111,0.25,-0.20952380952380953,0.25,0.5384615384615384,0.1333333333333333,0.6666666666666666,0.5384615384615384,0.3999999999999999
exp2_adult,mlp,42,n_100,3547,1,0.6666666666666666,0.6666666666666666,0.6153846153846154,0.6666666666666666,0.5384615384615384,0.37333333333333324,0.42857142857142855,0.5384615384615384,0.07999999999999997,0.42857142857142855,0.42857142857142855,0.12941176470588237,0.6666666666666666,0.5384615384615384,0.45333333333333325
exp2_adult,mlp,42,n_100,9732,0,0.6666666666666666,0.6666666666666666,0.3076923076923077,0.6666666666666666,0.5384615384615384,0.34666666666666657,0.42857142857142855,0.42857142857142855,0.12941176470588237,0.42857142857142855,0.5384615384615384,0.10666666666666665,0.6666666666666666,0.5384615384615384,0.5599999999999998
exp2_adult,mlp,42,n_100,7551,0,0.6666666666666666,0.6666666666666666,0.27692307692307694,0.42857142857142855,0.8181818181818182,0.38181818181818183,0.42857142857142855,0.42857142857142855,0.2705882352941177,0.42857142857142855,0.8181818181818182,0.4909090909090909,0.6666666666666666,0.8181818181818182,0.6000000000000001
exp2_adult,mlp,42,n_100,374,1,0.6666666666666666,0.6666666666666666,0.43076923076923085,0.6666666666666666,0.8181818181818182,0.6363636363636364,0.6666666666666666,0.6666666666666666,0.33846153846153854,0.6666666666666666,0.6666666666666666,0.46153846153846156,0.6666666666666666,0.6666666666666666,0.36923076923076925
exp2_adult,mlp,42,n_100,5887,1,0.6666666666666666,0.6666666666666666,0.4923076923076924,1.0,0.5384615384615384,0.5333333333333332,0.42857142857142855,0.25,0.05714285714285715,0.25,0.3333333333333333,-0.26315789473684215,1.0,0.3333333333333333,0.3473684210526316
exp2_adult,mlp,42,n_100,9364,1,0.42857142857142855,0.5384615384615384,0.1333333333333333,1.0,0.6666666666666666,0.6461538461538463,0.42857142857142855,0.5384615384615384,0.34666666666666657,0.6666666666666666,0.5384615384615384,0.45333333333333325,0.6666666666666666,0.5384615384615384,0.45333333333333325
exp2_adult,mlp,42,n_100,6871,1,0.6666666666666666,0.42857142857142855,0.2705882352941177,0.42857142857142855,0.3333333333333333,0.09473684210526317,0.6666666666666666,0.42857142857142855,0.31764705882352945,0.6666666666666666,0.6666666666666666,0.5538461538461539,0.6666666666666666,0.3333333333333333,0.2842105263157895
exp2_adult,mlp,42,n_100,5247,0,0.6666666666666666,0.5384615384615384,0.4799999999999999,1.0,0.42857142857142855,0.38823529411764707,0.6666666666666666,0.42857142857142855,0.24705882352941178,0.42857142857142855,0.5384615384615384,0.5066666666666665,0.6666666666666666,0.8181818181818182,0.6727272727272727
exp2_adult,mlp,42,n_100,9083,0,0.6666666666666666,0.6666666666666666,0.5846153846153846,0.6666666666666666,0.5384615384615384,0.45333333333333325,0.25,0.6666666666666666,0.0,0.6666666666666666,0.6666666666666666,0.7692307692307693,0.42857142857142855,0.42857142857142855,0.3647058823529412
exp2_adult,mlp,456,n_100,3087,1,0.6666666666666666,0.42857142857142855,0.48235294117647065,0.42857142857142855,0.6666666666666666,0.33846153846153854,0.1111111111111111,0.3333333333333333,-0.3052631578947369,0.42857142857142855,0.5384615384615384,0.23999999999999996,0.25,0.5384615384615384,0.15999999999999995
exp2_adult,mlp,456,n_100,8644,0,0.1111111111111111,0.3333333333333333,-0.3263157894736843,1.0,0.42857142857142855,0.45882352941176474,0.25,0.5384615384615384,-0.02666666666666666,0.1111111111111111,0.5384615384615384,-0.05333333333333332,1.0,0.6666666666666666,0.7076923076923078
exp2_adult,mlp,456,n_100,7908,0,0.42857142857142855,0.6666666666666666,0.09230769230769231,0.42857142857142855,0.6666666666666666,0.36923076923076925,0.42857142857142855,0.5384615384615384,0.23999999999999996,0.6666666666666666,0.8181818181818182,0.41818181818181815,1.0,0.8181818181818182,0.7818181818181819
exp2_adult,mlp,456,n_100,3749,1,1.0,0.5384615384615384,0.23999999999999996,0.6666666666666666,0.6666666666666666,0.6769230769230771,0.25,0.42857142857142855,0.03529411764705882,0.42857142857142855,0.6666666666666666,0.36923076923076925,0.42857142857142855,0.6666666666666666,0.5846153846153846
exp2_adult,mlp,456,n_100,6780,1,0.42857142857142855,0.6666666666666666,0.1230769230769231,0.6666666666666666,0.6666666666666666,0.6153846153846154,0.25,0.42857142857142855,0.03529411764705882,0.6666666666666666,0.6666666666666666,0.43076923076923085,1.0,0.6666666666666666,0.7076923076923078
exp2_adult,mlp,456,n_100,4118,1,0.6666666666666666,0.5384615384615384,0.5066666666666665,1.0,0.8181818181818182,0.5636363636363636,0.25,0.42857142857142855,-0.08235294117647059,0.6666666666666666,0.6666666666666666,0.43076923076923085,0.42857142857142855,0.8181818181818182,0.5272727272727272
exp2_adult,mlp,456,n_100,5936,1,0.6666666666666666,0.8181818181818182,0.8181818181818182,1.0,0.6666666666666666,0.7076923076923078,0.25,0.3333333333333333,-0.03157894736842106,1.0,0.6666666666666666,0.5538461538461539,0.6666666666666666,0.6666666666666666,0.5538461538461539
exp2_adult,mlp,456,n_100,1022,0,0.25,0.8181818181818182,-0.05454545454545454,0.6666666666666666,0.42857142857142855,0.2705882352941177,0.1111111111111111,0.3333333333333333,-0.11578947368421054,0.25,0.6666666666666666,-0.21538461538461542,1.0,0.6666666666666666,0.5538461538461539
exp2_adult,mlp,456,n_100,644,0,0.6666666666666666,0.6666666666666666,0.46153846153846156,0.42857142857142855,0.5384615384615384,0.5066666666666665,0.6666666666666666,0.3333333333333333,0.17894736842105266,0.42857142857142855,0.42857142857142855,0.24705882352941178,0.6666666666666666,0.8181818181818182,0.7454545454545454
exp2_adult,mlp,456,n_100,7986,0,0.6666666666666666,0.6666666666666666,0.46153846153846156,0.42857142857142855,0.8181818181818182,0.16363636363636364,0.6666666666666666,0.42857142857142855,0.29411764705882354,0.6666666666666666,0.8181818181818182,0.7090909090909091,0.6666666666666666,0.8181818181818182,0.6363636363636364
exp2_adult,mlp,456,n_100,3727,0,0.25,0.5384615384615384,0.07999999999999997,0.6666666666666666,0.6666666666666666,0.5846153846153846,0.25,0.42857142857142855,-0.12941176470588237,0.25,0.6666666666666666,0.21538461538461542,0.6666666666666666,0.6666666666666666,0.5230769230769232
exp2_adult,mlp,456,n_100,8964,1,0.6666666666666666,0.42857142857142855,0.17647058823529413,1.0,0.5384615384615384,0.5333333333333332,0.42857142857142855,0.3333333333333333,0.13684210526315793,1.0,0.5384615384615384,0.45333333333333325,0.6666666666666666,0.6666666666666666,0.5538461538461539
exp2_adult,mlp,456,n_100,8415,0,0.6666666666666666,0.8181818181818182,0.7090909090909091,0.42857142857142855,0.8181818181818182,0.4909090909090909,0.25,0.5384615384615384,0.2133333333333333,1.0,1.0,0.6444444444444444,0.42857142857142855,0.8181818181818182,0.7090909090909091
exp2_adult,mlp,456,n_100,2801,0,0.42857142857142855,0.5384615384615384,0.05333333333333332,0.6666666666666666,0.6666666666666666,0.5230769230769232,0.1111111111111111,0.42857142857142855,-0.2,0.42857142857142855,0.6666666666666666,0.27692307692307694,0.42857142857142855,0.6666666666666666,0.21538461538461542
exp2_adult,mlp,456,n_100,1577,1,0.25,0.42857142857142855,-0.03529411764705882,0.6666666666666666,0.5384615384615384,0.45333333333333325,0.1111111111111111,0.42857142857142855,-0.15294117647058825,0.6666666666666666,0.5384615384615384,0.2933333333333333,0.6666666666666666,0.5384615384615384,0.4799999999999999
exp2_adult,mlp,456,n_100,1334,0,1.0,0.8181818181818182,0.5272727272727272,1.0,0.5384615384615384,0.37333333333333324,0.6666666666666666,0.42857142857142855,0.31764705882352945,0.6666666666666666,0.6666666666666666,0.5538461538461539,1.0,0.6666666666666666,0.7076923076923078
exp2_adult,mlp,456,n_100,5455,0,0.42857142857142855,0.5384615384615384,0.07999999999999997,0.25,0.6666666666666666,0.2461538461538462,0.1111111111111111,0.3333333333333333,-0.20000000000000004,0.6666666666666666,0.8181818181818182,0.5272727272727272,0.25,0.5384615384615384,0.23999999999999996
exp2_adult,mlp,456,n_100,120,1,0.25,0.42857142857142855,-0.17647058823529413,0.6666666666666666,0.5384615384615384,0.37333333333333324,0.25,0.6666666666666666,-0.030769230769230774,0.25,0.5384615384615384,0.15999999999999995,0.6666666666666666,0.5384615384615384,0.5333333333333332
exp2_adult,mlp,456,n_100,2102,1,0.42857142857142855,0.5384615384615384,0.02666666666666666,0.6666666666666666,0.5384615384615384,0.5599999999999998,0.25,0.3333333333333333,-0.13684210526315793,0.6666666666666666,0.42857142857142855,0.2,1.0,0.5384615384615384,0.37333333333333324
exp2_adult,mlp,456,n_100,5297,1,0.42857142857142855,1.0,0.4666666666666666,0.6666666666666666,0.5384615384615384,0.6399999999999998,0.1111111111111111,0.3333333333333333,-0.15789473684210528,0.6666666666666666,1.0,0.8666666666666666,0.6666666666666666,0.5384615384615384,0.5866666666666666
exp2_adult,mlp,789,n_100,831,1,1.0,0.5384615384615384,0.7199999999999999,0.6666666666666666,0.8181818181818182,0.6727272727272727,0.25,0.3333333333333333,-0.03157894736842106,1.0,0.6666666666666666,0.8615384615384617,0.6666666666666666,0.6666666666666666,0.6461538461538463
exp2_adult,mlp,789,n_100,8380,1,0.25,0.6666666666666666,0.0,0.42857142857142855,0.6666666666666666,0.5846153846153846,0.1111111111111111,0.42857142857142855,-0.2,0.6666666666666666,0.8181818181818182,0.2,0.42857142857142855,0.6666666666666666,0.33846153846153854
exp2_adult,mlp,789,n_100,6245,0,0.6666666666666666,0.8181818181818182,0.6727272727272727,0.6666666666666666,0.6666666666666666,0.5538461538461539,0.42857142857142855,0.42857142857142855,0.10588235294117648,0.42857142857142855,0.6666666666666666,0.4000000000000001,0.6666666666666666,0.6666666666666666,0.7076923076923078
exp2_adult,mlp,789,n_100,9314,0,0.1111111111111111,0.5384615384615384,-0.15999999999999995,0.6666666666666666,0.8181818181818182,0.6000000000000001,0.1111111111111111,0.5384615384615384,-0.05333333333333332,0.6666666666666666,0.6666666666666666,0.46153846153846156,0.6666666666666666,0.6666666666666666,0.5846153846153846
exp2_adult,mlp,789,n_100,4530,1,0.42857142857142855,0.5384615384615384,0.2133333333333333,1.0,0.6666666666666666,0.6461538461538463,0.25,0.42857142857142855,0.011764705882352941,0.42857142857142855,0.6666666666666666,0.36923076923076925,0.42857142857142855,0.5384615384615384,0.4266666666666666
exp2_adult,mlp,789,n_100,5276,0,0.6666666666666666,0.5384615384615384,0.3999999999999999,0.6666666666666666,0.6666666666666666,0.4923076923076924,0.42857142857142855,0.3333333333333333,0.03157894736842106,1.0,0.5384615384615384,0.3999999999999999,0.6666666666666666,0.42857142857142855,0.45882352941176474
exp2_adult,mlp,789,n_100,6299,0,0.6666666666666666,0.5384615384615384,0.3199999999999999,0.6666666666666666,0.5384615384615384,0.6133333333333332,0.25,0.6666666666666666,0.0,0.42857142857142855,0.3333333333333333,0.05263157894736843,0.6666666666666666,0.6666666666666666,0.5846153846153846
exp2_adult,mlp,789,n_100,7066,1,0.42857142857142855,0.8181818181818182,0.2,0.6666666666666666,0.42857142857142855,0.3411764705882353,0.1111111111111111,0.42857142857142855,-0.011764705882352941,0.42857142857142855,0.6666666666666666,0.36923076923076925,0.6666666666666666,0.5384615384615384,0.5333333333333332
exp2_adult,mlp,789,n_100,2504,1,0.42857142857142855,0.5384615384615384,0.15999999999999995,0.6666666666666666,0.6666666666666666,0.43076923076923085,0.25,0.3333333333333333,-0.15789473684210528,0.25,0.5384615384615384,0.15999999999999995,0.6666666666666666,0.5384615384615384,0.45333333333333325
exp2_adult,mlp,789,n_100,7692,1,0.42857142857142855,0.5384615384615384,0.05333333333333332,0.6666666666666666,0.5384615384615384,0.5066666666666665,0.25,0.3333333333333333,0.09473684210526317,0.25,0.5384615384615384,0.23999999999999996,0.6666666666666666,0.6666666666666666,0.4923076923076924
exp2_adult,mlp,789,n_100,2422,1,0.1111111111111111,0.5384615384615384,-0.23999999999999996,0.6666666666666666,0.6666666666666666,0.46153846153846156,0.25,0.42857142857142855,0.011764705882352941,0.25,0.6666666666666666,0.09230769230769231,0.6666666666666666,0.6666666666666666,0.4000000000000001
exp2_adult,mlp,789,n_100,2462,1,1.0,0.5384615384615384,0.5599999999999998,0.6666666666666666,0.6666666666666666,0.6461538461538463,0.42857142857142855,0.42857142857142855,0.12941176470588237,0.6666666666666666,0.5384615384615384,0.3999999999999999,0.6666666666666666,0.8181818181818182,0.7454545454545454
exp2_adult,mlp,789,n_100,2188,1,0.25,0.6666666666666666,0.18461538461538463,0.6666666666666666,0.5384615384615384,0.2933333333333333,0.42857142857142855,0.3333333333333333,0.15789473684210528,0.25,0.5384615384615384,0.07999999999999997,0.6666666666666666,0.42857142857142855,0.31764705882352945
exp2_adult,mlp,789,n_100,8358,1,0.42857142857142855,0.42857142857142855,0.2,0.6666666666666666,0.6666666666666666,0.6461538461538463,0.25,0.42857142857142855,-0.12941176470588237,0.25,0.42857142857142855,-0.15294117647058825,0.42857142857142855,0.6666666666666666,0.46153846153846156
exp2_adult,mlp,789,n_100,7539,1,0.42857142857142855,0.5384615384615384,0.23999999999999996,0.42857142857142855,0.5384615384615384,0.45333333333333325,0.25,0.3333333333333333,0.010526315789473686,0.42857142857142855,0.8181818181818182,0.23636363636363636,0.42857142857142855,0.5384615384615384,0.45333333333333325
exp2_adult,mlp,789,n_100,3505,0,0.6666666666666666,0.6666666666666666,0.5230769230769232,0.6666666666666666,0.8181818181818182,0.6000000000000001,0.0,0.6666666666666666,-0.27692307692307694,0.6666666666666666,0.8181818181818182,0.7454545454545454,1.0,0.6666666666666666,0.6769230769230771
exp2_adult,mlp,789,n_100,3252,1,0.6666666666666666,0.8181818181818182,0.8545454545454545,1.0,0.8181818181818182,0.7818181818181819,0.6666666666666666,0.42857142857142855,0.2705882352941177,0.6666666666666666,0.6666666666666666,0.7076923076923078,0.6666666666666666,0.6666666666666666,0.7692307692307693
exp2_adult,mlp,789,n_100,848,1,0.42857142857142855,0.42857142857142855,0.08235294117647059,0.6666666666666666,0.8181818181818182,0.5636363636363636,0.42857142857142855,0.42857142857142855,0.22352941176470592,0.25,0.42857142857142855,-0.058823529411764705,0.6666666666666666,0.5384615384615384,0.4799999999999999
exp2_adult,mlp,789,n_100,7068,1,0.25,0.5384615384615384,-0.02666666666666666,1.0,0.8181818181818182,0.6727272727272727,0.25,0.5384615384615384,0.15999999999999995,0.25,0.42857142857142855,0.10588235294117648,0.6666666666666666,0.6666666666666666,0.5538461538461539
exp2_adult,mlp,789,n_100,9408,0,0.6666666666666666,0.42857142857142855,0.3411764705882353,0.6666666666666666,0.5384615384615384,0.45333333333333325,0.6666666666666666,0.3333333333333333,0.13684210526315793,0.6666666666666666,0.5384615384615384,0.37333333333333324,1.0,0.6666666666666666,0.7076923076923078
exp2_adult,mlp,999,n_100,6635,0,0.25,0.5384615384615384,0.10666666666666665,1.0,0.6666666666666666,0.8615384615384617,0.1111111111111111,0.3333333333333333,-0.11578947368421054,0.42857142857142855,0.3333333333333333,0.13684210526315793,0.6666666666666666,0.5384615384615384,0.5866666666666666
exp2_adult,mlp,999,n_100,4594,0,0.6666666666666666,0.6666666666666666,0.4923076923076924,0.6666666666666666,0.8181818181818182,0.7090909090909091,0.42857142857142855,0.6666666666666666,0.18461538461538463,0.6666666666666666,0.6666666666666666,0.46153846153846156,0.6666666666666666,0.8181818181818182,0.6727272727272727
exp2_adult,mlp,999,n_100,4827,0,1.0,0.8181818181818182,0.6363636363636364,0.6666666666666666,0.5384615384615384,0.45333333333333325,0.42857142857142855,0.3333333333333333,0.010526315789473686,0.6666666666666666,0.6666666666666666,0.36923076923076925,1.0,0.5384615384615384,0.6933333333333331
exp2_adult,mlp,999,n_100,8755,1,0.25,0.6666666666666666,0.030769230769230774,0.6666666666666666,1.0,0.8666666666666666,0.42857142857142855,0.3333333333333333,0.11578947368421054,0.42857142857142855,0.5384615384615384,0.07999999999999997,0.6666666666666666,0.5384615384615384,0.4799999999999999
exp2_adult,mlp,999,n_100,9316,1,0.42857142857142855,0.6666666666666666,0.27692307692307694,0.6666666666666666,0.6666666666666666,0.6153846153846154,0.42857142857142855,0.42857142857142855,0.08235294117647059,0.42857142857142855,0.5384615384615384,0.2666666666666666,0.42857142857142855,0.6666666666666666,0.46153846153846156
exp2_adult,mlp,999,n_100,8140,1,0.6666666666666666,0.6666666666666666,0.2461538461538462,1.0,0.6666666666666666,0.6769230769230771,0.25,0.5384615384615384,0.10666666666666665,0.25,0.3333333333333333,-0.010526315789473686,0.6666666666666666,0.5384615384615384,0.4799999999999999
exp2_adult,mlp,999,n_100,3594,0,0.6666666666666666,0.6666666666666666,0.4923076923076924,0.42857142857142855,0.6666666666666666,0.4000000000000001,0.25,0.42857142857142855,-0.03529411764705882,0.42857142857142855,0.6666666666666666,0.5538461538461539,0.6666666666666666,0.6666666666666666,0.43076923076923085
exp2_adult,mlp,999,n_100,4576,0,0.6666666666666666,0.6666666666666666,0.5846153846153846,0.6666666666666666,0.6666666666666666,0.6153846153846154,0.42857142857142855,0.3333333333333333,0.20000000000000004,0.6666666666666666,0.6666666666666666,0.5230769230769232,0.42857142857142855,0.5384615384615384,0.45333333333333325
exp2_adult,mlp,999,n_100,6856,0,0.6666666666666666,0.5384615384615384,0.34666666666666657,0.42857142857142855,0.6666666666666666,0.36923076923076925,0.42857142857142855,0.42857142857142855,0.12941176470588237,0.42857142857142855,0.5384615384615384,0.34666666666666657,0.42857142857142855,0.6666666666666666,0.4000000000000001
exp2_adult,mlp,999,n_100,5685,0,0.25,0.5384615384615384,-0.05333333333333332,0.6666666666666666,0.5384615384615384,0.45333333333333325,0.25,0.3333333333333333,-0.09473684210526317,0.25,0.42857142857142855,-0.12941176470588237,0.42857142857142855,0.6666666666666666,0.4000000000000001
exp2_adult,mlp,999,n_100,8472,0,0.42857142857142855,0.5384615384615384,0.15999999999999995,0.42857142857142855,0.42857142857142855,0.3411764705882353,0.42857142857142855,0.25,-0.09523809523809525,0.42857142857142855,0.42857142857142855,0.17647058823529413,0.6666666666666666,0.42857142857142855,0.17647058823529413
exp2_adult,mlp,999,n_100,3027,0,0.42857142857142855,0.6666666666666666,0.27692307692307694,0.6666666666666666,0.6666666666666666,0.36923076923076925,0.42857142857142855,0.6666666666666666,0.030769230769230774,0.6666666666666666,0.6666666666666666,0.18461538461538463,1.0,0.8181818181818182,0.6727272727272727
exp2_adult,mlp,999,n_100,4648,1,0.6666666666666666,0.5384615384615384,0.2133333333333333,0.6666666666666666,0.6666666666666666,0.5538461538461539,0.0,0.25,-0.4380952380952381,0.25,0.5384615384615384,-0.1333333333333333,0.6666666666666666,0.8181818181818182,0.45454545454545453
exp2_adult,mlp,999,n_100,4953,1,0.42857142857142855,0.5384615384615384,0.23999999999999996,1.0,0.5384615384615384,0.6399999999999998,0.1111111111111111,0.3333333333333333,-0.3052631578947369,0.25,0.5384615384615384,-0.05333333333333332,1.0,0.6666666666666666,0.6461538461538463
exp2_adult,mlp,999,n_100,8922,0,0.6666666666666666,0.8181818181818182,0.34545454545454546,0.42857142857142855,0.8181818181818182,0.2727272727272727,0.42857142857142855,0.25,-0.01904761904761905,0.6666666666666666,0.6666666666666666,0.5230769230769232,0.6666666666666666,0.5384615384615384,0.34666666666666657
exp2_adult,mlp,999,n_100,8508,1,0.42857142857142855,0.5384615384615384,0.23999999999999996,0.6666666666666666,0.8181818181818182,0.8545454545454545,0.25,0.42857142857142855,-0.03529411764705882,0.42857142857142855,0.6666666666666666,0.15384615384615385,0.42857142857142855,0.6666666666666666,0.4923076923076924
exp2_adult,mlp,999,n_100,1929,0,0.6666666666666666,0.8181818181818182,0.3090909090909091,1.0,0.6666666666666666,0.8307692307692309,0.25,0.42857142857142855,0.058823529411764705,0.6666666666666666,0.6666666666666666,0.4923076923076924,0.6666666666666666,0.5384615384615384,0.6133333333333332
exp2_adult,mlp,999,n_100,7376,1,0.25,0.6666666666666666,0.1230769230769231,1.0,0.6666666666666666,0.8000000000000002,0.6666666666666666,0.42857142857142855,0.3647058823529412,0.42857142857142855,0.8181818181818182,0.2727272727272727,1.0,0.6666666666666666,0.6153846153846154
exp2_adult,mlp,999,n_100,9227,1,0.42857142857142855,0.6666666666666666,0.3076923076923077,0.6666666666666666,0.8181818181818182,0.7454545454545454,0.6666666666666666,0.5384615384615384,0.5066666666666665,0.42857142857142855,0.6666666666666666,0.2461538461538462,0.6666666666666666,0.6666666666666666,0.5846153846153846
exp2_adult,mlp,999,n_100,2021,0,0.42857142857142855,0.3333333333333333,0.010526315789473686,0.6666666666666666,0.5384615384615384,0.5066666666666665,0.6666666666666666,0.3333333333333333,0.20000000000000004,0.6666666666666666,0.42857142857142855,0.29411764705882354,0.6666666666666666,0.6666666666666666,0.5538461538461539
exp2_adult,rf,123,n_100,8614,1,0.6666666666666666,0.6666666666666666,0.36923076923076925,1.0,0.8181818181818182,0.9272727272727274,0.25,0.8181818181818182,-0.05454545454545454,1.0,0.8181818181818182,0.7090909090909091,1.0,0.6666666666666666,0.7692307692307693
exp2_adult,rf,123,n_100,9218,1,1.0,0.8181818181818182,0.6727272727272727,1.0,0.8181818181818182,0.8181818181818182,0.6666666666666666,0.6666666666666666,0.36923076923076925,1.0,0.8181818181818182,0.6727272727272727,0.42857142857142855,0.5384615384615384,0.2666666666666666
exp2_adult,rf,123,n_100,1018,0,1.0,0.8181818181818182,0.8181818181818182,1.0,0.8181818181818182,0.7090909090909091,0.6666666666666666,0.6666666666666666,0.4000000000000001,1.0,0.5384615384615384,0.5599999999999998,1.0,0.6666666666666666,0.6461538461538463
exp2_adult,rf,123,n_100,2573,0,0.6666666666666666,0.42857142857142855,0.12941176470588237,1.0,0.6666666666666666,0.8000000000000002,0.1111111111111111,0.5384615384615384,-0.2666666666666666,0.42857142857142855,0.6666666666666666,0.15384615384615385,0.6666666666666666,0.8181818181818182,0.5636363636363636
exp2_adult,rf,123,n_100,2748,1,1.0,1.0,0.911111111111111,1.0,0.6666666666666666,0.8307692307692309,0.25,0.8181818181818182,-0.018181818181818184,1.0,0.8181818181818182,0.8181818181818182,1.0,0.6666666666666666,0.8000000000000002
exp2_adult,rf,123,n_100,396,0,0.42857142857142855,0.6666666666666666,0.06153846153846155,1.0,0.8181818181818182,0.8545454545454545,0.1111111111111111,0.25,-0.34285714285714286,0.6666666666666666,0.8181818181818182,0.7818181818181819,0.25,0.5384615384615384,0.05333333333333332
exp2_adult,rf,123,n_100,9182,1,1.0,0.8181818181818182,0.8181818181818182,1.0,0.6666666666666666,0.5846153846153846,0.42857142857142855,0.6666666666666666,0.27692307692307694,0.42857142857142855,0.8181818181818182,0.5636363636363636,0.6666666666666666,0.3333333333333333,0.26315789473684215
exp2_adult,rf,123,n_100,6456,0,0.6666666666666666,0.8181818181818182,0.7818181818181819,1.0,0.8181818181818182,0.7454545454545454,0.25,0.5384615384615384,0.1333333333333333,0.42857142857142855,0.6666666666666666,0.2461538461538462,0.6666666666666666,0.8181818181818182,0.3090909090909091
exp2_adult,rf,123,n_100,7491,1,1.0,1.0,0.6444444444444444,1.0,0.6666666666666666,0.8307692307692309,0.1111111111111111,0.3333333333333333,-0.15789473684210528,1.0,1.0,0.6888888888888888,0.6666666666666666,0.6666666666666666,0.8000000000000002
exp2_adult,rf,123,n_100,881,0,1.0,0.6666666666666666,0.7076923076923078,1.0,0.6666666666666666,0.8307692307692309,0.42857142857142855,0.42857142857142855,0.15294117647058825,1.0,0.6666666666666666,0.6769230769230771,0.6666666666666666,0.42857142857142855,0.43529411764705883
exp2_adult,rf,123,n_100,531,1,0.42857142857142855,0.5384615384615384,0.45333333333333325,1.0,0.6666666666666666,0.6769230769230771,0.42857142857142855,0.6666666666666666,0.15384615384615385,0.6666666666666666,0.5384615384615384,0.34666666666666657,0.6666666666666666,0.5384615384615384,0.1333333333333333
exp2_adult,rf,123,n_100,4501,1,1.0,0.8181818181818182,0.7090909090909091,0.6666666666666666,1.0,0.8666666666666666,0.0,0.5384615384615384,-0.45333333333333325,1.0,0.6666666666666666,0.6461538461538463,0.6666666666666666,0.42857142857142855,0.3411764705882353
exp2_adult,rf,123,n_100,8991,0,1.0,0.6666666666666666,0.6461538461538463,1.0,0.8181818181818182,0.8545454545454545,0.25,0.6666666666666666,0.36923076923076925,1.0,0.6666666666666666,0.7076923076923078,0.6666666666666666,0.6666666666666666,0.7384615384615385
exp2_adult,rf,123,n_100,2908,1,0.42857142857142855,0.8181818181818182,0.38181818181818183,1.0,0.8181818181818182,0.8545454545454545,0.1111111111111111,0.5384615384615384,-0.2133333333333333,0.6666666666666666,0.6666666666666666,0.36923076923076925,1.0,0.6666666666666666,0.5230769230769232
exp2_adult,rf,123,n_100,8463,0,0.6666666666666666,0.6666666666666666,0.6769230769230771,1.0,0.6666666666666666,0.7692307692307693,0.42857142857142855,0.5384615384615384,0.34666666666666657,0.6666666666666666,0.6666666666666666,0.7076923076923078,0.42857142857142855,0.6666666666666666,0.36923076923076925
exp2_adult,rf,123,n_100,4606,1,0.6666666666666666,0.42857142857142855,0.45882352941176474,0.6666666666666666,0.8181818181818182,0.6000000000000001,0.42857142857142855,0.5384615384615384,0.18666666666666662,0.6666666666666666,0.5384615384615384,0.5599999999999998,0.25,0.42857142857142855,0.011764705882352941
exp2_adult,rf,123,n_100,2699,1,0.6666666666666666,0.5384615384615384,0.3999999999999999,1.0,1.0,0.9555555555555554,0.25,0.6666666666666666,0.09230769230769231,0.6666666666666666,0.6666666666666666,0.5230769230769232,0.6666666666666666,0.8181818181818182,0.7454545454545454
exp2_adult,rf,123,n_100,2346,1,1.0,0.6666666666666666,0.6461538461538463,1.0,0.8181818181818182,0.8181818181818182,0.25,0.8181818181818182,0.0909090909090909,0.6666666666666666,1.0,0.6,0.25,0.5384615384615384,0.18666666666666662
exp2_adult,rf,123,n_100,7620,1,1.0,0.6666666666666666,0.8307692307692309,1.0,1.0,0.911111111111111,0.0,0.5384615384615384,-0.18666666666666662,1.0,0.8181818181818182,0.8181818181818182,1.0,0.5384615384615384,0.5866666666666666
exp2_adult,rf,123,n_100,4452,0,0.42857142857142855,0.5384615384615384,0.3199999999999999,1.0,0.8181818181818182,0.9272727272727274,0.42857142857142855,0.5384615384615384,0.2133333333333333,0.6666666666666666,0.5384615384615384,0.37333333333333324,1.0,0.6666666666666666,0.6769230769230771
exp2_adult,rf,42,n_100,3139,0,0.6666666666666666,0.8181818181818182,0.6727272727272727,0.6666666666666666,0.8181818181818182,0.8181818181818182,0.25,0.6666666666666666,0.030769230769230774,0.6666666666666666,0.6666666666666666,0.46153846153846156,0.6666666666666666,0.8181818181818182,0.6363636363636364
exp2_adult,rf,42,n_100,4173,0,1.0,1.0,0.9555555555555554,1.0,0.6666666666666666,0.8000000000000002,0.1111111111111111,0.42857142857142855,-0.411764705882353,1.0,1.0,0.9555555555555554,0.6666666666666666,0.5384615384615384,0.37333333333333324
exp2_adult,rf,42,n_100,4035,0,0.42857142857142855,0.8181818181818182,0.41818181818181815,1.0,0.6666666666666666,0.6769230769230771,0.42857142857142855,0.6666666666666666,0.21538461538461542,0.42857142857142855,0.8181818181818182,0.05454545454545454,0.6666666666666666,0.6666666666666666,0.4000000000000001
exp2_adult,rf,42,n_100,8917,1,1.0,0.8181818181818182,0.4909090909090909,1.0,0.6666666666666666,0.5538461538461539,0.6666666666666666,0.6666666666666666,0.2461538461538462,1.0,0.8181818181818182,0.6727272727272727,0.6666666666666666,0.3333333333333333,0.22105263157894742
exp2_adult,rf,42,n_100,8860,1,0.6666666666666666,0.8181818181818182,0.7818181818181819,1.0,0.5384615384615384,0.5866666666666666,0.42857142857142855,0.5384615384615384,0.2666666666666666,0.42857142857142855,0.6666666666666666,0.5846153846153846,0.42857142857142855,0.25,0.0380952380952381
exp2_adult,rf,42,n_100,6652,0,1.0,1.0,0.9555555555555554,1.0,0.6666666666666666,0.7384615384615385,0.1111111111111111,0.42857142857142855,-0.12941176470588237,1.0,0.8181818181818182,0.8545454545454545,0.6666666666666666,0.42857142857142855,0.3647058823529412
exp2_adult,rf,42,n_100,2681,0,0.6666666666666666,0.6666666666666666,0.43076923076923085,0.6666666666666666,1.0,0.6444444444444444,0.42857142857142855,0.8181818181818182,-0.05454545454545454,0.42857142857142855,0.6666666666666666,0.36923076923076925,0.6666666666666666,0.8181818181818182,0.41818181818181815
exp2_adult,rf,42,n_100,3086,0,0.6666666666666666,0.5384615384615384,0.4266666666666666,1.0,0.8181818181818182,0.7454545454545454,0.6666666666666666,0.42857142857142855,0.22352941176470592,0.6666666666666666,0.5384615384615384,0.37333333333333324,0.6666666666666666,0.5384615384615384,0.37333333333333324
exp2_adult,rf,42,n_100,8316,1,1.0,1.0,0.6888888888888888,1.0,0.8181818181818182,0.7818181818181819,0.42857142857142855,0.5384615384615384,0.2666666666666666,1.0,0.8181818181818182,0.6727272727272727,1.0,0.5384615384615384,0.3999999999999999
exp2_adult,rf,42,n_100,3708,1,1.0,0.6666666666666666,0.4923076923076924,1.0,1.0,0.8666666666666666,0.25,0.5384615384615384,0.18666666666666662,0.6666666666666666,0.6666666666666666,0.5846153846153846,0.6666666666666666,0.6666666666666666,0.6769230769230771
exp2_adult,rf,42,n_100,5028,0,0.6666666666666666,1.0,0.6,1.0,1.0,0.7333333333333333,0.42857142857142855,0.5384615384615384,0.2666666666666666,0.6666666666666666,0.8181818181818182,0.41818181818181815,0.42857142857142855,0.6666666666666666,0.27692307692307694
exp2_adult,rf,42,n_100,1106,1,0.6666666666666666,0.8181818181818182,0.8181818181818182,1.0,0.6666666666666666,0.8000000000000002,0.42857142857142855,0.42857142857142855,0.22352941176470592,0.6666666666666666,0.8181818181818182,0.6363636363636364,0.6666666666666666,0.42857142857142855,0.12941176470588237
exp2_adult,rf,42,n_100,6359,0,0.42857142857142855,0.8181818181818182,0.2,1.0,0.6666666666666666,0.6461538461538463,0.25,0.5384615384615384,0.15999999999999995,0.6666666666666666,0.6666666666666666,0.5846153846153846,0.42857142857142855,0.6666666666666666,0.27692307692307694
exp2_adult,rf,42,n_100,6879,0,0.6666666666666666,0.8181818181818182,0.8909090909090909,1.0,0.5384615384615384,0.5866666666666666,0.25,0.5384615384615384,0.2933333333333333,0.6666666666666666,0.8181818181818182,0.6000000000000001,0.42857142857142855,0.6666666666666666,0.4923076923076924
exp2_adult,rf,42,n_100,1364,1,1.0,0.8181818181818182,0.8909090909090909,1.0,0.5384615384615384,0.5333333333333332,0.42857142857142855,0.6666666666666666,0.27692307692307694,1.0,0.8181818181818182,0.6363636363636364,0.6666666666666666,0.3333333333333333,0.20000000000000004
exp2_adult,rf,42,n_100,2151,0,0.6666666666666666,0.6666666666666666,0.4923076923076924,0.6666666666666666,0.6666666666666666,0.6461538461538463,0.42857142857142855,0.6666666666666666,0.18461538461538463,0.6666666666666666,0.6666666666666666,0.5230769230769232,0.42857142857142855,0.6666666666666666,0.33846153846153854
exp2_adult,rf,42,n_100,1005,0,0.42857142857142855,0.8181818181818182,0.45454545454545453,0.6666666666666666,0.6666666666666666,0.7076923076923078,0.25,0.42857142857142855,-0.10588235294117648,0.42857142857142855,0.8181818181818182,0.41818181818181815,0.6666666666666666,0.6666666666666666,0.43076923076923085
exp2_adult,rf,42,n_100,6305,1,0.6666666666666666,0.6666666666666666,0.7692307692307693,1.0,1.0,0.8222222222222221,0.42857142857142855,0.6666666666666666,0.2461538461538462,0.6666666666666666,0.6666666666666666,0.5230769230769232,0.42857142857142855,0.8181818181818182,0.6000000000000001
exp2_adult,rf,42,n_100,922,1,1.0,0.8181818181818182,0.8545454545454545,1.0,0.8181818181818182,0.8909090909090909,0.1111111111111111,0.5384615384615384,-0.1333333333333333,1.0,0.8181818181818182,0.8909090909090909,0.6666666666666666,0.6666666666666666,0.5846153846153846
exp2_adult,rf,42,n_100,3702,0,0.25,0.5384615384615384,-0.10666666666666665,0.6666666666666666,0.8181818181818182,0.7454545454545454,0.25,0.6666666666666666,0.18461538461538463,0.42857142857142855,0.8181818181818182,0.2727272727272727,0.6666666666666666,0.8181818181818182,0.5636363636363636
exp2_adult,rf,456,n_100,8265,1,1.0,0.8181818181818182,0.8545454545454545,1.0,0.5384615384615384,0.6399999999999998,0.6666666666666666,0.6666666666666666,0.43076923076923085,0.6666666666666666,0.8181818181818182,0.7454545454545454,0.6666666666666666,0.5384615384615384,0.4266666666666666
exp2_adult,rf,456,n_100,210,0,0.6666666666666666,0.5384615384615384,0.23999999999999996,0.6666666666666666,0.6666666666666666,0.7076923076923078,0.25,0.25,-0.1142857142857143,0.42857142857142855,0.3333333333333333,-0.010526315789473686,1.0,0.6666666666666666,0.5538461538461539
exp2_adult,rf,456,n_100,4722,1,1.0,0.8181818181818182,0.8181818181818182,0.6666666666666666,0.5384615384615384,0.6133333333333332,0.42857142857142855,0.42857142857142855,0.12941176470588237,0.6666666666666666,1.0,0.6444444444444444,0.6666666666666666,0.5384615384615384,0.2933333333333333
exp2_adult,rf,456,n_100,4094,1,0.6666666666666666,0.8181818181818182,0.6727272727272727,1.0,0.8181818181818182,0.8181818181818182,0.42857142857142855,0.6666666666666666,0.21538461538461542,0.6666666666666666,0.8181818181818182,0.6363636363636364,1.0,0.8181818181818182,0.6727272727272727
exp2_adult,rf,456,n_100,2764,1,0.6666666666666666,0.8181818181818182,0.6363636363636364,1.0,1.0,0.911111111111111,0.6666666666666666,0.5384615384615384,0.23999999999999996,0.6666666666666666,0.6666666666666666,0.6461538461538463,0.6666666666666666,0.8181818181818182,0.6363636363636364
exp2_adult,rf,456,n_100,5525,1,1.0,1.0,0.9555555555555554,1.0,0.6666666666666666,0.8307692307692309,0.25,0.42857142857142855,-0.03529411764705882,0.6666666666666666,0.6666666666666666,0.5538461538461539,1.0,0.8181818181818182,0.8181818181818182
exp2_adult,rf,456,n_100,8279,1,1.0,1.0,0.911111111111111,1.0,0.8181818181818182,0.8909090909090909,0.42857142857142855,0.5384615384615384,0.18666666666666662,1.0,0.8181818181818182,0.7454545454545454,1.0,0.6666666666666666,0.7384615384615385
exp2_adult,rf,456,n_100,9164,1,1.0,0.8181818181818182,0.8181818181818182,1.0,0.6666666666666666,0.5846153846153846,0.6666666666666666,0.42857142857142855,0.24705882352941178,1.0,0.8181818181818182,0.7818181818181819,0.6666666666666666,0.5384615384615384,0.2133333333333333
exp2_adult,rf,456,n_100,4945,1,1.0,0.5384615384615384,0.5333333333333332,0.6666666666666666,0.5384615384615384,0.2133333333333333,0.42857142857142855,0.3333333333333333,0.05263157894736843,1.0,0.6666666666666666,0.7384615384615385,0.42857142857142855,0.3333333333333333,0.11578947368421054
exp2_adult,rf,456,n_100,9683,1,0.6666666666666666,0.8181818181818182,0.6727272727272727,1.0,0.6666666666666666,0.6769230769230771,0.25,0.5384615384615384,0.2666666666666666,1.0,0.6666666666666666,0.7384615384615385,0.6666666666666666,0.6666666666666666,0.5846153846153846
exp2_adult,rf,456,n_100,8307,0,0.6666666666666666,0.8181818181818182,0.7454545454545454,1.0,1.0,0.6888888888888888,0.25,0.6666666666666666,0.0,0.6666666666666666,0.8181818181818182,0.5272727272727272,0.6666666666666666,0.6666666666666666,0.5230769230769232
exp2_adult,rf,456,n_100,987,0,0.6666666666666666,0.6666666666666666,0.46153846153846156,0.6666666666666666,0.8181818181818182,0.7090909090909091,0.25,0.42857142857142855,-0.058823529411764705,0.42857142857142855,0.6666666666666666,0.2461538461538462,0.6666666666666666,0.42857142857142855,0.31764705882352945
exp2_adult,rf,456,n_100,5814,0,0.42857142857142855,0.8181818181818182,0.1272727272727273,1.0,0.8181818181818182,0.9272727272727274,0.42857142857142855,0.6666666666666666,0.27692307692307694,0.42857142857142855,0.8181818181818182,0.3090909090909091,0.6666666666666666,0.6666666666666666,0.7076923076923078
exp2_adult,rf,456,n_100,1150,1,1.0,0.8181818181818182,0.8181818181818182,0.6666666666666666,0.6666666666666666,0.7384615384615385,0.42857142857142855,0.5384615384615384,0.3199999999999999,1.0,0.6666666666666666,0.8000000000000002,0.6666666666666666,0.8181818181818182,0.4909090909090909
exp2_adult,rf,456,n_100,3618,0,0.6666666666666666,0.8181818181818182,0.7090909090909091,1.0,0.6666666666666666,0.5846153846153846,0.25,0.3333333333333333,-0.09473684210526317,1.0,0.6666666666666666,0.7692307692307693,0.42857142857142855,0.5384615384615384,0.34666666666666657
exp2_adult,rf,456,n_100,4344,1,0.6666666666666666,0.5384615384615384,0.3999999999999999,1.0,0.42857142857142855,0.3411764705882353,0.42857142857142855,0.5384615384615384,0.10666666666666665,0.6666666666666666,0.8181818181818182,0.3090909090909091,0.42857142857142855,0.42857142857142855,0.22352941176470592
exp2_adult,rf,456,n_100,9638,0,1.0,0.8181818181818182,0.5636363636363636,1.0,0.8181818181818182,0.6000000000000001,0.1111111111111111,0.5384615384615384,-0.05333333333333332,0.6666666666666666,0.8181818181818182,0.7090909090909091,1.0,0.5384615384615384,0.4266666666666666
exp2_adult,rf,456,n_100,3321,0,0.42857142857142855,0.5384615384615384,0.2933333333333333,0.6666666666666666,0.8181818181818182,0.7090909090909091,0.25,0.5384615384615384,0.07999999999999997,0.42857142857142855,0.42857142857142855,0.17647058823529413,0.42857142857142855,0.8181818181818182,0.5636363636363636
exp2_adult,rf,456,n_100,8532,0,1.0,0.8181818181818182,0.7454545454545454,1.0,0.42857142857142855,0.38823529411764707,0.42857142857142855,0.42857142857142855,0.058823529411764705,1.0,0.8181818181818182,0.6363636363636364,0.6666666666666666,0.42857142857142855,0.2
exp2_adult,rf,456,n_100,1736,0,1.0,0.5384615384615384,0.6133333333333332,1.0,0.6666666666666666,0.6769230769230771,0.42857142857142855,0.6666666666666666,0.33846153846153854,0.6666666666666666,0.8181818181818182,0.6363636363636364,0.6666666666666666,0.42857142857142855,0.411764705882353
exp2_adult,rf,789,n_100,851,1,0.42857142857142855,0.6666666666666666,0.5538461538461539,1.0,0.8181818181818182,0.8181818181818182,0.25,0.6666666666666666,0.09230769230769231,0.6666666666666666,1.0,0.6444444444444444,0.6666666666666666,0.8181818181818182,0.6727272727272727
exp2_adult,rf,789,n_100,4652,1,1.0,0.6666666666666666,0.6769230769230771,0.6666666666666666,0.5384615384615384,0.5866666666666666,0.42857142857142855,0.42857142857142855,-0.03529411764705882,1.0,0.6666666666666666,0.5846153846153846,0.42857142857142855,0.5384615384615384,0.15999999999999995
exp2_adult,rf,789,n_100,4999,0,1.0,1.0,0.9555555555555554,0.6666666666666666,0.6666666666666666,0.6153846153846154,0.25,0.42857142857142855,-0.15294117647058825,0.6666666666666666,0.6666666666666666,0.4000000000000001,1.0,0.8181818181818182,0.6727272727272727
exp2_adult,rf,789,n_100,585,1,1.0,0.8181818181818182,0.8545454545454545,1.0,0.8181818181818182,0.9272727272727274,0.25,0.5384615384615384,0.2133333333333333,1.0,0.6666666666666666,0.6461538461538463,0.6666666666666666,0.6666666666666666,0.5846153846153846
exp2_adult,rf,789,n_100,1816,1,1.0,0.8181818181818182,0.7090909090909091,0.6666666666666666,0.8181818181818182,0.7454545454545454,0.42857142857142855,0.6666666666666666,0.18461538461538463,0.6666666666666666,1.0,0.4666666666666666,0.42857142857142855,0.8181818181818182,0.4909090909090909
exp2_adult,rf,789,n_100,1596,0,0.6666666666666666,0.8181818181818182,0.4909090909090909,0.6666666666666666,0.8181818181818182,0.5272727272727272,0.25,0.6666666666666666,-0.18461538461538463,0.6666666666666666,0.8181818181818182,0.45454545454545453,0.6666666666666666,0.6666666666666666,0.6153846153846154
exp2_adult,rf,789,n_100,299,1,0.6666666666666666,0.6666666666666666,0.27692307692307694,1.0,0.6666666666666666,0.7076923076923078,0.25,0.5384615384615384,0.1333333333333333,0.42857142857142855,0.6666666666666666,0.33846153846153854,0.6666666666666666,0.5384615384615384,0.34666666666666657
exp2_adult,rf,789,n_100,2793,1,0.6666666666666666,0.8181818181818182,0.6363636363636364,1.0,0.6666666666666666,0.7076923076923078,0.25,0.5384615384615384,0.10666666666666665,0.42857142857142855,0.6666666666666666,0.5846153846153846,0.42857142857142855,0.5384615384615384,0.18666666666666662
exp2_adult,rf,789,n_100,9288,0,0.6666666666666666,0.8181818181818182,0.5272727272727272,0.6666666666666666,0.8181818181818182,0.5272727272727272,0.1111111111111111,0.6666666666666666,-0.15384615384615385,0.6666666666666666,1.0,0.6444444444444444,0.42857142857142855,0.6666666666666666,0.5230769230769232
exp2_adult,rf,789,n_100,5368,0,0.6666666666666666,0.6666666666666666,0.3076923076923077,1.0,0.6666666666666666,0.8000000000000002,0.1111111111111111,0.5384615384615384,-0.10666666666666665,0.25,0.6666666666666666,-0.030769230769230774,0.6666666666666666,0.6666666666666666,0.4923076923076924
exp2_adult,rf,789,n_100,1891,1,0.6666666666666666,0.5384615384615384,0.5066666666666665,0.6666666666666666,0.5384615384615384,0.5866666666666666,0.6666666666666666,0.3333333333333333,0.15789473684210528,0.42857142857142855,0.5384615384615384,0.2666666666666666,0.42857142857142855,0.3333333333333333,0.03157894736842106
exp2_adult,rf,789,n_100,2837,1,0.6666666666666666,0.6666666666666666,0.43076923076923085,0.6666666666666666,0.5384615384615384,0.3999999999999999,0.25,0.42857142857142855,-0.15294117647058825,0.6666666666666666,0.6666666666666666,0.7076923076923078,0.25,0.42857142857142855,-0.011764705882352941
exp2_adult,rf,789,n_100,2523,0,1.0,0.8181818181818182,0.7090909090909091,1.0,0.8181818181818182,0.8181818181818182,0.42857142857142855,0.6666666666666666,0.18461538461538463,1.0,0.8181818181818182,0.6727272727272727,0.6666666666666666,0.8181818181818182,0.8181818181818182
exp2_adult,rf,789,n_100,7658,1,1.0,0.8181818181818182,0.8181818181818182,0.6666666666666666,0.6666666666666666,0.7384615384615385,0.25,0.5384615384615384,0.18666666666666662,0.6666666666666666,0.8181818181818182,0.6000000000000001,0.6666666666666666,0.6666666666666666,0.43076923076923085
exp2_adult,rf,789,n_100,5006,0,0.6666666666666666,1.0,0.8666666666666666,1.0,0.8181818181818182,0.7818181818181819,0.25,0.6666666666666666,0.15384615384615385,1.0,0.8181818181818182,0.8181818181818182,1.0,0.6666666666666666,0.7076923076923078
exp2_adult,rf,789,n_100,7416,0,0.6666666666666666,0.8181818181818182,0.6363636363636364,0.6666666666666666,0.6666666666666666,0.6153846153846154,0.42857142857142855,0.42857142857142855,0.03529411764705882,0.42857142857142855,0.6666666666666666,0.27692307692307694,0.25,0.42857142857142855,0.15294117647058825
exp2_adult,rf,789,n_100,3560,0,0.42857142857142855,0.8181818181818182,0.38181818181818183,1.0,0.8181818181818182,0.8181818181818182,0.42857142857142855,0.6666666666666666,0.33846153846153854,0.6666666666666666,0.6666666666666666,0.4923076923076924,1.0,0.8181818181818182,0.7818181818181819
exp2_adult,rf,789,n_100,8341,0,1.0,0.8181818181818182,0.8545454545454545,0.6666666666666666,0.5384615384615384,0.6133333333333332,0.1111111111111111,0.5384615384615384,-0.2133333333333333,1.0,0.8181818181818182,0.7090909090909091,1.0,0.5384615384615384,0.4799999999999999
exp2_adult,rf,789,n_100,8316,0,0.6666666666666666,0.8181818181818182,0.6000000000000001,1.0,0.8181818181818182,0.6727272727272727,0.25,0.5384615384615384,0.10666666666666665,1.0,0.8181818181818182,0.7090909090909091,0.6666666666666666,0.5384615384615384,0.5066666666666665
exp2_adult,rf,789,n_100,882,1,1.0,0.8181818181818182,0.7454545454545454,0.6666666666666666,0.5384615384615384,0.5866666666666666,0.42857142857142855,0.42857142857142855,0.08235294117647059,1.0,0.8181818181818182,0.6727272727272727,0.42857142857142855,0.5384615384615384,0.3999999999999999
exp2_adult,rf,999,n_100,6832,0,1.0,0.6666666666666666,0.5846153846153846,0.6666666666666666,0.6666666666666666,0.6461538461538463,0.25,0.5384615384615384,0.10666666666666665,1.0,0.6666666666666666,0.46153846153846156,0.6666666666666666,0.5384615384615384,0.37333333333333324
exp2_adult,rf,999,n_100,3767,0,0.6666666666666666,0.8181818181818182,0.7090909090909091,0.6666666666666666,0.6666666666666666,0.43076923076923085,0.6666666666666666,0.6666666666666666,0.46153846153846156,0.42857142857142855,0.8181818181818182,0.45454545454545453,0.25,0.8181818181818182,0.16363636363636364
exp2_adult,rf,999,n_100,816,1,1.0,0.8181818181818182,0.6000000000000001,1.0,0.8181818181818182,0.8909090909090909,0.6666666666666666,0.5384615384615384,0.45333333333333325,1.0,0.6666666666666666,0.5846153846153846,0.6666666666666666,0.5384615384615384,0.3199999999999999
exp2_adult,rf,999,n_100,320,0,0.6666666666666666,0.6666666666666666,0.43076923076923085,0.6666666666666666,0.8181818181818182,0.6727272727272727,0.42857142857142855,0.5384615384615384,0.23999999999999996,0.6666666666666666,0.6666666666666666,0.5846153846153846,0.42857142857142855,0.42857142857142855,0.12941176470588237
exp2_adult,rf,999,n_100,7335,1,1.0,0.8181818181818182,0.7090909090909091,0.6666666666666666,0.8181818181818182,0.8545454545454545,0.6666666666666666,0.6666666666666666,0.36923076923076925,0.6666666666666666,0.5384615384615384,0.4799999999999999,0.6666666666666666,0.8181818181818182,0.6727272727272727
exp2_adult,rf,999,n_100,1818,0,0.6666666666666666,0.8181818181818182,0.5636363636363636,0.6666666666666666,0.6666666666666666,0.7384615384615385,0.42857142857142855,0.5384615384615384,0.34666666666666657,0.42857142857142855,0.8181818181818182,0.5272727272727272,0.42857142857142855,0.6666666666666666,0.3076923076923077
exp2_adult,rf,999,n_100,1683,1,0.6666666666666666,0.8181818181818182,0.8909090909090909,0.6666666666666666,0.5384615384615384,0.5066666666666665,0.42857142857142855,0.3333333333333333,0.11578947368421054,1.0,0.5384615384615384,0.4799999999999999,0.42857142857142855,0.3333333333333333,0.20000000000000004
exp2_adult,rf,999,n_100,8731,1,0.6666666666666666,0.6666666666666666,0.5230769230769232,0.6666666666666666,0.8181818181818182,0.7454545454545454,0.6666666666666666,0.6666666666666666,0.5230769230769232,0.6666666666666666,0.6666666666666666,0.5230769230769232,0.42857142857142855,0.5384615384615384,0.2133333333333333
exp2_adult,rf,999,n_100,4723,0,1.0,0.42857142857142855,0.411764705882353,1.0,0.8181818181818182,0.7454545454545454,0.25,0.3333333333333333,-0.17894736842105266,1.0,0.5384615384615384,0.6133333333333332,0.25,0.5384615384615384,0.18666666666666662
exp2_adult,rf,999,n_100,7046,1,0.6666666666666666,0.8181818181818182,0.7454545454545454,1.0,0.6666666666666666,0.8000000000000002,0.42857142857142855,0.6666666666666666,0.21538461538461542,0.6666666666666666,0.6666666666666666,0.6769230769230771,0.6666666666666666,0.42857142857142855,0.22352941176470592
exp2_adult,rf,999,n_100,6001,1,1.0,1.0,0.9999999999999999,1.0,1.0,0.911111111111111,0.0,0.3333333333333333,-0.38947368421052636,1.0,1.0,0.9999999999999999,1.0,0.6666666666666666,0.5846153846153846
exp2_adult,rf,999,n_100,4901,1,1.0,0.8181818181818182,0.8181818181818182,0.6666666666666666,0.8181818181818182,0.7090909090909091,0.6666666666666666,0.6666666666666666,0.33846153846153854,1.0,0.8181818181818182,0.5636363636363636,0.6666666666666666,0.6666666666666666,0.5846153846153846
exp2_adult,rf,999,n_100,7281,1,0.6666666666666666,0.6666666666666666,0.7076923076923078,0.6666666666666666,0.6666666666666666,0.8307692307692309,0.42857142857142855,0.6666666666666666,0.36923076923076925,0.6666666666666666,0.6666666666666666,0.7076923076923078,1.0,0.5384615384615384,0.3999999999999999
exp2_adult,rf,999,n_100,2522,1,0.6666666666666666,0.6666666666666666,0.6153846153846154,1.0,0.6666666666666666,0.6769230769230771,0.42857142857142855,0.6666666666666666,0.43076923076923085,0.6666666666666666,0.8181818181818182,0.45454545454545453,0.6666666666666666,0.42857142857142855,0.22352941176470592
exp2_adult,rf,999,n_100,6561,1,1.0,0.8181818181818182,0.9272727272727274,1.0,0.8181818181818182,0.9272727272727274,0.1111111111111111,0.5384615384615384,-0.10666666666666665,1.0,0.8181818181818182,0.9636363636363636,0.6666666666666666,0.5384615384615384,0.5066666666666665
exp2_adult,rf,999,n_100,8487,1,1.0,1.0,0.6444444444444444,0.6666666666666666,0.8181818181818182,0.7090909090909091,0.6666666666666666,0.5384615384615384,0.3199999999999999,1.0,0.8181818181818182,0.6727272727272727,0.6666666666666666,0.42857142857142855,0.3411764705882353
exp2_adult,rf,999,n_100,8210,0,0.6666666666666666,0.8181818181818182,0.6727272727272727,1.0,0.8181818181818182,0.7454545454545454,0.42857142857142855,0.8181818181818182,-0.018181818181818184,0.6666666666666666,0.8181818181818182,0.6363636363636364,0.6666666666666666,0.6666666666666666,0.6153846153846154
exp2_adult,rf,999,n_100,1182,0,0.6666666666666666,1.0,0.6444444444444444,1.0,0.8181818181818182,0.7454545454545454,0.42857142857142855,0.8181818181818182,0.4909090909090909,0.6666666666666666,1.0,0.6,0.42857142857142855,1.0,0.5111111111111111
exp2_adult,rf,999,n_100,9451,1,1.0,0.6666666666666666,0.8000000000000002,1.0,0.6666666666666666,0.8000000000000002,0.25,0.3333333333333333,-0.11578947368421054,1.0,1.0,0.911111111111111,0.42857142857142855,0.42857142857142855,0.10588235294117648
exp2_adult,rf,999,n_100,4752,1,0.6666666666666666,0.6666666666666666,0.7384615384615385,1.0,0.8181818181818182,0.8545454545454545,0.6666666666666666,0.6666666666666666,0.43076923076923085,0.6666666666666666,0.6666666666666666,0.7076923076923078,0.6666666666666666,1.0,0.6
exp2_adult,xgb,123,n_100,1069,1,1.0,0.6666666666666666,0.8000000000000002,0.6666666666666666,0.5384615384615384,0.5066666666666665,0.42857142857142855,0.3333333333333333,0.03157894736842106,0.6666666666666666,0.5384615384615384,0.5333333333333332,0.6666666666666666,0.6666666666666666,0.4923076923076924
exp2_adult,xgb,123,n_100,5004,0,0.6666666666666666,0.6666666666666666,0.36923076923076925,1.0,1.0,0.8666666666666666,0.1111111111111111,0.42857142857142855,-0.15294117647058825,0.6666666666666666,0.6666666666666666,0.6153846153846154,1.0,1.0,0.8222222222222221
exp2_adult,xgb,123,n_100,6443,0,0.42857142857142855,0.6666666666666666,0.3076923076923077,0.6666666666666666,0.8181818181818182,0.8909090909090909,0.25,0.3333333333333333,-0.11578947368421054,0.6666666666666666,0.5384615384615384,0.2666666666666666,0.6666666666666666,1.0,0.911111111111111
exp2_adult,xgb,123,n_100,6897,1,0.6666666666666666,0.6666666666666666,0.5846153846153846,0.6666666666666666,0.5384615384615384,0.5599999999999998,0.6666666666666666,0.3333333333333333,0.09473684210526317,0.6666666666666666,0.6666666666666666,0.6153846153846154,0.6666666666666666,0.6666666666666666,0.46153846153846156
exp2_adult,xgb,123,n_100,2789,0,0.42857142857142855,0.5384615384615384,0.18666666666666662,1.0,0.8181818181818182,0.9272727272727274,0.1111111111111111,0.5384615384615384,0.10666666666666665,0.25,0.3333333333333333,0.05263157894736843,1.0,0.8181818181818182,0.8909090909090909
exp2_adult,xgb,123,n_100,2056,0,0.6666666666666666,0.6666666666666666,0.5538461538461539,1.0,0.8181818181818182,0.9272727272727274,0.25,0.42857142857142855,-0.011764705882352941,0.42857142857142855,0.5384615384615384,0.3199999999999999,0.6666666666666666,0.6666666666666666,0.8307692307692309
exp2_adult,xgb,123,n_100,5006,0,0.6666666666666666,0.5384615384615384,0.6133333333333332,1.0,0.8181818181818182,0.8545454545454545,0.25,0.5384615384615384,0.05333333333333332,0.6666666666666666,0.5384615384615384,0.45333333333333325,1.0,0.8181818181818182,0.8909090909090909
exp2_adult,xgb,123,n_100,6206,0,0.42857142857142855,0.5384615384615384,0.23999999999999996,0.6666666666666666,0.8181818181818182,0.8181818181818182,0.6666666666666666,0.3333333333333333,0.05263157894736843,0.6666666666666666,0.42857142857142855,0.2705882352941177,0.6666666666666666,1.0,0.7777777777777777
exp2_adult,xgb,123,n_100,2276,1,0.6666666666666666,0.8181818181818182,0.6363636363636364,1.0,0.8181818181818182,0.7454545454545454,0.25,0.5384615384615384,0.1333333333333333,0.6666666666666666,0.5384615384615384,0.45333333333333325,1.0,0.6666666666666666,0.6461538461538463
exp2_adult,xgb,123,n_100,3614,0,0.42857142857142855,0.6666666666666666,0.43076923076923085,1.0,1.0,0.8666666666666666,0.42857142857142855,0.6666666666666666,0.33846153846153854,0.6666666666666666,0.6666666666666666,0.6153846153846154,1.0,0.8181818181818182,0.7090909090909091
exp2_adult,xgb,123,n_100,6544,0,0.25,0.6666666666666666,0.06153846153846155,1.0,0.6666666666666666,0.8000000000000002,1.0,0.3333333333333333,0.20000000000000004,0.42857142857142855,0.42857142857142855,0.058823529411764705,1.0,0.8181818181818182,0.8181818181818182
exp2_adult,xgb,123,n_100,888,1,0.6666666666666666,0.6666666666666666,0.5538461538461539,1.0,0.6666666666666666,0.7384615384615385,0.1111111111111111,0.25,-0.0380952380952381,0.6666666666666666,0.5384615384615384,0.4799999999999999,1.0,0.5384615384615384,0.6399999999999998
exp2_adult,xgb,123,n_100,7502,0,0.6666666666666666,0.5384615384615384,0.4799999999999999,0.6666666666666666,0.8181818181818182,0.7818181818181819,0.42857142857142855,0.42857142857142855,0.10588235294117648,0.6666666666666666,0.6666666666666666,0.46153846153846156,0.6666666666666666,0.5384615384615384,0.6399999999999998
exp2_adult,xgb,123,n_100,2083,1,0.6666666666666666,0.5384615384615384,0.5866666666666666,1.0,0.8181818181818182,0.8181818181818182,0.42857142857142855,0.25,0.0,0.6666666666666666,0.5384615384615384,0.5333333333333332,1.0,0.8181818181818182,0.7454545454545454
exp2_adult,xgb,123,n_100,9233,0,0.42857142857142855,0.3333333333333333,0.20000000000000004,0.6666666666666666,0.8181818181818182,0.8545454545454545,0.42857142857142855,0.3333333333333333,0.0736842105263158,0.6666666666666666,0.5384615384615384,0.34666666666666657,0.6666666666666666,0.8181818181818182,0.8181818181818182
exp2_adult,xgb,123,n_100,312,1,0.6666666666666666,0.3333333333333333,0.15789473684210528,1.0,0.5384615384615384,0.6399999999999998,0.25,0.42857142857142855,0.03529411764705882,0.42857142857142855,0.25,0.0761904761904762,1.0,0.6666666666666666,0.8000000000000002
exp2_adult,xgb,123,n_100,3285,0,0.6666666666666666,0.6666666666666666,0.6769230769230771,0.6666666666666666,0.6666666666666666,0.6153846153846154,0.42857142857142855,0.3333333333333333,0.010526315789473686,0.6666666666666666,0.5384615384615384,0.5333333333333332,0.42857142857142855,0.6666666666666666,0.5230769230769232
exp2_adult,xgb,123,n_100,9277,0,0.25,0.42857142857142855,-0.08235294117647059,0.6666666666666666,0.6666666666666666,0.6153846153846154,0.25,0.3333333333333333,-0.20000000000000004,0.42857142857142855,0.5384615384615384,0.3999999999999999,0.6666666666666666,0.6666666666666666,0.5538461538461539
exp2_adult,xgb,123,n_100,8198,1,0.6666666666666666,0.5384615384615384,0.5599999999999998,0.6666666666666666,0.6666666666666666,0.6769230769230771,0.25,0.42857142857142855,0.10588235294117648,0.6666666666666666,0.5384615384615384,0.5866666666666666,1.0,0.6666666666666666,0.5846153846153846
exp2_adult,xgb,123,n_100,7168,1,1.0,0.8181818181818182,0.4909090909090909,1.0,0.8181818181818182,0.7818181818181819,0.25,0.6666666666666666,0.030769230769230774,1.0,0.6666666666666666,0.5230769230769232,1.0,0.8181818181818182,0.7818181818181819
exp2_adult,xgb,42,n_100,8255,0,0.42857142857142855,0.6666666666666666,0.27692307692307694,0.6666666666666666,0.6666666666666666,0.5538461538461539,0.6666666666666666,0.5384615384615384,0.3999999999999999,0.6666666666666666,0.8181818181818182,0.6363636363636364,1.0,0.8181818181818182,0.7454545454545454
exp2_adult,xgb,42,n_100,8254,0,0.42857142857142855,0.42857142857142855,0.38823529411764707,0.6666666666666666,0.5384615384615384,0.2666666666666666,0.25,0.17647058823529413,-0.19130434782608696,0.6666666666666666,0.5384615384615384,0.4799999999999999,0.6666666666666666,0.5384615384615384,0.4266666666666666
exp2_adult,xgb,42,n_100,7217,1,0.6666666666666666,0.6666666666666666,0.6153846153846154,1.0,0.8181818181818182,0.6000000000000001,0.42857142857142855,0.42857142857142855,0.058823529411764705,0.6666666666666666,0.6666666666666666,0.6153846153846154,1.0,0.6666666666666666,0.6769230769230771
exp2_adult,xgb,42,n_100,1953,1,0.6666666666666666,0.42857142857142855,0.17647058823529413,0.6666666666666666,0.6666666666666666,0.7692307692307693,0.42857142857142855,0.42857142857142855,0.03529411764705882,0.6666666666666666,0.6666666666666666,0.4000000000000001,0.6666666666666666,0.8181818181818182,0.8181818181818182
exp2_adult,xgb,42,n_100,1973,0,0.6666666666666666,0.6666666666666666,0.3076923076923077,0.6666666666666666,0.6666666666666666,0.5538461538461539,0.42857142857142855,0.6666666666666666,0.2461538461538462,0.25,0.42857142857142855,-0.03529411764705882,0.42857142857142855,0.8181818181818182,0.6363636363636364
exp2_adult,xgb,42,n_100,5624,0,0.6666666666666666,0.6666666666666666,0.5538461538461539,1.0,0.5384615384615384,0.6933333333333331,0.6666666666666666,0.3333333333333333,0.09473684210526317,0.42857142857142855,0.5384615384615384,0.34666666666666657,1.0,1.0,0.9555555555555554
exp2_adult,xgb,42,n_100,5995,1,1.0,0.5384615384615384,0.4799999999999999,0.6666666666666666,0.6666666666666666,0.6769230769230771,0.25,0.42857142857142855,-0.011764705882352941,0.6666666666666666,0.6666666666666666,0.5230769230769232,0.6666666666666666,0.6666666666666666,0.6461538461538463
exp2_adult,xgb,42,n_100,2455,1,0.6666666666666666,0.6666666666666666,0.5230769230769232,1.0,0.8181818181818182,0.7090909090909091,0.42857142857142855,0.42857142857142855,0.15294117647058825,1.0,0.5384615384615384,0.5866666666666666,1.0,0.6666666666666666,0.7384615384615385
exp2_adult,xgb,42,n_100,6067,0,0.42857142857142855,0.8181818181818182,0.5636363636363636,0.6666666666666666,0.5384615384615384,0.37333333333333324,0.6666666666666666,0.42857142857142855,0.2,0.6666666666666666,0.6666666666666666,0.4923076923076924,0.6666666666666666,0.6666666666666666,0.6153846153846154
exp2_adult,xgb,42,n_100,1677,1,0.6666666666666666,0.5384615384615384,0.4799999999999999,1.0,0.8181818181818182,0.7818181818181819,0.42857142857142855,0.3333333333333333,0.13684210526315793,0.6666666666666666,0.8181818181818182,0.7090909090909091,0.6666666666666666,0.8181818181818182,0.7454545454545454
exp2_adult,xgb,42,n_100,6668,0,1.0,0.6666666666666666,0.7384615384615385,0.42857142857142855,0.8181818181818182,0.6000000000000001,0.42857142857142855,0.42857142857142855,0.15294117647058825,1.0,0.5384615384615384,0.5333333333333332,0.6666666666666666,0.8181818181818182,0.6000000000000001
exp2_adult,xgb,42,n_100,2926,1,0.6666666666666666,0.5384615384615384,0.2933333333333333,1.0,0.5384615384615384,0.5333333333333332,0.6666666666666666,0.42857142857142855,0.2705882352941177,0.42857142857142855,0.6666666666666666,0.36923076923076925,1.0,0.6666666666666666,0.6153846153846154
exp2_adult,xgb,42,n_100,5113,1,1.0,0.5384615384615384,0.4266666666666666,0.42857142857142855,0.5384615384615384,0.3199999999999999,1.0,0.5384615384615384,0.45333333333333325,1.0,1.0,0.8222222222222221,0.6666666666666666,0.6666666666666666,0.6769230769230771
exp2_adult,xgb,42,n_100,3452,1,1.0,0.6666666666666666,0.7076923076923078,1.0,0.8181818181818182,0.8181818181818182,0.42857142857142855,0.42857142857142855,0.24705882352941178,0.6666666666666666,0.6666666666666666,0.6461538461538463,1.0,0.8181818181818182,0.8545454545454545
exp2_adult,xgb,42,n_100,1016,0,1.0,0.6666666666666666,0.6769230769230771,0.42857142857142855,0.5384615384615384,0.45333333333333325,0.42857142857142855,0.25,-0.0380952380952381,0.6666666666666666,0.5384615384615384,0.4799999999999999,0.6666666666666666,0.5384615384615384,0.4799999999999999
exp2_adult,xgb,42,n_100,105,0,0.42857142857142855,0.3333333333333333,0.03157894736842106,1.0,0.8181818181818182,0.6727272727272727,0.6666666666666666,0.42857142857142855,0.22352941176470592,0.42857142857142855,0.3333333333333333,-0.0736842105263158,0.6666666666666666,1.0,0.7777777777777777
exp2_adult,xgb,42,n_100,4683,0,0.25,0.5384615384615384,0.02666666666666666,0.6666666666666666,0.6666666666666666,0.6769230769230771,0.1111111111111111,0.6666666666666666,0.15384615384615385,0.42857142857142855,0.8181818181818182,0.23636363636363636,0.6666666666666666,0.8181818181818182,0.8181818181818182
exp2_adult,xgb,42,n_100,8346,0,0.42857142857142855,0.5384615384615384,0.2133333333333333,1.0,0.6666666666666666,0.6769230769230771,0.42857142857142855,0.42857142857142855,0.22352941176470592,0.42857142857142855,0.5384615384615384,0.34666666666666657,1.0,0.6666666666666666,0.7076923076923078
exp2_adult,xgb,42,n_100,4866,1,0.6666666666666666,0.42857142857142855,0.2705882352941177,0.6666666666666666,0.6666666666666666,0.5538461538461539,1.0,0.5384615384615384,0.45333333333333325,1.0,0.5384615384615384,0.4799999999999999,0.6666666666666666,1.0,0.8666666666666666
exp2_adult,xgb,42,n_100,8674,1,0.6666666666666666,0.8181818181818182,0.45454545454545453,1.0,0.8181818181818182,0.7818181818181819,0.6666666666666666,0.42857142857142855,0.38823529411764707,0.6666666666666666,0.8181818181818182,0.45454545454545453,1.0,0.8181818181818182,0.8909090909090909
exp2_adult,xgb,456,n_100,5054,1,1.0,0.5384615384615384,0.5066666666666665,0.6666666666666666,0.42857142857142855,0.3647058823529412,0.42857142857142855,0.42857142857142855,0.15294117647058825,1.0,0.6666666666666666,0.6769230769230771,0.6666666666666666,0.5384615384615384,0.34666666666666657
exp2_adult,xgb,456,n_100,6948,1,1.0,0.5384615384615384,0.5866666666666666,0.42857142857142855,0.6666666666666666,0.06153846153846155,0.25,0.42857142857142855,-0.10588235294117648,0.6666666666666666,0.42857142857142855,0.31764705882352945,0.6666666666666666,0.6666666666666666,0.1230769230769231
exp2_adult,xgb,456,n_100,2032,1,0.6666666666666666,0.42857142857142855,0.411764705882353,1.0,0.5384615384615384,0.5866666666666666,0.42857142857142855,0.17647058823529413,-0.1565217391304348,0.42857142857142855,0.3333333333333333,0.2842105263157895,1.0,0.5384615384615384,0.6399999999999998
exp2_adult,xgb,456,n_100,2466,1,1.0,0.6666666666666666,0.5538461538461539,0.42857142857142855,0.5384615384615384,0.3999999999999999,0.25,0.3333333333333333,-0.03157894736842106,1.0,0.6666666666666666,0.5846153846153846,1.0,0.6666666666666666,0.7384615384615385
exp2_adult,xgb,456,n_100,8248,0,0.25,0.5384615384615384,-0.02666666666666666,0.6666666666666666,0.8181818181818182,0.6000000000000001,0.42857142857142855,0.3333333333333333,0.15789473684210528,0.42857142857142855,0.42857142857142855,0.10588235294117648,0.6666666666666666,0.8181818181818182,0.7818181818181819
exp2_adult,xgb,456,n_100,8957,0,0.42857142857142855,0.6666666666666666,0.06153846153846155,0.6666666666666666,0.6666666666666666,0.5230769230769232,0.0,0.42857142857142855,-0.31764705882352945,0.6666666666666666,0.5384615384615384,0.15999999999999995,1.0,1.0,0.8666666666666666
exp2_adult,xgb,456,n_100,1212,0,0.6666666666666666,0.5384615384615384,0.5333333333333332,1.0,0.5384615384615384,0.6133333333333332,0.25,0.42857142857142855,0.011764705882352941,0.42857142857142855,0.6666666666666666,0.15384615384615385,1.0,0.5384615384615384,0.6399999999999998
exp2_adult,xgb,456,n_100,4679,0,0.42857142857142855,0.42857142857142855,0.058823529411764705,0.42857142857142855,0.6666666666666666,0.5230769230769232,0.6666666666666666,0.3333333333333333,0.03157894736842106,0.42857142857142855,0.6666666666666666,0.21538461538461542,0.6666666666666666,0.6666666666666666,0.6769230769230771
exp2_adult,xgb,456,n_100,9580,0,0.6666666666666666,0.6666666666666666,0.5230769230769232,0.6666666666666666,0.8181818181818182,0.45454545454545453,0.1111111111111111,0.42857142857142855,-0.2705882352941177,0.6666666666666666,0.8181818181818182,0.8181818181818182,1.0,1.0,0.7333333333333333
exp2_adult,xgb,456,n_100,7615,1,0.6666666666666666,0.42857142857142855,0.3647058823529412,0.6666666666666666,0.5384615384615384,0.4799999999999999,0.42857142857142855,0.3333333333333333,0.09473684210526317,0.6666666666666666,0.5384615384615384,0.5599999999999998,0.6666666666666666,0.6666666666666666,0.5846153846153846
exp2_adult,xgb,456,n_100,6423,0,0.6666666666666666,0.5384615384615384,0.5599999999999998,0.6666666666666666,0.42857142857142855,0.48235294117647065,0.42857142857142855,0.25,0.0,0.6666666666666666,0.42857142857142855,0.24705882352941178,1.0,0.6666666666666666,0.7076923076923078
exp2_adult,xgb,456,n_100,8157,0,0.6666666666666666,0.8181818181818182,0.6727272727272727,1.0,0.6666666666666666,0.6769230769230771,0.0,0.42857142857142855,-0.29411764705882354,1.0,0.8181818181818182,0.8545454545454545,1.0,0.8181818181818182,0.8545454545454545
exp2_adult,xgb,456,n_100,9616,1,1.0,0.6666666666666666,0.6153846153846154,0.6666666666666666,0.5384615384615384,0.5333333333333332,0.42857142857142855,0.5384615384615384,0.1333333333333333,0.6666666666666666,0.5384615384615384,0.4799999999999999,0.6666666666666666,0.5384615384615384,0.6133333333333332
exp2_adult,xgb,456,n_100,8177,1,1.0,0.8181818181818182,0.6363636363636364,0.6666666666666666,0.5384615384615384,0.45333333333333325,0.42857142857142855,0.25,-0.13333333333333336,1.0,0.42857142857142855,0.48235294117647065,0.6666666666666666,0.6666666666666666,0.6153846153846154
exp2_adult,xgb,456,n_100,623,0,0.6666666666666666,0.5384615384615384,0.3999999999999999,0.6666666666666666,0.8181818181818182,0.7818181818181819,0.42857142857142855,0.42857142857142855,0.12941176470588237,0.42857142857142855,0.6666666666666666,0.43076923076923085,1.0,1.0,0.911111111111111
exp2_adult,xgb,456,n_100,7950,0,0.25,0.42857142857142855,-0.08235294117647059,0.42857142857142855,0.8181818181818182,0.6363636363636364,0.25,0.3333333333333333,-0.03157894736842106,0.25,0.42857142857142855,-0.011764705882352941,0.6666666666666666,0.6666666666666666,0.7384615384615385
exp2_adult,xgb,456,n_100,1083,0,0.6666666666666666,0.6666666666666666,0.5230769230769232,0.6666666666666666,0.8181818181818182,0.5272727272727272,0.25,0.3333333333333333,-0.13684210526315793,0.42857142857142855,0.6666666666666666,0.5846153846153846,1.0,0.8181818181818182,0.7454545454545454
exp2_adult,xgb,456,n_100,2528,1,0.6666666666666666,0.6666666666666666,0.5538461538461539,0.6666666666666666,0.5384615384615384,0.5866666666666666,0.42857142857142855,0.42857142857142855,0.12941176470588237,1.0,0.6666666666666666,0.6461538461538463,0.6666666666666666,0.5384615384615384,0.5333333333333332
exp2_adult,xgb,456,n_100,1401,1,0.6666666666666666,0.6666666666666666,0.6461538461538463,1.0,0.5384615384615384,0.45333333333333325,0.42857142857142855,0.42857142857142855,0.058823529411764705,0.6666666666666666,0.6666666666666666,0.7692307692307693,1.0,0.6666666666666666,0.5846153846153846
exp2_adult,xgb,456,n_100,4453,1,1.0,0.6666666666666666,0.7384615384615385,1.0,0.6666666666666666,0.7384615384615385,0.42857142857142855,0.42857142857142855,0.12941176470588237,1.0,0.8181818181818182,0.8181818181818182,1.0,0.5384615384615384,0.5599999999999998
exp2_adult,xgb,789,n_100,163,0,0.25,0.5384615384615384,-0.02666666666666666,0.6666666666666666,0.8181818181818182,0.6000000000000001,0.6666666666666666,0.3333333333333333,0.03157894736842106,0.42857142857142855,0.5384615384615384,0.2933333333333333,0.6666666666666666,0.6666666666666666,0.5846153846153846
exp2_adult,xgb,789,n_100,221,0,0.42857142857142855,0.5384615384615384,0.23999999999999996,0.6666666666666666,0.6666666666666666,0.5538461538461539,0.42857142857142855,0.3333333333333333,0.09473684210526317,0.42857142857142855,0.5384615384615384,0.3199999999999999,0.6666666666666666,0.6666666666666666,0.5538461538461539
exp2_adult,xgb,789,n_100,8423,1,0.6666666666666666,0.5384615384615384,0.5066666666666665,1.0,0.6666666666666666,0.5846153846153846,0.42857142857142855,0.6666666666666666,0.030769230769230774,1.0,0.5384615384615384,0.7199999999999999,1.0,0.8181818181818182,0.6363636363636364
exp2_adult,xgb,789,n_100,7349,0,0.42857142857142855,0.42857142857142855,0.2705882352941177,0.42857142857142855,0.6666666666666666,0.43076923076923085,0.42857142857142855,0.25,-0.05714285714285715,0.42857142857142855,0.3333333333333333,0.20000000000000004,0.6666666666666666,0.5384615384615384,0.2666666666666666
exp2_adult,xgb,789,n_100,5254,0,0.42857142857142855,0.6666666666666666,0.4923076923076924,0.6666666666666666,0.8181818181818182,0.5272727272727272,0.25,0.3333333333333333,-0.09473684210526317,0.6666666666666666,0.5384615384615384,0.2133333333333333,0.6666666666666666,0.6666666666666666,0.46153846153846156
exp2_adult,xgb,789,n_100,7839,1,1.0,0.6666666666666666,0.7692307692307693,0.6666666666666666,0.6666666666666666,0.36923076923076925,0.42857142857142855,0.42857142857142855,-0.011764705882352941,0.6666666666666666,0.6666666666666666,0.8000000000000002,0.6666666666666666,0.8181818181818182,0.6727272727272727
exp2_adult,xgb,789,n_100,493,0,0.6666666666666666,0.5384615384615384,0.2933333333333333,0.42857142857142855,0.8181818181818182,0.5272727272727272,0.1111111111111111,0.25,-0.28571428571428575,0.25,0.5384615384615384,0.34666666666666657,0.42857142857142855,0.5384615384615384,0.5066666666666665
exp2_adult,xgb,789,n_100,8907,1,0.42857142857142855,0.42857142857142855,0.411764705882353,1.0,0.8181818181818182,0.45454545454545453,0.25,0.3333333333333333,0.03157894736842106,0.6666666666666666,0.6666666666666666,0.8000000000000002,1.0,0.8181818181818182,0.6363636363636364
exp2_adult,xgb,789,n_100,3719,0,1.0,0.6666666666666666,0.7692307692307693,0.6666666666666666,0.8181818181818182,0.41818181818181815,0.1111111111111111,0.25,-0.24761904761904763,0.42857142857142855,0.42857142857142855,0.10588235294117648,0.6666666666666666,0.6666666666666666,0.46153846153846156
exp2_adult,xgb,789,n_100,5930,1,1.0,0.5384615384615384,0.5599999999999998,1.0,0.6666666666666666,0.4923076923076924,0.42857142857142855,0.42857142857142855,0.058823529411764705,0.6666666666666666,0.5384615384615384,0.45333333333333325,1.0,0.8181818181818182,0.5636363636363636
exp2_adult,xgb,789,n_100,1035,1,1.0,0.8181818181818182,0.8545454545454545,0.42857142857142855,0.5384615384615384,0.3199999999999999,0.1111111111111111,0.3333333333333333,-0.3263157894736843,0.6666666666666666,1.0,0.7333333333333333,0.42857142857142855,0.8181818181818182,0.34545454545454546
exp2_adult,xgb,789,n_100,4433,1,1.0,0.6666666666666666,0.8000000000000002,0.6666666666666666,0.6666666666666666,0.7076923076923078,0.42857142857142855,0.42857142857142855,0.15294117647058825,0.6666666666666666,0.6666666666666666,0.7384615384615385,0.6666666666666666,0.8181818181818182,0.4909090909090909
exp2_adult,xgb,789,n_100,3866,1,1.0,0.5384615384615384,0.6399999999999998,1.0,0.6666666666666666,0.7692307692307693,0.42857142857142855,0.5384615384615384,0.23999999999999996,0.6666666666666666,0.6666666666666666,0.5230769230769232,1.0,0.8181818181818182,0.8181818181818182
exp2_adult,xgb,789,n_100,8833,0,0.6666666666666666,1.0,0.6444444444444444,0.42857142857142855,0.6666666666666666,0.5846153846153846,0.25,0.3333333333333333,-0.24210526315789477,0.42857142857142855,0.8181818181818182,0.6727272727272727,0.6666666666666666,0.5384615384615384,0.5599999999999998
exp2_adult,xgb,789,n_100,1256,1,0.6666666666666666,0.5384615384615384,0.5866666666666666,0.6666666666666666,0.8181818181818182,0.4909090909090909,0.42857142857142855,0.25,-0.1142857142857143,0.6666666666666666,0.8181818181818182,0.4909090909090909,0.6666666666666666,0.8181818181818182,0.5272727272727272
exp2_adult,xgb,789,n_100,6999,0,0.6666666666666666,0.42857142857142855,0.3647058823529412,0.6666666666666666,0.8181818181818182,0.5636363636363636,0.25,0.42857142857142855,-0.011764705882352941,0.6666666666666666,0.42857142857142855,0.3411764705882353,0.6666666666666666,0.6666666666666666,0.6769230769230771
exp2_adult,xgb,789,n_100,205,1,0.6666666666666666,0.8181818181818182,0.7090909090909091,1.0,0.6666666666666666,0.5230769230769232,0.25,0.5384615384615384,-0.05333333333333332,0.6666666666666666,0.6666666666666666,0.6153846153846154,1.0,0.6666666666666666,0.5846153846153846
exp2_adult,xgb,789,n_100,1387,1,0.6666666666666666,0.6666666666666666,0.7076923076923078,0.6666666666666666,0.8181818181818182,0.5272727272727272,0.25,0.5384615384615384,-0.07999999999999997,1.0,0.8181818181818182,0.8909090909090909,0.6666666666666666,0.8181818181818182,0.5636363636363636
exp2_adult,xgb,789,n_100,8845,0,1.0,0.8181818181818182,0.8545454545454545,0.6666666666666666,0.8181818181818182,0.5636363636363636,0.0,0.3333333333333333,-0.49473684210526325,1.0,0.8181818181818182,0.8181818181818182,0.6666666666666666,0.8181818181818182,0.7090909090909091
exp2_adult,xgb,789,n_100,8363,0,0.6666666666666666,0.6666666666666666,0.43076923076923085,0.6666666666666666,0.6666666666666666,0.5538461538461539,0.25,0.42857142857142855,0.03529411764705882,0.6666666666666666,0.6666666666666666,0.4923076923076924,0.6666666666666666,0.6666666666666666,0.6153846153846154
exp2_adult,xgb,999,n_100,1145,1,0.6666666666666666,0.5384615384615384,0.4799999999999999,0.6666666666666666,0.6666666666666666,0.5538461538461539,0.42857142857142855,0.3333333333333333,0.13684210526315793,1.0,0.6666666666666666,0.7076923076923078,0.6666666666666666,0.5384615384615384,0.45333333333333325
exp2_adult,xgb,999,n_100,2170,1,0.6666666666666666,0.5384615384615384,0.6666666666666665,0.6666666666666666,0.5384615384615384,0.45333333333333325,0.42857142857142855,0.42857142857142855,0.03529411764705882,0.6666666666666666,0.5384615384615384,0.5333333333333332,0.6666666666666666,0.6666666666666666,0.4000000000000001
exp2_adult,xgb,999,n_100,8768,1,1.0,0.6666666666666666,0.7076923076923078,1.0,0.6666666666666666,0.7384615384615385,0.1111111111111111,0.5384615384615384,0.0,1.0,0.6666666666666666,0.6769230769230771,1.0,0.5384615384615384,0.6666666666666665
exp2_adult,xgb,999,n_100,9412,0,0.42857142857142855,0.42857142857142855,0.22352941176470592,0.6666666666666666,0.8181818181818182,0.7454545454545454,0.42857142857142855,0.3333333333333333,0.0736842105263158,0.42857142857142855,0.6666666666666666,0.2461538461538462,0.6666666666666666,0.6666666666666666,0.6461538461538463
exp2_adult,xgb,999,n_100,6288,0,0.6666666666666666,0.8181818181818182,0.45454545454545453,0.6666666666666666,0.6666666666666666,0.4923076923076924,0.42857142857142855,0.25,0.01904761904761905,0.6666666666666666,0.5384615384615384,0.23999999999999996,0.42857142857142855,0.6666666666666666,0.1230769230769231
exp2_adult,xgb,999,n_100,3495,0,0.6666666666666666,0.6666666666666666,0.6461538461538463,0.6666666666666666,0.6666666666666666,0.5846153846153846,0.25,0.3333333333333333,0.05263157894736843,0.42857142857142855,0.5384615384615384,0.23999999999999996,0.6666666666666666,0.5384615384615384,0.5333333333333332
exp2_adult,xgb,999,n_100,1073,1,1.0,0.42857142857142855,0.3647058823529412,0.6666666666666666,0.5384615384615384,0.4799999999999999,0.42857142857142855,0.5384615384615384,0.23999999999999996,0.6666666666666666,0.6666666666666666,0.5230769230769232,0.6666666666666666,0.5384615384615384,0.4266666666666666
exp2_adult,xgb,999,n_100,1009,1,0.6666666666666666,1.0,0.7333333333333333,0.6666666666666666,0.6666666666666666,0.46153846153846156,0.25,0.3333333333333333,-0.0736842105263158,1.0,0.8181818181818182,0.8909090909090909,0.6666666666666666,0.6666666666666666,0.6153846153846154
exp2_adult,xgb,999,n_100,3748,1,1.0,0.8181818181818182,0.7454545454545454,1.0,0.8181818181818182,0.7454545454545454,0.1111111111111111,0.3333333333333333,-0.26315789473684215,1.0,0.8181818181818182,0.8181818181818182,1.0,0.8181818181818182,0.7818181818181819
exp2_adult,xgb,999,n_100,2849,0,0.6666666666666666,0.42857142857142855,0.15294117647058825,0.6666666666666666,1.0,0.6444444444444444,0.42857142857142855,0.5384615384615384,0.3199999999999999,1.0,0.6666666666666666,0.4000000000000001,0.6666666666666666,0.8181818181818182,0.6363636363636364
exp2_adult,xgb,999,n_100,7814,1,0.6666666666666666,0.5384615384615384,0.5599999999999998,0.6666666666666666,0.42857142857142855,0.3411764705882353,0.42857142857142855,0.42857142857142855,0.2705882352941177,1.0,0.5384615384615384,0.6399999999999998,1.0,0.6666666666666666,0.4923076923076924
exp2_adult,xgb,999,n_100,6505,1,0.6666666666666666,0.5384615384615384,0.5066666666666665,1.0,0.8181818181818182,0.7818181818181819,0.42857142857142855,0.5384615384615384,0.3999999999999999,0.6666666666666666,0.6666666666666666,0.7692307692307693,0.6666666666666666,0.8181818181818182,0.7454545454545454
exp2_adult,xgb,999,n_100,2446,0,0.6666666666666666,0.5384615384615384,0.5066666666666665,0.6666666666666666,0.6666666666666666,0.6461538461538463,0.42857142857142855,0.42857142857142855,0.08235294117647059,0.6666666666666666,0.5384615384615384,0.5333333333333332,0.6666666666666666,0.6666666666666666,0.6153846153846154
exp2_adult,xgb,999,n_100,3839,1,1.0,0.5384615384615384,0.5333333333333332,0.6666666666666666,0.5384615384615384,0.4799999999999999,0.25,0.25,-0.13333333333333336,0.6666666666666666,0.5384615384615384,0.5333333333333332,1.0,0.6666666666666666,0.5538461538461539
exp2_adult,xgb,999,n_100,3439,1,0.6666666666666666,0.5384615384615384,0.45333333333333325,0.6666666666666666,0.6666666666666666,0.8307692307692309,0.42857142857142855,0.3333333333333333,0.15789473684210528,0.6666666666666666,0.42857142857142855,0.31764705882352945,1.0,0.6666666666666666,0.8307692307692309
exp2_adult,xgb,999,n_100,5335,0,0.42857142857142855,0.42857142857142855,0.08235294117647059,0.6666666666666666,0.6666666666666666,0.4923076923076924,0.42857142857142855,0.5384615384615384,0.10666666666666665,0.42857142857142855,0.5384615384615384,0.10666666666666665,0.6666666666666666,0.6666666666666666,0.6153846153846154
exp2_adult,xgb,999,n_100,5352,0,0.6666666666666666,0.42857142857142855,0.2705882352941177,0.6666666666666666,0.8181818181818182,0.5636363636363636,0.42857142857142855,0.3333333333333333,0.11578947368421054,0.6666666666666666,0.6666666666666666,0.36923076923076925,0.6666666666666666,0.5384615384615384,0.5866666666666666
exp2_adult,xgb,999,n_100,9643,1,0.6666666666666666,0.5384615384615384,0.5333333333333332,1.0,0.5384615384615384,0.5599999999999998,0.42857142857142855,0.3333333333333333,0.05263157894736843,0.6666666666666666,0.6666666666666666,0.5538461538461539,0.6666666666666666,0.6666666666666666,0.43076923076923085
exp2_adult,xgb,999,n_100,3757,0,0.42857142857142855,0.6666666666666666,0.4923076923076924,0.6666666666666666,1.0,0.6444444444444444,0.6666666666666666,0.42857142857142855,0.22352941176470592,0.42857142857142855,0.6666666666666666,0.27692307692307694,0.6666666666666666,0.8181818181818182,0.6000000000000001
exp2_adult,xgb,999,n_100,7976,1,0.6666666666666666,0.5384615384615384,0.4799999999999999,0.6666666666666666,0.6666666666666666,0.7692307692307693,0.6666666666666666,0.3333333333333333,0.15789473684210528,0.6666666666666666,0.6666666666666666,0.5230769230769232,0.6666666666666666,0.6666666666666666,0.7076923076923078
german_credit,rf,123,not_applicable,188,0,0.6666666666666666,0.5384615384615384,0.5866666666666666,0.6666666666666666,0.8181818181818182,0.6363636363636364,0.42857142857142855,0.42857142857142855,0.22352941176470592,0.6666666666666666,0.8181818181818182,0.6727272727272727,0.6666666666666666,0.6666666666666666,0.6153846153846154
german_credit,rf,123,not_applicable,74,1,0.6666666666666666,0.5384615384615384,0.2933333333333333,0.42857142857142855,0.6666666666666666,0.43076923076923085,0.25,0.42857142857142855,0.08235294117647059,1.0,0.5384615384615384,0.5066666666666665,0.6666666666666666,0.5384615384615384,0.4266666666666666
german_credit,rf,123,not_applicable,158,1,0.42857142857142855,0.5384615384615384,0.2133333333333333,0.42857142857142855,0.8181818181818182,0.6000000000000001,0.42857142857142855,0.5384615384615384,0.2133333333333333,0.6666666666666666,0.5384615384615384,0.3999999999999999,0.6666666666666666,1.0,0.7333333333333333
german_credit,rf,123,not_applicable,152,1,0.6666666666666666,0.5384615384615384,0.5599999999999998,0.6666666666666666,0.6666666666666666,0.6769230769230771,0.6666666666666666,0.5384615384615384,0.5599999999999998,1.0,0.6666666666666666,0.5846153846153846,0.6666666666666666,0.6666666666666666,0.7076923076923078
german_credit,rf,123,not_applicable,60,1,0.6666666666666666,0.5384615384615384,0.5599999999999998,0.6666666666666666,0.8181818181818182,0.6727272727272727,0.25,0.6666666666666666,0.06153846153846155,0.42857142857142855,0.6666666666666666,0.4000000000000001,0.6666666666666666,0.8181818181818182,0.7454545454545454
german_credit,rf,123,not_applicable,140,1,0.6666666666666666,0.6666666666666666,0.43076923076923085,1.0,0.8181818181818182,0.8181818181818182,0.25,0.6666666666666666,0.4000000000000001,0.6666666666666666,0.8181818181818182,0.6000000000000001,1.0,0.8181818181818182,0.8545454545454545
german_credit,rf,123,not_applicable,23,1,0.6666666666666666,0.5384615384615384,0.5333333333333332,1.0,0.8181818181818182,0.8181818181818182,0.6666666666666666,0.5384615384615384,0.45333333333333325,1.0,0.6666666666666666,0.5538461538461539,1.0,0.6666666666666666,0.8000000000000002
german_credit,rf,123,not_applicable,82,1,0.6666666666666666,0.6666666666666666,0.46153846153846156,0.6666666666666666,0.5384615384615384,0.6399999999999998,0.42857142857142855,0.6666666666666666,0.18461538461538463,0.6666666666666666,0.5384615384615384,0.4799999999999999,0.6666666666666666,0.8181818181818182,0.8909090909090909
german_credit,rf,123,not_applicable,29,0,0.42857142857142855,0.8181818181818182,0.45454545454545453,0.6666666666666666,0.8181818181818182,0.7090909090909091,0.42857142857142855,0.6666666666666666,0.15384615384615385,0.42857142857142855,0.8181818181818182,0.45454545454545453,0.6666666666666666,0.8181818181818182,0.8545454545454545
german_credit,rf,123,not_applicable,100,1,1.0,0.8181818181818182,0.6000000000000001,1.0,0.6666666666666666,0.7076923076923078,0.25,0.5384615384615384,0.05333333333333332,0.6666666666666666,0.8181818181818182,0.45454545454545453,0.6666666666666666,0.8181818181818182,0.7818181818181819
german_credit,rf,123,not_applicable,13,1,0.6666666666666666,0.5384615384615384,0.5599999999999998,0.6666666666666666,1.0,0.6,0.6666666666666666,0.3333333333333333,0.22105263157894742,1.0,0.5384615384615384,0.5066666666666665,1.0,1.0,0.6444444444444444
german_credit,rf,123,not_applicable,20,1,0.42857142857142855,0.5384615384615384,0.2133333333333333,1.0,0.8181818181818182,0.7454545454545454,0.1111111111111111,0.42857142857142855,-0.2,0.6666666666666666,0.6666666666666666,0.6153846153846154,1.0,0.8181818181818182,0.6727272727272727
german_credit,rf,123,not_applicable,179,1,0.6666666666666666,0.42857142857142855,0.3411764705882353,1.0,1.0,0.7333333333333333,0.6666666666666666,0.42857142857142855,0.31764705882352945,0.6666666666666666,0.5384615384615384,0.5333333333333332,1.0,1.0,0.7333333333333333
german_credit,rf,123,not_applicable,116,1,0.42857142857142855,1.0,0.37777777777777777,0.6666666666666666,1.0,0.6444444444444444,0.42857142857142855,0.6666666666666666,0.21538461538461542,0.42857142857142855,0.6666666666666666,0.33846153846153854,0.6666666666666666,0.8181818181818182,0.7090909090909091
german_credit,rf,123,not_applicable,184,1,0.6666666666666666,0.5384615384615384,0.34666666666666657,0.6666666666666666,0.8181818181818182,0.45454545454545453,0.6666666666666666,0.5384615384615384,0.4799999999999999,0.6666666666666666,0.42857142857142855,0.3647058823529412,0.6666666666666666,0.8181818181818182,0.5272727272727272
german_credit,rf,123,not_applicable,81,0,0.6666666666666666,0.6666666666666666,0.4000000000000001,0.6666666666666666,0.8181818181818182,0.7818181818181819,0.6666666666666666,0.42857142857142855,0.31764705882352945,0.6666666666666666,0.5384615384615384,0.37333333333333324,0.6666666666666666,0.6666666666666666,0.7384615384615385
german_credit,rf,123,not_applicable,61,1,0.42857142857142855,0.6666666666666666,0.5230769230769232,0.42857142857142855,1.0,0.6888888888888888,0.42857142857142855,0.5384615384615384,0.2933333333333333,0.6666666666666666,0.8181818181818182,0.6363636363636364,0.6666666666666666,0.8181818181818182,0.7818181818181819
german_credit,rf,123,not_applicable,25,0,1.0,1.0,0.911111111111111,1.0,0.8181818181818182,0.8909090909090909,0.25,0.42857142857142855,-0.10588235294117648,1.0,0.8181818181818182,0.9272727272727274,1.0,1.0,0.9555555555555554
german_credit,rf,123,not_applicable,130,0,1.0,1.0,0.9555555555555554,0.6666666666666666,0.6666666666666666,0.6769230769230771,0.25,0.3333333333333333,-0.09473684210526317,0.6666666666666666,0.8181818181818182,0.8909090909090909,1.0,0.8181818181818182,0.8181818181818182
german_credit,rf,123,not_applicable,195,0,0.6666666666666666,0.6666666666666666,0.46153846153846156,0.6666666666666666,0.6666666666666666,0.43076923076923085,0.25,0.42857142857142855,0.10588235294117648,0.42857142857142855,0.6666666666666666,0.33846153846153854,0.6666666666666666,0.8181818181818182,0.5636363636363636
german_credit,rf,123,not_applicable,66,1,0.6666666666666666,0.8181818181818182,0.45454545454545453,0.6666666666666666,0.6666666666666666,0.6153846153846154,0.25,0.5384615384615384,0.1333333333333333,0.42857142857142855,0.5384615384615384,0.2933333333333333,0.6666666666666666,0.5384615384615384,0.5866666666666666
german_credit,rf,123,not_applicable,59,1,0.42857142857142855,0.6666666666666666,0.06153846153846155,0.6666666666666666,0.6666666666666666,0.5538461538461539,0.42857142857142855,0.42857142857142855,0.058823529411764705,0.42857142857142855,0.6666666666666666,0.030769230769230774,1.0,0.6666666666666666,0.5538461538461539
german_credit,rf,123,not_applicable,126,1,0.42857142857142855,0.6666666666666666,0.4923076923076924,0.6666666666666666,0.5384615384615384,0.5866666666666666,0.6666666666666666,0.42857142857142855,0.3411764705882353,0.6666666666666666,0.8181818181818182,0.6000000000000001,0.6666666666666666,0.5384615384615384,0.5866666666666666
german_credit,rf,123,not_applicable,157,1,0.42857142857142855,0.5384615384615384,0.2666666666666666,0.42857142857142855,0.6666666666666666,0.36923076923076925,0.25,0.42857142857142855,0.10588235294117648,0.42857142857142855,0.5384615384615384,0.37333333333333324,0.6666666666666666,0.6666666666666666,0.4923076923076924
german_credit,rf,123,not_applicable,28,1,0.6666666666666666,0.5384615384615384,0.5066666666666665,0.6666666666666666,0.6666666666666666,0.6461538461538463,0.42857142857142855,0.6666666666666666,0.2461538461538462,0.6666666666666666,0.8181818181818182,0.7454545454545454,0.6666666666666666,0.8181818181818182,0.7818181818181819
german_credit,rf,123,not_applicable,47,0,0.42857142857142855,0.8181818181818182,0.3090909090909091,0.6666666666666666,0.8181818181818182,0.7818181818181819,0.6666666666666666,0.5384615384615384,0.3199999999999999,0.6666666666666666,0.8181818181818182,0.5636363636363636,0.6666666666666666,0.8181818181818182,0.8909090909090909
german_credit,rf,123,not_applicable,16,0,0.6666666666666666,0.6666666666666666,0.5846153846153846,0.6666666666666666,1.0,0.5111111111111111,0.25,0.6666666666666666,0.27692307692307694,0.6666666666666666,0.6666666666666666,0.5846153846153846,0.6666666666666666,0.8181818181818182,0.6363636363636364
german_credit,rf,123,not_applicable,113,1,1.0,0.8181818181818182,0.9272727272727274,0.6666666666666666,0.6666666666666666,0.6769230769230771,0.6666666666666666,0.6666666666666666,0.46153846153846156,0.6666666666666666,0.6666666666666666,0.4000000000000001,0.6666666666666666,0.6666666666666666,0.6769230769230771
german_credit,rf,123,not_applicable,198,0,0.42857142857142855,0.6666666666666666,0.21538461538461542,0.42857142857142855,0.8181818181818182,0.5636363636363636,0.42857142857142855,0.5384615384615384,0.4266666666666666,0.42857142857142855,0.6666666666666666,0.2461538461538462,0.6666666666666666,0.8181818181818182,0.7090909090909091
german_credit,rf,123,not_applicable,161,1,0.6666666666666666,0.6666666666666666,0.5230769230769232,1.0,0.8181818181818182,0.6727272727272727,0.6666666666666666,0.6666666666666666,0.43076923076923085,0.42857142857142855,0.5384615384615384,0.3199999999999999,1.0,0.8181818181818182,0.8181818181818182
german_credit,rf,42,not_applicable,183,1,0.6666666666666666,0.5384615384615384,0.5066666666666665,1.0,0.6666666666666666,0.5538461538461539,0.42857142857142855,0.42857142857142855,0.12941176470588237,0.6666666666666666,0.6666666666666666,0.43076923076923085,1.0,0.6666666666666666,0.5846153846153846
german_credit,rf,42,not_applicable,34,0,0.6666666666666666,0.6666666666666666,0.46153846153846156,0.6666666666666666,0.8181818181818182,0.6727272727272727,0.42857142857142855,0.5384615384615384,0.34666666666666657,0.42857142857142855,0.6666666666666666,0.5538461538461539,0.6666666666666666,1.0,0.7333333333333333
german_credit,rf,42,not_applicable,159,0,0.42857142857142855,0.6666666666666666,0.4923076923076924,0.42857142857142855,0.6666666666666666,0.43076923076923085,0.6666666666666666,0.6666666666666666,0.5230769230769232,0.6666666666666666,0.8181818181818182,0.4909090909090909,1.0,0.6666666666666666,0.6461538461538463
german_credit,rf,42,not_applicable,180,0,0.6666666666666666,0.8181818181818182,0.45454545454545453,0.42857142857142855,0.8181818181818182,0.5636363636363636,0.42857142857142855,0.5384615384615384,0.23999999999999996,0.6666666666666666,0.5384615384615384,0.6133333333333332,0.6666666666666666,1.0,0.6888888888888888
german_credit,rf,42,not_applicable,162,0,0.6666666666666666,0.8181818181818182,0.7090909090909091,1.0,0.8181818181818182,0.7818181818181819,0.6666666666666666,0.6666666666666666,0.6153846153846154,0.6666666666666666,0.8181818181818182,0.7454545454545454,1.0,0.6666666666666666,0.7692307692307693
german_credit,rf,42,not_applicable,133,1,0.6666666666666666,0.5384615384615384,0.5333333333333332,0.6666666666666666,0.6666666666666666,0.5846153846153846,0.6666666666666666,0.5384615384615384,0.4266666666666666,0.6666666666666666,0.5384615384615384,0.4799999999999999,0.6666666666666666,0.5384615384615384,0.5066666666666665
german_credit,rf,42,not_applicable,0,1,0.6666666666666666,0.6666666666666666,0.46153846153846156,1.0,0.8181818181818182,0.4909090909090909,0.6666666666666666,0.42857142857142855,0.31764705882352945,0.6666666666666666,0.5384615384615384,0.45333333333333325,1.0,0.8181818181818182,0.7090909090909091
german_credit,rf,42,not_applicable,168,1,0.6666666666666666,0.6666666666666666,0.6769230769230771,0.6666666666666666,0.8181818181818182,0.6000000000000001,0.42857142857142855,0.5384615384615384,0.37333333333333324,0.6666666666666666,0.8181818181818182,0.5272727272727272,0.6666666666666666,0.8181818181818182,0.6727272727272727
german_credit,rf,42,not_applicable,126,1,0.6666666666666666,0.6666666666666666,0.4923076923076924,0.6666666666666666,0.8181818181818182,0.38181818181818183,0.42857142857142855,0.6666666666666666,0.3076923076923077,0.6666666666666666,0.8181818181818182,0.6363636363636364,0.6666666666666666,0.8181818181818182,0.4909090909090909
german_credit,rf,42,not_applicable,32,1,1.0,0.8181818181818182,0.6727272727272727,0.6666666666666666,1.0,0.5555555555555555,0.25,0.5384615384615384,0.1333333333333333,0.42857142857142855,0.6666666666666666,0.5230769230769232,0.6666666666666666,1.0,0.5555555555555555
german_credit,rf,42,not_applicable,142,1,0.6666666666666666,0.8181818181818182,0.5272727272727272,1.0,0.8181818181818182,0.6363636363636364,0.42857142857142855,0.6666666666666666,0.18461538461538463,0.6666666666666666,0.8181818181818182,0.4909090909090909,1.0,0.8181818181818182,0.7454545454545454
german_credit,rf,42,not_applicable,5,1,0.6666666666666666,0.8181818181818182,0.7090909090909091,0.42857142857142855,0.8181818181818182,0.45454545454545453,0.42857142857142855,0.5384615384615384,0.2133333333333333,1.0,0.6666666666666666,0.5538461538461539,0.6666666666666666,0.8181818181818182,0.5636363636363636
german_credit,rf,42,not_applicable,54,1,0.6666666666666666,0.5384615384615384,0.37333333333333324,0.42857142857142855,0.8181818181818182,0.7818181818181819,0.42857142857142855,0.5384615384615384,0.37333333333333324,0.42857142857142855,0.5384615384615384,0.34666666666666657,0.6666666666666666,0.8181818181818182,0.8181818181818182
german_credit,rf,42,not_applicable,64,0,1.0,0.8181818181818182,0.7818181818181819,1.0,0.6666666666666666,0.7384615384615385,0.6666666666666666,0.6666666666666666,0.43076923076923085,0.6666666666666666,0.6666666666666666,0.5230769230769232,0.6666666666666666,0.6666666666666666,0.7384615384615385
german_credit,rf,42,not_applicable,65,1,0.42857142857142855,0.5384615384615384,0.18666666666666662,0.6666666666666666,0.6666666666666666,0.6153846153846154,0.42857142857142855,0.42857142857142855,0.03529411764705882,0.42857142857142855,0.5384615384615384,0.2133333333333333,0.6666666666666666,1.0,0.6888888888888888
german_credit,rf,42,not_applicable,9,1,0.42857142857142855,0.5384615384615384,0.34666666666666657,0.6666666666666666,0.8181818181818182,0.6000000000000001,0.25,0.8181818181818182,-0.05454545454545454,0.6666666666666666,0.6666666666666666,0.43076923076923085,0.6666666666666666,0.8181818181818182,0.7818181818181819
german_credit,rf,42,not_applicable,112,1,0.6666666666666666,0.8181818181818182,0.6727272727272727,0.42857142857142855,0.6666666666666666,0.4923076923076924,0.42857142857142855,0.6666666666666666,0.3076923076923077,1.0,0.6666666666666666,0.6461538461538463,1.0,0.8181818181818182,0.7090909090909091
german_credit,rf,42,not_applicable,75,0,0.25,0.3333333333333333,-0.09473684210526317,0.6666666666666666,0.6666666666666666,0.4000000000000001,0.42857142857142855,0.5384615384615384,0.02666666666666666,0.42857142857142855,0.5384615384615384,0.23999999999999996,1.0,0.8181818181818182,0.4909090909090909
german_credit,rf,42,not_applicable,38,1,1.0,0.8181818181818182,0.7818181818181819,0.42857142857142855,0.6666666666666666,0.5538461538461539,0.42857142857142855,0.3333333333333333,0.17894736842105266,0.6666666666666666,0.5384615384615384,0.5066666666666665,0.6666666666666666,0.6666666666666666,0.5538461538461539
german_credit,rf,42,not_applicable,141,1,0.6666666666666666,0.8181818181818182,0.6363636363636364,0.42857142857142855,0.8181818181818182,0.41818181818181815,0.42857142857142855,0.6666666666666666,0.4000000000000001,0.42857142857142855,0.6666666666666666,0.5230769230769232,0.6666666666666666,0.8181818181818182,0.5636363636363636
german_credit,rf,42,not_applicable,135,1,1.0,0.6666666666666666,0.5538461538461539,0.6666666666666666,0.8181818181818182,0.45454545454545453,0.42857142857142855,0.42857142857142855,0.10588235294117648,1.0,0.6666666666666666,0.6153846153846154,0.6666666666666666,0.8181818181818182,0.6363636363636364
german_credit,rf,42,not_applicable,18,1,0.6666666666666666,0.6666666666666666,0.2461538461538462,1.0,0.8181818181818182,0.7818181818181819,0.42857142857142855,0.5384615384615384,0.1333333333333333,0.42857142857142855,0.5384615384615384,0.1333333333333333,1.0,0.8181818181818182,0.7090909090909091
german_credit,rf,42,not_applicable,92,0,0.6666666666666666,0.8181818181818182,0.38181818181818183,0.6666666666666666,0.6666666666666666,0.6461538461538463,0.25,0.5384615384615384,0.23999999999999996,0.6666666666666666,0.8181818181818182,0.5272727272727272,0.6666666666666666,0.6666666666666666,0.7076923076923078
german_credit,rf,42,not_applicable,125,1,0.25,0.6666666666666666,0.06153846153846155,0.6666666666666666,0.6666666666666666,0.6461538461538463,0.42857142857142855,0.6666666666666666,0.27692307692307694,0.6666666666666666,0.6666666666666666,0.33846153846153854,0.6666666666666666,0.5384615384615384,0.5333333333333332
german_credit,rf,42,not_applicable,26,1,1.0,0.42857142857142855,0.48235294117647065,0.6666666666666666,0.6666666666666666,0.33846153846153854,0.42857142857142855,0.42857142857142855,0.17647058823529413,0.6666666666666666,0.5384615384615384,0.3999999999999999,0.42857142857142855,0.6666666666666666,0.43076923076923085
german_credit,rf,42,not_applicable,79,0,0.42857142857142855,0.5384615384615384,0.1333333333333333,0.6666666666666666,0.6666666666666666,0.5538461538461539,0.42857142857142855,0.42857142857142855,0.10588235294117648,1.0,0.6666666666666666,0.6461538461538463,1.0,0.6666666666666666,0.6461538461538463
german_credit,rf,42,not_applicable,58,1,0.6666666666666666,0.6666666666666666,0.5538461538461539,0.6666666666666666,0.5384615384615384,0.5599999999999998,0.6666666666666666,0.5384615384615384,0.45333333333333325,0.6666666666666666,0.5384615384615384,0.5333333333333332,0.6666666666666666,0.5384615384615384,0.6133333333333332
german_credit,rf,42,not_applicable,62,1,0.6666666666666666,0.8181818181818182,0.6000000000000001,0.6666666666666666,0.8181818181818182,0.6000000000000001,0.42857142857142855,0.5384615384615384,0.23999999999999996,0.6666666666666666,0.6666666666666666,0.5538461538461539,1.0,0.8181818181818182,0.7818181818181819
german_credit,rf,42,not_applicable,7,1,1.0,0.8181818181818182,0.5636363636363636,1.0,0.6666666666666666,0.5846153846153846,0.42857142857142855,0.42857142857142855,0.29411764705882354,1.0,0.6666666666666666,0.5230769230769232,1.0,0.8181818181818182,0.6363636363636364
german_credit,rf,42,not_applicable,198,1,0.6666666666666666,0.8181818181818182,0.7818181818181819,0.6666666666666666,0.8181818181818182,0.7454545454545454,0.25,0.5384615384615384,0.2933333333333333,0.42857142857142855,0.8181818181818182,0.5272727272727272,0.6666666666666666,1.0,0.8222222222222221
german_credit,rf,456,not_applicable,114,1,0.42857142857142855,0.6666666666666666,0.36923076923076925,0.6666666666666666,0.8181818181818182,0.7454545454545454,0.25,0.6666666666666666,0.21538461538461542,0.6666666666666666,0.6666666666666666,0.5230769230769232,0.6666666666666666,0.8181818181818182,0.7818181818181819
german_credit,rf,456,not_applicable,44,0,0.6666666666666666,0.8181818181818182,0.6727272727272727,0.6666666666666666,0.8181818181818182,0.6727272727272727,0.6666666666666666,0.6666666666666666,0.5230769230769232,0.6666666666666666,0.6666666666666666,0.6461538461538463,0.6666666666666666,1.0,0.7777777777777777
german_credit,rf,456,not_applicable,49,1,0.6666666666666666,0.6666666666666666,0.5230769230769232,0.6666666666666666,0.6666666666666666,0.4000000000000001,0.6666666666666666,0.42857142857142855,0.24705882352941178,0.42857142857142855,0.3333333333333333,0.0736842105263158,0.6666666666666666,0.6666666666666666,0.4923076923076924
german_credit,rf,456,not_applicable,188,1,0.6666666666666666,0.5384615384615384,0.34666666666666657,1.0,0.6666666666666666,0.6769230769230771,0.42857142857142855,0.8181818181818182,0.2727272727272727,0.6666666666666666,0.5384615384615384,0.45333333333333325,1.0,0.8181818181818182,0.7090909090909091
german_credit,rf,456,not_applicable,132,1,0.6666666666666666,0.5384615384615384,0.23999999999999996,1.0,0.8181818181818182,0.6363636363636364,0.25,0.3333333333333333,0.05263157894736843,0.6666666666666666,0.3333333333333333,0.15789473684210528,0.6666666666666666,0.8181818181818182,0.7454545454545454
german_credit,rf,456,not_applicable,33,1,0.6666666666666666,0.6666666666666666,0.4000000000000001,1.0,0.8181818181818182,0.6000000000000001,1.0,0.42857142857142855,0.43529411764705883,0.6666666666666666,0.5384615384615384,0.4266666666666666,1.0,0.8181818181818182,0.7090909090909091
german_credit,rf,456,not_applicable,92,1,0.42857142857142855,0.6666666666666666,0.33846153846153854,0.6666666666666666,0.6666666666666666,0.43076923076923085,0.42857142857142855,0.42857142857142855,0.2,0.6666666666666666,0.5384615384615384,0.2933333333333333,0.6666666666666666,0.5384615384615384,0.37333333333333324
german_credit,rf,456,not_applicable,130,0,1.0,0.6666666666666666,0.5230769230769232,1.0,1.0,0.6444444444444444,0.25,0.42857142857142855,0.011764705882352941,0.42857142857142855,0.42857142857142855,0.12941176470588237,1.0,0.6666666666666666,0.7076923076923078
german_credit,rf,456,not_applicable,133,1,0.42857142857142855,0.42857142857142855,0.15294117647058825,1.0,0.42857142857142855,0.411764705882353,0.42857142857142855,0.42857142857142855,0.24705882352941178,0.42857142857142855,1.0,0.6,0.6666666666666666,0.6666666666666666,0.6461538461538463
german_credit,rf,456,not_applicable,48,1,0.42857142857142855,0.42857142857142855,0.2705882352941177,0.42857142857142855,0.8181818181818182,0.6000000000000001,0.42857142857142855,0.3333333333333333,0.22105263157894742,0.42857142857142855,0.42857142857142855,0.24705882352941178,0.6666666666666666,0.8181818181818182,0.6727272727272727
german_credit,rf,456,not_applicable,52,1,0.42857142857142855,0.5384615384615384,0.15999999999999995,0.6666666666666666,0.5384615384615384,0.6133333333333332,0.1111111111111111,0.3333333333333333,-0.20000000000000004,0.6666666666666666,0.42857142857142855,0.29411764705882354,0.6666666666666666,0.8181818181818182,0.7454545454545454
german_credit,rf,456,not_applicable,26,1,0.42857142857142855,0.3333333333333333,0.13684210526315793,0.42857142857142855,0.8181818181818182,0.3090909090909091,0.1111111111111111,0.25,-0.36190476190476195,0.6666666666666666,0.42857142857142855,0.22352941176470592,0.42857142857142855,0.6666666666666666,0.4000000000000001
german_credit,rf,456,not_applicable,129,1,0.42857142857142855,0.5384615384615384,0.2133333333333333,0.6666666666666666,0.6666666666666666,0.6461538461538463,0.42857142857142855,0.42857142857142855,0.29411764705882354,0.25,0.5384615384615384,0.2666666666666666,1.0,0.8181818181818182,0.7454545454545454
german_credit,rf,456,not_applicable,144,0,0.6666666666666666,0.6666666666666666,0.43076923076923085,0.42857142857142855,0.6666666666666666,0.36923076923076925,0.42857142857142855,0.5384615384615384,0.2933333333333333,0.6666666666666666,0.5384615384615384,0.3999999999999999,0.25,0.8181818181818182,0.38181818181818183
german_credit,rf,456,not_applicable,89,1,0.42857142857142855,0.6666666666666666,0.4923076923076924,0.42857142857142855,0.6666666666666666,0.43076923076923085,0.42857142857142855,0.42857142857142855,0.12941176470588237,0.42857142857142855,0.5384615384615384,0.18666666666666662,1.0,0.6666666666666666,0.7384615384615385
german_credit,rf,456,not_applicable,1,0,0.6666666666666666,0.8181818181818182,0.5636363636363636,1.0,1.0,0.8666666666666666,0.42857142857142855,0.5384615384615384,0.3199999999999999,0.42857142857142855,0.8181818181818182,0.4909090909090909,1.0,0.8181818181818182,0.7818181818181819
german_credit,rf,456,not_applicable,182,1,0.42857142857142855,0.5384615384615384,0.1333333333333333,1.0,0.6666666666666666,0.6769230769230771,0.25,0.5384615384615384,0.07999999999999997,0.42857142857142855,0.42857142857142855,0.12941176470588237,0.6666666666666666,0.6666666666666666,0.6461538461538463
german_credit,rf,456,not_applicable,189,1,0.6666666666666666,0.8181818181818182,0.7090909090909091,0.6666666666666666,0.5384615384615384,0.5599999999999998,0.1111111111111111,0.8181818181818182,-0.16363636363636364,0.6666666666666666,0.6666666666666666,0.43076923076923085,0.6666666666666666,0.6666666666666666,0.46153846153846156
german_credit,rf,456,not_applicable,75,1,0.6666666666666666,0.5384615384615384,0.6133333333333332,1.0,0.5384615384615384,0.5866666666666666,0.6666666666666666,0.5384615384615384,0.4266666666666666,0.6666666666666666,0.6666666666666666,0.33846153846153854,1.0,0.8181818181818182,0.6727272727272727
german_credit,rf,456,not_applicable,17,1,0.6666666666666666,0.5384615384615384,0.4266666666666666,0.6666666666666666,0.8181818181818182,0.6000000000000001,0.25,0.5384615384615384,0.2133333333333333,0.42857142857142855,0.6666666666666666,0.3076923076923077,0.6666666666666666,0.5384615384615384,0.45333333333333325
german_credit,rf,456,not_applicable,110,1,0.6666666666666666,0.6666666666666666,0.46153846153846156,0.6666666666666666,0.6666666666666666,0.5846153846153846,0.25,0.5384615384615384,0.15999999999999995,0.6666666666666666,0.6666666666666666,0.43076923076923085,1.0,0.8181818181818182,0.8545454545454545
german_credit,rf,456,not_applicable,37,1,1.0,0.6666666666666666,0.6461538461538463,0.6666666666666666,0.5384615384615384,0.6133333333333332,0.6666666666666666,0.6666666666666666,0.4923076923076924,0.6666666666666666,0.6666666666666666,0.6769230769230771,1.0,0.8181818181818182,0.7090909090909091
german_credit,rf,456,not_applicable,42,0,0.42857142857142855,0.3333333333333333,0.09473684210526317,0.6666666666666666,0.8181818181818182,0.7818181818181819,0.42857142857142855,0.6666666666666666,0.2461538461538462,0.42857142857142855,0.5384615384615384,0.37333333333333324,0.6666666666666666,1.0,0.6888888888888888
german_credit,rf,456,not_applicable,159,0,0.6666666666666666,0.6666666666666666,0.6153846153846154,1.0,0.8181818181818182,0.7818181818181819,0.6666666666666666,0.6666666666666666,0.43076923076923085,0.6666666666666666,0.6666666666666666,0.46153846153846156,0.6666666666666666,0.8181818181818182,0.8181818181818182
german_credit,rf,456,not_applicable,67,0,1.0,0.8181818181818182,0.6363636363636364,0.6666666666666666,0.6666666666666666,0.5538461538461539,0.6666666666666666,0.42857142857142855,0.31764705882352945,0.6666666666666666,0.6666666666666666,0.6153846153846154,0.6666666666666666,0.8181818181818182,0.7090909090909091
german_credit,rf,456,not_applicable,180,0,0.6666666666666666,0.8181818181818182,0.45454545454545453,0.42857142857142855,0.8181818181818182,0.5636363636363636,0.42857142857142855,0.5384615384615384,0.10666666666666665,0.42857142857142855,0.5384615384615384,0.15999999999999995,0.42857142857142855,0.6666666666666666,0.33846153846153854
german_credit,rf,456,not_applicable,126,0,0.6666666666666666,0.5384615384615384,0.5866666666666666,0.42857142857142855,0.8181818181818182,0.6727272727272727,0.6666666666666666,0.6666666666666666,0.33846153846153854,0.6666666666666666,0.6666666666666666,0.6153846153846154,0.42857142857142855,1.0,0.3333333333333333
german_credit,rf,456,not_applicable,23,1,0.6666666666666666,0.5384615384615384,0.5333333333333332,0.6666666666666666,0.6666666666666666,0.5846153846153846,0.6666666666666666,0.5384615384615384,0.4266666666666666,0.6666666666666666,0.5384615384615384,0.5066666666666665,0.6666666666666666,0.8181818181818182,0.6363636363636364
german_credit,rf,456,not_applicable,12,1,0.6666666666666666,0.5384615384615384,0.45333333333333325,0.6666666666666666,0.8181818181818182,0.6000000000000001,0.42857142857142855,0.42857142857142855,0.29411764705882354,1.0,0.6666666666666666,0.6769230769230771,0.6666666666666666,1.0,0.6444444444444444
german_credit,rf,456,not_applicable,50,1,0.6666666666666666,0.5384615384615384,0.5866666666666666,1.0,0.8181818181818182,0.7090909090909091,0.42857142857142855,0.5384615384615384,0.2933333333333333,1.0,0.5384615384615384,0.5599999999999998,0.6666666666666666,0.8181818181818182,0.6727272727272727
german_credit,xgb,123,not_applicable,21,0,0.6666666666666666,0.8181818181818182,0.6363636363636364,1.0,0.8181818181818182,0.9272727272727274,0.42857142857142855,0.42857142857142855,0.31764705882352945,0.6666666666666666,0.8181818181818182,0.7090909090909091,1.0,0.6666666666666666,0.6769230769230771
german_credit,xgb,123,not_applicable,84,1,0.6666666666666666,0.5384615384615384,0.5599999999999998,0.6666666666666666,0.6666666666666666,0.4923076923076924,0.25,0.42857142857142855,0.15294117647058825,0.6666666666666666,0.5384615384615384,0.6133333333333332,0.6666666666666666,0.8181818181818182,0.6000000000000001
german_credit,xgb,123,not_applicable,107,1,0.42857142857142855,0.5384615384615384,0.23999999999999996,1.0,0.8181818181818182,0.5636363636363636,0.1111111111111111,0.42857142857142855,-0.22352941176470592,0.6666666666666666,0.6666666666666666,0.5230769230769232,1.0,0.8181818181818182,0.4909090909090909
german_credit,xgb,123,not_applicable,73,1,0.6666666666666666,0.5384615384615384,0.34666666666666657,0.6666666666666666,0.6666666666666666,0.5230769230769232,0.25,0.25,-0.17142857142857143,0.25,0.5384615384615384,-0.18666666666666662,1.0,0.6666666666666666,0.6769230769230771
german_credit,xgb,123,not_applicable,83,1,1.0,0.6666666666666666,0.4923076923076924,0.6666666666666666,0.8181818181818182,0.8545454545454545,0.6666666666666666,0.6666666666666666,0.4923076923076924,1.0,0.8181818181818182,0.6727272727272727,0.6666666666666666,0.8181818181818182,0.8181818181818182
german_credit,xgb,123,not_applicable,169,0,0.6666666666666666,0.5384615384615384,0.3999999999999999,0.6666666666666666,0.6666666666666666,0.43076923076923085,0.42857142857142855,0.5384615384615384,0.3199999999999999,0.6666666666666666,0.6666666666666666,0.5846153846153846,0.6666666666666666,0.8181818181818182,0.6000000000000001
german_credit,xgb,123,not_applicable,9,1,0.6666666666666666,0.3333333333333333,0.22105263157894742,1.0,0.8181818181818182,0.7818181818181819,0.6666666666666666,0.42857142857142855,0.2,0.6666666666666666,0.5384615384615384,0.5599999999999998,1.0,0.6666666666666666,0.7692307692307693
german_credit,xgb,123,not_applicable,150,1,0.25,0.5384615384615384,0.05333333333333332,0.42857142857142855,0.5384615384615384,0.4266666666666666,0.25,0.25,-0.0761904761904762,0.42857142857142855,0.5384615384615384,0.2933333333333333,0.42857142857142855,0.6666666666666666,0.36923076923076925
german_credit,xgb,123,not_applicable,65,1,0.6666666666666666,0.5384615384615384,0.37333333333333324,1.0,0.6666666666666666,0.6769230769230771,0.6666666666666666,0.3333333333333333,0.20000000000000004,0.42857142857142855,0.6666666666666666,0.46153846153846156,1.0,0.8181818181818182,0.8545454545454545
german_credit,xgb,123,not_applicable,141,1,0.6666666666666666,0.5384615384615384,0.45333333333333325,0.6666666666666666,0.6666666666666666,0.6153846153846154,0.25,0.42857142857142855,-0.058823529411764705,0.6666666666666666,0.42857142857142855,0.12941176470588237,1.0,0.8181818181818182,0.6363636363636364
german_credit,xgb,123,not_applicable,131,1,0.6666666666666666,0.6666666666666666,0.6769230769230771,0.6666666666666666,0.6666666666666666,0.6769230769230771,0.25,0.3333333333333333,0.03157894736842106,0.6666666666666666,0.6666666666666666,0.4923076923076924,0.6666666666666666,0.8181818181818182,0.7090909090909091
german_credit,xgb,123,not_applicable,142,1,1.0,0.6666666666666666,0.7076923076923078,1.0,0.6666666666666666,0.7384615384615385,0.42857142857142855,0.6666666666666666,0.1230769230769231,0.6666666666666666,0.5384615384615384,0.37333333333333324,1.0,0.6666666666666666,0.7384615384615385
german_credit,xgb,123,not_applicable,112,1,0.6666666666666666,0.5384615384615384,0.4799999999999999,1.0,0.6666666666666666,0.7384615384615385,0.6666666666666666,0.5384615384615384,0.34666666666666657,0.6666666666666666,0.5384615384615384,0.2666666666666666,0.6666666666666666,0.6666666666666666,0.6769230769230771
german_credit,xgb,123,not_applicable,7,1,0.6666666666666666,0.5384615384615384,0.34666666666666657,0.6666666666666666,0.8181818181818182,0.7818181818181819,0.1111111111111111,0.6666666666666666,-0.030769230769230774,0.42857142857142855,0.5384615384615384,0.4266666666666666,0.6666666666666666,1.0,0.8222222222222221
german_credit,xgb,123,not_applicable,95,1,0.42857142857142855,0.8181818181818182,0.5272727272727272,0.25,1.0,0.4666666666666666,0.25,0.6666666666666666,0.030769230769230774,0.6666666666666666,1.0,0.5555555555555555,0.42857142857142855,1.0,0.6
german_credit,xgb,123,not_applicable,85,1,1.0,0.5384615384615384,0.5066666666666665,1.0,0.6666666666666666,0.6769230769230771,0.25,0.3333333333333333,-0.09473684210526317,0.6666666666666666,0.42857142857142855,0.3411764705882353,1.0,0.6666666666666666,0.6769230769230771
german_credit,xgb,123,not_applicable,97,1,0.6666666666666666,0.6666666666666666,0.6153846153846154,0.42857142857142855,0.6666666666666666,0.5538461538461539,0.42857142857142855,0.5384615384615384,0.2666666666666666,1.0,0.6666666666666666,0.5538461538461539,0.42857142857142855,0.6666666666666666,0.5538461538461539
german_credit,xgb,123,not_applicable,3,1,0.6666666666666666,0.6666666666666666,0.6153846153846154,1.0,0.6666666666666666,0.7384615384615385,0.25,0.3333333333333333,-0.17894736842105266,0.6666666666666666,0.5384615384615384,0.4799999999999999,1.0,0.8181818181818182,0.7818181818181819
german_credit,xgb,123,not_applicable,149,0,1.0,0.8181818181818182,0.8909090909090909,1.0,0.8181818181818182,0.6363636363636364,0.1111111111111111,0.5384615384615384,-0.34666666666666657,1.0,0.5384615384615384,0.5866666666666666,1.0,0.6666666666666666,0.6769230769230771
german_credit,xgb,123,not_applicable,185,0,0.42857142857142855,0.5384615384615384,0.23999999999999996,1.0,0.8181818181818182,0.5636363636363636,0.25,0.42857142857142855,0.2705882352941177,0.6666666666666666,0.5384615384615384,0.4266666666666666,1.0,0.8181818181818182,0.6727272727272727
german_credit,xgb,123,not_applicable,183,0,0.42857142857142855,0.5384615384615384,0.23999999999999996,1.0,0.8181818181818182,0.7818181818181819,0.42857142857142855,0.5384615384615384,0.2133333333333333,0.42857142857142855,0.42857142857142855,0.31764705882352945,1.0,0.6666666666666666,0.7384615384615385
german_credit,xgb,123,not_applicable,12,1,0.6666666666666666,0.5384615384615384,0.3999999999999999,0.6666666666666666,0.6666666666666666,0.43076923076923085,0.42857142857142855,0.25,0.0761904761904762,0.6666666666666666,0.5384615384615384,0.3199999999999999,0.6666666666666666,0.8181818181818182,0.4909090909090909
german_credit,xgb,123,not_applicable,120,1,0.6666666666666666,0.5384615384615384,0.4799999999999999,0.6666666666666666,0.6666666666666666,0.46153846153846156,0.1111111111111111,0.3333333333333333,-0.15789473684210528,1.0,0.8181818181818182,0.7818181818181819,0.6666666666666666,0.6666666666666666,0.5538461538461539
german_credit,xgb,123,not_applicable,105,1,0.6666666666666666,1.0,0.6,0.6666666666666666,0.8181818181818182,0.7454545454545454,0.42857142857142855,0.25,-0.0380952380952381,0.42857142857142855,0.8181818181818182,0.38181818181818183,0.6666666666666666,0.8181818181818182,0.7454545454545454
german_credit,xgb,123,not_applicable,32,1,0.6666666666666666,0.5384615384615384,0.5866666666666666,0.6666666666666666,0.8181818181818182,0.7454545454545454,0.25,0.5384615384615384,0.07999999999999997,0.42857142857142855,0.6666666666666666,0.46153846153846156,0.6666666666666666,0.8181818181818182,0.7454545454545454
german_credit,xgb,123,not_applicable,89,1,0.6666666666666666,0.8181818181818182,0.4909090909090909,1.0,1.0,0.6,0.6666666666666666,0.42857142857142855,0.22352941176470592,0.6666666666666666,0.6666666666666666,0.7076923076923078,1.0,0.8181818181818182,0.6727272727272727
german_credit,xgb,123,not_applicable,91,0,0.6666666666666666,0.5384615384615384,0.5599999999999998,1.0,0.8181818181818182,0.8909090909090909,0.42857142857142855,0.5384615384615384,0.2933333333333333,0.42857142857142855,0.42857142857142855,0.3647058823529412,1.0,0.8181818181818182,0.8909090909090909
german_credit,xgb,123,not_applicable,158,1,0.6666666666666666,0.5384615384615384,0.5333333333333332,0.6666666666666666,0.8181818181818182,0.7090909090909091,1.0,0.5384615384615384,0.4799999999999999,0.6666666666666666,0.42857142857142855,0.31764705882352945,0.6666666666666666,0.8181818181818182,0.8181818181818182
german_credit,xgb,123,not_applicable,145,1,0.6666666666666666,0.6666666666666666,0.5538461538461539,1.0,0.6666666666666666,0.5230769230769232,0.42857142857142855,0.3333333333333333,0.010526315789473686,1.0,0.6666666666666666,0.6461538461538463,1.0,0.8181818181818182,0.7454545454545454
german_credit,xgb,123,not_applicable,52,1,0.6666666666666666,0.6666666666666666,0.5846153846153846,0.6666666666666666,0.6666666666666666,0.5846153846153846,0.6666666666666666,0.3333333333333333,0.13684210526315793,0.6666666666666666,0.5384615384615384,0.4799999999999999,0.6666666666666666,0.8181818181818182,0.7090909090909091
german_credit,xgb,42,not_applicable,111,1,0.42857142857142855,0.5384615384615384,0.2933333333333333,1.0,0.8181818181818182,0.8909090909090909,0.25,0.5384615384615384,0.10666666666666665,0.42857142857142855,0.6666666666666666,0.2461538461538462,0.6666666666666666,0.6666666666666666,0.7076923076923078
german_credit,xgb,42,not_applicable,66,1,1.0,0.6666666666666666,0.6769230769230771,1.0,0.8181818181818182,0.8909090909090909,0.25,0.6666666666666666,-0.09230769230769231,1.0,0.5384615384615384,0.5066666666666665,1.0,0.8181818181818182,0.7454545454545454
german_credit,xgb,42,not_applicable,53,1,1.0,0.42857142857142855,0.48235294117647065,0.6666666666666666,0.6666666666666666,0.4000000000000001,0.42857142857142855,0.3333333333333333,0.15789473684210528,1.0,0.5384615384615384,0.5599999999999998,0.6666666666666666,0.6666666666666666,0.5846153846153846
german_credit,xgb,42,not_applicable,128,1,0.6666666666666666,0.8181818181818182,0.41818181818181815,0.42857142857142855,0.8181818181818182,0.38181818181818183,0.42857142857142855,0.42857142857142855,0.10588235294117648,0.6666666666666666,0.6666666666666666,0.21538461538461542,0.6666666666666666,0.5384615384615384,0.34666666666666657
german_credit,xgb,42,not_applicable,157,1,0.6666666666666666,0.8181818181818182,0.7090909090909091,0.6666666666666666,0.8181818181818182,0.4909090909090909,0.25,0.25,-0.24761904761904763,0.6666666666666666,0.6666666666666666,0.5538461538461539,0.6666666666666666,1.0,0.37777777777777777
german_credit,xgb,42,not_applicable,52,0,0.6666666666666666,0.5384615384615384,0.5333333333333332,0.42857142857142855,0.6666666666666666,0.4000000000000001,0.42857142857142855,0.42857142857142855,0.2,0.6666666666666666,0.6666666666666666,0.7076923076923078,0.6666666666666666,0.8181818181818182,0.6363636363636364
german_credit,xgb,42,not_applicable,0,1,0.6666666666666666,0.5384615384615384,0.5333333333333332,1.0,0.6666666666666666,0.5538461538461539,0.25,0.3333333333333333,-0.11578947368421054,0.6666666666666666,0.6666666666666666,0.4923076923076924,0.6666666666666666,0.8181818181818182,0.5636363636363636
german_credit,xgb,42,not_applicable,75,0,0.42857142857142855,0.5384615384615384,0.37333333333333324,0.6666666666666666,0.6666666666666666,0.6153846153846154,0.25,0.42857142857142855,-0.15294117647058825,0.42857142857142855,0.5384615384615384,0.2133333333333333,1.0,0.6666666666666666,0.8000000000000002
german_credit,xgb,42,not_applicable,81,1,0.42857142857142855,0.8181818181818182,0.45454545454545453,0.6666666666666666,1.0,0.6,0.42857142857142855,0.3333333333333333,-0.010526315789473686,0.6666666666666666,0.5384615384615384,0.5333333333333332,0.6666666666666666,1.0,0.6444444444444444
german_credit,xgb,42,not_applicable,58,1,0.6666666666666666,0.42857142857142855,0.45882352941176474,0.6666666666666666,0.8181818181818182,0.8181818181818182,0.25,0.42857142857142855,0.058823529411764705,1.0,0.6666666666666666,0.5846153846153846,1.0,0.6666666666666666,0.6769230769230771
german_credit,xgb,42,not_applicable,20,1,1.0,0.5384615384615384,0.3999999999999999,1.0,0.5384615384615384,0.3999999999999999,0.25,0.6666666666666666,0.1230769230769231,0.6666666666666666,0.5384615384615384,0.2666666666666666,0.6666666666666666,0.8181818181818182,0.4909090909090909
german_credit,xgb,42,not_applicable,102,1,0.42857142857142855,0.3333333333333333,0.11578947368421054,0.42857142857142855,0.8181818181818182,0.7454545454545454,0.1111111111111111,0.25,-0.2666666666666667,0.42857142857142855,0.42857142857142855,0.17647058823529413,0.6666666666666666,0.8181818181818182,0.7818181818181819
german_credit,xgb,42,not_applicable,38,1,0.42857142857142855,0.6666666666666666,0.33846153846153854,0.6666666666666666,0.8181818181818182,0.6727272727272727,0.25,0.5384615384615384,0.10666666666666665,0.42857142857142855,0.5384615384615384,0.34666666666666657,0.42857142857142855,1.0,0.6444444444444444
german_credit,xgb,42,not_applicable,1,0,1.0,0.8181818181818182,0.7818181818181819,1.0,0.6666666666666666,0.6461538461538463,0.1111111111111111,0.3333333333333333,-0.4315789473684211,1.0,0.6666666666666666,0.7076923076923078,0.6666666666666666,0.6666666666666666,0.6769230769230771
german_credit,xgb,42,not_applicable,163,1,0.6666666666666666,0.8181818181818182,0.6363636363636364,0.25,0.8181818181818182,0.16363636363636364,0.25,0.8181818181818182,0.16363636363636364,0.42857142857142855,0.8181818181818182,0.41818181818181815,0.42857142857142855,1.0,0.3333333333333333
german_credit,xgb,42,not_applicable,181,1,0.42857142857142855,0.5384615384615384,0.5333333333333332,0.6666666666666666,0.6666666666666666,0.5230769230769232,0.42857142857142855,0.5384615384615384,0.2666666666666666,0.42857142857142855,0.42857142857142855,0.31764705882352945,1.0,0.6666666666666666,0.7692307692307693
german_credit,xgb,42,not_applicable,13,0,0.6666666666666666,1.0,0.5111111111111111,0.6666666666666666,0.6666666666666666,0.6461538461538463,0.25,0.42857142857142855,0.058823529411764705,1.0,0.6666666666666666,0.6153846153846154,1.0,0.8181818181818182,0.8909090909090909
german_credit,xgb,42,not_applicable,182,0,0.6666666666666666,0.6666666666666666,0.5230769230769232,0.42857142857142855,0.6666666666666666,0.5538461538461539,0.25,0.5384615384615384,0.02666666666666666,0.6666666666666666,0.6666666666666666,0.6461538461538463,0.6666666666666666,0.6666666666666666,0.6153846153846154
german_credit,xgb,42,not_applicable,193,1,0.6666666666666666,0.6666666666666666,0.5230769230769232,0.6666666666666666,0.6666666666666666,0.5230769230769232,0.42857142857142855,0.3333333333333333,-0.03157894736842106,0.6666666666666666,0.6666666666666666,0.4000000000000001,0.6666666666666666,0.8181818181818182,0.7090909090909091
german_credit,xgb,42,not_applicable,138,1,0.6666666666666666,0.5384615384615384,0.5333333333333332,0.25,0.8181818181818182,0.2,0.25,0.6666666666666666,0.27692307692307694,0.6666666666666666,0.8181818181818182,0.6727272727272727,0.6666666666666666,1.0,0.5555555555555555
german_credit,xgb,42,not_applicable,33,1,0.6666666666666666,0.5384615384615384,0.5599999999999998,0.6666666666666666,0.6666666666666666,0.43076923076923085,0.6666666666666666,0.42857142857142855,0.24705882352941178,0.6666666666666666,0.6666666666666666,0.5846153846153846,1.0,0.6666666666666666,0.5538461538461539
german_credit,xgb,42,not_applicable,144,1,1.0,0.6666666666666666,0.6461538461538463,0.6666666666666666,0.5384615384615384,0.4799999999999999,0.25,0.17647058823529413,-0.19130434782608696,0.6666666666666666,0.6666666666666666,0.7076923076923078,1.0,0.8181818181818182,0.7818181818181819
german_credit,xgb,42,not_applicable,149,0,0.42857142857142855,0.5384615384615384,0.05333333333333332,0.6666666666666666,0.6666666666666666,0.5846153846153846,0.25,0.5384615384615384,0.10666666666666665,0.6666666666666666,0.5384615384615384,0.5066666666666665,0.6666666666666666,0.6666666666666666,0.6769230769230771
german_credit,xgb,42,not_applicable,121,1,1.0,0.6666666666666666,0.46153846153846156,0.42857142857142855,0.8181818181818182,0.45454545454545453,0.6666666666666666,0.42857142857142855,0.31764705882352945,1.0,0.6666666666666666,0.5538461538461539,0.6666666666666666,0.8181818181818182,0.7090909090909091
german_credit,xgb,42,not_applicable,152,1,0.6666666666666666,0.8181818181818182,0.5636363636363636,1.0,0.8181818181818182,0.6000000000000001,0.25,0.3333333333333333,-0.09473684210526317,0.6666666666666666,1.0,0.7333333333333333,1.0,0.8181818181818182,0.7818181818181819
german_credit,xgb,42,not_applicable,82,1,0.6666666666666666,0.6666666666666666,0.4923076923076924,0.6666666666666666,0.6666666666666666,0.6153846153846154,0.1111111111111111,0.17647058823529413,-0.22608695652173916,0.42857142857142855,0.6666666666666666,0.36923076923076925,0.6666666666666666,0.8181818181818182,0.6000000000000001
german_credit,xgb,42,not_applicable,74,1,0.42857142857142855,0.8181818181818182,0.34545454545454546,0.6666666666666666,0.6666666666666666,0.5230769230769232,0.42857142857142855,0.42857142857142855,0.12941176470588237,0.42857142857142855,0.8181818181818182,0.41818181818181815,1.0,0.6666666666666666,0.6769230769230771
german_credit,xgb,42,not_applicable,43,0,0.6666666666666666,0.6666666666666666,0.5538461538461539,0.25,0.6666666666666666,0.21538461538461542,0.42857142857142855,0.5384615384615384,0.2666666666666666,0.42857142857142855,0.6666666666666666,0.33846153846153854,0.6666666666666666,0.8181818181818182,0.6727272727272727
german_credit,xgb,42,not_applicable,29,0,0.42857142857142855,0.5384615384615384,0.45333333333333325,1.0,0.8181818181818182,0.7090909090909091,0.42857142857142855,0.5384615384615384,0.3199999999999999,0.6666666666666666,0.6666666666666666,0.4000000000000001,0.6666666666666666,1.0,0.911111111111111
german_credit,xgb,42,not_applicable,19,1,0.42857142857142855,0.6666666666666666,0.36923076923076925,1.0,0.8181818181818182,0.7454545454545454,0.0,0.42857142857142855,-0.08235294117647059,0.6666666666666666,0.6666666666666666,0.46153846153846156,0.6666666666666666,0.8181818181818182,0.6727272727272727
german_credit,xgb,456,not_applicable,87,1,1.0,0.6666666666666666,0.6461538461538463,0.42857142857142855,0.5384615384615384,0.2933333333333333,0.0,0.25,-0.4380952380952381,0.6666666666666666,0.5384615384615384,0.4799999999999999,0.42857142857142855,0.6666666666666666,0.46153846153846156
german_credit,xgb,456,not_applicable,37,1,0.42857142857142855,0.5384615384615384,0.3999999999999999,0.42857142857142855,0.8181818181818182,0.7454545454545454,0.42857142857142855,0.6666666666666666,0.2461538461538462,0.6666666666666666,0.6666666666666666,0.5538461538461539,0.6666666666666666,1.0,0.7777777777777777
german_credit,xgb,456,not_applicable,98,1,0.6666666666666666,0.5384615384615384,0.4799999999999999,0.42857142857142855,0.8181818181818182,0.05454545454545454,0.25,0.3333333333333333,0.010526315789473686,1.0,0.6666666666666666,0.46153846153846156,0.6666666666666666,0.8181818181818182,0.5272727272727272
german_credit,xgb,456,not_applicable,33,1,0.42857142857142855,0.6666666666666666,0.4923076923076924,0.6666666666666666,0.8181818181818182,0.7090909090909091,0.1111111111111111,0.42857142857142855,-0.03529411764705882,0.25,0.5384615384615384,0.2933333333333333,0.6666666666666666,0.8181818181818182,0.6727272727272727
german_credit,xgb,456,not_applicable,84,1,0.6666666666666666,0.8181818181818182,0.4909090909090909,1.0,0.6666666666666666,0.7076923076923078,0.25,0.42857142857142855,0.03529411764705882,1.0,0.6666666666666666,0.5538461538461539,0.6666666666666666,0.6666666666666666,0.6461538461538463
german_credit,xgb,456,not_applicable,64,1,0.6666666666666666,0.8181818181818182,0.4909090909090909,0.6666666666666666,0.6666666666666666,0.6769230769230771,0.42857142857142855,0.42857142857142855,-0.058823529411764705,0.42857142857142855,0.6666666666666666,0.4000000000000001,0.6666666666666666,0.6666666666666666,0.5538461538461539
german_credit,xgb,456,not_applicable,185,1,0.42857142857142855,0.6666666666666666,0.4000000000000001,0.6666666666666666,0.8181818181818182,0.7818181818181819,0.42857142857142855,0.3333333333333333,-0.03157894736842106,0.25,0.6666666666666666,0.27692307692307694,0.6666666666666666,0.6666666666666666,0.8307692307692309
german_credit,xgb,456,not_applicable,8,0,0.42857142857142855,0.8181818181818182,0.6727272727272727,0.6666666666666666,0.8181818181818182,0.6727272727272727,0.42857142857142855,0.3333333333333333,0.15789473684210528,0.6666666666666666,0.5384615384615384,0.3999999999999999,1.0,0.8181818181818182,0.8181818181818182
german_credit,xgb,456,not_applicable,196,1,0.6666666666666666,0.6666666666666666,0.4000000000000001,0.6666666666666666,1.0,0.6,0.25,0.42857142857142855,-0.03529411764705882,0.6666666666666666,0.5384615384615384,0.3999999999999999,0.6666666666666666,0.8181818181818182,0.7454545454545454
german_credit,xgb,456,not_applicable,25,1,0.6666666666666666,0.5384615384615384,0.37333333333333324,0.6666666666666666,0.6666666666666666,0.5846153846153846,0.1111111111111111,0.42857142857142855,-0.12941176470588237,0.42857142857142855,0.5384615384615384,0.3199999999999999,0.6666666666666666,0.8181818181818182,0.6000000000000001
german_credit,xgb,456,not_applicable,129,1,0.42857142857142855,0.42857142857142855,0.2705882352941177,0.6666666666666666,0.5384615384615384,0.5866666666666666,0.0,0.25,-0.34285714285714286,0.6666666666666666,0.5384615384615384,0.3999999999999999,0.6666666666666666,0.6666666666666666,0.7076923076923078
german_credit,xgb,456,not_applicable,6,1,0.6666666666666666,0.5384615384615384,0.34666666666666657,0.6666666666666666,0.42857142857142855,0.29411764705882354,0.25,0.3333333333333333,-0.0736842105263158,0.6666666666666666,0.5384615384615384,0.45333333333333325,0.6666666666666666,0.6666666666666666,0.36923076923076925
german_credit,xgb,456,not_applicable,70,1,0.42857142857142855,0.3333333333333333,0.17894736842105266,0.6666666666666666,0.6666666666666666,0.5538461538461539,0.1111111111111111,0.42857142857142855,-0.2705882352941177,0.42857142857142855,0.5384615384615384,0.3199999999999999,0.42857142857142855,1.0,0.4666666666666666
german_credit,xgb,456,not_applicable,24,1,0.6666666666666666,0.8181818181818182,0.5636363636363636,0.6666666666666666,0.8181818181818182,0.8181818181818182,0.42857142857142855,0.42857142857142855,-0.058823529411764705,0.6666666666666666,1.0,0.6888888888888888,0.6666666666666666,0.8181818181818182,0.6727272727272727
german_credit,xgb,456,not_applicable,197,1,0.6666666666666666,0.5384615384615384,0.45333333333333325,0.42857142857142855,0.6666666666666666,0.18461538461538463,0.25,0.25,-0.13333333333333336,0.6666666666666666,0.6666666666666666,0.5538461538461539,0.6666666666666666,0.8181818181818182,0.3090909090909091
german_credit,xgb,456,not_applicable,4,1,0.6666666666666666,0.5384615384615384,0.3999999999999999,0.6666666666666666,0.6666666666666666,0.36923076923076925,0.25,0.25,-0.36190476190476195,1.0,0.5384615384615384,0.4799999999999999,0.6666666666666666,0.6666666666666666,0.4000000000000001
german_credit,xgb,456,not_applicable,41,1,1.0,0.6666666666666666,0.6153846153846154,0.6666666666666666,0.6666666666666666,0.5538461538461539,0.1111111111111111,0.42857142857142855,-0.15294117647058825,1.0,0.5384615384615384,0.5066666666666665,0.6666666666666666,0.8181818181818182,0.5272727272727272
german_credit,xgb,456,not_applicable,55,1,0.6666666666666666,0.6666666666666666,0.27692307692307694,0.6666666666666666,0.6666666666666666,0.7384615384615385,0.25,0.3333333333333333,-0.11578947368421054,0.6666666666666666,1.0,0.6,1.0,0.8181818181818182,0.8181818181818182
german_credit,xgb,456,not_applicable,190,1,0.6666666666666666,0.5384615384615384,0.5066666666666665,1.0,0.6666666666666666,0.6461538461538463,0.25,0.3333333333333333,-0.010526315789473686,0.6666666666666666,0.6666666666666666,0.7384615384615385,1.0,1.0,0.7777777777777777
german_credit,xgb,456,not_applicable,173,1,0.6666666666666666,0.6666666666666666,0.6769230769230771,0.6666666666666666,0.6666666666666666,0.5230769230769232,0.25,0.5384615384615384,0.07999999999999997,0.6666666666666666,0.42857142857142855,0.22352941176470592,0.6666666666666666,0.8181818181818182,0.6727272727272727
german_credit,xgb,456,not_applicable,94,1,0.42857142857142855,0.5384615384615384,0.2666666666666666,0.42857142857142855,0.8181818181818182,0.38181818181818183,0.42857142857142855,0.5384615384615384,0.02666666666666666,0.42857142857142855,0.5384615384615384,0.1333333333333333,0.6666666666666666,0.8181818181818182,0.5636363636363636
german_credit,xgb,456,not_applicable,80,1,0.6666666666666666,0.5384615384615384,0.5599999999999998,0.6666666666666666,0.6666666666666666,0.7076923076923078,0.1111111111111111,0.3333333333333333,-0.4315789473684211,0.42857142857142855,0.42857142857142855,0.31764705882352945,0.6666666666666666,0.8181818181818182,0.6727272727272727
german_credit,xgb,456,not_applicable,180,0,0.6666666666666666,0.6666666666666666,0.33846153846153854,0.6666666666666666,0.8181818181818182,0.5636363636363636,0.1111111111111111,0.42857142857142855,-0.2,0.6666666666666666,0.6666666666666666,0.33846153846153854,0.42857142857142855,0.8181818181818182,0.5636363636363636
german_credit,xgb,456,not_applicable,119,1,0.6666666666666666,0.5384615384615384,0.45333333333333325,0.6666666666666666,0.6666666666666666,0.6461538461538463,0.1111111111111111,0.6666666666666666,-0.1230769230769231,0.6666666666666666,0.6666666666666666,0.4000000000000001,0.42857142857142855,0.6666666666666666,0.7076923076923078
german_credit,xgb,456,not_applicable,175,1,0.6666666666666666,0.8181818181818182,0.45454545454545453,0.6666666666666666,0.5384615384615384,0.4266666666666666,0.25,0.42857142857142855,0.011764705882352941,1.0,0.6666666666666666,0.6153846153846154,0.6666666666666666,0.8181818181818182,0.4909090909090909
german_credit,xgb,456,not_applicable,106,1,0.6666666666666666,0.42857142857142855,0.29411764705882354,0.6666666666666666,0.5384615384615384,0.5599999999999998,0.42857142857142855,0.5384615384615384,0.15999999999999995,0.6666666666666666,0.5384615384615384,0.4266666666666666,0.6666666666666666,0.8181818181818182,0.7090909090909091
german_credit,xgb,456,not_applicable,186,1,1.0,0.6666666666666666,0.7076923076923078,0.6666666666666666,0.6666666666666666,0.6461538461538463,0.42857142857142855,0.5384615384615384,-0.07999999999999997,0.6666666666666666,0.6666666666666666,0.5538461538461539,0.42857142857142855,0.8181818181818182,0.5636363636363636
german_credit,xgb,456,not_applicable,139,1,0.42857142857142855,0.8181818181818182,0.2727272727272727,0.6666666666666666,0.6666666666666666,0.43076923076923085,0.42857142857142855,0.42857142857142855,0.08235294117647059,0.42857142857142855,0.8181818181818182,0.38181818181818183,0.6666666666666666,0.5384615384615384,0.4799999999999999
german_credit,xgb,456,not_applicable,96,0,0.25,0.6666666666666666,0.15384615384615385,0.6666666666666666,0.8181818181818182,0.8181818181818182,0.25,0.42857142857142855,-0.058823529411764705,0.6666666666666666,0.8181818181818182,0.7454545454545454,0.6666666666666666,0.8181818181818182,0.7090909090909091
german_credit,xgb,456,not_applicable,47,1,0.25,0.5384615384615384,0.23999999999999996,1.0,0.6666666666666666,0.7384615384615385,0.25,0.25,-0.20952380952380953,0.6666666666666666,0.5384615384615384,0.5599999999999998,0.6666666666666666,0.8181818181818182,0.6727272727272727
