{"instance_id": 1062, "quadrant": "FP", "true_label": 0, "prediction": 1, "prediction_correct": false, "metrics": {"cost": 48648.64409799338, "sparsity": 0.09259259259259259, "fidelity": 0.9806230596938001, "faithfulness_gap": 0.6684759502709368, "stability": 0.9610312982457685}, "explanation": {"top_features": ["education-num: 0.2032", "occupation_Sales: 0.1237", "marital-status_Married-civ-spouse: 0.0916", "relationship_Husband: 0.0618", "education_Bachelors: 0.0577", "capital-gain: -0.0334", "hours-per-week: 0.0322", "marital-status_Never-married: 0.0126", "education_HS-grad: 0.0123", "relationship_Own-child: 0.0051"], "raw_top": {"education-num": 0.20323565415252456, "occupation_Sales": 0.12374862516849243, "marital-status_Married-civ-spouse": 0.09158800095740567, "relationship_Husband": 0.061790801788312026, "education_Bachelors": 0.05767369619362527, "capital-gain": -0.033386357914202414, "hours-per-week": 0.03215441242251053, "marital-status_Never-married": 0.012639680300879834, "education_HS-grad": 0.012272979720140407, "relationship_Own-child": 0.005114800893090602}}}