{"instance_id": 1078, "quadrant": "FN", "true_label": 1, "prediction": 0, "prediction_correct": false, "metrics": {"cost": 83658.7876600097, "sparsity": 0.09259259259259259, "fidelity": 0.8874024807449867, "faithfulness_gap": 0.07504054862166512, "stability": 0.8148677431948986}, "explanation": {"top_features": ["occupation_Farming-fishing: -0.0655", "capital-gain: -0.0306", "marital-status_Married-civ-spouse: 0.0298", "capital-loss: -0.0248", "workclass_Self-emp-not-inc: -0.0246", "hours-per-week: 0.0199", "relationship_Husband: 0.0118", "fnlwgt: -0.0107", "education-num: 0.0093", "education_Assoc-voc: -0.0078"], "raw_top": {"occupation_Farming-fishing": -0.06553700478115734, "capital-gain": -0.030563817334223805, "marital-status_Married-civ-spouse": 0.029771309981199732, "capital-loss": -0.024805925063413878, "workclass_Self-emp-not-inc": -0.02458697841826758, "hours-per-week": 0.019910211265550298, "relationship_Husband": 0.011847784804428812, "fnlwgt": -0.010663443607294196, "education-num": 0.009324099514230383, "education_Assoc-voc": -0.007794097384115468}}}