{"instance_id": 1093, "quadrant": "TN", "true_label": 0, "prediction": 0, "prediction_correct": true, "metrics": {"cost": 80242.40952500259, "sparsity": 0.09259259259259259, "fidelity": 0.8798739139534024, "faithfulness_gap": 0.09484261862694165, "stability": 0.9484186759848873}, "explanation": {"top_features": ["occupation_Exec-managerial: 0.1046", "relationship_Wife: 0.0818", "education-num: -0.0689", "age: -0.0598", "marital-status_Married-civ-spouse: 0.0481", "education_HS-grad: -0.0301", "relationship_Husband: -0.0273", "capital-gain: -0.0271", "capital-loss: -0.0197", "hours-per-week: -0.0189"], "raw_top": {"occupation_Exec-managerial": 0.10456423023498992, "relationship_Wife": 0.08184254444558106, "education-num": -0.06885080026521136, "age": -0.059841509525556676, "marital-status_Married-civ-spouse": 0.048090277748603596, "education_HS-grad": -0.030099609282689715, "relationship_Husband": -0.027262358814180473, "capital-gain": -0.027070442085360403, "capital-loss": -0.019711944225791183, "hours-per-week": -0.018850535401402357}}}