{"instance_id": 1113, "quadrant": "FP", "true_label": 0, "prediction": 1, "prediction_correct": false, "metrics": {"cost": 53635.153773007914, "sparsity": 0.09259259259259259, "fidelity": 0.9826843296353452, "faithfulness_gap": 0.46860487141079615, "stability": 0.9426672396566756}, "explanation": {"top_features": ["occupation_Exec-managerial: 0.2437", "marital-status_Married-civ-spouse: 0.0863", "relationship_Husband: 0.0452", "age: 0.0400", "capital-gain: -0.0337", "education_HS-grad: 0.0269", "capital-loss: -0.0196", "education_Some-college: 0.0122", "marital-status_Never-married: 0.0113", "education-num: 0.0070"], "raw_top": {"occupation_Exec-managerial": 0.24373133864142146, "marital-status_Married-civ-spouse": 0.08626187699636129, "relationship_Husband": 0.04521237341595399, "age": 0.03996877330219763, "capital-gain": -0.03370995315780044, "education_HS-grad": 0.026870215855299466, "capital-loss": -0.019588286903130248, "education_Some-college": 0.012181698564856498, "marital-status_Never-married": 0.011290680753337787, "education-num": 0.0069619935486726695}}}