{"instance_id": 1457, "quadrant": "TP", "true_label": 1, "prediction": 1, "prediction_correct": true, "metrics": {"cost": 51534.760422000545, "sparsity": 0.09259259259259259, "fidelity": 0.988351406205116, "faithfulness_gap": 0.7862267122413145, "stability": 0.9882095410242033}, "explanation": {"top_features": ["capital-gain: 0.3389", "education-num: 0.1489", "occupation_Prof-specialty: 0.0917", "marital-status_Married-civ-spouse: 0.0819", "relationship_Husband: 0.0368", "age: 0.0299", "marital-status_Never-married: 0.0127", "education_HS-grad: 0.0091", "relationship_Not-in-family: 0.0083", "relationship_Own-child: 0.0070"], "raw_top": {"capital-gain": 0.3388532231431524, "education-num": 0.14889557674776482, "occupation_Prof-specialty": 0.09171713757261489, "marital-status_Married-civ-spouse": 0.08194920334039525, "relationship_Husband": 0.03678636119672722, "age": 0.02992021275833703, "marital-status_Never-married": 0.012670707075815245, "education_HS-grad": 0.009050772204434976, "relationship_Not-in-family": 0.008256980379293283, "relationship_Own-child": 0.007024572079723512}}}