{"instance_id": 1606, "quadrant": "TN", "true_label": 0, "prediction": 0, "prediction_correct": true, "metrics": {"cost": 57217.440355998406, "sparsity": 0.09259259259259259, "fidelity": 0.5633738296049566, "faithfulness_gap": 0.015099258570181295, "stability": 0.8942340895362239}, "explanation": {"top_features": ["marital-status_Married-civ-spouse: -0.0395", "occupation_Sales: 0.0275", "education-num: -0.0260", "hours-per-week: -0.0245", "relationship_Husband: -0.0205", "capital-gain: -0.0192", "capital-loss: -0.0130", "education_Bachelors: -0.0049", "sex_Female: -0.0035", "sex_Male: -0.0031"], "raw_top": {"marital-status_Married-civ-spouse": -0.03945347935181612, "occupation_Sales": 0.027540824540235077, "education-num": -0.025968377069308882, "hours-per-week": -0.024488858929208608, "relationship_Husband": -0.02053461560484287, "capital-gain": -0.01921391066667667, "capital-loss": -0.012964087175765448, "education_Bachelors": -0.0049123858537688594, "sex_Female": -0.00354905016715128, "sex_Male": -0.003105816856211252}}}