{"instance_id": 2337, "quadrant": "TP", "true_label": 1, "prediction": 1, "prediction_correct": true, "metrics": {"cost": 42697.65701699362, "sparsity": 0.09259259259259259, "fidelity": 0.9637976337682439, "faithfulness_gap": 0.8025410053205629, "stability": 0.9978692056180788}, "explanation": {"top_features": ["capital-gain: 0.4854", "education-num: 0.1201", "occupation_Exec-managerial: 0.0730", "marital-status_Married-civ-spouse: 0.0411", "relationship_Husband: 0.0238", "age: 0.0167", "education_HS-grad: 0.0077", "race_Asian-Pac-Islander: 0.0032", "marital-status_Never-married: 0.0026", "relationship_Own-child: 0.0024"], "raw_top": {"capital-gain": 0.4854043784037878, "education-num": 0.12012708543629581, "occupation_Exec-managerial": 0.0729588367225806, "marital-status_Married-civ-spouse": 0.041129210462381355, "relationship_Husband": 0.023843431152725404, "age": 0.016680621520397048, "education_HS-grad": 0.007672516957731689, "race_Asian-Pac-Islander": 0.003174873890794987, "marital-status_Never-married": 0.0026443640948522994, "relationship_Own-child": 0.0023981630205854865}}}