{"instance_id": 2350, "quadrant": "TP", "true_label": 1, "prediction": 1, "prediction_correct": true, "metrics": {"cost": 42914.79730600258, "sparsity": 0.09259259259259259, "fidelity": 0.9748009883082512, "faithfulness_gap": 0.7142372728934175, "stability": 0.9694428031545291}, "explanation": {"top_features": ["education-num: 0.2094", "relationship_Wife: 0.1715", "occupation_Prof-specialty: 0.1285", "marital-status_Married-civ-spouse: 0.1123", "relationship_Husband: -0.0440", "age: 0.0391", "education_HS-grad: 0.0189", "marital-status_Never-married: 0.0105", "education_Bachelors: 0.0069", "relationship_Own-child: 0.0069"], "raw_top": {"education-num": 0.2094434091409091, "relationship_Wife": 0.17153525046314475, "occupation_Prof-specialty": 0.1285155501746802, "marital-status_Married-civ-spouse": 0.1122814427443747, "relationship_Husband": -0.043982376330684025, "age": 0.03908513758542978, "education_HS-grad": 0.01888929228525993, "marital-status_Never-married": 0.010536370605997155, "education_Bachelors": 0.006858428379661032, "relationship_Own-child": 0.006856513042622551}}}