{"instance_id": 2367, "quadrant": "FN", "true_label": 1, "prediction": 0, "prediction_correct": false, "metrics": {"cost": 47634.33400698705, "sparsity": 0.09259259259259259, "fidelity": 0.7820392882709946, "faithfulness_gap": 0.11725163519609917, "stability": 0.8497790654994413}, "explanation": {"top_features": ["age: -0.0440", "education-num: -0.0370", "capital-gain: -0.0294", "marital-status_Married-civ-spouse: 0.0255", "occupation_Transport-moving: -0.0241", "capital-loss: -0.0222", "hours-per-week: 0.0173", "relationship_Husband: 0.0160", "education_Bachelors: -0.0061", "marital-status_Never-married: 0.0048"], "raw_top": {"age": -0.04403585738434971, "education-num": -0.03699565042557509, "capital-gain": -0.02936902896331696, "marital-status_Married-civ-spouse": 0.025544264137542832, "occupation_Transport-moving": -0.02410971935317907, "capital-loss": -0.022222382868735544, "hours-per-week": 0.017256840581254776, "relationship_Husband": 0.01595914332439265, "education_Bachelors": -0.006133422690304393, "marital-status_Never-married": 0.0048401160601094645}}}