{"instance_id": 2715, "quadrant": "FN", "true_label": 1, "prediction": 0, "prediction_correct": false, "metrics": {"cost": 82646.95645900792, "sparsity": 0.09259259259259259, "fidelity": 0.9756677277936624, "faithfulness_gap": 0.05459871399185827, "stability": 0.9373508588039243}, "explanation": {"top_features": ["education-num: -0.1091", "marital-status_Married-civ-spouse: 0.0275", "capital-gain: -0.0258", "relationship_Husband: 0.0161", "capital-loss: -0.0106", "age: -0.0090", "workclass_Private: -0.0075", "workclass_Local-gov: 0.0070", "education_HS-grad: 0.0069", "hours-per-week: -0.0055"], "raw_top": {"education-num": -0.10907699177006255, "marital-status_Married-civ-spouse": 0.027513471332674046, "capital-gain": -0.02579175531682643, "relationship_Husband": 0.016104723675619468, "capital-loss": -0.010600766862139151, "age": -0.009030604754079486, "workclass_Private": -0.007510817005742301, "workclass_Local-gov": 0.006960410365129982, "education_HS-grad": 0.006931454204001503, "hours-per-week": -0.005494482435389308}}}