{"instance_id": 3423, "quadrant": "TP", "true_label": 1, "prediction": 1, "prediction_correct": true, "metrics": {"cost": 50945.35913300024, "sparsity": 0.09259259259259259, "fidelity": 0.9722542964166982, "faithfulness_gap": 0.7002657463526683, "stability": 0.9679741149139153}, "explanation": {"top_features": ["education-num: 0.2545", "marital-status_Married-civ-spouse: 0.1104", "occupation_Prof-specialty: 0.1065", "relationship_Husband: 0.0586", "hours-per-week: 0.0353", "age: 0.0341", "marital-status_Never-married: 0.0162", "education_HS-grad: 0.0157", "workclass_Private: 0.0086", "fnlwgt: 0.0079"], "raw_top": {"education-num": 0.25449951523586734, "marital-status_Married-civ-spouse": 0.11040593567049749, "occupation_Prof-specialty": 0.1065293155091592, "relationship_Husband": 0.05863173931163558, "hours-per-week": 0.035300121116149115, "age": 0.03413542750174254, "marital-status_Never-married": 0.016179319020387065, "education_HS-grad": 0.015665455290020194, "workclass_Private": 0.008643862139239613, "fnlwgt": 0.00790237279865258}}}