{"instance_id": 3561, "quadrant": "TP", "true_label": 1, "prediction": 1, "prediction_correct": true, "metrics": {"cost": 41936.65404399508, "sparsity": 0.09259259259259259, "fidelity": 0.8935707374081199, "faithfulness_gap": 0.6572104117893399, "stability": 0.9967002712572361}, "explanation": {"top_features": ["capital-gain: 0.3739", "education-num: 0.1158", "occupation_Prof-specialty: 0.0597", "marital-status_Married-civ-spouse: 0.0382", "age: 0.0217", "relationship_Husband: 0.0191", "workclass_Self-emp-inc: 0.0080", "education_Prof-school: 0.0073", "education_HS-grad: 0.0069", "marital-status_Never-married: 0.0051"], "raw_top": {"capital-gain": 0.37389177770718107, "education-num": 0.11575555435028531, "occupation_Prof-specialty": 0.05972661569003545, "marital-status_Married-civ-spouse": 0.038242805066009924, "age": 0.02172350034815975, "relationship_Husband": 0.019140990626031775, "workclass_Self-emp-inc": 0.007964304995811331, "education_Prof-school": 0.0073214491893401346, "education_HS-grad": 0.0069266751241887125, "marital-status_Never-married": 0.005062330421540695}}}