{"instance_id": 3778, "quadrant": "TP", "true_label": 1, "prediction": 1, "prediction_correct": true, "metrics": {"cost": 53985.49711799933, "sparsity": 0.09259259259259259, "fidelity": 0.9701819465598536, "faithfulness_gap": 0.7629474464776529, "stability": 0.9829532533980647}, "explanation": {"top_features": ["capital-loss: 0.2737", "education-num: 0.1693", "marital-status_Married-civ-spouse: 0.1145", "age: 0.0543", "relationship_Husband: 0.0512", "occupation_Craft-repair: -0.0255", "marital-status_Never-married: 0.0120", "education_Bachelors: 0.0082", "relationship_Not-in-family: 0.0079", "relationship_Own-child: 0.0072"], "raw_top": {"capital-loss": 0.27370658718166097, "education-num": 0.16925725507057532, "marital-status_Married-civ-spouse": 0.11446998908840005, "age": 0.054265029444143256, "relationship_Husband": 0.051174045988055285, "occupation_Craft-repair": -0.025470365652228044, "marital-status_Never-married": 0.012044514838483964, "education_Bachelors": 0.008172847012547417, "relationship_Not-in-family": 0.007908053184183082, "relationship_Own-child": 0.007167089420535741}}}