{"instance_id": 3922, "quadrant": "TP", "true_label": 1, "prediction": 1, "prediction_correct": true, "metrics": {"cost": 82463.4730200005, "sparsity": 0.09259259259259259, "fidelity": 0.9796116381801673, "faithfulness_gap": 0.690687503625748, "stability": 0.9692877395457118}, "explanation": {"top_features": ["education-num: 0.2109", "marital-status_Married-civ-spouse: 0.1106", "occupation_Sales: 0.1084", "relationship_Husband: 0.0628", "age: 0.0408", "hours-per-week: 0.0381", "education_HS-grad: 0.0241", "education_Bachelors: 0.0235", "workclass_Self-emp-inc: 0.0235", "fnlwgt: 0.0141"], "raw_top": {"education-num": 0.2109488002438689, "marital-status_Married-civ-spouse": 0.11056932328528532, "occupation_Sales": 0.10839683585153669, "relationship_Husband": 0.06278776046402569, "age": 0.04084234077903499, "hours-per-week": 0.03811366680828144, "education_HS-grad": 0.024053466982449288, "education_Bachelors": 0.0235423863968983, "workclass_Self-emp-inc": 0.023532468345813976, "fnlwgt": 0.014130990605664695}}}