{"instance_id": 497, "quadrant": "FP", "true_label": 0, "prediction": 1, "prediction_correct": false, "metrics": {"cost": 83294.23113900702, "sparsity": 0.09259259259259259, "fidelity": 0.978353225952489, "faithfulness_gap": 0.5427478473936689, "stability": 0.9284239274791043}, "explanation": {"top_features": ["workclass_Federal-gov: 0.1765", "occupation_Adm-clerical: 0.0948", "marital-status_Married-civ-spouse: 0.0796", "relationship_Husband: 0.0486", "fnlwgt: -0.0450", "hours-per-week: 0.0446", "age: 0.0434", "education_Some-college: 0.0321", "workclass_Private: 0.0134", "marital-status_Never-married: 0.0090"], "raw_top": {"workclass_Federal-gov": 0.1765077541823101, "occupation_Adm-clerical": 0.09480576262703112, "marital-status_Married-civ-spouse": 0.07957598870740978, "relationship_Husband": 0.048638212191968955, "fnlwgt": -0.04501414566586263, "hours-per-week": 0.04461090396360578, "age": 0.04344863757244988, "education_Some-college": 0.03214070208659381, "workclass_Private": 0.013390592807563497, "marital-status_Never-married": 0.009040826574484295}}}