{"instance_id": 4976, "quadrant": "FN", "true_label": 1, "prediction": 0, "prediction_correct": false, "metrics": {"cost": 54174.59455499193, "sparsity": 0.09259259259259259, "fidelity": 0.9373879633131381, "faithfulness_gap": 0.25823749500459714, "stability": 0.8886007077123274}, "explanation": {"top_features": ["relationship_Wife: 0.1039", "marital-status_Married-civ-spouse: 0.0651", "fnlwgt: 0.0495", "age: 0.0460", "occupation_nan: -0.0382", "workclass_nan: -0.0381", "capital-gain: -0.0346", "relationship_Husband: -0.0270", "capital-loss: -0.0196", "education_HS-grad: 0.0145"], "raw_top": {"relationship_Wife": 0.10394183804735398, "marital-status_Married-civ-spouse": 0.06514997787388822, "fnlwgt": 0.04948929281017625, "age": 0.04595589884136505, "occupation_nan": -0.038153662302974935, "workclass_nan": -0.03813806716531832, "capital-gain": -0.034565241729124785, "relationship_Husband": -0.027026611318326826, "capital-loss": -0.019610031525870764, "education_HS-grad": 0.014537247104214973}}}