{"instance_id": 5020, "quadrant": "FN", "true_label": 1, "prediction": 0, "prediction_correct": false, "metrics": {"cost": 39487.51318801078, "sparsity": 0.09259259259259259, "fidelity": 0.9593078139181991, "faithfulness_gap": 0.08750756024421355, "stability": 0.9581309275956847}, "explanation": {"top_features": ["occupation_Exec-managerial: 0.1292", "education-num: 0.1183", "marital-status_Married-civ-spouse: -0.1088", "relationship_Husband: -0.0541", "marital-status_Divorced: -0.0426", "relationship_Not-in-family: -0.0343", "capital-gain: -0.0272", "hours-per-week: 0.0213", "marital-status_Never-married: 0.0120", "capital-loss: -0.0071"], "raw_top": {"occupation_Exec-managerial": 0.12919679383416782, "education-num": 0.11825535834012359, "marital-status_Married-civ-spouse": -0.10884166422240976, "relationship_Husband": -0.054125354223242945, "marital-status_Divorced": -0.04264519098157204, "relationship_Not-in-family": -0.03434654735795599, "capital-gain": -0.027245444505112366, "hours-per-week": 0.02125732157514635, "marital-status_Never-married": 0.012007961252657408, "capital-loss": -0.007073423466501789}}}