{"instance_id": 5465, "quadrant": "FN", "true_label": 1, "prediction": 0, "prediction_correct": false, "metrics": {"cost": 37140.49193498795, "sparsity": 0.09259259259259259, "fidelity": 0.4242872854112315, "faithfulness_gap": 0.08530765467928189, "stability": 0.8672751437675801}, "explanation": {"top_features": ["marital-status_Married-civ-spouse: -0.0399", "capital-gain: -0.0193", "relationship_Husband: -0.0185", "fnlwgt: -0.0151", "marital-status_Divorced: -0.0128", "capital-loss: -0.0101", "education-num: -0.0079", "relationship_Unmarried: -0.0058", "hours-per-week: -0.0009", "education_Bachelors: -0.0009"], "raw_top": {"marital-status_Married-civ-spouse": -0.039874734134651736, "capital-gain": -0.019346229868874666, "relationship_Husband": -0.01846055904101474, "fnlwgt": -0.01505277032753005, "marital-status_Divorced": -0.012833142927077037, "capital-loss": -0.010141660132303854, "education-num": -0.007905729253927676, "relationship_Unmarried": -0.0058345696169378, "hours-per-week": -0.000907267572330922, "education_Bachelors": -0.0008948086861813447}}}