{"instance_id": 5786, "quadrant": "FP", "true_label": 0, "prediction": 1, "prediction_correct": false, "metrics": {"cost": 81912.03790600412, "sparsity": 0.09259259259259259, "fidelity": 0.9838764107976358, "faithfulness_gap": 0.7024902538975677, "stability": 0.9656140020535602}, "explanation": {"top_features": ["education-num: 0.1936", "occupation_Prof-specialty: 0.1688", "marital-status_Married-civ-spouse: 0.0946", "relationship_Husband: 0.0608", "education_Bachelors: 0.0398", "hours-per-week: 0.0231", "marital-status_Never-married: 0.0087", "education_HS-grad: 0.0076", "relationship_Not-in-family: 0.0053", "relationship_Own-child: 0.0018"], "raw_top": {"education-num": 0.19359335499988342, "occupation_Prof-specialty": 0.16876941801275297, "marital-status_Married-civ-spouse": 0.09456497918210123, "relationship_Husband": 0.06075451334505965, "education_Bachelors": 0.03977587973794683, "hours-per-week": 0.02308202338929411, "marital-status_Never-married": 0.00874048402014754, "education_HS-grad": 0.007595482410048523, "relationship_Not-in-family": 0.005321683244749805, "relationship_Own-child": 0.0018019783706149095}}}