{"instance_id": 5836, "quadrant": "FP", "true_label": 0, "prediction": 1, "prediction_correct": false, "metrics": {"cost": 50039.86057899601, "sparsity": 0.09259259259259259, "fidelity": 0.9444199210739936, "faithfulness_gap": 0.34844237220884344, "stability": 0.9411080007592965}, "explanation": {"top_features": ["occupation_Exec-managerial: 0.1579", "workclass_Self-emp-not-inc: -0.1256", "education-num: 0.1152", "marital-status_Married-civ-spouse: 0.0862", "relationship_Husband: 0.0431", "capital-gain: -0.0381", "workclass_Private: -0.0381", "hours-per-week: 0.0328", "education_HS-grad: 0.0162", "marital-status_Never-married: 0.0157"], "raw_top": {"occupation_Exec-managerial": 0.15786166873903315, "workclass_Self-emp-not-inc": -0.12561162668358025, "education-num": 0.11519987765949047, "marital-status_Married-civ-spouse": 0.08618772970159685, "relationship_Husband": 0.04305836274765646, "capital-gain": -0.038122400809928306, "workclass_Private": -0.03811687098140579, "hours-per-week": 0.032843306872756196, "education_HS-grad": 0.016174341295226085, "marital-status_Never-married": 0.015662589566925095}}}