{"instance_id": 615, "quadrant": "TN", "true_label": 0, "prediction": 0, "prediction_correct": true, "metrics": {"cost": 62174.34660799336, "sparsity": 0.09259259259259259, "fidelity": 0.3772865409814693, "faithfulness_gap": 0.049367636647464096, "stability": 0.964285146240747}, "explanation": {"top_features": ["age: -0.0492", "hours-per-week: -0.0429", "marital-status_Married-civ-spouse: -0.0268", "capital-gain: -0.0118", "capital-loss: -0.0107", "relationship_Husband: -0.0095", "workclass_Private: -0.0082", "education-num: -0.0060", "marital-status_Never-married: -0.0047", "relationship_Own-child: -0.0035"], "raw_top": {"age": -0.049247312762171265, "hours-per-week": -0.0429041475274723, "marital-status_Married-civ-spouse": -0.02675769424652619, "capital-gain": -0.011799464205310976, "capital-loss": -0.010717993915259608, "relationship_Husband": -0.009488934184047122, "workclass_Private": -0.008241257696803572, "education-num": -0.00598669932159074, "marital-status_Never-married": -0.004667938345270035, "relationship_Own-child": -0.003459614658455623}}}