{"instance_id": 6321, "quadrant": "TN", "true_label": 0, "prediction": 0, "prediction_correct": true, "metrics": {"cost": 40763.24193899927, "sparsity": 0.09259259259259259, "fidelity": 0.8582111624090663, "faithfulness_gap": 0.07283417506248863, "stability": 0.8309699074882277}, "explanation": {"top_features": ["education-num: -0.0392", "occupation_Transport-moving: -0.0370", "capital-loss: -0.0249", "marital-status_Married-civ-spouse: 0.0249", "capital-gain: -0.0226", "race_Asian-Pac-Islander: 0.0193", "relationship_Husband: 0.0184", "race_White: -0.0131", "education_HS-grad: -0.0119", "hours-per-week: -0.0049"], "raw_top": {"education-num": -0.03916272059467825, "occupation_Transport-moving": -0.03701834736519433, "capital-loss": -0.024918099153128724, "marital-status_Married-civ-spouse": 0.024883835534106953, "capital-gain": -0.022590183786940315, "race_Asian-Pac-Islander": 0.019269372357159986, "relationship_Husband": 0.018357958426372348, "race_White": -0.01313575348999338, "education_HS-grad": -0.011903768586763883, "hours-per-week": -0.0049115710855550665}}}