{"instance_id": 6342, "quadrant": "TN", "true_label": 0, "prediction": 0, "prediction_correct": true, "metrics": {"cost": 57265.06332399731, "sparsity": 0.09259259259259259, "fidelity": 0.8891237191481933, "faithfulness_gap": 0.010030639701698651, "stability": 0.9221102316708671}, "explanation": {"top_features": ["education-num: -0.0891", "capital-gain: -0.0251", "marital-status_Married-civ-spouse: 0.0221", "education_10th: 0.0188", "capital-loss: -0.0158", "workclass_Private: -0.0133", "relationship_Husband: 0.0129", "workclass_Self-emp-not-inc: -0.0063", "fnlwgt: -0.0046", "education_Bachelors: -0.0033"], "raw_top": {"education-num": -0.0890514671293831, "capital-gain": -0.025115667299355954, "marital-status_Married-civ-spouse": 0.022133365597751805, "education_10th": 0.01879174372777452, "capital-loss": -0.015768083194220583, "workclass_Private": -0.013335190204429304, "relationship_Husband": 0.01290221704397573, "workclass_Self-emp-not-inc": -0.006334610821717508, "fnlwgt": -0.004645428657764898, "education_Bachelors": -0.0033217794699587355}}}