{"instance_id": 6418, "quadrant": "FP", "true_label": 0, "prediction": 1, "prediction_correct": false, "metrics": {"cost": 83692.90027199895, "sparsity": 0.09259259259259259, "fidelity": 0.9538898446793106, "faithfulness_gap": 0.3597748052242773, "stability": 0.9194229015190711}, "explanation": {"top_features": ["occupation_Tech-support: 0.1802", "age: 0.0797", "marital-status_Married-civ-spouse: 0.0699", "fnlwgt: -0.0653", "relationship_Husband: 0.0439", "capital-gain: -0.0361", "capital-loss: -0.0190", "education_HS-grad: 0.0128", "education_Bachelors: -0.0111", "marital-status_Never-married: 0.0081"], "raw_top": {"occupation_Tech-support": 0.18016164350238875, "age": 0.07971582059146189, "marital-status_Married-civ-spouse": 0.06992223462977273, "fnlwgt": -0.06534912704514487, "relationship_Husband": 0.04387720156868539, "capital-gain": -0.03610937547215518, "capital-loss": -0.019034343142084565, "education_HS-grad": 0.012800660129271621, "education_Bachelors": -0.011143712661027594, "marital-status_Never-married": 0.008104592038797563}}}