{"instance_id": 6670, "quadrant": "TN", "true_label": 0, "prediction": 0, "prediction_correct": true, "metrics": {"cost": 45141.627429002256, "sparsity": 0.09259259259259259, "fidelity": 0.9493117955228749, "faithfulness_gap": 0.0053141739112088915, "stability": 0.9601684285449651}, "explanation": {"top_features": ["marital-status_Married-civ-spouse: -0.0892", "education-num: 0.0692", "occupation_Sales: 0.0674", "relationship_Husband: -0.0496", "age: -0.0417", "relationship_Not-in-family: -0.0349", "marital-status_Never-married: -0.0325", "education_Bachelors: 0.0215", "capital-gain: -0.0156", "capital-loss: -0.0057"], "raw_top": {"marital-status_Married-civ-spouse": -0.08918682082704572, "education-num": 0.06917572510923586, "occupation_Sales": 0.06739405911397107, "relationship_Husband": -0.0496101345005593, "age": -0.04170275674533649, "relationship_Not-in-family": -0.034938785041213526, "marital-status_Never-married": -0.032451569710101075, "education_Bachelors": 0.021540633958008547, "capital-gain": -0.015644039377657307, "capital-loss": -0.005656672496916343}}}