{"instance_id": 6987, "quadrant": "FN", "true_label": 1, "prediction": 0, "prediction_correct": false, "metrics": {"cost": 33344.52354701352, "sparsity": 0.09259259259259259, "fidelity": 0.8856103974475763, "faithfulness_gap": 0.011399862693554197, "stability": 0.8010168885762433}, "explanation": {"top_features": ["education-num: -0.0571", "capital-gain: -0.0345", "marital-status_Married-civ-spouse: 0.0334", "capital-loss: -0.0224", "hours-per-week: 0.0189", "relationship_Husband: 0.0164", "occupation_Craft-repair: -0.0108", "education_HS-grad: -0.0101", "education_Bachelors: -0.0083", "age: -0.0032"], "raw_top": {"education-num": -0.0571390652031158, "capital-gain": -0.03451342630123482, "marital-status_Married-civ-spouse": 0.033403492389266556, "capital-loss": -0.02243096998064609, "hours-per-week": 0.018889740916072886, "relationship_Husband": 0.016442766697404472, "occupation_Craft-repair": -0.01079018023836924, "education_HS-grad": -0.01009687721202856, "education_Bachelors": -0.008325029875941102, "age": -0.0032171297046620084}}}