{"instance_id": 704, "quadrant": "FP", "true_label": 0, "prediction": 1, "prediction_correct": false, "metrics": {"cost": 83574.10654101113, "sparsity": 0.09259259259259259, "fidelity": 0.9573526181661668, "faithfulness_gap": 0.2918806922584035, "stability": 0.8779042438710135}, "explanation": {"top_features": ["occupation_Prof-specialty: 0.1301", "marital-status_Married-civ-spouse: 0.0782", "capital-gain: -0.0378", "fnlwgt: 0.0307", "relationship_Husband: 0.0252", "education_HS-grad: 0.0239", "capital-loss: -0.0191", "age: 0.0161", "marital-status_Never-married: 0.0081", "relationship_Not-in-family: 0.0046"], "raw_top": {"occupation_Prof-specialty": 0.13014463972858734, "marital-status_Married-civ-spouse": 0.07820637889914281, "capital-gain": -0.03777427168087867, "fnlwgt": 0.0306909485761364, "relationship_Husband": 0.0252175637030646, "education_HS-grad": 0.023906801451988115, "capital-loss": -0.019140658601685852, "age": 0.016061069947170475, "marital-status_Never-married": 0.00812549486421984, "relationship_Not-in-family": 0.004568955935267016}}}