{"instance_id": 797, "quadrant": "TP", "true_label": 1, "prediction": 1, "prediction_correct": true, "metrics": {"cost": 80231.18559199793, "sparsity": 0.09259259259259259, "fidelity": 0.9835345406923347, "faithfulness_gap": 0.6433794963449152, "stability": 0.9766852835557819}, "explanation": {"top_features": ["education-num: 0.2083", "occupation_Prof-specialty: 0.1682", "marital-status_Married-civ-spouse: 0.0790", "relationship_Husband: 0.0569", "hours-per-week: 0.0267", "race_Asian-Pac-Islander: 0.0168", "age: 0.0140", "education_HS-grad: 0.0092", "marital-status_Never-married: 0.0079", "relationship_Not-in-family: 0.0041"], "raw_top": {"education-num": 0.2082979146645412, "occupation_Prof-specialty": 0.16823072497828206, "marital-status_Married-civ-spouse": 0.0790407887265694, "relationship_Husband": 0.05685501408360401, "hours-per-week": 0.0267459876692163, "race_Asian-Pac-Islander": 0.01677952396572671, "age": 0.014036710317046874, "education_HS-grad": 0.009189909962125924, "marital-status_Never-married": 0.007855758865686542, "relationship_Not-in-family": 0.004085837711271245}}}