{"instance_id": 8327, "quadrant": "TP", "true_label": 1, "prediction": 1, "prediction_correct": true, "metrics": {"cost": 49797.04830599985, "sparsity": 0.09259259259259259, "fidelity": 0.9960730788605606, "faithfulness_gap": 0.7816170728341538, "stability": 0.9912560886644186}, "explanation": {"top_features": ["capital-gain: 0.4967", "marital-status_Married-civ-spouse: 0.0619", "hours-per-week: 0.0603", "age: 0.0357", "relationship_Husband: 0.0348", "education-num: -0.0344", "marital-status_Never-married: 0.0112", "sex_Female: 0.0056", "fnlwgt: 0.0055", "sex_Male: 0.0052"], "raw_top": {"capital-gain": 0.4966872279244781, "marital-status_Married-civ-spouse": 0.061850224046474056, "hours-per-week": 0.060334797825253986, "age": 0.03566388539597767, "relationship_Husband": 0.03479278971753099, "education-num": -0.0343749066656364, "marital-status_Never-married": 0.011229898869807057, "sex_Female": 0.005603340747355452, "fnlwgt": 0.005476300788046174, "sex_Male": 0.00524866569746496}}}