{"instance_id": 8658, "quadrant": "TN", "true_label": 0, "prediction": 0, "prediction_correct": true, "metrics": {"cost": 55177.54294200131, "sparsity": 0.09259259259259259, "fidelity": 0.8823970888128121, "faithfulness_gap": 0.06088488507902843, "stability": 0.9165145551705334}, "explanation": {"top_features": ["marital-status_Married-civ-spouse: -0.0536", "occupation_Machine-op-inspct: -0.0353", "relationship_Husband: -0.0334", "education-num: 0.0308", "age: -0.0245", "capital-gain: -0.0197", "marital-status_Never-married: -0.0187", "capital-loss: -0.0111", "relationship_Not-in-family: -0.0097", "hours-per-week: -0.0046"], "raw_top": {"marital-status_Married-civ-spouse": -0.05363834139749509, "occupation_Machine-op-inspct": -0.03532083183140834, "relationship_Husband": -0.03343064925306464, "education-num": 0.030788693126998418, "age": -0.024504567085438335, "capital-gain": -0.019729003555194132, "marital-status_Never-married": -0.01871720299130869, "capital-loss": -0.011063953778188524, "relationship_Not-in-family": -0.00969196175656663, "hours-per-week": -0.0046202366560295005}}}