{"instance_id": 8845, "quadrant": "FN", "true_label": 1, "prediction": 0, "prediction_correct": false, "metrics": {"cost": 39496.65933198412, "sparsity": 0.09259259259259259, "fidelity": 0.9057954762077881, "faithfulness_gap": 0.03226944784631475, "stability": 0.9550968597697015}, "explanation": {"top_features": ["occupation_Exec-managerial: 0.1284", "marital-status_Married-civ-spouse: -0.1059", "education-num: 0.1007", "relationship_Husband: -0.0619", "marital-status_Divorced: -0.0436", "hours-per-week: 0.0434", "workclass_Private: -0.0271", "relationship_Unmarried: -0.0248", "capital-gain: -0.0211", "education_Bachelors: -0.0120"], "raw_top": {"occupation_Exec-managerial": 0.1283748278730066, "marital-status_Married-civ-spouse": -0.10587068073086192, "education-num": 0.10069613231493746, "relationship_Husband": -0.061941532375930204, "marital-status_Divorced": -0.04355190538206356, "hours-per-week": 0.04340976390809872, "workclass_Private": -0.027079442797137483, "relationship_Unmarried": -0.024760810289001622, "capital-gain": -0.021084822628548675, "education_Bachelors": -0.011992646405563336}}}