{"instance_id": 8977, "quadrant": "FN", "true_label": 1, "prediction": 0, "prediction_correct": false, "metrics": {"cost": 55022.004101017956, "sparsity": 0.09259259259259259, "fidelity": 0.947295133426697, "faithfulness_gap": 0.18796552927340043, "stability": 0.9458253902506981}, "explanation": {"top_features": ["occupation_Exec-managerial: 0.1560", "education-num: -0.0652", "marital-status_Married-civ-spouse: 0.0514", "hours-per-week: 0.0497", "fnlwgt: -0.0405", "relationship_Husband: 0.0400", "capital-gain: -0.0348", "education_HS-grad: -0.0236", "capital-loss: -0.0199", "marital-status_Never-married: 0.0121"], "raw_top": {"occupation_Exec-managerial": 0.1559571894834747, "education-num": -0.06521298768089509, "marital-status_Married-civ-spouse": 0.05138189041768222, "hours-per-week": 0.049659079613502424, "fnlwgt": -0.040476419816390365, "relationship_Husband": 0.0399924605784619, "capital-gain": -0.034843636735925734, "education_HS-grad": -0.023572082043902983, "capital-loss": -0.01987731612267782, "marital-status_Never-married": 0.012061219640569942}}}