{"instance_id": 9321, "quadrant": "FP", "true_label": 0, "prediction": 1, "prediction_correct": false, "metrics": {"cost": 41816.889905996504, "sparsity": 0.09259259259259259, "fidelity": 0.9785558787834114, "faithfulness_gap": 0.430001950309879, "stability": 0.9621103530203892}, "explanation": {"top_features": ["education-num: 0.1739", "age: -0.1412", "occupation_Prof-specialty: 0.1378", "marital-status_Married-civ-spouse: 0.0846", "relationship_Husband: 0.0578", "hours-per-week: 0.0387", "education_Bachelors: 0.0344", "marital-status_Never-married: 0.0094", "education_HS-grad: 0.0090", "relationship_Not-in-family: 0.0048"], "raw_top": {"education-num": 0.17390313410565225, "age": -0.14122021894053685, "occupation_Prof-specialty": 0.13783432606504256, "marital-status_Married-civ-spouse": 0.08456893699737926, "relationship_Husband": 0.057755839096178124, "hours-per-week": 0.03874201161846229, "education_Bachelors": 0.034400876614623536, "marital-status_Never-married": 0.009447668027728656, "education_HS-grad": 0.009012861395519023, "relationship_Not-in-family": 0.0048467713726879635}}}