{"instance_id": 9554, "quadrant": "TP", "true_label": 1, "prediction": 1, "prediction_correct": true, "metrics": {"cost": 54990.99981799918, "sparsity": 0.09259259259259259, "fidelity": 0.8146520646750133, "faithfulness_gap": 0.7639075517899918, "stability": 0.9759286660424673}, "explanation": {"top_features": ["capital-loss: 0.1788", "education-num: 0.1343", "occupation_Exec-managerial: 0.1185", "marital-status_Married-civ-spouse: 0.1132", "relationship_Husband: 0.0600", "age: 0.0389", "hours-per-week: 0.0315", "marital-status_Never-married: 0.0145", "relationship_Own-child: 0.0096", "relationship_Not-in-family: 0.0086"], "raw_top": {"capital-loss": 0.17875975709030134, "education-num": 0.13426592545278332, "occupation_Exec-managerial": 0.11850770296332257, "marital-status_Married-civ-spouse": 0.11317443833730995, "relationship_Husband": 0.05998312040409185, "age": 0.03890295101330524, "hours-per-week": 0.031468394530027845, "marital-status_Never-married": 0.014511058499126263, "relationship_Own-child": 0.009636131754677363, "relationship_Not-in-family": 0.008613603631937417}}}