{"instance_id": 9705, "quadrant": "FP", "true_label": 0, "prediction": 1, "prediction_correct": false, "metrics": {"cost": 42848.13822500291, "sparsity": 0.09259259259259259, "fidelity": 0.9746587579761111, "faithfulness_gap": 0.5654587716526054, "stability": 0.9413285809935001}, "explanation": {"top_features": ["education-num: 0.2078", "occupation_Prof-specialty: 0.1224", "marital-status_Married-civ-spouse: 0.0994", "relationship_Husband: 0.0695", "age: -0.0453", "hours-per-week: 0.0430", "capital-gain: -0.0301", "education_Bachelors: 0.0294", "marital-status_Never-married: 0.0149", "education_HS-grad: 0.0148"], "raw_top": {"education-num": 0.20783951619392174, "occupation_Prof-specialty": 0.12238678775985395, "marital-status_Married-civ-spouse": 0.0993924361685919, "relationship_Husband": 0.06947335949551171, "age": -0.045304432752155815, "hours-per-week": 0.04295948525563994, "capital-gain": -0.030119798277198906, "education_Bachelors": 0.02939408066568694, "marital-status_Never-married": 0.014889187379572063, "education_HS-grad": 0.01476381253771099}}}