{"instance_id": 1192, "quadrant": "TP", "true_label": 1, "prediction": 1, "prediction_correct": true, "metrics": {"cost": 428026.38182102237, "sparsity": 0.09259259259259259, "fidelity": 0.9679693152667541, "faithfulness_gap": 0.6548855754044727, "stability": 0.985690320126204}, "explanation": {"top_features": ["education-num: 0.2825", "occupation_Prof-specialty: 0.0904", "marital-status_Married-civ-spouse: 0.0682", "age: 0.0539", "relationship_Husband: 0.0505", "hours-per-week: 0.0372", "education_Prof-school: 0.0274", "workclass_Self-emp-inc: 0.0250", "marital-status_Never-married: 0.0215", "native-country_India: 0.0157"], "raw_top": {"education-num": 0.2824576834557754, "occupation_Prof-specialty": 0.09041860491641909, "marital-status_Married-civ-spouse": 0.06818098087176967, "age": 0.053941637959165435, "relationship_Husband": 0.05047348462352995, "hours-per-week": 0.03723861240042039, "education_Prof-school": 0.02735536248201067, "workclass_Self-emp-inc": 0.025045180951471315, "marital-status_Never-married": 0.02150502615377096, "native-country_India": 0.015655103836436757}}}