{"instance_id": 1491, "quadrant": "FP", "true_label": 0, "prediction": 1, "prediction_correct": false, "metrics": {"cost": 312477.87228703965, "sparsity": 0.09259259259259259, "fidelity": 0.9718848662598955, "faithfulness_gap": 0.5892009827599527, "stability": 0.9423587022009104}, "explanation": {"top_features": ["education-num: 0.1684", "occupation_Prof-specialty: 0.1328", "marital-status_Married-civ-spouse: 0.0674", "relationship_Husband: 0.0341", "education_Bachelors: 0.0275", "occupation_Other-service: 0.0116", "age: 0.0113", "hours-per-week: 0.0108", "marital-status_Never-married: 0.0050", "relationship_Not-in-family: 0.0042"], "raw_top": {"education-num": 0.16838625829143533, "occupation_Prof-specialty": 0.1328235846150562, "marital-status_Married-civ-spouse": 0.06741580762436188, "relationship_Husband": 0.03406126524017374, "education_Bachelors": 0.02747128729773891, "occupation_Other-service": 0.011647968741697974, "age": 0.01125664291324669, "hours-per-week": 0.01083808145893589, "marital-status_Never-married": 0.0049602694756845575, "relationship_Not-in-family": 0.004197050911386002}}}