{"instance_id": 1504, "quadrant": "FP", "true_label": 0, "prediction": 1, "prediction_correct": false, "metrics": {"cost": 327976.8878639443, "sparsity": 0.09259259259259259, "fidelity": 0.9730396885926287, "faithfulness_gap": 0.6362585444141712, "stability": 0.9746236026291704}, "explanation": {"top_features": ["capital-loss: 0.2436", "marital-status_Married-civ-spouse: 0.0810", "age: 0.0605", "relationship_Husband: 0.0424", "occupation_Sales: 0.0417", "hours-per-week: 0.0365", "education_HS-grad: 0.0053", "occupation_Other-service: 0.0051", "occupation_Machine-op-inspct: 0.0038", "relationship_Not-in-family: 0.0035"], "raw_top": {"capital-loss": 0.24363273964393134, "marital-status_Married-civ-spouse": 0.0809903749820865, "age": 0.06049503966713655, "relationship_Husband": 0.042385642956101456, "occupation_Sales": 0.041679523237199034, "hours-per-week": 0.036500342715552324, "education_HS-grad": 0.005268467869063311, "occupation_Other-service": 0.0050569929004564435, "occupation_Machine-op-inspct": 0.003809413004690983, "relationship_Not-in-family": 0.0034925874740182605}}}