{"instance_id": 1841, "quadrant": "TN", "true_label": 0, "prediction": 0, "prediction_correct": true, "metrics": {"cost": 269999.2089460138, "sparsity": 0.09259259259259259, "fidelity": 0.37543735521472493, "faithfulness_gap": 0.002528675455675519, "stability": 0.9100524143986041}, "explanation": {"top_features": ["marital-status_Married-civ-spouse: -0.0231", "age: -0.0221", "occupation_Farming-fishing: -0.0192", "relationship_Other-relative: -0.0121", "relationship_Husband: -0.0118", "education-num: -0.0108", "occupation_Prof-specialty: -0.0076", "occupation_Exec-managerial: -0.0061", "marital-status_Never-married: -0.0051", "capital-loss: -0.0046"], "raw_top": {"marital-status_Married-civ-spouse": -0.023095357456552234, "age": -0.02207315441120189, "occupation_Farming-fishing": -0.01923404779315254, "relationship_Other-relative": -0.012144234163364426, "relationship_Husband": -0.011804941751026232, "education-num": -0.010808000877774282, "occupation_Prof-specialty": -0.007578294862291344, "occupation_Exec-managerial": -0.006075478259193784, "marital-status_Never-married": -0.00511582030691031, "capital-loss": -0.00460456378674448}}}