{"instance_id": 1843, "quadrant": "TN", "true_label": 0, "prediction": 0, "prediction_correct": true, "metrics": {"cost": 372821.48407102795, "sparsity": 0.09259259259259259, "fidelity": 0.6323000509526239, "faithfulness_gap": 0.03708315643980388, "stability": 0.9141220189369007}, "explanation": {"top_features": ["marital-status_Married-civ-spouse: -0.0347", "education-num: -0.0197", "occupation_Machine-op-inspct: -0.0184", "relationship_Husband: -0.0181", "marital-status_Never-married: -0.0125", "capital-gain: -0.0094", "occupation_Prof-specialty: -0.0075", "occupation_Exec-managerial: -0.0074", "occupation_Sales: -0.0039", "capital-loss: -0.0037"], "raw_top": {"marital-status_Married-civ-spouse": -0.03466701383670996, "education-num": -0.01973180929714825, "occupation_Machine-op-inspct": -0.018445839669033126, "relationship_Husband": -0.018121383513744378, "marital-status_Never-married": -0.012470013547698559, "capital-gain": -0.00939986452519093, "occupation_Prof-specialty": -0.007508856357238023, "occupation_Exec-managerial": -0.007419754639710198, "occupation_Sales": -0.003927016707942849, "capital-loss": -0.003715743074686786}}}