{"instance_id": 2146, "quadrant": "FP", "true_label": 0, "prediction": 1, "prediction_correct": false, "metrics": {"cost": 326753.5905779805, "sparsity": 0.09259259259259259, "fidelity": 0.9701477677780751, "faithfulness_gap": 0.7038791543583676, "stability": 0.9640004660112451}, "explanation": {"top_features": ["occupation_Exec-managerial: 0.2208", "age: 0.1087", "marital-status_Married-civ-spouse: 0.0961", "hours-per-week: 0.0637", "relationship_Husband: 0.0499", "education_HS-grad: 0.0269", "fnlwgt: 0.0256", "education_Some-college: 0.0221", "workclass_Self-emp-not-inc: 0.0190", "relationship_Not-in-family: 0.0174"], "raw_top": {"occupation_Exec-managerial": 0.22083529021437506, "age": 0.10868456338325186, "marital-status_Married-civ-spouse": 0.0960847381055765, "hours-per-week": 0.06371534600985065, "relationship_Husband": 0.04990913723176459, "education_HS-grad": 0.026938368508125702, "fnlwgt": 0.0255847773056348, "education_Some-college": 0.022058964730776665, "workclass_Self-emp-not-inc": 0.018975604852745576, "relationship_Not-in-family": 0.0173951088561366}}}