{"instance_id": 2425, "quadrant": "FP", "true_label": 0, "prediction": 1, "prediction_correct": false, "metrics": {"cost": 218269.67938197777, "sparsity": 0.09259259259259259, "fidelity": 0.9611083558724236, "faithfulness_gap": 0.6831907802106031, "stability": 0.965365539637249}, "explanation": {"top_features": ["education-num: 0.2020", "occupation_Prof-specialty: 0.1056", "marital-status_Married-civ-spouse: 0.0896", "relationship_Husband: 0.0590", "age: 0.0561", "hours-per-week: 0.0392", "education_Bachelors: 0.0349", "occupation_Other-service: 0.0154", "education_Some-college: 0.0109", "education_HS-grad: 0.0071"], "raw_top": {"education-num": 0.20195228722163566, "occupation_Prof-specialty": 0.1056443195082657, "marital-status_Married-civ-spouse": 0.08959671646775132, "relationship_Husband": 0.0589981782085012, "age": 0.05605316634379464, "hours-per-week": 0.03918185354477658, "education_Bachelors": 0.03489900559457234, "occupation_Other-service": 0.01539707899068157, "education_Some-college": 0.010895347196666856, "education_HS-grad": 0.007123420832618743}}}