{"instance_id": 2872, "quadrant": "FN", "true_label": 1, "prediction": 0, "prediction_correct": false, "metrics": {"cost": 111114.68859997694, "sparsity": 0.09259259259259259, "fidelity": 0.9448545221434975, "faithfulness_gap": 0.2903833785492489, "stability": 0.9562651712246252}, "explanation": {"top_features": ["education-num: 0.1345", "occupation_Exec-managerial: 0.1035", "marital-status_Married-civ-spouse: -0.0985", "workclass_Federal-gov: 0.0596", "hours-per-week: 0.0551", "relationship_Husband: -0.0513", "age: 0.0379", "relationship_Not-in-family: -0.0342", "marital-status_Divorced: -0.0291", "sex_Male: -0.0236"], "raw_top": {"education-num": 0.13445973196990535, "occupation_Exec-managerial": 0.10345500527275676, "marital-status_Married-civ-spouse": -0.09849086430300893, "workclass_Federal-gov": 0.059581367487911575, "hours-per-week": 0.05508490716067666, "relationship_Husband": -0.05131394176986689, "age": 0.037916641605901635, "relationship_Not-in-family": -0.03422832260249544, "marital-status_Divorced": -0.029141048904443384, "sex_Male": -0.023639655830550804}}}