{"instance_id": 3470, "quadrant": "FN", "true_label": 1, "prediction": 0, "prediction_correct": false, "metrics": {"cost": 221104.79150000174, "sparsity": 0.09259259259259259, "fidelity": 0.94405137469575, "faithfulness_gap": 0.051678330765934755, "stability": 0.9468364847581686}, "explanation": {"top_features": ["marital-status_Married-civ-spouse: -0.1012", "occupation_Exec-managerial: 0.0882", "education-num: 0.0797", "relationship_Husband: -0.0513", "relationship_Not-in-family: -0.0306", "hours-per-week: 0.0302", "marital-status_Divorced: -0.0275", "age: 0.0214", "occupation_Sales: -0.0142", "capital-gain: -0.0140"], "raw_top": {"marital-status_Married-civ-spouse": -0.10115953244504995, "occupation_Exec-managerial": 0.0881662078367056, "education-num": 0.07972189885721688, "relationship_Husband": -0.05125365268335436, "relationship_Not-in-family": -0.03055332211514248, "hours-per-week": 0.030151134778616123, "marital-status_Divorced": -0.027514107868897884, "age": 0.021372811142920806, "occupation_Sales": -0.01422843634589266, "capital-gain": -0.014043228175886638}}}