{"instance_id": 3600, "quadrant": "TN", "true_label": 0, "prediction": 0, "prediction_correct": true, "metrics": {"cost": 472839.3057149369, "sparsity": 0.09259259259259259, "fidelity": 0.5758175877236963, "faithfulness_gap": 0.06362595348141177, "stability": 0.9444119765072696}, "explanation": {"top_features": ["age: -0.0506", "marital-status_Married-civ-spouse: -0.0424", "relationship_Husband: -0.0174", "relationship_Own-child: -0.0159", "capital-loss: -0.0108", "fnlwgt: -0.0106", "marital-status_Never-married: -0.0104", "occupation_Exec-managerial: -0.0098", "occupation_Prof-specialty: -0.0092", "occupation_Sales: -0.0078"], "raw_top": {"age": -0.05062097607645921, "marital-status_Married-civ-spouse": -0.0423738977791188, "relationship_Husband": -0.017409850632789343, "relationship_Own-child": -0.01590727970291762, "capital-loss": -0.010821416502164817, "fnlwgt": -0.010594951807175285, "marital-status_Never-married": -0.01036567798397677, "occupation_Exec-managerial": -0.009767876313884332, "occupation_Prof-specialty": -0.009186439164477254, "occupation_Sales": -0.007804867406874194}}}