{"instance_id": 3675, "quadrant": "FN", "true_label": 1, "prediction": 0, "prediction_correct": false, "metrics": {"cost": 145047.79433301883, "sparsity": 0.09259259259259259, "fidelity": 0.8154256940839915, "faithfulness_gap": 0.03525402205018349, "stability": 0.7610352859588438}, "explanation": {"top_features": ["education-num: -0.0413", "age: -0.0394", "marital-status_Married-civ-spouse: 0.0223", "hours-per-week: 0.0140", "occupation_Exec-managerial: -0.0100", "capital-gain: -0.0099", "capital-loss: -0.0098", "occupation_Prof-specialty: -0.0066", "education_HS-grad: -0.0055", "occupation_Tech-support: -0.0052"], "raw_top": {"education-num": -0.04132323542648589, "age": -0.0394174205116327, "marital-status_Married-civ-spouse": 0.022251743234073047, "hours-per-week": 0.013968022515029571, "occupation_Exec-managerial": -0.009969119729658185, "capital-gain": -0.00990178831505739, "capital-loss": -0.00976027747830223, "occupation_Prof-specialty": -0.006616839943863622, "education_HS-grad": -0.005541203429979858, "occupation_Tech-support": -0.005230129441051953}}}