{"instance_id": 3922, "quadrant": "FP", "true_label": 0, "prediction": 1, "prediction_correct": false, "metrics": {"cost": 301445.71057800204, "sparsity": 0.09259259259259259, "fidelity": 0.9597538951563516, "faithfulness_gap": 0.6364088409488482, "stability": 0.9642311142381191}, "explanation": {"top_features": ["occupation_Exec-managerial: 0.1948", "age: 0.0899", "marital-status_Married-civ-spouse: 0.0836", "education-num: 0.0590", "workclass_Self-emp-inc: 0.0451", "relationship_Husband: 0.0321", "workclass_Self-emp-not-inc: 0.0109", "marital-status_Never-married: 0.0099", "education_HS-grad: 0.0095", "occupation_Other-service: 0.0080"], "raw_top": {"occupation_Exec-managerial": 0.1947580901773784, "age": 0.08992703290957295, "marital-status_Married-civ-spouse": 0.0836350638071464, "education-num": 0.05898553489038434, "workclass_Self-emp-inc": 0.04506303021558182, "relationship_Husband": 0.03210546966689489, "workclass_Self-emp-not-inc": 0.010936237170498957, "marital-status_Never-married": 0.009860535269896916, "education_HS-grad": 0.009518074876591176, "occupation_Other-service": 0.008002853042854058}}}