{"instance_id": 4071, "quadrant": "TN", "true_label": 0, "prediction": 0, "prediction_correct": true, "metrics": {"cost": 600908.8429359253, "sparsity": 0.09259259259259259, "fidelity": 0.3111594271960962, "faithfulness_gap": 0.004668802958174859, "stability": 0.8871284064021748}, "explanation": {"top_features": ["marital-status_Married-civ-spouse: -0.0269", "education-num: -0.0167", "age: -0.0158", "relationship_Husband: -0.0142", "occupation_Other-service: -0.0102", "occupation_Prof-specialty: -0.0079", "capital-gain: -0.0072", "marital-status_Never-married: -0.0065", "hours-per-week: -0.0064", "occupation_Exec-managerial: -0.0062"], "raw_top": {"marital-status_Married-civ-spouse": -0.02693160440274921, "education-num": -0.01665077403005568, "age": -0.01578933084357125, "relationship_Husband": -0.014209939565138593, "occupation_Other-service": -0.010179133298454253, "occupation_Prof-specialty": -0.007864690712432214, "capital-gain": -0.007242664349987599, "marital-status_Never-married": -0.0064716251792581395, "hours-per-week": -0.006445017780870335, "occupation_Exec-managerial": -0.006187851938701333}}}