{"instance_id": 4156, "quadrant": "FP", "true_label": 0, "prediction": 1, "prediction_correct": false, "metrics": {"cost": 338569.9798730202, "sparsity": 0.09259259259259259, "fidelity": 0.961769182081568, "faithfulness_gap": 0.6914307328238466, "stability": 0.9677901000532043}, "explanation": {"top_features": ["education-num: 0.1896", "occupation_Prof-specialty: 0.1137", "marital-status_Married-civ-spouse: 0.0845", "age: 0.0830", "relationship_Husband: 0.0519", "education_Bachelors: 0.0329", "relationship_Not-in-family: 0.0114", "marital-status_Never-married: 0.0111", "relationship_Unmarried: 0.0110", "hours-per-week: 0.0107"], "raw_top": {"education-num": 0.1895712685330322, "occupation_Prof-specialty": 0.113736383616678, "marital-status_Married-civ-spouse": 0.08449322807854763, "age": 0.08302699253976123, "relationship_Husband": 0.05193849323139222, "education_Bachelors": 0.032868102824080155, "relationship_Not-in-family": 0.011371465352357335, "marital-status_Never-married": 0.011053168901890065, "relationship_Unmarried": 0.011045183780687038, "hours-per-week": 0.01073158186527627}}}