{"instance_id": 4395, "quadrant": "TN", "true_label": 0, "prediction": 0, "prediction_correct": true, "metrics": {"cost": 513752.49486998655, "sparsity": 0.09259259259259259, "fidelity": 0.9295259122505157, "faithfulness_gap": 0.09747787982322093, "stability": 0.956990105765127}, "explanation": {"top_features": ["hours-per-week: -0.1075", "relationship_Wife: 0.0796", "age: 0.0348", "marital-status_Married-civ-spouse: 0.0341", "education-num: 0.0228", "occupation_nan: -0.0158", "workclass_nan: -0.0145", "occupation_Exec-managerial: -0.0126", "occupation_Prof-specialty: -0.0111", "capital-loss: -0.0084"], "raw_top": {"hours-per-week": -0.10746680548562182, "relationship_Wife": 0.079565906478617, "age": 0.034843776564482, "marital-status_Married-civ-spouse": 0.03412663967212588, "education-num": 0.022843566846966028, "occupation_nan": -0.01582463184270736, "workclass_nan": -0.014480691594774062, "occupation_Exec-managerial": -0.012598627298213063, "occupation_Prof-specialty": -0.011131789853630038, "capital-loss": -0.008403106230421297}}}