{"instance_id": 4460, "quadrant": "TP", "true_label": 1, "prediction": 1, "prediction_correct": true, "metrics": {"cost": 380196.14928402007, "sparsity": 0.09259259259259259, "fidelity": 0.9597444185851677, "faithfulness_gap": 0.44679517478229536, "stability": 0.9563171859572532}, "explanation": {"top_features": ["capital-gain: 0.2423", "marital-status_Married-civ-spouse: 0.0778", "occupation_Transport-moving: -0.0676", "age: 0.0646", "education-num: 0.0431", "relationship_Husband: 0.0210", "fnlwgt: 0.0124", "marital-status_Never-married: 0.0101", "occupation_Other-service: 0.0100", "workclass_Self-emp-not-inc: 0.0086"], "raw_top": {"capital-gain": 0.24225516848963335, "marital-status_Married-civ-spouse": 0.07776022766049116, "occupation_Transport-moving": -0.06762076447792656, "age": 0.06458990868748876, "education-num": 0.043089593551902595, "relationship_Husband": 0.02097557967387595, "fnlwgt": 0.012381401559800049, "marital-status_Never-married": 0.010139046413011443, "occupation_Other-service": 0.010001491069574407, "workclass_Self-emp-not-inc": 0.008633173206703057}}}