{"instance_id": 4534, "quadrant": "TP", "true_label": 1, "prediction": 1, "prediction_correct": true, "metrics": {"cost": 413111.2213419983, "sparsity": 0.09259259259259259, "fidelity": 0.9582925285973567, "faithfulness_gap": 0.4846332497582537, "stability": 0.9401367422918783}, "explanation": {"top_features": ["occupation_Exec-managerial: 0.1424", "relationship_Wife: 0.1143", "marital-status_Married-civ-spouse: 0.0676", "age: 0.0228", "education_HS-grad: 0.0152", "workclass_State-gov: 0.0065", "occupation_Other-service: 0.0038", "workclass_Self-emp-not-inc: 0.0038", "hours-per-week: 0.0022", "relationship_Unmarried: 0.0019"], "raw_top": {"occupation_Exec-managerial": 0.14241903326033856, "relationship_Wife": 0.11431955604376041, "marital-status_Married-civ-spouse": 0.0676419420127879, "age": 0.02277057316438705, "education_HS-grad": 0.015158357665947133, "workclass_State-gov": 0.00647697542241085, "occupation_Other-service": 0.003787849577337003, "workclass_Self-emp-not-inc": 0.003757892179241112, "hours-per-week": 0.0021949260637739144, "relationship_Unmarried": 0.001943222199053296}}}