{"instance_id": 4877, "quadrant": "TP", "true_label": 1, "prediction": 1, "prediction_correct": true, "metrics": {"cost": 423407.6769379899, "sparsity": 0.09259259259259259, "fidelity": 0.8942362743193116, "faithfulness_gap": 0.42576274877775644, "stability": 0.8740847118506575}, "explanation": {"top_features": ["relationship_Wife: 0.1028", "age: 0.0719", "marital-status_Married-civ-spouse: 0.0650", "occupation_Adm-clerical: 0.0496", "hours-per-week: 0.0129", "fnlwgt: 0.0118", "education_HS-grad: 0.0086", "workclass_Self-emp-not-inc: 0.0085", "occupation_Other-service: 0.0079", "relationship_Not-in-family: 0.0055"], "raw_top": {"relationship_Wife": 0.10282826359310426, "age": 0.07194632805079464, "marital-status_Married-civ-spouse": 0.06502703201335197, "occupation_Adm-clerical": 0.04958701306461314, "hours-per-week": 0.012881248056405952, "fnlwgt": 0.011848131099035278, "education_HS-grad": 0.008617253019328067, "workclass_Self-emp-not-inc": 0.008542003614661304, "occupation_Other-service": 0.007856245122162467, "relationship_Not-in-family": 0.005528162502356937}}}