{"instance_id": 5381, "quadrant": "FP", "true_label": 0, "prediction": 1, "prediction_correct": false, "metrics": {"cost": 312486.74647696316, "sparsity": 0.09259259259259259, "fidelity": 0.9746976207183148, "faithfulness_gap": 0.6453556736417531, "stability": 0.9699545548978954}, "explanation": {"top_features": ["education-num: 0.2559", "occupation_Prof-specialty: 0.1335", "marital-status_Married-civ-spouse: 0.0688", "relationship_Husband: 0.0446", "age: 0.0231", "race_Asian-Pac-Islander: 0.0166", "marital-status_Never-married: 0.0115", "occupation_Other-service: 0.0103", "education_Doctorate: 0.0061", "relationship_Unmarried: 0.0045"], "raw_top": {"education-num": 0.25588698495175494, "occupation_Prof-specialty": 0.13350733638112025, "marital-status_Married-civ-spouse": 0.06878022326960917, "relationship_Husband": 0.044599656987743735, "age": 0.023075795958081458, "race_Asian-Pac-Islander": 0.01664066498046319, "marital-status_Never-married": 0.011454339334685653, "occupation_Other-service": 0.010292702306749576, "education_Doctorate": 0.0061123655683912375, "relationship_Unmarried": 0.004475070374854839}}}