{"instance_id": 547, "quadrant": "FP", "true_label": 0, "prediction": 1, "prediction_correct": false, "metrics": {"cost": 442640.86122298613, "sparsity": 0.09259259259259259, "fidelity": 0.9486696176889643, "faithfulness_gap": 0.6253961169129613, "stability": 0.9584662002504573}, "explanation": {"top_features": ["occupation_Exec-managerial: 0.1485", "education-num: 0.1425", "marital-status_Married-civ-spouse: 0.0775", "relationship_Husband: 0.0500", "education_Bachelors: 0.0438", "race_Asian-Pac-Islander: 0.0197", "workclass_Self-emp-not-inc: 0.0112", "marital-status_Never-married: 0.0110", "workclass_Private: 0.0093", "education_HS-grad: 0.0092"], "raw_top": {"occupation_Exec-managerial": 0.14846971174005272, "education-num": 0.14253192686048385, "marital-status_Married-civ-spouse": 0.0774576239764337, "relationship_Husband": 0.0499686776373705, "education_Bachelors": 0.04381730621358788, "race_Asian-Pac-Islander": 0.019730358515102464, "workclass_Self-emp-not-inc": 0.011206280870539062, "marital-status_Never-married": 0.011035348339239786, "workclass_Private": 0.009344842116673305, "education_HS-grad": 0.009196185938529888}}}