{"instance_id": 6247, "quadrant": "FN", "true_label": 1, "prediction": 0, "prediction_correct": false, "metrics": {"cost": 112154.61080003297, "sparsity": 0.09259259259259259, "fidelity": 0.9102784124871388, "faithfulness_gap": 0.29124731238648294, "stability": 0.9935864827126283}, "explanation": {"top_features": ["capital-loss: 0.3090", "age: -0.0969", "marital-status_Married-civ-spouse: -0.0532", "education_Some-college: 0.0342", "fnlwgt: 0.0269", "occupation_Other-service: -0.0232", "relationship_Husband: -0.0204", "relationship_Not-in-family: -0.0191", "occupation_Exec-managerial: -0.0082", "marital-status_Separated: -0.0079"], "raw_top": {"capital-loss": 0.30899989035655545, "age": -0.09690248450924789, "marital-status_Married-civ-spouse": -0.05320728257698284, "education_Some-college": 0.03423841499898619, "fnlwgt": 0.026928938584828862, "occupation_Other-service": -0.023231585018176598, "relationship_Husband": -0.020411378001080876, "relationship_Not-in-family": -0.019120523466357578, "occupation_Exec-managerial": -0.008217409656794544, "marital-status_Separated": -0.007934218147934708}}}