{"instance_id": 6343, "quadrant": "FN", "true_label": 1, "prediction": 0, "prediction_correct": false, "metrics": {"cost": 240520.91782400385, "sparsity": 0.09259259259259259, "fidelity": 0.6660176795240189, "faithfulness_gap": 0.021574998015436886, "stability": 0.6611323370929538}, "explanation": {"top_features": ["education-num: -0.0384", "age: 0.0280", "occupation_Transport-moving: -0.0256", "marital-status_Married-civ-spouse: 0.0254", "occupation_Exec-managerial: -0.0166", "capital-loss: -0.0128", "capital-gain: -0.0127", "occupation_Prof-specialty: -0.0092", "occupation_Tech-support: -0.0070", "education_HS-grad: -0.0047"], "raw_top": {"education-num": -0.03842732556218691, "age": 0.02796670987532769, "occupation_Transport-moving": -0.025633603130182783, "marital-status_Married-civ-spouse": 0.02543652648549468, "occupation_Exec-managerial": -0.01657914348396931, "capital-loss": -0.01277613577842556, "capital-gain": -0.01271336327323422, "occupation_Prof-specialty": -0.009157061047253836, "occupation_Tech-support": -0.006989449573065615, "education_HS-grad": -0.0046811735239738195}}}