{"instance_id": 6355, "quadrant": "TN", "true_label": 0, "prediction": 0, "prediction_correct": true, "metrics": {"cost": 605528.9105959237, "sparsity": 0.09259259259259259, "fidelity": 0.7674276523253118, "faithfulness_gap": 0.02191949184556527, "stability": 0.7458796246313135}, "explanation": {"top_features": ["education-num: -0.0418", "occupation_Machine-op-inspct: -0.0341", "marital-status_Married-civ-spouse: 0.0260", "age: 0.0246", "occupation_Exec-managerial: -0.0178", "relationship_Husband: 0.0151", "capital-gain: -0.0147", "capital-loss: -0.0116", "occupation_Prof-specialty: -0.0115", "occupation_Tech-support: -0.0074"], "raw_top": {"education-num": -0.04183454922414826, "occupation_Machine-op-inspct": -0.03412946531814728, "marital-status_Married-civ-spouse": 0.02598757206398029, "age": 0.024598930978265706, "occupation_Exec-managerial": -0.01777597972078937, "relationship_Husband": 0.015109018686739806, "capital-gain": -0.0146659489496379, "capital-loss": -0.01158798477668486, "occupation_Prof-specialty": -0.011453186198406046, "occupation_Tech-support": -0.007352086490048323}}}