{"instance_id": 6660, "quadrant": "FN", "true_label": 1, "prediction": 0, "prediction_correct": false, "metrics": {"cost": 472895.24340396747, "sparsity": 0.09259259259259259, "fidelity": 0.8355259464214132, "faithfulness_gap": 0.004574185811922454, "stability": 0.7713306897915223}, "explanation": {"top_features": ["education-num: -0.0453", "marital-status_Married-civ-spouse: 0.0327", "age: 0.0300", "occupation_Transport-moving: -0.0252", "fnlwgt: 0.0229", "education_HS-grad: -0.0226", "occupation_Exec-managerial: -0.0156", "capital-loss: -0.0139", "capital-gain: -0.0134", "occupation_Prof-specialty: -0.0098"], "raw_top": {"education-num": -0.04532068950260391, "marital-status_Married-civ-spouse": 0.03265339463586014, "age": 0.030049212511303332, "occupation_Transport-moving": -0.02523950033259695, "fnlwgt": 0.022876512958053884, "education_HS-grad": -0.022612137239041007, "occupation_Exec-managerial": -0.01562562766628339, "capital-loss": -0.013945659991426013, "capital-gain": -0.013390093838462345, "occupation_Prof-specialty": -0.009778486309827042}}}