{"instance_id": 6750, "quadrant": "TN", "true_label": 0, "prediction": 0, "prediction_correct": true, "metrics": {"cost": 414450.9459589608, "sparsity": 0.09259259259259259, "fidelity": 0.9411983111329254, "faithfulness_gap": 0.2287979058851726, "stability": 0.9130655512779193}, "explanation": {"top_features": ["occupation_Prof-specialty: 0.1130", "education-num: 0.1092", "relationship_Other-relative: -0.0865", "marital-status_Married-civ-spouse: 0.0617", "relationship_Husband: -0.0463", "education_Bachelors: 0.0243", "occupation_Sales: -0.0163", "occupation_Exec-managerial: -0.0148", "workclass_Private: 0.0140", "age: -0.0130"], "raw_top": {"occupation_Prof-specialty": 0.11298849332869397, "education-num": 0.1092326692194754, "relationship_Other-relative": -0.08651287351749246, "marital-status_Married-civ-spouse": 0.06172881482219882, "relationship_Husband": -0.04625258187902395, "education_Bachelors": 0.024328412236912157, "occupation_Sales": -0.016275470010234733, "occupation_Exec-managerial": -0.014782590786512383, "workclass_Private": 0.014010524371047661, "age": -0.01304057419001104}}}