{"instance_id": 6878, "quadrant": "TN", "true_label": 0, "prediction": 0, "prediction_correct": true, "metrics": {"cost": 558498.5519869952, "sparsity": 0.09259259259259259, "fidelity": 0.8620808933591524, "faithfulness_gap": 0.10933400344760054, "stability": 0.9518659384276827}, "explanation": {"top_features": ["age: -0.0429", "marital-status_Married-civ-spouse: -0.0420", "relationship_Husband: -0.0159", "fnlwgt: -0.0158", "marital-status_Divorced: -0.0114", "relationship_Unmarried: -0.0113", "education_Assoc-acdm: -0.0112", "occupation_Exec-managerial: -0.0082", "occupation_Prof-specialty: -0.0080", "occupation_Sales: -0.0056"], "raw_top": {"age": -0.042881843432682136, "marital-status_Married-civ-spouse": -0.042041647349457936, "relationship_Husband": -0.015850651803071096, "fnlwgt": -0.0157621210041713, "marital-status_Divorced": -0.011388399930481937, "relationship_Unmarried": -0.01133316832695921, "education_Assoc-acdm": -0.011178171977993394, "occupation_Exec-managerial": -0.00821966452712756, "occupation_Prof-specialty": -0.00798334468161583, "occupation_Sales": -0.005567519013868871}}}