{"instance_id": 7024, "quadrant": "FN", "true_label": 1, "prediction": 0, "prediction_correct": false, "metrics": {"cost": 327260.25973795913, "sparsity": 0.09259259259259259, "fidelity": 0.7627337110324909, "faithfulness_gap": 0.022129782291134936, "stability": 0.7012715133431722}, "explanation": {"top_features": ["education-num: -0.0429", "occupation_Machine-op-inspct: -0.0361", "age: 0.0268", "marital-status_Married-civ-spouse: 0.0265", "occupation_Exec-managerial: -0.0179", "relationship_Husband: 0.0157", "capital-gain: -0.0148", "occupation_Prof-specialty: -0.0112", "capital-loss: -0.0103", "occupation_Tech-support: -0.0091"], "raw_top": {"education-num": -0.04294021689021572, "occupation_Machine-op-inspct": -0.03606896853456006, "age": 0.026757577715015572, "marital-status_Married-civ-spouse": 0.026532590405404104, "occupation_Exec-managerial": -0.0178887578217053, "relationship_Husband": 0.01566206549185624, "capital-gain": -0.014815718426644872, "occupation_Prof-specialty": -0.011181198682809874, "capital-loss": -0.0102543286889999, "occupation_Tech-support": -0.009130806743480683}}}