{"instance_id": 8107, "quadrant": "FP", "true_label": 0, "prediction": 1, "prediction_correct": false, "metrics": {"cost": 319559.77852398064, "sparsity": 0.09259259259259259, "fidelity": 0.9475388401698727, "faithfulness_gap": 0.41419774721090963, "stability": 0.9322347570246865}, "explanation": {"top_features": ["education-num: 0.1870", "marital-status_Married-civ-spouse: 0.0759", "age: 0.0675", "occupation_Adm-clerical: 0.0401", "native-country_United-States: -0.0358", "relationship_Husband: 0.0334", "occupation_Exec-managerial: -0.0247", "fnlwgt: -0.0236", "occupation_Other-service: 0.0152", "workclass_Private: 0.0135"], "raw_top": {"education-num": 0.18703972311721007, "marital-status_Married-civ-spouse": 0.07592415154615176, "age": 0.06751187149765821, "occupation_Adm-clerical": 0.040132762340750666, "native-country_United-States": -0.03581727547438418, "relationship_Husband": 0.033356216316258104, "occupation_Exec-managerial": -0.024728352299896218, "fnlwgt": -0.02360841102043193, "occupation_Other-service": 0.015229350979100033, "workclass_Private": 0.013515404584365981}}}