{"instance_id": 8152, "quadrant": "FP", "true_label": 0, "prediction": 1, "prediction_correct": false, "metrics": {"cost": 324327.8427539626, "sparsity": 0.09259259259259259, "fidelity": 0.9632569163287817, "faithfulness_gap": 0.5151795840983895, "stability": 0.9288232424478189}, "explanation": {"top_features": ["education-num: 0.1595", "marital-status_Married-civ-spouse: 0.0783", "occupation_Adm-clerical: 0.0567", "relationship_Husband: 0.0436", "age: 0.0285", "education_Bachelors: 0.0275", "occupation_Other-service: 0.0158", "relationship_Unmarried: 0.0115", "workclass_State-gov: 0.0114", "marital-status_Never-married: 0.0088"], "raw_top": {"education-num": 0.15954256023632024, "marital-status_Married-civ-spouse": 0.07828710218188985, "occupation_Adm-clerical": 0.05668103537310051, "relationship_Husband": 0.04361692532991238, "age": 0.028499603883498214, "education_Bachelors": 0.027532363043091368, "occupation_Other-service": 0.015793594120677, "relationship_Unmarried": 0.011484091311766477, "workclass_State-gov": 0.01137324387650842, "marital-status_Never-married": 0.008810106591188471}}}