{"instance_id": 8302, "quadrant": "TN", "true_label": 0, "prediction": 0, "prediction_correct": true, "metrics": {"cost": 298604.076685966, "sparsity": 0.09259259259259259, "fidelity": 0.8293651997333734, "faithfulness_gap": 0.1165848464465612, "stability": 0.8730722224632738}, "explanation": {"top_features": ["marital-status_Married-civ-spouse: -0.0571", "relationship_Husband: -0.0167", "relationship_Unmarried: -0.0139", "education-num: -0.0085", "marital-status_Widowed: -0.0074", "occupation_Exec-managerial: -0.0072", "occupation_Prof-specialty: -0.0062", "occupation_Tech-support: -0.0050", "capital-gain: -0.0048", "capital-loss: -0.0043"], "raw_top": {"marital-status_Married-civ-spouse": -0.05706416175977721, "relationship_Husband": -0.016684461077135764, "relationship_Unmarried": -0.013869108596643687, "education-num": -0.008522400791499688, "marital-status_Widowed": -0.007403437453002236, "occupation_Exec-managerial": -0.007189934172691253, "occupation_Prof-specialty": -0.006233847765564841, "occupation_Tech-support": -0.005032814597927599, "capital-gain": -0.004819714701442573, "capital-loss": -0.004283860755290749}}}