{"instance_id": 831, "quadrant": "FP", "true_label": 0, "prediction": 1, "prediction_correct": false, "metrics": {"cost": 246121.42023898195, "sparsity": 0.09259259259259259, "fidelity": 0.9522227458590986, "faithfulness_gap": 0.44185921603319456, "stability": 0.9458424119821687}, "explanation": {"top_features": ["education-num: 0.1339", "relationship_Wife: 0.0933", "fnlwgt: 0.0814", "age: -0.0808", "marital-status_Married-civ-spouse: 0.0705", "occupation_Protective-serv: 0.0573", "hours-per-week: 0.0519", "race_Black: -0.0387", "education_Bachelors: 0.0188", "workclass_Private: 0.0129"], "raw_top": {"education-num": 0.13392093434005561, "relationship_Wife": 0.0932807933148903, "fnlwgt": 0.08141490801870606, "age": -0.08083735369112136, "marital-status_Married-civ-spouse": 0.0705243429761466, "occupation_Protective-serv": 0.057268023548907344, "hours-per-week": 0.05189476453598549, "race_Black": -0.03867882993952459, "education_Bachelors": 0.018837063193924704, "workclass_Private": 0.012911395928472846}}}