{"instance_id": 852, "quadrant": "TP", "true_label": 1, "prediction": 1, "prediction_correct": true, "metrics": {"cost": 350230.964301998, "sparsity": 0.09259259259259259, "fidelity": 0.9609250251514534, "faithfulness_gap": 0.7003633757344017, "stability": 0.9740791883512239}, "explanation": {"top_features": ["education-num: 0.2022", "occupation_Sales: 0.0885", "marital-status_Married-civ-spouse: 0.0857", "relationship_Husband: 0.0641", "education_Bachelors: 0.0611", "hours-per-week: 0.0538", "age: 0.0372", "education_HS-grad: 0.0172", "marital-status_Never-married: 0.0172", "occupation_Other-service: 0.0168"], "raw_top": {"education-num": 0.2022052296503728, "occupation_Sales": 0.08848116998195603, "marital-status_Married-civ-spouse": 0.08574478878675697, "relationship_Husband": 0.06414237052378777, "education_Bachelors": 0.06112092351627428, "hours-per-week": 0.053803188293948916, "age": 0.03724941787823543, "education_HS-grad": 0.017246151839925616, "marital-status_Never-married": 0.017220226809979196, "occupation_Other-service": 0.016813170454648897}}}