{"instance_id": 9474, "quadrant": "FP", "true_label": 0, "prediction": 1, "prediction_correct": false, "metrics": {"cost": 241621.84473592788, "sparsity": 0.09259259259259259, "fidelity": 0.967579365075605, "faithfulness_gap": 0.6627133545547028, "stability": 0.9634140477627516}, "explanation": {"top_features": ["education-num: 0.2450", "marital-status_Married-civ-spouse: 0.0886", "occupation_Prof-specialty: 0.0865", "relationship_Husband: 0.0448", "hours-per-week: 0.0417", "marital-status_Never-married: 0.0179", "occupation_Other-service: 0.0140", "education_Some-college: 0.0100", "education_HS-grad: 0.0075", "fnlwgt: 0.0056"], "raw_top": {"education-num": 0.24496952209665068, "marital-status_Married-civ-spouse": 0.08862157778992442, "occupation_Prof-specialty": 0.08653142661918382, "relationship_Husband": 0.04482638450731358, "hours-per-week": 0.04174939635936482, "marital-status_Never-married": 0.017872482448402317, "occupation_Other-service": 0.014008811330218076, "education_Some-college": 0.009953232915573967, "education_HS-grad": 0.007463887681565374, "fnlwgt": 0.0055592245775050175}}}