{"instance_id": 9728, "quadrant": "TP", "true_label": 1, "prediction": 1, "prediction_correct": true, "metrics": {"cost": 451499.2357160081, "sparsity": 0.09259259259259259, "fidelity": 0.9518393080382641, "faithfulness_gap": 0.6739891228815943, "stability": 0.9544681457796381}, "explanation": {"top_features": ["occupation_Exec-managerial: 0.1593", "education-num: 0.1557", "marital-status_Married-civ-spouse: 0.0772", "relationship_Husband: 0.0570", "hours-per-week: 0.0491", "education_Bachelors: 0.0274", "marital-status_Never-married: 0.0130", "education_HS-grad: 0.0115", "occupation_Transport-moving: 0.0099", "occupation_Other-service: 0.0099"], "raw_top": {"occupation_Exec-managerial": 0.15934270107455523, "education-num": 0.15565083674304303, "marital-status_Married-civ-spouse": 0.07715898714262938, "relationship_Husband": 0.05695074554355404, "hours-per-week": 0.049106791959187254, "education_Bachelors": 0.027356063827416493, "marital-status_Never-married": 0.013016207755658392, "education_HS-grad": 0.011505638733512782, "occupation_Transport-moving": 0.009931066481752763, "occupation_Other-service": 0.00986641970854163}}}