{"instance_id": 1007, "quadrant": "TP", "true_label": 1, "prediction": 1, "prediction_correct": true, "metrics": {"cost": 41377.913076998084, "sparsity": 0.09259259259259259, "fidelity": 0.997284507407207, "faithfulness_gap": 0.6739866412883139, "stability": 0.9925363024701718}, "explanation": {"top_features": ["capital-gain: 0.5182", "marital-status_Married-civ-spouse: 0.0602", "occupation_Transport-moving: -0.0371", "relationship_Husband: 0.0363", "education-num: -0.0266", "age: 0.0256", "marital-status_Never-married: 0.0144", "sex_Male: 0.0069", "hours-per-week: 0.0059", "sex_Female: 0.0059"], "raw_top": {"capital-gain": 0.5181814234939346, "marital-status_Married-civ-spouse": 0.06017598629127483, "occupation_Transport-moving": -0.03711935463304168, "relationship_Husband": 0.036251300421386766, "education-num": -0.026628510015378075, "age": 0.025647138641109023, "marital-status_Never-married": 0.014413068233614204, "sex_Male": 0.006916585157562061, "hours-per-week": 0.005931722866654776, "sex_Female": 0.005895635247855974}}}