{"instance_id": 1042, "quadrant": "TN", "true_label": 0, "prediction": 0, "prediction_correct": true, "metrics": {"cost": 42134.733207989484, "sparsity": 0.09259259259259259, "fidelity": 0.6627212403735472, "faithfulness_gap": 0.040107819671292684, "stability": 0.9382219268952687}, "explanation": {"top_features": ["marital-status_Married-civ-spouse: -0.0370", "age: -0.0265", "hours-per-week: -0.0243", "relationship_Husband: -0.0173", "capital-gain: -0.0158", "capital-loss: -0.0143", "workclass_Private: -0.0136", "education-num: -0.0104", "relationship_Unmarried: -0.0089", "marital-status_Divorced: -0.0073"], "raw_top": {"marital-status_Married-civ-spouse": -0.036955106640325835, "age": -0.026494891323471232, "hours-per-week": -0.024332780720342805, "relationship_Husband": -0.017330131125760793, "capital-gain": -0.015822182174817994, "capital-loss": -0.014261477301443086, "workclass_Private": -0.013649714194679616, "education-num": -0.010359465948329986, "relationship_Unmarried": -0.008916903498795271, "marital-status_Divorced": -0.007349298962676887}}}