{"instance_id": 1083, "quadrant": "TN", "true_label": 0, "prediction": 0, "prediction_correct": true, "metrics": {"cost": 61920.248889990035, "sparsity": 0.09259259259259259, "fidelity": 0.16449664324980223, "faithfulness_gap": 0.038383390260799746, "stability": 0.9109954377798505}, "explanation": {"top_features": ["age: -0.0395", "marital-status_Married-civ-spouse: -0.0270", "capital-gain: -0.0125", "relationship_Husband: -0.0125", "hours-per-week: -0.0116", "workclass_Private: -0.0111", "capital-loss: -0.0097", "education-num: -0.0053", "relationship_Own-child: -0.0050", "marital-status_Never-married: -0.0044"], "raw_top": {"age": -0.03952190759756595, "marital-status_Married-civ-spouse": -0.027016474299280176, "capital-gain": -0.012517744184585636, "relationship_Husband": -0.012487011982079363, "hours-per-week": -0.011562874539413185, "workclass_Private": -0.011089156474148999, "capital-loss": -0.009733168241012936, "education-num": -0.005292570037907544, "relationship_Own-child": -0.005037997527591159, "marital-status_Never-married": -0.00439329918126094}}}