{"instance_id": 1419, "quadrant": "FN", "true_label": 1, "prediction": 0, "prediction_correct": false, "metrics": {"cost": 45320.32766001066, "sparsity": 0.09259259259259259, "fidelity": 0.9692437095034672, "faithfulness_gap": 0.0947722324731197, "stability": 0.934107553080836}, "explanation": {"top_features": ["hours-per-week: -0.1227", "marital-status_Married-civ-spouse: 0.0296", "capital-loss: -0.0266", "capital-gain: -0.0227", "education-num: -0.0144", "relationship_Husband: 0.0104", "age: 0.0079", "education_Bachelors: -0.0057", "education_HS-grad: 0.0052", "fnlwgt: -0.0042"], "raw_top": {"hours-per-week": -0.12267918922975565, "marital-status_Married-civ-spouse": 0.029638680138630958, "capital-loss": -0.026553822013336555, "capital-gain": -0.02267855829918856, "education-num": -0.014410122221735934, "relationship_Husband": 0.010374849069266466, "age": 0.0078769403288133, "education_Bachelors": -0.0056868348517191735, "education_HS-grad": 0.005180139101710973, "fnlwgt": -0.0041704834691719235}}}