{"instance_id": 1420, "quadrant": "FN", "true_label": 1, "prediction": 0, "prediction_correct": false, "metrics": {"cost": 39920.487284020055, "sparsity": 0.09259259259259259, "fidelity": 0.915938493807691, "faithfulness_gap": 0.09623182162445193, "stability": 0.8726711592738097}, "explanation": {"top_features": ["relationship_Wife: 0.0885", "education-num: -0.0727", "marital-status_Married-civ-spouse: 0.0485", "occupation_Adm-clerical: 0.0277", "capital-gain: -0.0252", "age: 0.0228", "education_HS-grad: -0.0218", "relationship_Husband: -0.0187", "capital-loss: -0.0181", "hours-per-week: -0.0156"], "raw_top": {"relationship_Wife": 0.08852973978609076, "education-num": -0.07270122680841555, "marital-status_Married-civ-spouse": 0.048463001805038194, "occupation_Adm-clerical": 0.027741930207952813, "capital-gain": -0.025236813728364733, "age": 0.02276065347115832, "education_HS-grad": -0.02183390314393459, "relationship_Husband": -0.01868897810135635, "capital-loss": -0.018071421006788154, "hours-per-week": -0.015559513032779103}}}