{"instance_id": 1505, "quadrant": "FN", "true_label": 1, "prediction": 0, "prediction_correct": false, "metrics": {"cost": 60785.93230899423, "sparsity": 0.09259259259259259, "fidelity": 0.8976265173378185, "faithfulness_gap": 0.06325519215501943, "stability": 0.8679087908628048}, "explanation": {"top_features": ["education-num: -0.0765", "capital-gain: -0.0280", "marital-status_Married-civ-spouse: 0.0274", "fnlwgt: -0.0187", "capital-loss: -0.0177", "age: 0.0141", "relationship_Husband: 0.0138", "education_Bachelors: -0.0098", "education_12th: 0.0072", "occupation_Craft-repair: -0.0065"], "raw_top": {"education-num": -0.07649712631438331, "capital-gain": -0.02797949769593095, "marital-status_Married-civ-spouse": 0.027412553346239092, "fnlwgt": -0.01869295102376955, "capital-loss": -0.017699282373316128, "age": 0.014080742011430026, "relationship_Husband": 0.01375314322395807, "education_Bachelors": -0.009791435594571681, "education_12th": 0.007204982146899727, "occupation_Craft-repair": -0.006548987476078331}}}