{"instance_id": 1698, "quadrant": "TN", "true_label": 0, "prediction": 0, "prediction_correct": true, "metrics": {"cost": 50126.062376002665, "sparsity": 0.09259259259259259, "fidelity": 0.5836638032890363, "faithfulness_gap": 0.06995686257162727, "stability": 0.8988043544175347}, "explanation": {"top_features": ["marital-status_Married-civ-spouse: -0.0416", "age: -0.0204", "education-num: -0.0190", "relationship_Husband: -0.0168", "capital-gain: -0.0138", "marital-status_Never-married: -0.0136", "native-country_United-States: -0.0072", "capital-loss: -0.0071", "hours-per-week: -0.0027", "education_Bachelors: -0.0010"], "raw_top": {"marital-status_Married-civ-spouse": -0.04157839005995677, "age": -0.02038904495592279, "education-num": -0.019014532670024606, "relationship_Husband": -0.016787972798543105, "capital-gain": -0.013797237688239927, "marital-status_Never-married": -0.013617844634899009, "native-country_United-States": -0.007162763100485868, "capital-loss": -0.007105496442745682, "hours-per-week": -0.002695865726389569, "education_Bachelors": -0.0010133172182800465}}}