{"instance_id": 1779, "quadrant": "TP", "true_label": 1, "prediction": 1, "prediction_correct": true, "metrics": {"cost": 55885.11156500317, "sparsity": 0.09259259259259259, "fidelity": 0.9801566960142933, "faithfulness_gap": 0.6875458029726007, "stability": 0.9721637425441734}, "explanation": {"top_features": ["capital-loss: 0.2432", "relationship_Wife: 0.1241", "marital-status_Married-civ-spouse: 0.1091", "age: 0.0344", "education_Some-college: 0.0335", "workclass_Private: 0.0087", "marital-status_Divorced: 0.0055", "relationship_Not-in-family: 0.0045", "education-num: 0.0044", "marital-status_Never-married: 0.0042"], "raw_top": {"capital-loss": 0.24316702763377937, "relationship_Wife": 0.12410560276815025, "marital-status_Married-civ-spouse": 0.10911867787561917, "age": 0.03441245291571764, "education_Some-college": 0.03349545528688436, "workclass_Private": 0.008700115379365832, "marital-status_Divorced": 0.005475628919035339, "relationship_Not-in-family": 0.004495763144203711, "education-num": 0.004415196561339088, "marital-status_Never-married": 0.004241719134916}}}