{"instance_id": 1990, "quadrant": "FP", "true_label": 0, "prediction": 1, "prediction_correct": false, "metrics": {"cost": 53325.550245994236, "sparsity": 0.09259259259259259, "fidelity": 0.9704295557528374, "faithfulness_gap": 0.6815650549789882, "stability": 0.969968751774601}, "explanation": {"top_features": ["education-num: 0.1934", "marital-status_Married-civ-spouse: 0.0947", "occupation_Protective-serv: 0.0893", "relationship_Husband: 0.0571", "workclass_Local-gov: 0.0519", "education_Bachelors: 0.0339", "age: 0.0320", "hours-per-week: 0.0101", "marital-status_Never-married: 0.0085", "relationship_Own-child: 0.0055"], "raw_top": {"education-num": 0.19336093339070604, "marital-status_Married-civ-spouse": 0.09468387893483664, "occupation_Protective-serv": 0.08932320009573053, "relationship_Husband": 0.05710924220500323, "workclass_Local-gov": 0.051920915082924415, "education_Bachelors": 0.03389161710565599, "age": 0.0320170888685914, "hours-per-week": 0.010082809572227102, "marital-status_Never-married": 0.008458069562951503, "relationship_Own-child": 0.005537689053048855}}}