{"instance_id": 2187, "quadrant": "FN", "true_label": 1, "prediction": 0, "prediction_correct": false, "metrics": {"cost": 70947.0187780098, "sparsity": 0.09259259259259259, "fidelity": 0.9588381223699014, "faithfulness_gap": 0.16029547032304656, "stability": 0.9707140539071104}, "explanation": {"top_features": ["education-num: 0.1690", "marital-status_Married-civ-spouse: -0.1030", "occupation_Exec-managerial: 0.0985", "relationship_Husband: -0.0647", "marital-status_Never-married: -0.0592", "hours-per-week: 0.0393", "age: 0.0318", "capital-gain: -0.0289", "workclass_Local-gov: 0.0208", "relationship_Not-in-family: -0.0175"], "raw_top": {"education-num": 0.1689602600692688, "marital-status_Married-civ-spouse": -0.10295178180064558, "occupation_Exec-managerial": 0.098495253844063, "relationship_Husband": -0.06468278532510575, "marital-status_Never-married": -0.05918256099009984, "hours-per-week": 0.03933378881427091, "age": 0.03184532853412836, "capital-gain": -0.028886868729220222, "workclass_Local-gov": 0.02078699429234294, "relationship_Not-in-family": -0.017477892522021088}}}