{"instance_id": 2420, "quadrant": "FP", "true_label": 0, "prediction": 1, "prediction_correct": false, "metrics": {"cost": 33154.46807700209, "sparsity": 0.09259259259259259, "fidelity": 0.9865176921077029, "faithfulness_gap": 0.5168742614905406, "stability": 0.9639665409339567}, "explanation": {"top_features": ["occupation_Prof-specialty: 0.1784", "education-num: 0.1680", "relationship_Wife: 0.1624", "age: -0.1390", "marital-status_Married-civ-spouse: 0.0877", "hours-per-week: -0.0404", "relationship_Husband: -0.0361", "education_Bachelors: 0.0195", "education_HS-grad: 0.0160", "marital-status_Never-married: 0.0121"], "raw_top": {"occupation_Prof-specialty": 0.17844351460216132, "education-num": 0.16803373939729796, "relationship_Wife": 0.16238013262597423, "age": -0.13899409443698146, "marital-status_Married-civ-spouse": 0.08771118101409252, "hours-per-week": -0.04042183222621444, "relationship_Husband": -0.036053088721445165, "education_Bachelors": 0.01954422474803808, "education_HS-grad": 0.01600724567464346, "marital-status_Never-married": 0.01206278614921813}}}