{"instance_id": 2466, "quadrant": "FP", "true_label": 0, "prediction": 1, "prediction_correct": false, "metrics": {"cost": 53644.16801399784, "sparsity": 0.09259259259259259, "fidelity": 0.982456064344818, "faithfulness_gap": 0.5556932124505195, "stability": 0.9456279666601284}, "explanation": {"top_features": ["education-num: 0.1799", "relationship_Wife: 0.1666", "marital-status_Married-civ-spouse: 0.0922", "age: -0.0647", "occupation_Adm-clerical: 0.0641", "relationship_Husband: -0.0437", "education_Bachelors: 0.0405", "education_HS-grad: 0.0094", "sex_Male: 0.0082", "sex_Female: 0.0080"], "raw_top": {"education-num": 0.17990287480071868, "relationship_Wife": 0.16664475249352945, "marital-status_Married-civ-spouse": 0.09222537578252203, "age": -0.06470323561053237, "occupation_Adm-clerical": 0.06408096698954625, "relationship_Husband": -0.043737503868471965, "education_Bachelors": 0.040477926080102214, "education_HS-grad": 0.009356460263485035, "sex_Male": 0.008204759830873765, "sex_Female": 0.008017656329953238}}}