{"instance_id": 2704, "quadrant": "FN", "true_label": 1, "prediction": 0, "prediction_correct": false, "metrics": {"cost": 64810.098844987806, "sparsity": 0.09259259259259259, "fidelity": 0.8688623961254289, "faithfulness_gap": 0.013743675174606784, "stability": 0.8241109217826446}, "explanation": {"top_features": ["education-num: -0.0614", "marital-status_Married-civ-spouse: 0.0351", "capital-gain: -0.0260", "relationship_Husband: 0.0246", "capital-loss: -0.0222", "age: 0.0192", "education_Bachelors: -0.0133", "education_HS-grad: -0.0090", "hours-per-week: -0.0078", "race_White: -0.0056"], "raw_top": {"education-num": -0.061405577241726635, "marital-status_Married-civ-spouse": 0.035074371784062815, "capital-gain": -0.026012976869037398, "relationship_Husband": 0.024558624060921682, "capital-loss": -0.022211001427622074, "age": 0.019238561208917, "education_Bachelors": -0.013293065261244344, "education_HS-grad": -0.008968653928425134, "hours-per-week": -0.007757898311726721, "race_White": -0.005639565911548981}}}