{"instance_id": 2812, "quadrant": "FP", "true_label": 0, "prediction": 1, "prediction_correct": false, "metrics": {"cost": 57815.2478710108, "sparsity": 0.09259259259259259, "fidelity": 0.9856796803081078, "faithfulness_gap": 0.5951591158138905, "stability": 0.9637944173615052}, "explanation": {"top_features": ["occupation_Exec-managerial: 0.2732", "marital-status_Married-civ-spouse: 0.0903", "age: 0.0846", "relationship_Husband: 0.0499", "capital-gain: -0.0350", "hours-per-week: 0.0337", "education_Some-college: 0.0187", "education_HS-grad: 0.0183", "marital-status_Never-married: 0.0108", "education-num: 0.0103"], "raw_top": {"occupation_Exec-managerial": 0.2732259336900499, "marital-status_Married-civ-spouse": 0.0902874582137686, "age": 0.08457222580394645, "relationship_Husband": 0.049902150642858495, "capital-gain": -0.03498496952985852, "hours-per-week": 0.03367664471638465, "education_Some-college": 0.0187404923771572, "education_HS-grad": 0.01828182755738134, "marital-status_Never-married": 0.010791025800135957, "education-num": 0.01025795521168798}}}