{"instance_id": 3327, "quadrant": "FN", "true_label": 1, "prediction": 0, "prediction_correct": false, "metrics": {"cost": 40192.1290839673, "sparsity": 0.09259259259259259, "fidelity": 0.9234917219325632, "faithfulness_gap": 0.018463620814789, "stability": 0.9616779686386948}, "explanation": {"top_features": ["marital-status_Married-civ-spouse: -0.0778", "occupation_Prof-specialty: 0.0676", "education-num: 0.0602", "age: -0.0550", "relationship_Husband: -0.0432", "marital-status_Never-married: -0.0246", "capital-gain: -0.0191", "relationship_Not-in-family: -0.0158", "workclass_Private: -0.0134", "capital-loss: -0.0074"], "raw_top": {"marital-status_Married-civ-spouse": -0.07784692746159202, "occupation_Prof-specialty": 0.06761340291314878, "education-num": 0.06017836924874203, "age": -0.05501707188362809, "relationship_Husband": -0.0432305994022984, "marital-status_Never-married": -0.024636275223378225, "capital-gain": -0.019143103518361564, "relationship_Not-in-family": -0.0158291797794912, "workclass_Private": -0.013429300168291957, "capital-loss": -0.007449769632730183}}}