{"instance_id": 3397, "quadrant": "TN", "true_label": 0, "prediction": 0, "prediction_correct": true, "metrics": {"cost": 84191.7365170084, "sparsity": 0.09259259259259259, "fidelity": 0.6835958258573941, "faithfulness_gap": 0.021957263899826343, "stability": 0.8779510142706178}, "explanation": {"top_features": ["marital-status_Married-civ-spouse: -0.0415", "capital-gain: 0.0339", "occupation_Sales: 0.0312", "relationship_Husband: -0.0281", "education-num: -0.0261", "age: -0.0203", "marital-status_Divorced: -0.0115", "fnlwgt: -0.0093", "capital-loss: -0.0086", "education_Bachelors: -0.0057"], "raw_top": {"marital-status_Married-civ-spouse": -0.04154803948729341, "capital-gain": 0.033864222738680824, "occupation_Sales": 0.03120605738144546, "relationship_Husband": -0.028083053872515293, "education-num": -0.026054043174533817, "age": -0.020312069608909876, "marital-status_Divorced": -0.011536911176392925, "fnlwgt": -0.009251270393849214, "capital-loss": -0.008551861611206735, "education_Bachelors": -0.0056528933086774785}}}