{"instance_id": 3451, "quadrant": "TP", "true_label": 1, "prediction": 1, "prediction_correct": true, "metrics": {"cost": 41391.06526899559, "sparsity": 0.09259259259259259, "fidelity": 0.9346431894342571, "faithfulness_gap": 0.41907211715555004, "stability": 0.814825698894522}, "explanation": {"top_features": ["occupation_Protective-serv: 0.0737", "workclass_Local-gov: 0.0585", "marital-status_Married-civ-spouse: 0.0566", "hours-per-week: 0.0403", "relationship_Husband: 0.0340", "workclass_Private: 0.0218", "age: 0.0182", "education_HS-grad: 0.0056", "marital-status_Never-married: 0.0046", "fnlwgt: 0.0042"], "raw_top": {"occupation_Protective-serv": 0.07374822705870371, "workclass_Local-gov": 0.058489185784481895, "marital-status_Married-civ-spouse": 0.05661932176463172, "hours-per-week": 0.040344907474038225, "relationship_Husband": 0.03395864176169604, "workclass_Private": 0.02178110744494711, "age": 0.018178163882896465, "education_HS-grad": 0.005580712499137315, "marital-status_Never-married": 0.004552899357111996, "fnlwgt": 0.004225507219511426}}}