{"instance_id": 3469, "quadrant": "TN", "true_label": 0, "prediction": 0, "prediction_correct": true, "metrics": {"cost": 64003.501715982566, "sparsity": 0.09259259259259259, "fidelity": 0.6523490215905462, "faithfulness_gap": 0.028702414685159605, "stability": 0.8887104876741366}, "explanation": {"top_features": ["marital-status_Married-civ-spouse: -0.0376", "education-num: -0.0292", "occupation_Sales: 0.0259", "age: -0.0249", "relationship_Husband: -0.0242", "capital-gain: -0.0185", "capital-loss: -0.0132", "education_Bachelors: -0.0074", "hours-per-week: -0.0042", "relationship_Unmarried: -0.0035"], "raw_top": {"marital-status_Married-civ-spouse": -0.03761457562733745, "education-num": -0.029166017039961974, "occupation_Sales": 0.025873069037737506, "age": -0.024861130541391926, "relationship_Husband": -0.02415524395091395, "capital-gain": -0.018528313506116015, "capital-loss": -0.013173472812711294, "education_Bachelors": -0.007351601515152743, "hours-per-week": -0.004195550266027104, "relationship_Unmarried": -0.0035213043304256025}}}