{"instance_id": 3734, "quadrant": "TP", "true_label": 1, "prediction": 1, "prediction_correct": true, "metrics": {"cost": 42795.20172699995, "sparsity": 0.09259259259259259, "fidelity": 0.980126636674258, "faithfulness_gap": 0.6905669428555938, "stability": 0.9723057310222717}, "explanation": {"top_features": ["education-num: 0.1804", "marital-status_Married-civ-spouse: 0.0915", "occupation_Adm-clerical: 0.0864", "hours-per-week: 0.0762", "relationship_Husband: 0.0711", "education_Bachelors: 0.0509", "age: 0.0225", "race_Black: 0.0198", "marital-status_Never-married: 0.0180", "relationship_Own-child: 0.0088"], "raw_top": {"education-num": 0.18044190513439798, "marital-status_Married-civ-spouse": 0.0915212673386168, "occupation_Adm-clerical": 0.08644674442420026, "hours-per-week": 0.07621758552834479, "relationship_Husband": 0.07111221220117138, "education_Bachelors": 0.05094803737702187, "age": 0.02250904607825369, "race_Black": 0.019818198585930077, "marital-status_Never-married": 0.01796167933991509, "relationship_Own-child": 0.00884856347051688}}}