{"instance_id": 4368, "quadrant": "FN", "true_label": 1, "prediction": 0, "prediction_correct": false, "metrics": {"cost": 39183.48333099857, "sparsity": 0.09259259259259259, "fidelity": 0.9347178637994475, "faithfulness_gap": 0.042716930095652805, "stability": 0.9347537168768568}, "explanation": {"top_features": ["occupation_Prof-specialty: 0.0818", "marital-status_Married-civ-spouse: -0.0793", "workclass_Federal-gov: 0.0700", "relationship_Husband: -0.0418", "marital-status_Divorced: -0.0358", "relationship_Not-in-family: -0.0220", "age: 0.0214", "capital-gain: -0.0203", "fnlwgt: -0.0174", "workclass_Private: -0.0136"], "raw_top": {"occupation_Prof-specialty": 0.0818247623904079, "marital-status_Married-civ-spouse": -0.07926157145115152, "workclass_Federal-gov": 0.06998895195837108, "relationship_Husband": -0.04182044654677, "marital-status_Divorced": -0.03584994855674127, "relationship_Not-in-family": -0.022014140554680726, "age": 0.02141630812582894, "capital-gain": -0.020279940165250757, "fnlwgt": -0.01743404282586977, "workclass_Private": -0.013643064601460916}}}