{"instance_id": 4521, "quadrant": "FN", "true_label": 1, "prediction": 0, "prediction_correct": false, "metrics": {"cost": 52309.087017027196, "sparsity": 0.09259259259259259, "fidelity": 0.9709806333847789, "faithfulness_gap": 0.27612645079327836, "stability": 0.9765011676264804}, "explanation": {"top_features": ["capital-loss: 0.2193", "occupation_Machine-op-inspct: -0.1065", "age: -0.1058", "marital-status_Married-civ-spouse: 0.0717", "relationship_Husband: 0.0371", "education_Some-college: 0.0316", "capital-gain: -0.0194", "marital-status_Divorced: 0.0066", "marital-status_Never-married: 0.0064", "relationship_Not-in-family: 0.0032"], "raw_top": {"capital-loss": 0.21928181763215965, "occupation_Machine-op-inspct": -0.10649198912389678, "age": -0.10581286658503275, "marital-status_Married-civ-spouse": 0.07169824207766921, "relationship_Husband": 0.03709687774698426, "education_Some-college": 0.03160486289659428, "capital-gain": -0.019413246795152207, "marital-status_Divorced": 0.006626005927738875, "marital-status_Never-married": 0.006431582165297913, "relationship_Not-in-family": 0.0032447911362398774}}}