{"instance_id": 4760, "quadrant": "FN", "true_label": 1, "prediction": 0, "prediction_correct": false, "metrics": {"cost": 62214.762393035926, "sparsity": 0.09259259259259259, "fidelity": 0.894741028778332, "faithfulness_gap": 0.02950429059146159, "stability": 0.8919726841448148}, "explanation": {"top_features": ["education-num: -0.0761", "occupation_Sales: 0.0316", "capital-gain: -0.0308", "marital-status_Married-civ-spouse: 0.0295", "capital-loss: -0.0276", "age: -0.0263", "hours-per-week: 0.0229", "relationship_Husband: 0.0225", "fnlwgt: -0.0190", "workclass_Self-emp-inc: 0.0176"], "raw_top": {"education-num": -0.07608974618045351, "occupation_Sales": 0.031645791655931364, "capital-gain": -0.030803521537167432, "marital-status_Married-civ-spouse": 0.02954026988938998, "capital-loss": -0.027648252590472572, "age": -0.026296050776637856, "hours-per-week": 0.02294727196979815, "relationship_Husband": 0.02253331324520502, "fnlwgt": -0.018986978671686736, "workclass_Self-emp-inc": 0.017601323936640115}}}