{"instance_id": 4840, "quadrant": "FN", "true_label": 1, "prediction": 0, "prediction_correct": false, "metrics": {"cost": 61413.457827002276, "sparsity": 0.09259259259259259, "fidelity": 0.9526855252194097, "faithfulness_gap": 0.31129982806124457, "stability": 0.9589209929346446}, "explanation": {"top_features": ["capital-gain: 0.2014", "occupation_Exec-managerial: 0.1478", "education-num: 0.1442", "marital-status_Married-civ-spouse: -0.1121", "relationship_Unmarried: -0.0719", "relationship_Husband: -0.0508", "age: 0.0463", "marital-status_Married-spouse-absent: -0.0276", "workclass_Private: -0.0270", "sex_Female: -0.0269"], "raw_top": {"capital-gain": 0.2013800393394876, "occupation_Exec-managerial": 0.1477741870627721, "education-num": 0.14416705262459617, "marital-status_Married-civ-spouse": -0.11210554083939937, "relationship_Unmarried": -0.07185787242373759, "relationship_Husband": -0.05084921120052475, "age": 0.046341594064846024, "marital-status_Married-spouse-absent": -0.02763588923612782, "workclass_Private": -0.027008677605757675, "sex_Female": -0.02690041142457796}}}