{"instance_id": 5066, "quadrant": "TP", "true_label": 1, "prediction": 1, "prediction_correct": true, "metrics": {"cost": 82847.14405599516, "sparsity": 0.09259259259259259, "fidelity": 0.9775548143217737, "faithfulness_gap": 0.6757394016566782, "stability": 0.9601153520814937}, "explanation": {"top_features": ["occupation_Exec-managerial: 0.2491", "marital-status_Married-civ-spouse: 0.0828", "age: 0.0709", "relationship_Husband: 0.0513", "hours-per-week: 0.0489", "workclass_Self-emp-inc: 0.0431", "education_Some-college: 0.0200", "marital-status_Never-married: 0.0132", "education_HS-grad: 0.0128", "education-num: 0.0096"], "raw_top": {"occupation_Exec-managerial": 0.2491120101119148, "marital-status_Married-civ-spouse": 0.08279711316735178, "age": 0.07087273776422266, "relationship_Husband": 0.051277697293751937, "hours-per-week": 0.048923647572173226, "workclass_Self-emp-inc": 0.04305529383529888, "education_Some-college": 0.019989229124039973, "marital-status_Never-married": 0.013172178181239875, "education_HS-grad": 0.012833431543943013, "education-num": 0.009630228524231343}}}