{"instance_id": 5091, "quadrant": "TP", "true_label": 1, "prediction": 1, "prediction_correct": true, "metrics": {"cost": 42827.718952001305, "sparsity": 0.09259259259259259, "fidelity": 0.9840676530543491, "faithfulness_gap": 0.7629520445457058, "stability": 0.9857019337740067}, "explanation": {"top_features": ["capital-gain: 0.3489", "education-num: 0.1415", "occupation_Prof-specialty: 0.0798", "marital-status_Married-civ-spouse: 0.0758", "relationship_Husband: 0.0389", "age: 0.0316", "hours-per-week: 0.0277", "relationship_Own-child: 0.0102", "marital-status_Never-married: 0.0094", "education_HS-grad: 0.0077"], "raw_top": {"capital-gain": 0.34886071865656465, "education-num": 0.14146534599455723, "occupation_Prof-specialty": 0.07982316670648545, "marital-status_Married-civ-spouse": 0.07579333340584317, "relationship_Husband": 0.038890860341666104, "age": 0.03162404290532456, "hours-per-week": 0.027742918848427202, "relationship_Own-child": 0.010237350418644816, "marital-status_Never-married": 0.009354770842344332, "education_HS-grad": 0.007692913393833711}}}