{"instance_id": 5221, "quadrant": "TP", "true_label": 1, "prediction": 1, "prediction_correct": true, "metrics": {"cost": 48092.84515800027, "sparsity": 0.09259259259259259, "fidelity": 0.9672216109610943, "faithfulness_gap": 0.69270506966037, "stability": 0.9677470646376561}, "explanation": {"top_features": ["occupation_Exec-managerial: 0.1718", "education-num: 0.1591", "marital-status_Married-civ-spouse: 0.0932", "relationship_Husband: 0.0661", "hours-per-week: 0.0533", "age: 0.0347", "marital-status_Never-married: 0.0151", "education_Bachelors: 0.0131", "education_HS-grad: 0.0125", "race_Asian-Pac-Islander: 0.0100"], "raw_top": {"occupation_Exec-managerial": 0.1717744710713601, "education-num": 0.15911730467242335, "marital-status_Married-civ-spouse": 0.0931828823581293, "relationship_Husband": 0.0661389161196698, "hours-per-week": 0.053277451949503875, "age": 0.03474487709216149, "marital-status_Never-married": 0.015085275186802425, "education_Bachelors": 0.013063136366298692, "education_HS-grad": 0.012545007975950505, "race_Asian-Pac-Islander": 0.009957523090531217}}}