{"instance_id": 529, "quadrant": "FP", "true_label": 0, "prediction": 1, "prediction_correct": false, "metrics": {"cost": 67239.34153700247, "sparsity": 0.09259259259259259, "fidelity": 0.977971273772654, "faithfulness_gap": 0.4856916972563746, "stability": 0.9406689803252838}, "explanation": {"top_features": ["education-num: 0.2204", "marital-status_Married-civ-spouse: 0.0913", "occupation_Sales: 0.0879", "native-country_United-States: -0.0558", "relationship_Husband: 0.0450", "age: 0.0328", "capital-gain: -0.0327", "education_HS-grad: 0.0165", "marital-status_Never-married: 0.0148", "education_Masters: 0.0062"], "raw_top": {"education-num": 0.22035841497092204, "marital-status_Married-civ-spouse": 0.09132893184707094, "occupation_Sales": 0.08792914244589552, "native-country_United-States": -0.055789791619040845, "relationship_Husband": 0.04495922308410297, "age": 0.032786416340082496, "capital-gain": -0.03271330596511326, "education_HS-grad": 0.016465011584451288, "marital-status_Never-married": 0.014837281002071075, "education_Masters": 0.006199177356397301}}}