{"instance_id": 5329, "quadrant": "FN", "true_label": 1, "prediction": 0, "prediction_correct": false, "metrics": {"cost": 48660.73286498431, "sparsity": 0.09259259259259259, "fidelity": 0.8051666723802817, "faithfulness_gap": 0.03361536083226613, "stability": 0.5417429039740814}, "explanation": {"top_features": ["marital-status_Married-civ-spouse: 0.0413", "capital-gain: -0.0363", "capital-loss: -0.0242", "education-num: -0.0190", "age: 0.0186", "occupation_Craft-repair: -0.0148", "relationship_Husband: 0.0144", "education_Bachelors: -0.0109", "fnlwgt: -0.0091", "education_HS-grad: 0.0056"], "raw_top": {"marital-status_Married-civ-spouse": 0.041341956091785086, "capital-gain": -0.03625125666290351, "capital-loss": -0.024154114712386123, "education-num": -0.0189783832282388, "age": 0.01856995291203048, "occupation_Craft-repair": -0.014782979039367386, "relationship_Husband": 0.014382086596196275, "education_Bachelors": -0.01085604270970983, "fnlwgt": -0.00905097121415691, "education_HS-grad": 0.005620747542986644}}}