{"instance_id": 5438, "quadrant": "FN", "true_label": 1, "prediction": 0, "prediction_correct": false, "metrics": {"cost": 51020.57406498352, "sparsity": 0.09259259259259259, "fidelity": 0.8821367375861169, "faithfulness_gap": 0.006843281536827617, "stability": 0.8259929272022832}, "explanation": {"top_features": ["education-num: -0.0545", "capital-gain: -0.0303", "marital-status_Married-civ-spouse: 0.0298", "hours-per-week: 0.0224", "relationship_Husband: 0.0176", "capital-loss: -0.0162", "age: -0.0155", "fnlwgt: -0.0116", "education_Bachelors: -0.0080", "workclass_Private: -0.0058"], "raw_top": {"education-num": -0.05453058039076025, "capital-gain": -0.03030885380906464, "marital-status_Married-civ-spouse": 0.029784836091119312, "hours-per-week": 0.022389959850824852, "relationship_Husband": 0.017575574062495793, "capital-loss": -0.01619934241783365, "age": -0.015461254688061631, "fnlwgt": -0.011581534599532704, "education_Bachelors": -0.008033170076565116, "workclass_Private": -0.005808925970498188}}}