{"instance_id": 5555, "quadrant": "TN", "true_label": 0, "prediction": 0, "prediction_correct": true, "metrics": {"cost": 48563.26723699749, "sparsity": 0.09259259259259259, "fidelity": 0.9718103345496305, "faithfulness_gap": 0.04679197637221261, "stability": 0.9486015666948179}, "explanation": {"top_features": ["capital-gain: 0.0967", "occupation_Prof-specialty: 0.0760", "marital-status_Married-civ-spouse: -0.0733", "age: -0.0488", "relationship_Husband: -0.0367", "marital-status_Never-married: -0.0292", "relationship_Own-child: -0.0284", "education_Some-college: 0.0136", "hours-per-week: 0.0098", "capital-loss: -0.0079"], "raw_top": {"capital-gain": 0.0967474745463779, "occupation_Prof-specialty": 0.07597720352352749, "marital-status_Married-civ-spouse": -0.0733094308508053, "age": -0.0487635342128947, "relationship_Husband": -0.036727287999093396, "marital-status_Never-married": -0.029232902927145466, "relationship_Own-child": -0.02844577664345236, "education_Some-college": 0.013622836789382798, "hours-per-week": 0.009799050562093584, "capital-loss": -0.00790074280280361}}}