{"instance_id": 5684, "quadrant": "FN", "true_label": 1, "prediction": 0, "prediction_correct": false, "metrics": {"cost": 39420.09272199357, "sparsity": 0.09259259259259259, "fidelity": 0.6394758021027818, "faithfulness_gap": 0.13366560455724996, "stability": 0.8592111457030729}, "explanation": {"top_features": ["marital-status_Married-civ-spouse: -0.0549", "relationship_Husband: -0.0170", "age: -0.0124", "capital-gain: -0.0109", "relationship_Unmarried: -0.0091", "race_White: -0.0050", "marital-status_Divorced: -0.0038", "race_Black: -0.0036", "capital-loss: -0.0033", "workclass_Private: -0.0021"], "raw_top": {"marital-status_Married-civ-spouse": -0.054891948649638166, "relationship_Husband": -0.01698473741559061, "age": -0.012387757760235839, "capital-gain": -0.010914730355855804, "relationship_Unmarried": -0.009061083381464259, "race_White": -0.005013145056622389, "marital-status_Divorced": -0.0038181383917603065, "race_Black": -0.003582799889725835, "capital-loss": -0.003280468394022382, "workclass_Private": -0.0020728962427667974}}}