{"instance_id": 5923, "quadrant": "FP", "true_label": 0, "prediction": 1, "prediction_correct": false, "metrics": {"cost": 59194.464658998186, "sparsity": 0.09259259259259259, "fidelity": 0.940449437454749, "faithfulness_gap": 0.4188327815112521, "stability": 0.9337713239087884}, "explanation": {"top_features": ["relationship_Wife: 0.1436", "education-num: 0.1248", "marital-status_Married-civ-spouse: 0.0849", "occupation_Adm-clerical: 0.0586", "fnlwgt: -0.0449", "age: 0.0445", "relationship_Husband: -0.0406", "education_Assoc-acdm: -0.0374", "capital-gain: -0.0336", "education_HS-grad: 0.0141"], "raw_top": {"relationship_Wife": 0.1435713064418618, "education-num": 0.12475378295178129, "marital-status_Married-civ-spouse": 0.08492690487481322, "occupation_Adm-clerical": 0.05862317910599789, "fnlwgt": -0.044874611410701044, "age": 0.0444963852088085, "relationship_Husband": -0.04055204031945965, "education_Assoc-acdm": -0.03736198760714734, "capital-gain": -0.033589798324821216, "education_HS-grad": 0.014134490878584427}}}