{"instance_id": 5936, "quadrant": "TP", "true_label": 1, "prediction": 1, "prediction_correct": true, "metrics": {"cost": 49300.59501599317, "sparsity": 0.09259259259259259, "fidelity": 0.9735719617974088, "faithfulness_gap": 0.7199111587036002, "stability": 0.9663814060512497}, "explanation": {"top_features": ["education-num: 0.2065", "occupation_Exec-managerial: 0.1808", "marital-status_Married-civ-spouse: 0.1120", "relationship_Husband: 0.0473", "age: 0.0426", "marital-status_Never-married: 0.0150", "education_HS-grad: 0.0150", "relationship_Own-child: 0.0042", "relationship_Not-in-family: 0.0030", "fnlwgt: 0.0025"], "raw_top": {"education-num": 0.20647746971466077, "occupation_Exec-managerial": 0.1807775267837479, "marital-status_Married-civ-spouse": 0.11197284810855998, "relationship_Husband": 0.04726988887660862, "age": 0.042569269675667286, "marital-status_Never-married": 0.015039892635769091, "education_HS-grad": 0.015013897829388705, "relationship_Own-child": 0.004206731955413118, "relationship_Not-in-family": 0.0030492486873684144, "fnlwgt": 0.0025261599401807944}}}