{"instance_id": 627, "quadrant": "FP", "true_label": 0, "prediction": 1, "prediction_correct": false, "metrics": {"cost": 35696.47071801592, "sparsity": 0.09259259259259259, "fidelity": 0.96212150713129, "faithfulness_gap": 0.4894222510630616, "stability": 0.9563948055859359}, "explanation": {"top_features": ["occupation_Exec-managerial: 0.2085", "marital-status_Married-civ-spouse: 0.0814", "relationship_Husband: 0.0474", "education_Some-college: 0.0292", "education_HS-grad: 0.0184", "marital-status_Never-married: 0.0127", "hours-per-week: 0.0125", "age: 0.0108", "marital-status_Divorced: 0.0041", "fnlwgt: 0.0039"], "raw_top": {"occupation_Exec-managerial": 0.20852071840186034, "marital-status_Married-civ-spouse": 0.08136038535755272, "relationship_Husband": 0.047445731700512965, "education_Some-college": 0.029167794673006, "education_HS-grad": 0.018402482335254516, "marital-status_Never-married": 0.01273704256097765, "hours-per-week": 0.012516871137631376, "age": 0.010827680659313978, "marital-status_Divorced": 0.004133592057017265, "fnlwgt": 0.0039000563728865956}}}