{"instance_id": 6387, "quadrant": "FP", "true_label": 0, "prediction": 1, "prediction_correct": false, "metrics": {"cost": 60372.24446100299, "sparsity": 0.09259259259259259, "fidelity": 0.9692127424890472, "faithfulness_gap": 0.6484916968830259, "stability": 0.9521172204797268}, "explanation": {"top_features": ["education-num: 0.1735", "marital-status_Married-civ-spouse: 0.0950", "hours-per-week: 0.0751", "occupation_Adm-clerical: 0.0696", "relationship_Husband: 0.0571", "education_Bachelors: 0.0422", "marital-status_Never-married: 0.0140", "workclass_State-gov: 0.0069", "education_HS-grad: 0.0049", "relationship_Not-in-family: 0.0035"], "raw_top": {"education-num": 0.17348245602142912, "marital-status_Married-civ-spouse": 0.09495995600753011, "hours-per-week": 0.07506984261870836, "occupation_Adm-clerical": 0.06962361717440672, "relationship_Husband": 0.057149821664353236, "education_Bachelors": 0.04222164111034107, "marital-status_Never-married": 0.013967624945303559, "workclass_State-gov": 0.006885644120654417, "education_HS-grad": 0.004892931989933567, "relationship_Not-in-family": 0.0034778416496248354}}}