{"instance_id": 6720, "quadrant": "TN", "true_label": 0, "prediction": 0, "prediction_correct": true, "metrics": {"cost": 57453.66249099607, "sparsity": 0.09259259259259259, "fidelity": 0.9077500424952792, "faithfulness_gap": 0.20394901351674177, "stability": 0.8276414910604559}, "explanation": {"top_features": ["capital-gain: 0.0962", "marital-status_Married-civ-spouse: 0.0810", "education_Assoc-voc: -0.0708", "education-num: 0.0487", "age: 0.0288", "relationship_Husband: 0.0246", "occupation_Adm-clerical: -0.0189", "capital-loss: -0.0169", "education_Bachelors: -0.0143", "education_HS-grad: 0.0119"], "raw_top": {"capital-gain": 0.09617328061217482, "marital-status_Married-civ-spouse": 0.08097111039018344, "education_Assoc-voc": -0.07079800670881287, "education-num": 0.048728882955500014, "age": 0.028788028369545943, "relationship_Husband": 0.024610511625502367, "occupation_Adm-clerical": -0.018895190863121813, "capital-loss": -0.01692866902571413, "education_Bachelors": -0.014260989861441198, "education_HS-grad": 0.011933023306808413}}}