{"instance_id": 6730, "quadrant": "FN", "true_label": 1, "prediction": 0, "prediction_correct": false, "metrics": {"cost": 59459.17752297828, "sparsity": 0.09259259259259259, "fidelity": 0.8389720206629248, "faithfulness_gap": 0.0033233267052376614, "stability": 0.7657082602294801}, "explanation": {"top_features": ["marital-status_Married-civ-spouse: 0.0423", "race_Amer-Indian-Eskimo: -0.0356", "capital-gain: -0.0324", "age: 0.0287", "capital-loss: -0.0257", "hours-per-week: 0.0225", "relationship_Husband: 0.0220", "education-num: -0.0198", "education_Bachelors: -0.0098", "fnlwgt: -0.0096"], "raw_top": {"marital-status_Married-civ-spouse": 0.04225150541581775, "race_Amer-Indian-Eskimo": -0.03560339754720386, "capital-gain": -0.032445667734481536, "age": 0.028701395036891234, "capital-loss": -0.025675318705792902, "hours-per-week": 0.022456150619078505, "relationship_Husband": 0.022016645960631628, "education-num": -0.019804884709677013, "education_Bachelors": -0.009823584272295315, "fnlwgt": -0.009576924329376072}}}