{"instance_id": 6732, "quadrant": "FN", "true_label": 1, "prediction": 0, "prediction_correct": false, "metrics": {"cost": 38621.68859504163, "sparsity": 0.09259259259259259, "fidelity": 0.91923669217968, "faithfulness_gap": 0.0520288347769049, "stability": 0.9400526310324951}, "explanation": {"top_features": ["education-num: 0.1468", "marital-status_Married-civ-spouse: -0.1124", "occupation_Prof-specialty: 0.0831", "relationship_Husband: -0.0514", "relationship_Not-in-family: -0.0494", "education_Prof-school: 0.0413", "capital-loss: 0.0412", "hours-per-week: 0.0399", "marital-status_Never-married: -0.0394", "age: 0.0218"], "raw_top": {"education-num": 0.1468414688485518, "marital-status_Married-civ-spouse": -0.11242945186180676, "occupation_Prof-specialty": 0.08313929090456385, "relationship_Husband": -0.05136508056733383, "relationship_Not-in-family": -0.04937535104326492, "education_Prof-school": 0.041259547932346825, "capital-loss": 0.04116664608863891, "hours-per-week": 0.03989139040016167, "marital-status_Never-married": -0.039433445293655583, "age": 0.021766484604149067}}}