{"instance_id": 7092, "quadrant": "TP", "true_label": 1, "prediction": 1, "prediction_correct": true, "metrics": {"cost": 52162.74369200255, "sparsity": 0.09259259259259259, "fidelity": 0.987947161398046, "faithfulness_gap": 0.6953279701094371, "stability": 0.97531836720467}, "explanation": {"top_features": ["education-num: 0.2907", "occupation_Prof-specialty: 0.1859", "marital-status_Married-civ-spouse: 0.0924", "hours-per-week: -0.0724", "relationship_Husband: 0.0346", "age: 0.0337", "education_Prof-school: 0.0336", "marital-status_Never-married: 0.0117", "education_HS-grad: 0.0064", "marital-status_Divorced: 0.0064"], "raw_top": {"education-num": 0.290664263096377, "occupation_Prof-specialty": 0.18588762977479417, "marital-status_Married-civ-spouse": 0.0924036246849421, "hours-per-week": -0.07240487940707412, "relationship_Husband": 0.034592707320542294, "age": 0.03372083103019087, "education_Prof-school": 0.03359084826547127, "marital-status_Never-married": 0.01169326812865125, "education_HS-grad": 0.006445863295152641, "marital-status_Divorced": 0.006362083195812107}}}