{"instance_id": 7233, "quadrant": "FP", "true_label": 0, "prediction": 1, "prediction_correct": false, "metrics": {"cost": 59646.08706400031, "sparsity": 0.09259259259259259, "fidelity": 0.966416793779855, "faithfulness_gap": 0.4265319347561026, "stability": 0.92632618767482}, "explanation": {"top_features": ["capital-gain: 0.1790", "occupation_Other-service: -0.1370", "education-num: 0.1278", "marital-status_Married-civ-spouse: 0.0715", "relationship_Husband: 0.0593", "hours-per-week: 0.0410", "marital-status_Never-married: 0.0166", "education_Bachelors: 0.0104", "age: 0.0076", "relationship_Own-child: 0.0066"], "raw_top": {"capital-gain": 0.1790314305089408, "occupation_Other-service": -0.13696889069396564, "education-num": 0.12779904607264378, "marital-status_Married-civ-spouse": 0.07150353449839293, "relationship_Husband": 0.059344661527506976, "hours-per-week": 0.040976883479877345, "marital-status_Never-married": 0.016634731940865854, "education_Bachelors": 0.010386815998906961, "age": 0.007614830184945202, "relationship_Own-child": 0.006610208574162946}}}