{"instance_id": 7493, "quadrant": "FP", "true_label": 0, "prediction": 1, "prediction_correct": false, "metrics": {"cost": 51423.7199780182, "sparsity": 0.09259259259259259, "fidelity": 0.9871770338093114, "faithfulness_gap": 0.7496909945880221, "stability": 0.9819423267928292}, "explanation": {"top_features": ["education-num: 0.2636", "occupation_Exec-managerial: 0.1758", "marital-status_Married-civ-spouse: 0.0932", "relationship_Husband: 0.0546", "hours-per-week: 0.0440", "age: 0.0377", "marital-status_Never-married: 0.0234", "education_HS-grad: 0.0123", "education_Doctorate: 0.0115", "relationship_Own-child: 0.0060"], "raw_top": {"education-num": 0.26362154962966394, "occupation_Exec-managerial": 0.17583931228930258, "marital-status_Married-civ-spouse": 0.09324364941555464, "relationship_Husband": 0.054592558494283745, "hours-per-week": 0.04402563283385145, "age": 0.03772539646862749, "marital-status_Never-married": 0.023423473268190078, "education_HS-grad": 0.012262537647119282, "education_Doctorate": 0.011462919155515857, "relationship_Own-child": 0.005975585632949754}}}