{"instance_id": 7629, "quadrant": "FN", "true_label": 1, "prediction": 0, "prediction_correct": false, "metrics": {"cost": 48252.50982004218, "sparsity": 0.09259259259259259, "fidelity": 0.9555832725251078, "faithfulness_gap": 0.05782464872161097, "stability": 0.8535135607989075}, "explanation": {"top_features": ["occupation_Farming-fishing: -0.1140", "marital-status_Married-civ-spouse: 0.0375", "capital-gain: -0.0325", "capital-loss: -0.0257", "relationship_Husband: 0.0237", "age: 0.0213", "hours-per-week: 0.0172", "education_Some-college: 0.0131", "education-num: -0.0115", "marital-status_Never-married: 0.0049"], "raw_top": {"occupation_Farming-fishing": -0.11401296891124135, "marital-status_Married-civ-spouse": 0.03752516703740217, "capital-gain": -0.03251089275177826, "capital-loss": -0.025714673974071876, "relationship_Husband": 0.023693246831446777, "age": 0.021333826679767454, "hours-per-week": 0.017207677966841466, "education_Some-college": 0.013060021009503956, "education-num": -0.011483914455351758, "marital-status_Never-married": 0.0048642315741769665}}}