{"instance_id": 8140, "quadrant": "FN", "true_label": 1, "prediction": 0, "prediction_correct": false, "metrics": {"cost": 58963.0599009688, "sparsity": 0.09259259259259259, "fidelity": 0.9605262167747072, "faithfulness_gap": 0.3284983536226241, "stability": 0.9712303493167366}, "explanation": {"top_features": ["capital-loss: 0.2310", "marital-status_Married-civ-spouse: 0.0812", "education-num: -0.0612", "occupation_Craft-repair: -0.0610", "relationship_Husband: 0.0390", "fnlwgt: -0.0310", "capital-gain: -0.0191", "marital-status_Divorced: 0.0086", "marital-status_Never-married: 0.0084", "relationship_Not-in-family: 0.0067"], "raw_top": {"capital-loss": 0.230973577672495, "marital-status_Married-civ-spouse": 0.0812461593458246, "education-num": -0.061171687183604787, "occupation_Craft-repair": -0.061033772805261205, "relationship_Husband": 0.0389699153141643, "fnlwgt": -0.030972199488369587, "capital-gain": -0.019073500404970755, "marital-status_Divorced": 0.008633838901372355, "marital-status_Never-married": 0.008375456717071577, "relationship_Not-in-family": 0.00665694609474371}}}