{"instance_id": 8194, "quadrant": "FP", "true_label": 0, "prediction": 1, "prediction_correct": false, "metrics": {"cost": 36400.60923699639, "sparsity": 0.09259259259259259, "fidelity": 0.9493699527007626, "faithfulness_gap": 0.13883503445820022, "stability": 0.979118963293585}, "explanation": {"top_features": ["capital-gain: 0.3175", "marital-status_Married-civ-spouse: -0.1112", "education-num: 0.0996", "marital-status_Never-married: -0.0738", "relationship_Husband: -0.0599", "hours-per-week: 0.0577", "relationship_Not-in-family: -0.0412", "workclass_Federal-gov: 0.0382", "occupation_Adm-clerical: 0.0361", "age: 0.0260"], "raw_top": {"capital-gain": 0.31745689111915076, "marital-status_Married-civ-spouse": -0.1112280368390749, "education-num": 0.09964315064369685, "marital-status_Never-married": -0.07382803420612784, "relationship_Husband": -0.05992497822347639, "hours-per-week": 0.057728975930903065, "relationship_Not-in-family": -0.04122334837897745, "workclass_Federal-gov": 0.038164366618817336, "occupation_Adm-clerical": 0.036107639083169614, "age": 0.025990759856578394}}}