{"instance_id": 8289, "quadrant": "FP", "true_label": 0, "prediction": 1, "prediction_correct": false, "metrics": {"cost": 41872.158450016286, "sparsity": 0.09259259259259259, "fidelity": 0.9865498130368549, "faithfulness_gap": 0.7305161309971098, "stability": 0.9753298001448923}, "explanation": {"top_features": ["education-num: 0.1957", "occupation_Prof-specialty: 0.1650", "marital-status_Married-civ-spouse: 0.1100", "age: 0.0583", "relationship_Husband: 0.0581", "education_Bachelors: 0.0206", "marital-status_Never-married: 0.0170", "education_HS-grad: 0.0159", "relationship_Not-in-family: 0.0067", "fnlwgt: 0.0063"], "raw_top": {"education-num": 0.19572353491676386, "occupation_Prof-specialty": 0.1649645716528282, "marital-status_Married-civ-spouse": 0.1099803645355166, "age": 0.05829788721618737, "relationship_Husband": 0.05805641999239278, "education_Bachelors": 0.020579797988789273, "marital-status_Never-married": 0.01702959762070862, "education_HS-grad": 0.015903507435746006, "relationship_Not-in-family": 0.006657595416639698, "fnlwgt": 0.006258522902692021}}}