{"instance_id": 8526, "quadrant": "TN", "true_label": 0, "prediction": 0, "prediction_correct": true, "metrics": {"cost": 52420.67686600785, "sparsity": 0.09259259259259259, "fidelity": 0.4798863053528151, "faithfulness_gap": 0.10049510684845209, "stability": 0.9768784123999131}, "explanation": {"top_features": ["hours-per-week: -0.0471", "age: -0.0440", "marital-status_Married-civ-spouse: -0.0279", "relationship_Husband: -0.0139", "capital-gain: -0.0117", "race_White: -0.0112", "capital-loss: -0.0109", "education-num: -0.0074", "marital-status_Never-married: -0.0059", "education_Bachelors: -0.0035"], "raw_top": {"hours-per-week": -0.04707984651788272, "age": -0.0440488490789291, "marital-status_Married-civ-spouse": -0.027945267089189093, "relationship_Husband": -0.0139439845569748, "capital-gain": -0.011743680194810716, "race_White": -0.011234549634224843, "capital-loss": -0.010855153398678666, "education-num": -0.007412534655117735, "marital-status_Never-married": -0.005949589617299084, "education_Bachelors": -0.003456564658712885}}}