{"instance_id": 8841, "quadrant": "TP", "true_label": 1, "prediction": 1, "prediction_correct": true, "metrics": {"cost": 51274.05040099984, "sparsity": 0.09259259259259259, "fidelity": 0.9733376505631065, "faithfulness_gap": 0.7533211943919957, "stability": 0.9775930281803185}, "explanation": {"top_features": ["capital-gain: 0.2866", "education-num: 0.1428", "occupation_Exec-managerial: 0.1288", "marital-status_Married-civ-spouse: 0.0786", "relationship_Husband: 0.0433", "workclass_Self-emp-inc: 0.0281", "marital-status_Never-married: 0.0114", "education_HS-grad: 0.0082", "marital-status_Divorced: 0.0080", "relationship_Not-in-family: 0.0070"], "raw_top": {"capital-gain": 0.2866213615219241, "education-num": 0.14277806299799914, "occupation_Exec-managerial": 0.12881657247681427, "marital-status_Married-civ-spouse": 0.07856254428143451, "relationship_Husband": 0.043303464017325766, "workclass_Self-emp-inc": 0.028112665389135087, "marital-status_Never-married": 0.01144656176845589, "education_HS-grad": 0.008233437641711557, "marital-status_Divorced": 0.007977418683335617, "relationship_Not-in-family": 0.0070233438088094235}}}