{"instance_id": 8856, "quadrant": "FN", "true_label": 1, "prediction": 0, "prediction_correct": false, "metrics": {"cost": 57224.72243098309, "sparsity": 0.09259259259259259, "fidelity": 0.9426216218345109, "faithfulness_gap": 0.3547533315969468, "stability": 0.9535423132953986}, "explanation": {"top_features": ["relationship_Wife: 0.1563", "education-num: 0.1350", "hours-per-week: -0.1000", "marital-status_Married-civ-spouse: 0.0720", "relationship_Husband: -0.0291", "capital-gain: -0.0273", "occupation_Priv-house-serv: -0.0266", "education_Bachelors: 0.0227", "sex_Female: 0.0216", "sex_Male: 0.0200"], "raw_top": {"relationship_Wife": 0.15630137791813048, "education-num": 0.1350374841264854, "hours-per-week": -0.10002675893433378, "marital-status_Married-civ-spouse": 0.07202996154023411, "relationship_Husband": -0.029058948234315398, "capital-gain": -0.027308051128785694, "occupation_Priv-house-serv": -0.026626396498940746, "education_Bachelors": 0.022705446362225833, "sex_Female": 0.0215885840130711, "sex_Male": 0.020024279823983738}}}