{"instance_id": 8919, "quadrant": "FN", "true_label": 1, "prediction": 0, "prediction_correct": false, "metrics": {"cost": 43271.15533797769, "sparsity": 0.09259259259259259, "fidelity": 0.8920968778992838, "faithfulness_gap": 0.07726922347905188, "stability": 0.6785907118822853}, "explanation": {"top_features": ["marital-status_Married-civ-spouse: 0.0421", "education_Assoc-voc: -0.0416", "fnlwgt: -0.0345", "capital-gain: -0.0332", "capital-loss: -0.0228", "occupation_Craft-repair: -0.0226", "age: 0.0195", "education-num: 0.0188", "relationship_Husband: 0.0133", "education_Bachelors: -0.0114"], "raw_top": {"marital-status_Married-civ-spouse": 0.04209504581506902, "education_Assoc-voc": -0.04159939895773255, "fnlwgt": -0.03453585293533526, "capital-gain": -0.03319359922268406, "capital-loss": -0.022842803104540784, "occupation_Craft-repair": -0.02258039598557651, "age": 0.019485388159419553, "education-num": 0.018770066574896927, "relationship_Husband": 0.013309530521887006, "education_Bachelors": -0.011419834975132848}}}