{"instance_id": 8991, "quadrant": "TP", "true_label": 1, "prediction": 1, "prediction_correct": true, "metrics": {"cost": 42399.70126100024, "sparsity": 0.09259259259259259, "fidelity": 0.9815058746780555, "faithfulness_gap": 0.5437177473212926, "stability": 0.9696836165668081}, "explanation": {"top_features": ["capital-loss: 0.2486", "marital-status_Married-civ-spouse: 0.0965", "occupation_Protective-serv: 0.0566", "education-num: -0.0557", "relationship_Husband: 0.0420", "age: 0.0120", "marital-status_Never-married: 0.0057", "marital-status_Divorced: 0.0056", "relationship_Own-child: 0.0050", "relationship_Not-in-family: 0.0024"], "raw_top": {"capital-loss": 0.24862265234079664, "marital-status_Married-civ-spouse": 0.09650972489027126, "occupation_Protective-serv": 0.05660551476924031, "education-num": -0.05568065770639628, "relationship_Husband": 0.04197804403431181, "age": 0.011975451368122357, "marital-status_Never-married": 0.00569944823740272, "marital-status_Divorced": 0.0055618025207236615, "relationship_Own-child": 0.005024819607646724, "relationship_Not-in-family": 0.0024021553529680983}}}