{"instance_id": 9072, "quadrant": "FN", "true_label": 1, "prediction": 0, "prediction_correct": false, "metrics": {"cost": 40157.05271996558, "sparsity": 0.09259259259259259, "fidelity": 0.9597891104560303, "faithfulness_gap": 0.07104889631976694, "stability": 0.9579121178954025}, "explanation": {"top_features": ["occupation_Exec-managerial: 0.1255", "education-num: 0.1077", "marital-status_Married-civ-spouse: -0.1009", "marital-status_Never-married: -0.0617", "relationship_Husband: -0.0563", "relationship_Not-in-family: -0.0408", "hours-per-week: 0.0274", "capital-gain: -0.0252", "education_Masters: 0.0156", "fnlwgt: -0.0104"], "raw_top": {"occupation_Exec-managerial": 0.12551809088340343, "education-num": 0.10773326975189437, "marital-status_Married-civ-spouse": -0.10085660490230967, "marital-status_Never-married": -0.06174213228015212, "relationship_Husband": -0.05634054968276136, "relationship_Not-in-family": -0.0407924765713824, "hours-per-week": 0.02737508022371603, "capital-gain": -0.025175278168309383, "education_Masters": 0.0156230205523454, "fnlwgt": -0.010403526635919234}}}