{"instance_id": 9178, "quadrant": "FP", "true_label": 0, "prediction": 1, "prediction_correct": false, "metrics": {"cost": 62953.49904100294, "sparsity": 0.09259259259259259, "fidelity": 0.9708199007122076, "faithfulness_gap": 0.31316410028480646, "stability": 0.9345517075217203}, "explanation": {"top_features": ["occupation_Exec-managerial: 0.2080", "marital-status_Married-civ-spouse: 0.0740", "relationship_Husband: 0.0379", "capital-gain: -0.0343", "fnlwgt: -0.0240", "age: -0.0238", "education_HS-grad: 0.0200", "capital-loss: -0.0181", "marital-status_Never-married: 0.0105", "education_Some-college: 0.0080"], "raw_top": {"occupation_Exec-managerial": 0.20803893121464953, "marital-status_Married-civ-spouse": 0.07401175110980068, "relationship_Husband": 0.03786622694841886, "capital-gain": -0.03433694647537828, "fnlwgt": -0.023997148505716694, "age": -0.023769533172413395, "education_HS-grad": 0.02004063178948991, "capital-loss": -0.01808079351642283, "marital-status_Never-married": 0.010521547782346184, "education_Some-college": 0.008034356208365512}}}