{"instance_id": 9179, "quadrant": "FP", "true_label": 0, "prediction": 1, "prediction_correct": false, "metrics": {"cost": 35568.144143006066, "sparsity": 0.09259259259259259, "fidelity": 0.9675090159744901, "faithfulness_gap": 0.717608915133924, "stability": 0.9564072792128671}, "explanation": {"top_features": ["education-num: 0.1829", "relationship_Wife: 0.1549", "marital-status_Married-civ-spouse: 0.1051", "capital-gain: 0.0987", "occupation_Adm-clerical: 0.0465", "education_Bachelors: 0.0144", "education_HS-grad: 0.0116", "fnlwgt: 0.0097", "age: 0.0079", "sex_Female: 0.0057"], "raw_top": {"education-num": 0.1828878751746585, "relationship_Wife": 0.1548711065665105, "marital-status_Married-civ-spouse": 0.10514359900140041, "capital-gain": 0.0986526824427349, "occupation_Adm-clerical": 0.046508419461391684, "education_Bachelors": 0.01438056864388417, "education_HS-grad": 0.011597253172556676, "fnlwgt": 0.009731304242850201, "age": 0.007923882587282832, "sex_Female": 0.005739481183556605}}}