{"instance_id": 9229, "quadrant": "FP", "true_label": 0, "prediction": 1, "prediction_correct": false, "metrics": {"cost": 37942.39930200274, "sparsity": 0.09259259259259259, "fidelity": 0.960820115249105, "faithfulness_gap": 0.6102817870716339, "stability": 0.9300478940496993}, "explanation": {"top_features": ["education-num: 0.1562", "occupation_Tech-support: 0.1541", "marital-status_Married-civ-spouse: 0.0950", "relationship_Husband: 0.0595", "education_Bachelors: 0.0396", "capital-gain: -0.0341", "marital-status_Never-married: 0.0090", "education_HS-grad: 0.0056", "marital-status_Divorced: 0.0054", "relationship_Not-in-family: 0.0041"], "raw_top": {"education-num": 0.15616828116859988, "occupation_Tech-support": 0.15407944482248467, "marital-status_Married-civ-spouse": 0.09496676292617716, "relationship_Husband": 0.059474187879684906, "education_Bachelors": 0.039567116827850274, "capital-gain": -0.03405940845876898, "marital-status_Never-married": 0.00895896330537933, "education_HS-grad": 0.005562987393842544, "marital-status_Divorced": 0.005424567691633364, "relationship_Not-in-family": 0.004080663315664182}}}