{"instance_id": 9322, "quadrant": "TP", "true_label": 1, "prediction": 1, "prediction_correct": true, "metrics": {"cost": 81987.4224439991, "sparsity": 0.09259259259259259, "fidelity": 0.9633029775009219, "faithfulness_gap": 0.7036377615652682, "stability": 0.9963234049475322}, "explanation": {"top_features": ["capital-gain: 0.4235", "education-num: 0.1350", "occupation_Prof-specialty: 0.0448", "marital-status_Married-civ-spouse: 0.0352", "relationship_Husband: 0.0191", "age: 0.0120", "education_Prof-school: 0.0105", "marital-status_Never-married: 0.0061", "relationship_Own-child: 0.0054", "fnlwgt: 0.0045"], "raw_top": {"capital-gain": 0.4235131223504187, "education-num": 0.13502149583880016, "occupation_Prof-specialty": 0.044827387459583014, "marital-status_Married-civ-spouse": 0.03517682331537048, "relationship_Husband": 0.019121999479994822, "age": 0.011966256486172456, "education_Prof-school": 0.010524750723095194, "marital-status_Never-married": 0.006099857662360062, "relationship_Own-child": 0.005385826486226188, "fnlwgt": 0.004534989939117273}}}