{"instance_id": 9368, "quadrant": "TP", "true_label": 1, "prediction": 1, "prediction_correct": true, "metrics": {"cost": 47227.58922299545, "sparsity": 0.09259259259259259, "fidelity": 0.997076201580664, "faithfulness_gap": 0.678723241053732, "stability": 0.9940614936071469}, "explanation": {"top_features": ["capital-gain: 0.6179", "education-num: 0.1045", "age: -0.0884", "marital-status_Married-civ-spouse: -0.0629", "occupation_Prof-specialty: 0.0621", "relationship_Husband: -0.0355", "marital-status_Never-married: -0.0306", "workclass_Private: -0.0203", "relationship_Own-child: 0.0117", "education_Masters: 0.0116"], "raw_top": {"capital-gain": 0.6178853101168834, "education-num": 0.1044843437453783, "age": -0.08840428104420871, "marital-status_Married-civ-spouse": -0.06292393637168059, "occupation_Prof-specialty": 0.0621460868975091, "relationship_Husband": -0.03545346853914188, "marital-status_Never-married": -0.030634598434542106, "workclass_Private": -0.020301967172507228, "relationship_Own-child": 0.011742939794257716, "education_Masters": 0.011572331156550986}}}