{"instance_id": 9429, "quadrant": "FN", "true_label": 1, "prediction": 0, "prediction_correct": false, "metrics": {"cost": 58429.65623701457, "sparsity": 0.09259259259259259, "fidelity": 0.7627805784806359, "faithfulness_gap": 0.04117071789099283, "stability": 0.8424739083561855}, "explanation": {"top_features": ["age: -0.0484", "education-num: -0.0401", "capital-gain: -0.0258", "marital-status_Married-civ-spouse: 0.0220", "capital-loss: -0.0154", "relationship_Husband: 0.0122", "education_Bachelors: -0.0100", "hours-per-week: -0.0046", "fnlwgt: -0.0036", "marital-status_Never-married: 0.0031"], "raw_top": {"age": -0.048441120319860954, "education-num": -0.04009462768632918, "capital-gain": -0.025763786375850084, "marital-status_Married-civ-spouse": 0.02196485455545716, "capital-loss": -0.015446617309593846, "relationship_Husband": 0.012155380922587125, "education_Bachelors": -0.009978062726294529, "hours-per-week": -0.004623939492087006, "fnlwgt": -0.0036312642081175205, "marital-status_Never-married": 0.003062483766119603}}}