{"instance_id": 9454, "quadrant": "TN", "true_label": 0, "prediction": 0, "prediction_correct": true, "metrics": {"cost": 51823.121213004924, "sparsity": 0.09259259259259259, "fidelity": 0.47001953265318736, "faithfulness_gap": 0.05856650915997967, "stability": 0.9042474162229186}, "explanation": {"top_features": ["marital-status_Married-civ-spouse: -0.0354", "relationship_Husband: -0.0228", "education-num: -0.0193", "capital-gain: -0.0172", "occupation_Transport-moving: -0.0108", "workclass_Private: -0.0095", "capital-loss: -0.0094", "race_White: -0.0046", "marital-status_Divorced: -0.0042", "hours-per-week: -0.0028"], "raw_top": {"marital-status_Married-civ-spouse": -0.0354497510139891, "relationship_Husband": -0.022799659781990337, "education-num": -0.019298091812312772, "capital-gain": -0.017169052582668664, "occupation_Transport-moving": -0.01079272549275265, "workclass_Private": -0.009529167066399382, "capital-loss": -0.009444258251086812, "race_White": -0.004551677213549029, "marital-status_Divorced": -0.004207195158148701, "hours-per-week": -0.00275720965303744}}}