{"instance_id": 2462, "quadrant": "TP", "true_label": 1, "prediction": 1, "prediction_correct": true, "metrics": {"cost": 2036.8496350129135, "sparsity": 0.07407407407407407, "fidelity": 0.9923311352333269, "faithfulness_gap": 0.46186161041259766, "cf_sensitivity": 0.0, "stability": 0.9805121727277948}, "explanation": {"top_features": ["capital-gain: 13.1216", "native-country_Mexico: 1.0000", "education_5th-6th: 0.8000", "education_Doctorate: 0.8000", "native-country_Holand-Netherlands: 0.6000", "native-country_Columbia: 0.3000", "race_White: 0.1000", "sex_Male: 0.1000", "age: 0.0000", "fnlwgt: 0.0000"], "raw_top": {"capital-gain": 13.121597350643153, "native-country_Mexico": 1.0, "education_5th-6th": 0.8, "education_Doctorate": 0.8, "native-country_Holand-Netherlands": 0.6, "native-country_Columbia": 0.3, "race_White": 0.09999999999999998, "sex_Male": 0.09999999999999998, "age": 0.0, "fnlwgt": 0.0}}}