{
  "accuracy": 0.755,
  "precision": 0.7412383350614724,
  "recall": 0.755,
  "f1": 0.7417933379098427,
  "roc_auc": 0.7547619047619047,
  "confusion_matrix": [
    [
      27,
      33
    ],
    [
      16,
      124
    ]
  ]
}