{"instance_id": 4853, "quadrant": "TP", "true_label": 1, "prediction": 1, "prediction_correct": true, "metrics": {"cost": 3010.899899993092, "sparsity": 0.037037037037037035, "fidelity": 0.37905801553986435, "faithfulness_gap": 0.27918908733608105, "cf_sensitivity": 0.0, "stability": 0.21552516895834462}, "explanation": {"top_features": ["education-num: 3.6691", "capital-loss: 1.2190", "occupation_Prof-specialty: 0.9000", "capital-gain: 0.7236", "age: 0.0000", "fnlwgt: 0.0000", "hours-per-week: 0.0000", "workclass_Federal-gov: 0.0000", "workclass_Local-gov: 0.0000", "workclass_Never-worked: 0.0000"], "raw_top": {"education-num": 3.6690692700463554, "capital-loss": 1.2189505796457603, "occupation_Prof-specialty": 0.9, "capital-gain": 0.7235521993883421, "age": 0.0, "fnlwgt": 0.0, "hours-per-week": 0.0, "workclass_Federal-gov": 0.0, "workclass_Local-gov": 0.0, "workclass_Never-worked": 0.0}}}