{"instance_id": 1070, "quadrant": "TN", "true_label": 0, "prediction": 0, "prediction_correct": true, "metrics": {"cost": 1000.3403090013308, "sparsity": 0.09259259259259259, "fidelity": 0.7712577415375808, "faithfulness_gap": 0.10301922151526371, "stability": 0.3784173148581493}, "explanation": {"top_features": ["age: -0.1303", "marital-status_Never-married: -0.0686", "marital-status_Married-civ-spouse: -0.0607", "education_HS-grad: 0.0489", "relationship_Not-in-family: 0.0429", "education-num: 0.0335", "capital-gain: -0.0249", "relationship_Husband: -0.0231", "education_Bachelors: -0.0190", "sex_Male: -0.0108"], "raw_top": {"age": -0.13030847876273413, "marital-status_Never-married": -0.06859048280560553, "marital-status_Married-civ-spouse": -0.06070955309205688, "education_HS-grad": 0.048850685675818024, "relationship_Not-in-family": 0.04290900400712781, "education-num": 0.03345037197466304, "capital-gain": -0.024949435940819636, "relationship_Husband": -0.02311041967972784, "education_Bachelors": -0.01901488097747707, "sex_Male": -0.010833546997169596}}}