{"instance_id": 1072, "quadrant": "FN", "true_label": 1, "prediction": 0, "prediction_correct": false, "metrics": {"cost": 1000.458056001662, "sparsity": 0.09259259259259259, "fidelity": 0.2541402752417016, "faithfulness_gap": 0.018080819700095778, "stability": 0.6395586247879977}, "explanation": {"top_features": ["occupation_Other-service: -0.0640", "sex_Female: -0.0440", "hours-per-week: -0.0356", "marital-status_Married-civ-spouse: -0.0278", "workclass_Private: 0.0271", "capital-gain: -0.0256", "education-num: -0.0178", "workclass_State-gov: -0.0149", "education_11th: -0.0117", "relationship_Unmarried: -0.0088"], "raw_top": {"occupation_Other-service": -0.06396205459215142, "sex_Female": -0.04402239084118915, "hours-per-week": -0.035553817310018894, "marital-status_Married-civ-spouse": -0.027795688412229742, "workclass_Private": 0.027140537203555498, "capital-gain": -0.025645953114232876, "education-num": -0.017830820769599878, "workclass_State-gov": -0.014881051960838887, "education_11th": -0.01174211562286736, "relationship_Unmarried": -0.008776072620664318}}}