{"instance_id": 125, "quadrant": "FP", "true_label": 0, "prediction": 1, "prediction_correct": false, "metrics": {"cost": 1008.9831129989761, "sparsity": 0.09259259259259259, "fidelity": 0.6468493697602855, "faithfulness_gap": 0.7654168828146387, "stability": 0.2057388807247236}, "explanation": {"top_features": ["education-num: 0.1159", "workclass_Private: 0.0806", "occupation_Exec-managerial: 0.0731", "education_HS-grad: 0.0679", "marital-status_Married-civ-spouse: 0.0538", "age: 0.0506", "marital-status_Never-married: 0.0413", "sex_Female: 0.0296", "relationship_Husband: 0.0230", "fnlwgt: 0.0131"], "raw_top": {"education-num": 0.11585611346261276, "workclass_Private": 0.08063901910187544, "occupation_Exec-managerial": 0.07313254014719413, "education_HS-grad": 0.0679193528942232, "marital-status_Married-civ-spouse": 0.05375041441184069, "age": 0.05056476153217053, "marital-status_Never-married": 0.04125395151588313, "sex_Female": 0.029568998203639493, "relationship_Husband": 0.02299732075516916, "fnlwgt": 0.013087804637525235}}}