{"instance_id": 1253, "quadrant": "TN", "true_label": 0, "prediction": 0, "prediction_correct": true, "metrics": {"cost": 1000.5290810004226, "sparsity": 0.09259259259259259, "fidelity": 0.7086480871576488, "faithfulness_gap": 0.18067513845347763, "stability": 0.07511544619257192}, "explanation": {"top_features": ["education_HS-grad: -0.1041", "occupation_Craft-repair: -0.0596", "marital-status_Married-civ-spouse: 0.0507", "age: 0.0403", "marital-status_Never-married: 0.0250", "occupation_Machine-op-inspct: 0.0226", "relationship_Husband: 0.0209", "education_Some-college: 0.0206", "occupation_Farming-fishing: 0.0121", "marital-status_Divorced: 0.0093"], "raw_top": {"education_HS-grad": -0.10406348897372285, "occupation_Craft-repair": -0.059572910157000065, "marital-status_Married-civ-spouse": 0.050719494474802077, "age": 0.04032822869481895, "marital-status_Never-married": 0.024974815689558512, "occupation_Machine-op-inspct": 0.02258997972052874, "relationship_Husband": 0.020937807061834412, "education_Some-college": 0.020581793152434313, "occupation_Farming-fishing": 0.01210194737211167, "marital-status_Divorced": 0.00926801181809827}}}