{"instance_id": 1297, "quadrant": "FP", "true_label": 0, "prediction": 1, "prediction_correct": false, "metrics": {"cost": 1008.5277710004448, "sparsity": 0.09259259259259259, "fidelity": 0.8131147733026765, "faithfulness_gap": 0.880696098147098, "stability": 0.24320349256196055}, "explanation": {"top_features": ["fnlwgt: 0.1471", "relationship_Wife: 0.1303", "race_White: 0.1076", "marital-status_Married-civ-spouse: 0.0774", "age: 0.0731", "occupation_Machine-op-inspct: 0.0534", "marital-status_Never-married: 0.0445", "hours-per-week: 0.0262", "occupation_Farming-fishing: 0.0229", "education_11th: 0.0198"], "raw_top": {"fnlwgt": 0.1471290695460293, "relationship_Wife": 0.13033539662373064, "race_White": 0.10762079080642435, "marital-status_Married-civ-spouse": 0.07738386629616108, "age": 0.07314410238684968, "occupation_Machine-op-inspct": 0.05338858712236067, "marital-status_Never-married": 0.04451432694029788, "hours-per-week": 0.026235520139253878, "occupation_Farming-fishing": 0.022945050424855843, "education_11th": 0.019815698908592916}}}