{"instance_id": 1309, "quadrant": "TP", "true_label": 1, "prediction": 1, "prediction_correct": true, "metrics": {"cost": 1000.4870100001426, "sparsity": 0.09259259259259259, "fidelity": 0.7811821535632972, "faithfulness_gap": 0.7753264709675337, "stability": 0.16174762432137293}, "explanation": {"top_features": ["education-num: 0.1568", "marital-status_Married-civ-spouse: 0.0960", "education_HS-grad: 0.0865", "age: 0.0852", "marital-status_Never-married: 0.0535", "sex_Female: 0.0195", "occupation_Machine-op-inspct: 0.0184", "fnlwgt: 0.0168", "occupation_Farming-fishing: 0.0157", "occupation_Other-service: 0.0155"], "raw_top": {"education-num": 0.15681260676564315, "marital-status_Married-civ-spouse": 0.09601647252838523, "education_HS-grad": 0.08653876554949355, "age": 0.08515794696950088, "marital-status_Never-married": 0.05352575421479508, "sex_Female": 0.019522061190292046, "occupation_Machine-op-inspct": 0.018356248704775476, "fnlwgt": 0.01679710045371878, "occupation_Farming-fishing": 0.01574929794378124, "occupation_Other-service": 0.015455137014512843}}}