{"instance_id": 1397, "quadrant": "FN", "true_label": 1, "prediction": 0, "prediction_correct": false, "metrics": {"cost": 1003.268559998105, "sparsity": 0.09259259259259259, "fidelity": 0.8555590780218852, "faithfulness_gap": 0.08374856314491436, "stability": 0.24906284713064197}, "explanation": {"top_features": ["workclass_Self-emp-not-inc: -0.1855", "age: 0.0902", "hours-per-week: 0.0775", "education_HS-grad: -0.0477", "relationship_Husband: -0.0436", "workclass_Private: 0.0414", "sex_Female: 0.0409", "marital-status_Married-civ-spouse: -0.0396", "occupation_Machine-op-inspct: 0.0353", "education_Some-college: 0.0310"], "raw_top": {"workclass_Self-emp-not-inc": -0.18551062590552103, "age": 0.09019401196935466, "hours-per-week": 0.07749521806798716, "education_HS-grad": -0.04772832528365449, "relationship_Husband": -0.04355053292592648, "workclass_Private": 0.04139878158585281, "sex_Female": 0.040883133297029715, "marital-status_Married-civ-spouse": -0.0395817123169074, "occupation_Machine-op-inspct": 0.03531446527395671, "education_Some-college": 0.03095192360201974}}}