{"instance_id": 140, "quadrant": "FN", "true_label": 1, "prediction": 0, "prediction_correct": false, "metrics": {"cost": 1001.3145730008546, "sparsity": 0.09259259259259259, "fidelity": 0.954203963690402, "faithfulness_gap": 0.05617673264131985, "stability": 0.2808413054420845}, "explanation": {"top_features": ["occupation_Handlers-cleaners: -0.2252", "race_Black: -0.0944", "race_White: 0.0612", "capital-gain: -0.0388", "marital-status_Married-civ-spouse: 0.0368", "education_HS-grad: 0.0346", "education_Some-college: -0.0329", "sex_Female: 0.0273", "occupation_Machine-op-inspct: 0.0219", "fnlwgt: 0.0196"], "raw_top": {"occupation_Handlers-cleaners": -0.22519577101717114, "race_Black": -0.0943536345561572, "race_White": 0.061224238658301594, "capital-gain": -0.038769462301674974, "marital-status_Married-civ-spouse": 0.03684831973514856, "education_HS-grad": 0.03464127254867177, "education_Some-college": -0.03291842978540074, "sex_Female": 0.027285083596597565, "occupation_Machine-op-inspct": 0.021907692291003866, "fnlwgt": 0.019560935102970484}}}