{"instance_id": 1504, "quadrant": "TN", "true_label": 0, "prediction": 0, "prediction_correct": true, "metrics": {"cost": 1000.836122999317, "sparsity": 0.09259259259259259, "fidelity": 0.8280712938374979, "faithfulness_gap": 0.849630137038658, "stability": 0.4374573570604111}, "explanation": {"top_features": ["occupation_Farming-fishing: -0.1270", "workclass_Self-emp-not-inc: -0.0607", "age: -0.0455", "education_HS-grad: -0.0372", "workclass_Private: 0.0343", "capital-gain: -0.0308", "hours-per-week: 0.0213", "marital-status_Married-civ-spouse: 0.0178", "occupation_Machine-op-inspct: 0.0160", "education-num: -0.0094"], "raw_top": {"occupation_Farming-fishing": -0.12695682194066243, "workclass_Self-emp-not-inc": -0.060653919373119806, "age": -0.045454856423628766, "education_HS-grad": -0.037247140165594765, "workclass_Private": 0.03433486276313917, "capital-gain": -0.030799932013784566, "hours-per-week": 0.02127450435675134, "marital-status_Married-civ-spouse": 0.017750576128727234, "occupation_Machine-op-inspct": 0.0160159699204934, "education-num": -0.009445352774858806}}}