{"instance_id": 1706, "quadrant": "TN", "true_label": 0, "prediction": 0, "prediction_correct": true, "metrics": {"cost": 1000.8190890002879, "sparsity": 0.09259259259259259, "fidelity": 0.7106684867317721, "faithfulness_gap": 0.028066207136628857, "stability": 0.22517555832185218}, "explanation": {"top_features": ["marital-status_Married-civ-spouse: -0.0610", "hours-per-week: -0.0414", "sex_Female: -0.0391", "capital-gain: -0.0350", "education_HS-grad: 0.0249", "marital-status_Divorced: -0.0248", "relationship_Unmarried: -0.0166", "occupation_Adm-clerical: -0.0147", "education-num: -0.0068", "education_Some-college: -0.0051"], "raw_top": {"marital-status_Married-civ-spouse": -0.06101383714259458, "hours-per-week": -0.04138605068860029, "sex_Female": -0.03906090375788011, "capital-gain": -0.03501078810838865, "education_HS-grad": 0.024948016258153155, "marital-status_Divorced": -0.024817941781641185, "relationship_Unmarried": -0.016625989390481464, "occupation_Adm-clerical": -0.014684496229404605, "education-num": -0.006810593252992231, "education_Some-college": -0.005142655016797199}}}