{"instance_id": 1788, "quadrant": "TP", "true_label": 1, "prediction": 1, "prediction_correct": true, "metrics": {"cost": 1001.1093960001745, "sparsity": 0.09259259259259259, "fidelity": 0.4155204232322716, "faithfulness_gap": 0.9264035868368545, "stability": 0.39975598010626523}, "explanation": {"top_features": ["capital-gain: 0.2197", "age: 0.1027", "marital-status_Married-civ-spouse: 0.0871", "education_HS-grad: 0.0788", "marital-status_Never-married: 0.0787", "workclass_Private: 0.0489", "occupation_Machine-op-inspct: 0.0450", "fnlwgt: 0.0321", "workclass_nan: 0.0252", "occupation_nan: 0.0180"], "raw_top": {"capital-gain": 0.219721813432327, "age": 0.10272633585602597, "marital-status_Married-civ-spouse": 0.08708655465181556, "education_HS-grad": 0.07877981817906106, "marital-status_Never-married": 0.07874014609233929, "workclass_Private": 0.04893623743410948, "occupation_Machine-op-inspct": 0.04501458749292357, "fnlwgt": 0.03206919834482743, "workclass_nan": 0.025184689540763593, "occupation_nan": 0.017977051397604527}}}