{"instance_id": 1831, "quadrant": "TP", "true_label": 1, "prediction": 1, "prediction_correct": true, "metrics": {"cost": 1019.8531019996153, "sparsity": 0.09259259259259259, "fidelity": 0.7642673666896046, "faithfulness_gap": 0.7731032154892932, "stability": 0.0762960823768337}, "explanation": {"top_features": ["education_HS-grad: 0.1081", "marital-status_Married-civ-spouse: 0.0892", "education-num: 0.0825", "marital-status_Never-married: 0.0550", "hours-per-week: 0.0475", "occupation_Sales: 0.0441", "occupation_Machine-op-inspct: 0.0384", "fnlwgt: 0.0371", "race_Black: 0.0336", "age: 0.0266"], "raw_top": {"education_HS-grad": 0.10813464254990282, "marital-status_Married-civ-spouse": 0.08920771228778158, "education-num": 0.08247612670731076, "marital-status_Never-married": 0.05495034475086112, "hours-per-week": 0.04750435475603443, "occupation_Sales": 0.04407043781286609, "occupation_Machine-op-inspct": 0.03843318335183393, "fnlwgt": 0.037147916394855006, "race_Black": 0.03361830148224678, "age": 0.02655987989343811}}}