{"instance_id": 2015, "quadrant": "FN", "true_label": 1, "prediction": 0, "prediction_correct": false, "metrics": {"cost": 1001.3323819985089, "sparsity": 0.09259259259259259, "fidelity": 0.8848739995190397, "faithfulness_gap": 0.6370378941405829, "stability": 0.3550556929005301}, "explanation": {"top_features": ["race_Black: -0.1333", "education_Assoc-acdm: -0.1247", "occupation_Prof-specialty: -0.0668", "marital-status_Married-civ-spouse: 0.0454", "age: -0.0432", "race_White: 0.0429", "education_HS-grad: 0.0397", "capital-gain: -0.0365", "sex_Female: 0.0304", "fnlwgt: 0.0272"], "raw_top": {"race_Black": -0.1332989497123055, "education_Assoc-acdm": -0.12469553321757233, "occupation_Prof-specialty": -0.0668125007564324, "marital-status_Married-civ-spouse": 0.045370095052425695, "age": -0.043167436873801895, "race_White": 0.04286143565285157, "education_HS-grad": 0.03971086580366302, "capital-gain": -0.03651584871627061, "sex_Female": 0.030435302304747253, "fnlwgt": 0.02721333150134539}}}