{"instance_id": 2056, "quadrant": "TP", "true_label": 1, "prediction": 1, "prediction_correct": true, "metrics": {"cost": 1006.3967410005716, "sparsity": 0.09259259259259259, "fidelity": 0.9905285614501779, "faithfulness_gap": 0.9297276268451302, "stability": 0.7010067813972238}, "explanation": {"top_features": ["capital-gain: 0.4772", "education_HS-grad: 0.1197", "relationship_Not-in-family: 0.0535", "sex_Female: 0.0172", "education_Some-college: 0.0101", "education-num: 0.0092", "race_Black: 0.0080", "occupation_Machine-op-inspct: 0.0053", "occupation_Craft-repair: 0.0045", "marital-status_Divorced: 0.0023"], "raw_top": {"capital-gain": 0.47717956353529034, "education_HS-grad": 0.11970110844060691, "relationship_Not-in-family": 0.05347530544141277, "sex_Female": 0.017213336905640173, "education_Some-college": 0.010106383407512467, "education-num": 0.00923575845230959, "race_Black": 0.008011319457178328, "occupation_Machine-op-inspct": 0.005293942089843201, "occupation_Craft-repair": 0.00446305839778747, "marital-status_Divorced": 0.0022864956932960867}}}