{"instance_id": 2193, "quadrant": "TP", "true_label": 1, "prediction": 1, "prediction_correct": true, "metrics": {"cost": 1000.4518980003922, "sparsity": 0.09259259259259259, "fidelity": 0.8261364116730612, "faithfulness_gap": 0.8085759147660516, "stability": 0.4238739213924546}, "explanation": {"top_features": ["education-num: 0.2146", "age: 0.1142", "education_HS-grad: 0.0738", "marital-status_Never-married: 0.0723", "education_Doctorate: 0.0590", "workclass_Private: 0.0575", "marital-status_Married-civ-spouse: 0.0490", "relationship_Husband: 0.0404", "workclass_State-gov: 0.0390", "occupation_Adm-clerical: 0.0294"], "raw_top": {"education-num": 0.21462391449620685, "age": 0.11416130319336662, "education_HS-grad": 0.07376287308226298, "marital-status_Never-married": 0.0723305885790941, "education_Doctorate": 0.05895438088035315, "workclass_Private": 0.057503474014544254, "marital-status_Married-civ-spouse": 0.04898864655045926, "relationship_Husband": 0.04044149009487541, "workclass_State-gov": 0.03900365499700274, "occupation_Adm-clerical": 0.02942684075113589}}}