{"instance_id": 2194, "quadrant": "FN", "true_label": 1, "prediction": 0, "prediction_correct": false, "metrics": {"cost": 1009.3782350013498, "sparsity": 0.09259259259259259, "fidelity": 0.59862145894885, "faithfulness_gap": 0.13840098911408494, "stability": 0.13960264574932765}, "explanation": {"top_features": ["education-num: 0.1083", "occupation_Sales: -0.0943", "education_HS-grad: 0.0569", "marital-status_Married-civ-spouse: 0.0432", "hours-per-week: 0.0275", "sex_Female: 0.0249", "marital-status_Never-married: 0.0232", "relationship_Husband: 0.0229", "occupation_Machine-op-inspct: 0.0135", "occupation_Other-service: 0.0098"], "raw_top": {"education-num": 0.10833215865434567, "occupation_Sales": -0.09431845182271408, "education_HS-grad": 0.056899981334624344, "marital-status_Married-civ-spouse": 0.043230170706834985, "hours-per-week": 0.027490334383049393, "sex_Female": 0.02494329565591639, "marital-status_Never-married": 0.023231865281909254, "relationship_Husband": 0.02294532360725994, "occupation_Machine-op-inspct": 0.013485174659709626, "occupation_Other-service": 0.009822731043198335}}}