{"instance_id": 2212, "quadrant": "TN", "true_label": 0, "prediction": 0, "prediction_correct": true, "metrics": {"cost": 1004.7035650004545, "sparsity": 0.09259259259259259, "fidelity": 0.7524650913180446, "faithfulness_gap": 0.6132694865106295, "stability": 0.5223360767025961}, "explanation": {"top_features": ["education_12th: -0.0448", "sex_Female: -0.0394", "marital-status_Married-civ-spouse: -0.0355", "occupation_Adm-clerical: -0.0282", "capital-gain: -0.0239", "relationship_Unmarried: -0.0217", "education-num: -0.0112", "marital-status_Divorced: -0.0099", "hours-per-week: -0.0045", "relationship_Husband: -0.0039"], "raw_top": {"education_12th": -0.04480950167426451, "sex_Female": -0.039359815750486665, "marital-status_Married-civ-spouse": -0.035486868061765486, "occupation_Adm-clerical": -0.028200737594222827, "capital-gain": -0.02391698738195745, "relationship_Unmarried": -0.02171403735622747, "education-num": -0.01119654712184895, "marital-status_Divorced": -0.00985762552959269, "hours-per-week": -0.004460707685183829, "relationship_Husband": -0.0038649281172224714}}}