{"instance_id": 2258, "quadrant": "FP", "true_label": 0, "prediction": 1, "prediction_correct": false, "metrics": {"cost": 1000.8337919989572, "sparsity": 0.09259259259259259, "fidelity": 0.6052865337307437, "faithfulness_gap": 0.5523633649325297, "stability": 0.09266520215214917}, "explanation": {"top_features": ["marital-status_Married-civ-spouse: 0.0870", "age: 0.0784", "hours-per-week: 0.0725", "education_HS-grad: 0.0552", "fnlwgt: 0.0543", "occupation_Machine-op-inspct: 0.0507", "education-num: 0.0360", "sex_Female: 0.0328", "marital-status_Never-married: 0.0274", "relationship_Unmarried: 0.0218"], "raw_top": {"marital-status_Married-civ-spouse": 0.08698426998909403, "age": 0.07836878630016693, "hours-per-week": 0.07249760374017256, "education_HS-grad": 0.05515450020206249, "fnlwgt": 0.05434515572473354, "occupation_Machine-op-inspct": 0.05071974622785111, "education-num": 0.03600689227074391, "sex_Female": 0.032779232065994715, "marital-status_Never-married": 0.02737170571177249, "relationship_Unmarried": 0.021756842618174177}}}