{"instance_id": 2323, "quadrant": "TN", "true_label": 0, "prediction": 0, "prediction_correct": true, "metrics": {"cost": 1000.8689030000824, "sparsity": 0.09259259259259259, "fidelity": 0.49775912266920336, "faithfulness_gap": 0.0013870279988877593, "stability": 0.8502129052632914}, "explanation": {"top_features": ["education_10th: -0.0398", "age: -0.0389", "hours-per-week: -0.0355", "occupation_Other-service: -0.0258", "marital-status_Never-married: -0.0218", "sex_Female: -0.0180", "marital-status_Married-civ-spouse: -0.0175", "capital-gain: -0.0123", "fnlwgt: -0.0084", "education-num: -0.0048"], "raw_top": {"education_10th": -0.03983872914489619, "age": -0.03891867918912602, "hours-per-week": -0.035546515006676375, "occupation_Other-service": -0.025838237024723654, "marital-status_Never-married": -0.021834219959697535, "sex_Female": -0.017998332820530975, "marital-status_Married-civ-spouse": -0.017512242590452337, "capital-gain": -0.01230938089651326, "fnlwgt": -0.008435480311211387, "education-num": -0.004845824473655613}}}