{"instance_id": 2338, "quadrant": "TN", "true_label": 0, "prediction": 0, "prediction_correct": true, "metrics": {"cost": 1001.9765889992414, "sparsity": 0.09259259259259259, "fidelity": 0.7716344701350513, "faithfulness_gap": 0.42824927152600095, "stability": 0.28799260933818965}, "explanation": {"top_features": ["sex_Female: -0.1543", "marital-status_Divorced: -0.1284", "education-num: 0.0879", "workclass_Local-gov: -0.0876", "capital-loss: 0.0759", "race_White: 0.0626", "education_HS-grad: 0.0521", "race_Black: -0.0465", "capital-gain: -0.0376", "occupation_Prof-specialty: -0.0356"], "raw_top": {"sex_Female": -0.15429756317718613, "marital-status_Divorced": -0.12836944149871587, "education-num": 0.08792355580785743, "workclass_Local-gov": -0.08761466553470587, "capital-loss": 0.07593181832362056, "race_White": 0.06262906831519545, "education_HS-grad": 0.05205359075642757, "race_Black": -0.04646778789756084, "capital-gain": -0.03756181078090113, "occupation_Prof-specialty": -0.03562040732243983}}}