{"instance_id": 2404, "quadrant": "FN", "true_label": 1, "prediction": 0, "prediction_correct": false, "metrics": {"cost": 1000.9604920014681, "sparsity": 0.09259259259259259, "fidelity": 0.5090878169044113, "faithfulness_gap": 0.12010325765500027, "stability": 0.10794982878208383}, "explanation": {"top_features": ["marital-status_Married-civ-spouse: 0.0470", "fnlwgt: -0.0408", "relationship_Husband: 0.0346", "education_HS-grad: -0.0344", "capital-gain: -0.0271", "marital-status_Never-married: 0.0239", "age: -0.0222", "relationship_Not-in-family: -0.0194", "sex_Female: -0.0151", "hours-per-week: -0.0141"], "raw_top": {"marital-status_Married-civ-spouse": 0.047006715784484954, "fnlwgt": -0.04083494370706708, "relationship_Husband": 0.03460853263245537, "education_HS-grad": -0.03437004017881625, "capital-gain": -0.027110262078272884, "marital-status_Never-married": 0.023891492721519192, "age": -0.022247427945773734, "relationship_Not-in-family": -0.01938783531687889, "sex_Female": -0.01506227220603452, "hours-per-week": -0.014148909838779079}}}