{"instance_id": 2436, "quadrant": "TP", "true_label": 1, "prediction": 1, "prediction_correct": true, "metrics": {"cost": 1001.3921009995101, "sparsity": 0.09259259259259259, "fidelity": 0.9848130508316937, "faithfulness_gap": 0.7448960606750662, "stability": 0.9666787967687327}, "explanation": {"top_features": ["capital-gain: 0.5295", "education_Prof-school: 0.0685", "education-num: 0.0347", "occupation_Machine-op-inspct: 0.0282", "relationship_Husband: 0.0266", "education_HS-grad: 0.0263", "marital-status_Married-civ-spouse: 0.0214", "marital-status_Never-married: 0.0164", "sex_Female: 0.0128", "education_11th: 0.0126"], "raw_top": {"capital-gain": 0.5295198243944557, "education_Prof-school": 0.06845063845549464, "education-num": 0.034699937898533414, "occupation_Machine-op-inspct": 0.028164726680178356, "relationship_Husband": 0.026604622750222344, "education_HS-grad": 0.026251633722351668, "marital-status_Married-civ-spouse": 0.021437900203969275, "marital-status_Never-married": 0.016403015602729047, "sex_Female": 0.012805840980662161, "education_11th": 0.012584211499525155}}}