{"instance_id": 2447, "quadrant": "TP", "true_label": 1, "prediction": 1, "prediction_correct": true, "metrics": {"cost": 1008.5400829993887, "sparsity": 0.09259259259259259, "fidelity": 0.7696753431927202, "faithfulness_gap": 0.7942080576018284, "stability": 0.15697475343292205}, "explanation": {"top_features": ["workclass_State-gov: 0.1374", "marital-status_Married-civ-spouse: 0.0790", "age: 0.0770", "education_Masters: 0.0519", "education-num: 0.0472", "race_White: 0.0446", "occupation_Machine-op-inspct: 0.0414", "sex_Female: 0.0389", "marital-status_Never-married: 0.0374", "occupation_Other-service: 0.0191"], "raw_top": {"workclass_State-gov": 0.1373553762380144, "marital-status_Married-civ-spouse": 0.07901220000429661, "age": 0.07702528057826273, "education_Masters": 0.051908833037548396, "education-num": 0.04717882892379731, "race_White": 0.04460787953573184, "occupation_Machine-op-inspct": 0.04137828537624343, "sex_Female": 0.038921475953780586, "marital-status_Never-married": 0.03741761325733053, "occupation_Other-service": 0.01907975103638171}}}