{"instance_id": 2479, "quadrant": "TP", "true_label": 1, "prediction": 1, "prediction_correct": true, "metrics": {"cost": 1008.9693580011954, "sparsity": 0.09259259259259259, "fidelity": 0.6312411326908253, "faithfulness_gap": 0.6388368714096474, "stability": 0.18999200327487892}, "explanation": {"top_features": ["marital-status_Married-civ-spouse: 0.0996", "education_HS-grad: 0.0804", "marital-status_Never-married: 0.0558", "occupation_Exec-managerial: 0.0453", "age: 0.0394", "sex_Female: 0.0343", "hours-per-week: 0.0315", "education-num: 0.0226", "fnlwgt: 0.0219", "occupation_Machine-op-inspct: 0.0144"], "raw_top": {"marital-status_Married-civ-spouse": 0.09959401455754262, "education_HS-grad": 0.0804225374557078, "marital-status_Never-married": 0.05581668582267324, "occupation_Exec-managerial": 0.045260780517331664, "age": 0.03941832947735208, "sex_Female": 0.034263162838061814, "hours-per-week": 0.03147468466597948, "education-num": 0.02260073610218923, "fnlwgt": 0.021884753687525054, "occupation_Machine-op-inspct": 0.014449088309956337}}}