{"instance_id": 2503, "quadrant": "TP", "true_label": 1, "prediction": 1, "prediction_correct": true, "metrics": {"cost": 1000.6944090000616, "sparsity": 0.09259259259259259, "fidelity": 0.9979692669000061, "faithfulness_gap": 0.9268643955381038, "stability": 0.9837088543965314}, "explanation": {"top_features": ["capital-gain: 0.8130", "education_HS-grad: -0.0268", "workclass_Private: 0.0223", "age: -0.0208", "occupation_Craft-repair: -0.0191", "workclass_Self-emp-inc: -0.0161", "marital-status_Married-civ-spouse: 0.0132", "fnlwgt: -0.0125", "occupation_Machine-op-inspct: 0.0122", "education_Some-college: 0.0114"], "raw_top": {"capital-gain": 0.8130431692028294, "education_HS-grad": -0.02675645722610933, "workclass_Private": 0.02231641823708101, "age": -0.020766599075991387, "occupation_Craft-repair": -0.019138041399108532, "workclass_Self-emp-inc": -0.016130371972190402, "marital-status_Married-civ-spouse": 0.013240088784693183, "fnlwgt": -0.012482532064956264, "occupation_Machine-op-inspct": 0.012195234423085755, "education_Some-college": 0.01140144967041734}}}