{"instance_id": 2507, "quadrant": "TN", "true_label": 0, "prediction": 0, "prediction_correct": true, "metrics": {"cost": 1004.763629000081, "sparsity": 0.09259259259259259, "fidelity": 0.8725981863679065, "faithfulness_gap": 0.45157638772228925, "stability": 0.18710152738094857}, "explanation": {"top_features": ["workclass_Local-gov: -0.1297", "workclass_Private: 0.0560", "age: -0.0447", "education_HS-grad: -0.0345", "capital-gain: -0.0330", "marital-status_Married-civ-spouse: 0.0309", "occupation_Craft-repair: -0.0242", "fnlwgt: 0.0191", "hours-per-week: -0.0182", "education_Some-college: 0.0159"], "raw_top": {"workclass_Local-gov": -0.1296779364874653, "workclass_Private": 0.056007749095216344, "age": -0.04466102726893305, "education_HS-grad": -0.03446977016600402, "capital-gain": -0.033045368023092825, "marital-status_Married-civ-spouse": 0.030941526384643543, "occupation_Craft-repair": -0.02420093920722791, "fnlwgt": 0.01905050273875261, "hours-per-week": -0.018166061257128767, "education_Some-college": 0.015896884217362586}}}