{"instance_id": 2514, "quadrant": "FP", "true_label": 0, "prediction": 1, "prediction_correct": false, "metrics": {"cost": 1000.5975889998808, "sparsity": 0.09259259259259259, "fidelity": 0.7649784057217923, "faithfulness_gap": 0.802603030381841, "stability": 0.14158394789775527}, "explanation": {"top_features": ["workclass_Private: 0.1231", "education_HS-grad: 0.0792", "marital-status_Married-civ-spouse: 0.0626", "hours-per-week: 0.0598", "occupation_Exec-managerial: 0.0561", "relationship_Husband: 0.0554", "marital-status_Never-married: 0.0491", "occupation_Machine-op-inspct: 0.0374", "sex_Female: 0.0339", "age: 0.0305"], "raw_top": {"workclass_Private": 0.1230986437721202, "education_HS-grad": 0.07916885617044947, "marital-status_Married-civ-spouse": 0.0626487454841925, "hours-per-week": 0.05981486902343303, "occupation_Exec-managerial": 0.05612356455462394, "relationship_Husband": 0.0553869529276161, "marital-status_Never-married": 0.049110083781037144, "occupation_Machine-op-inspct": 0.037439269185555624, "sex_Female": 0.03388703147670421, "age": 0.030534097571188523}}}