{"instance_id": 2517, "quadrant": "FN", "true_label": 1, "prediction": 0, "prediction_correct": false, "metrics": {"cost": 1000.9954730012396, "sparsity": 0.09259259259259259, "fidelity": 0.8718549835608256, "faithfulness_gap": 0.6930591245468785, "stability": 0.1864674652082617}, "explanation": {"top_features": ["age: -0.1891", "sex_Female: -0.0654", "relationship_Wife: 0.0646", "race_White: 0.0494", "race_Black: -0.0426", "relationship_Husband: -0.0413", "education_HS-grad: 0.0407", "occupation_Exec-managerial: 0.0381", "marital-status_Married-civ-spouse: 0.0368", "sex_Male: 0.0281"], "raw_top": {"age": -0.18910377947863666, "sex_Female": -0.06539991385135076, "relationship_Wife": 0.0646084868911648, "race_White": 0.04941656688219822, "race_Black": -0.042607747687426846, "relationship_Husband": -0.041310737588311275, "education_HS-grad": 0.04071094415947736, "occupation_Exec-managerial": 0.03807569443445123, "marital-status_Married-civ-spouse": 0.03683480067317401, "sex_Male": 0.028088106734130813}}}