{"instance_id": 2521, "quadrant": "FP", "true_label": 0, "prediction": 1, "prediction_correct": false, "metrics": {"cost": 1009.0423560013733, "sparsity": 0.09259259259259259, "fidelity": 0.7535599800882744, "faithfulness_gap": 0.02216557153478982, "stability": 0.18578432217254057}, "explanation": {"top_features": ["age: 0.1092", "occupation_Exec-managerial: 0.1060", "marital-status_Married-civ-spouse: 0.1010", "hours-per-week: -0.0853", "education_Masters: 0.0754", "education_HS-grad: 0.0610", "marital-status_Never-married: 0.0577", "occupation_Machine-op-inspct: 0.0358", "relationship_Unmarried: 0.0196", "occupation_Craft-repair: 0.0143"], "raw_top": {"age": 0.10919656932493248, "occupation_Exec-managerial": 0.1060045595573512, "marital-status_Married-civ-spouse": 0.10100072868872281, "hours-per-week": -0.08534278246392313, "education_Masters": 0.07540436797406458, "education_HS-grad": 0.06095163702314515, "marital-status_Never-married": 0.05766678889654862, "occupation_Machine-op-inspct": 0.03575436155357447, "relationship_Unmarried": 0.019627615052962826, "occupation_Craft-repair": 0.014298379264796612}}}