{"instance_id": 2688, "quadrant": "FN", "true_label": 1, "prediction": 0, "prediction_correct": false, "metrics": {"cost": 1000.622277999355, "sparsity": 0.09259259259259259, "fidelity": 0.7970025977502928, "faithfulness_gap": 0.09361919644718902, "stability": 0.12985102831323642}, "explanation": {"top_features": ["age: -0.1212", "education-num: 0.0775", "marital-status_Married-civ-spouse: 0.0742", "education_HS-grad: 0.0675", "occupation_Sales: -0.0599", "relationship_Not-in-family: -0.0394", "marital-status_Never-married: 0.0366", "occupation_Machine-op-inspct: 0.0251", "hours-per-week: -0.0241", "capital-gain: -0.0191"], "raw_top": {"age": -0.12122617578025989, "education-num": 0.07753781818398994, "marital-status_Married-civ-spouse": 0.0741645518919855, "education_HS-grad": 0.06752093958772998, "occupation_Sales": -0.05993747264354041, "relationship_Not-in-family": -0.03940693433320132, "marital-status_Never-married": 0.036613117483838525, "occupation_Machine-op-inspct": 0.02509973643835024, "hours-per-week": -0.024118677550870715, "capital-gain": -0.019055443170206635}}}