{"instance_id": 2886, "quadrant": "FP", "true_label": 0, "prediction": 1, "prediction_correct": false, "metrics": {"cost": 1002.0321169995441, "sparsity": 0.09259259259259259, "fidelity": 0.37804013310741624, "faithfulness_gap": 0.49749250727354166, "stability": 0.11548073055745366}, "explanation": {"top_features": ["education_HS-grad: 0.0792", "age: 0.0401", "sex_Female: 0.0380", "education_Some-college: 0.0341", "occupation_Prof-specialty: 0.0311", "occupation_Machine-op-inspct: 0.0277", "fnlwgt: 0.0190", "education-num: 0.0166", "education_11th: 0.0131", "relationship_Not-in-family: 0.0117"], "raw_top": {"education_HS-grad": 0.07918521182663417, "age": 0.04010957570669833, "sex_Female": 0.03798600446715724, "education_Some-college": 0.03405672076780576, "occupation_Prof-specialty": 0.031139498651820134, "occupation_Machine-op-inspct": 0.027741486429569272, "fnlwgt": 0.019049465052435943, "education-num": 0.01658768641090776, "education_11th": 0.013109417564966995, "relationship_Not-in-family": 0.011652352897880247}}}