{"instance_id": 2935, "quadrant": "TN", "true_label": 0, "prediction": 0, "prediction_correct": true, "metrics": {"cost": 1000.682814999891, "sparsity": 0.09259259259259259, "fidelity": 0.4856152826931002, "faithfulness_gap": 0.023203151832822122, "stability": 0.05388737713876512}, "explanation": {"top_features": ["occupation_Transport-moving: -0.0709", "education_HS-grad: -0.0584", "relationship_Husband: 0.0483", "capital-gain: -0.0407", "sex_Female: 0.0333", "marital-status_Never-married: 0.0279", "workclass_Private: -0.0245", "hours-per-week: -0.0233", "marital-status_Married-civ-spouse: 0.0198", "marital-status_Divorced: -0.0142"], "raw_top": {"occupation_Transport-moving": -0.07089059043313796, "education_HS-grad": -0.05840631973872914, "relationship_Husband": 0.04828226326054773, "capital-gain": -0.040699654730218054, "sex_Female": 0.03325697649082067, "marital-status_Never-married": 0.027935200071826843, "workclass_Private": -0.024454496809900417, "hours-per-week": -0.023250197532503687, "marital-status_Married-civ-spouse": 0.019831104482375184, "marital-status_Divorced": -0.014187307372193895}}}