{"instance_id": 2944, "quadrant": "TP", "true_label": 1, "prediction": 1, "prediction_correct": true, "metrics": {"cost": 1004.9306970013276, "sparsity": 0.09259259259259259, "fidelity": 0.802455978452994, "faithfulness_gap": 0.6989880117423332, "stability": 0.26781567530515327}, "explanation": {"top_features": ["capital-loss: 0.1734", "age: 0.0612", "occupation_Machine-op-inspct: 0.0510", "sex_Female: 0.0496", "marital-status_Never-married: 0.0399", "relationship_Husband: 0.0324", "education_Some-college: 0.0316", "fnlwgt: 0.0300", "marital-status_Divorced: 0.0283", "marital-status_Married-civ-spouse: 0.0169"], "raw_top": {"capital-loss": 0.17342126971682814, "age": 0.06123520656537002, "occupation_Machine-op-inspct": 0.05096051077217653, "sex_Female": 0.04956981962875588, "marital-status_Never-married": 0.03990076925854759, "relationship_Husband": 0.03237154776125971, "education_Some-college": 0.03161847990552127, "fnlwgt": 0.030016792029400156, "marital-status_Divorced": 0.028253081354051014, "marital-status_Married-civ-spouse": 0.01694193931343485}}}