{"instance_id": 2948, "quadrant": "TP", "true_label": 1, "prediction": 1, "prediction_correct": true, "metrics": {"cost": 1000.6533350006066, "sparsity": 0.09259259259259259, "fidelity": 0.6553823060254812, "faithfulness_gap": 0.3676949029142258, "stability": 0.08968696087829513}, "explanation": {"top_features": ["education_Assoc-voc: -0.1207", "marital-status_Married-civ-spouse: 0.0824", "occupation_Tech-support: 0.0730", "hours-per-week: 0.0511", "education-num: 0.0503", "education_Some-college: 0.0309", "marital-status_Never-married: 0.0304", "age: 0.0299", "education_HS-grad: 0.0283", "sex_Female: 0.0274"], "raw_top": {"education_Assoc-voc": -0.12073391420476676, "marital-status_Married-civ-spouse": 0.0823909552645598, "occupation_Tech-support": 0.07295254141413869, "hours-per-week": 0.05114937204912439, "education-num": 0.05028415779850796, "education_Some-college": 0.030888506927378795, "marital-status_Never-married": 0.03037793101481231, "age": 0.029882291349815616, "education_HS-grad": 0.028270462805526083, "sex_Female": 0.027438559115466953}}}