{"instance_id": 2982, "quadrant": "TN", "true_label": 0, "prediction": 0, "prediction_correct": true, "metrics": {"cost": 1009.222263999618, "sparsity": 0.09259259259259259, "fidelity": 0.8413458714127013, "faithfulness_gap": 0.3839188650653145, "stability": 0.48311463824277345}, "explanation": {"top_features": ["education_5th-6th: -0.2682", "native-country_Cuba: -0.1903", "education-num: 0.1133", "native-country_United-States: 0.1073", "workclass_Private: 0.0798", "sex_Female: 0.0464", "marital-status_Married-civ-spouse: 0.0422", "occupation_Machine-op-inspct: 0.0326", "marital-status_Never-married: 0.0297", "occupation_Transport-moving: 0.0278"], "raw_top": {"education_5th-6th": -0.2681956218253316, "native-country_Cuba": -0.1903175753957239, "education-num": 0.11329286540027776, "native-country_United-States": 0.10734785868747605, "workclass_Private": 0.07984693154883675, "sex_Female": 0.046381010337111, "marital-status_Married-civ-spouse": 0.04215402182564354, "occupation_Machine-op-inspct": 0.03259523729843599, "marital-status_Never-married": 0.029670995971173335, "occupation_Transport-moving": 0.02784188832571742}}}