{"instance_id": 3069, "quadrant": "FP", "true_label": 0, "prediction": 1, "prediction_correct": false, "metrics": {"cost": 1016.6553120016033, "sparsity": 0.09259259259259259, "fidelity": 0.8256927658852014, "faithfulness_gap": 0.8516963273971853, "stability": 0.49640563736982457}, "explanation": {"top_features": ["marital-status_Widowed: 0.2544", "sex_Female: 0.0837", "education_HS-grad: 0.0687", "occupation_Machine-op-inspct: 0.0672", "education_Masters: 0.0598", "native-country_nan: 0.0531", "native-country_United-States: 0.0512", "hours-per-week: 0.0509", "age: 0.0507", "marital-status_Never-married: 0.0297"], "raw_top": {"marital-status_Widowed": 0.2544351819201354, "sex_Female": 0.08374186411773513, "education_HS-grad": 0.06870489744318949, "occupation_Machine-op-inspct": 0.06717893302362682, "education_Masters": 0.0597971435801338, "native-country_nan": 0.053096916405953556, "native-country_United-States": 0.051155376450394474, "hours-per-week": 0.050882061818415064, "age": 0.05067465403337282, "marital-status_Never-married": 0.0297108544241802}}}