{"instance_id": 3082, "quadrant": "FN", "true_label": 1, "prediction": 0, "prediction_correct": false, "metrics": {"cost": 1009.32913500219, "sparsity": 0.09259259259259259, "fidelity": 0.8403655221682482, "faithfulness_gap": 0.20265877231360346, "stability": 0.26702379865416015}, "explanation": {"top_features": ["hours-per-week: -0.2852", "workclass_Private: 0.0800", "marital-status_Married-civ-spouse: 0.0546", "age: 0.0392", "education_HS-grad: 0.0391", "education-num: 0.0364", "workclass_Federal-gov: 0.0360", "occupation_Machine-op-inspct: 0.0350", "marital-status_Never-married: 0.0252", "occupation_Craft-repair: 0.0148"], "raw_top": {"hours-per-week": -0.28518476614495314, "workclass_Private": 0.07995061963667853, "marital-status_Married-civ-spouse": 0.05458960634395218, "age": 0.039236747859861545, "education_HS-grad": 0.03910213691616638, "education-num": 0.03636471476422689, "workclass_Federal-gov": 0.036021258347383026, "occupation_Machine-op-inspct": 0.035031439420111436, "marital-status_Never-married": 0.025178129719802683, "occupation_Craft-repair": 0.014759763252380442}}}