{"instance_id": 3120, "quadrant": "TN", "true_label": 0, "prediction": 0, "prediction_correct": true, "metrics": {"cost": 1000.9224400000676, "sparsity": 0.09259259259259259, "fidelity": 0.8164019506776784, "faithfulness_gap": 0.43316007908992693, "stability": 0.6851225932147031}, "explanation": {"top_features": ["native-country_Italy: -0.1145", "occupation_Craft-repair: -0.0662", "education_HS-grad: -0.0302", "capital-gain: -0.0267", "age: -0.0227", "marital-status_Married-civ-spouse: 0.0211", "occupation_Machine-op-inspct: 0.0172", "education_Some-college: 0.0168", "workclass_Private: -0.0110", "education_Masters: -0.0069"], "raw_top": {"native-country_Italy": -0.11448232268004759, "occupation_Craft-repair": -0.06621752807072821, "education_HS-grad": -0.030226515966399678, "capital-gain": -0.026739144104937107, "age": -0.022689222978538412, "marital-status_Married-civ-spouse": 0.021121609587808676, "occupation_Machine-op-inspct": 0.017187186928871945, "education_Some-college": 0.01683151414366883, "workclass_Private": -0.010991594223847495, "education_Masters": -0.006864533811489002}}}