{"instance_id": 3270, "quadrant": "FP", "true_label": 0, "prediction": 1, "prediction_correct": false, "metrics": {"cost": 1002.8337020012259, "sparsity": 0.09259259259259259, "fidelity": 0.7441271694263336, "faithfulness_gap": 0.5010326963859135, "stability": 0.6057806773146636}, "explanation": {"top_features": ["education_7th-8th: -0.1954", "education-num: 0.1377", "age: 0.1180", "education_HS-grad: 0.0604", "relationship_Own-child: 0.0574", "sex_Female: 0.0329", "education_Some-college: 0.0291", "occupation_Machine-op-inspct: 0.0244", "occupation_Other-service: 0.0125", "education_Assoc-voc: 0.0105"], "raw_top": {"education_7th-8th": -0.1953595476722008, "education-num": 0.13774473109108876, "age": 0.11804788337824941, "education_HS-grad": 0.0603838467357947, "relationship_Own-child": 0.05744485907022427, "sex_Female": 0.03294242012873129, "education_Some-college": 0.029131120838146365, "occupation_Machine-op-inspct": 0.024404300328039148, "occupation_Other-service": 0.012522163167891029, "education_Assoc-voc": 0.0104783914706012}}}