{"instance_id": 3272, "quadrant": "TN", "true_label": 0, "prediction": 0, "prediction_correct": true, "metrics": {"cost": 1001.0599929992168, "sparsity": 0.09259259259259259, "fidelity": 0.340675114708975, "faithfulness_gap": 0.00027100642306601897, "stability": 0.7466633475913534}, "explanation": {"top_features": ["age: -0.0439", "marital-status_Married-civ-spouse: -0.0284", "occupation_Other-service: -0.0283", "marital-status_Never-married: -0.0275", "capital-gain: -0.0261", "race_Black: -0.0223", "education_HS-grad: -0.0208", "relationship_Husband: -0.0120", "relationship_Own-child: -0.0108", "education_Masters: -0.0029"], "raw_top": {"age": -0.04393693412390386, "marital-status_Married-civ-spouse": -0.028449090145127875, "occupation_Other-service": -0.028267982165710578, "marital-status_Never-married": -0.02752831259727784, "capital-gain": -0.02605644587611421, "race_Black": -0.02228888027759326, "education_HS-grad": -0.020788709667328112, "relationship_Husband": -0.012008240176051834, "relationship_Own-child": -0.010839045332641994, "education_Masters": -0.0029138267534375706}}}