{"instance_id": 3301, "quadrant": "FP", "true_label": 0, "prediction": 1, "prediction_correct": false, "metrics": {"cost": 1005.1083889993606, "sparsity": 0.09259259259259259, "fidelity": 0.6632893566225948, "faithfulness_gap": 0.4271262845416116, "stability": 0.21769483766228898}, "explanation": {"top_features": ["workclass_Local-gov: -0.1651", "education-num: 0.1382", "education_HS-grad: 0.0670", "workclass_Private: 0.0629", "marital-status_Married-civ-spouse: 0.0472", "occupation_Machine-op-inspct: 0.0423", "relationship_Husband: 0.0383", "marital-status_Never-married: 0.0365", "fnlwgt: 0.0220", "native-country_China: 0.0099"], "raw_top": {"workclass_Local-gov": -0.1651216248009043, "education-num": 0.13821578160700454, "education_HS-grad": 0.06697798898683524, "workclass_Private": 0.06292177159733002, "marital-status_Married-civ-spouse": 0.04718722089416326, "occupation_Machine-op-inspct": 0.04226866630857926, "relationship_Husband": 0.03827013554170988, "marital-status_Never-married": 0.03647340725970189, "fnlwgt": 0.021958104803731615, "native-country_China": 0.009910501249529259}}}