{"instance_id": 3334, "quadrant": "TN", "true_label": 0, "prediction": 0, "prediction_correct": true, "metrics": {"cost": 1009.2226759988989, "sparsity": 0.09259259259259259, "fidelity": 0.9434135991627604, "faithfulness_gap": 0.5747940134189795, "stability": 0.32413772547858694}, "explanation": {"top_features": ["workclass_Self-emp-not-inc: -0.2262", "education_Assoc-voc: -0.1558", "education_HS-grad: 0.0570", "occupation_Exec-managerial: 0.0495", "age: 0.0489", "marital-status_Married-civ-spouse: 0.0474", "hours-per-week: 0.0340", "sex_Female: 0.0338", "education_Some-college: 0.0308", "relationship_Husband: 0.0247"], "raw_top": {"workclass_Self-emp-not-inc": -0.2262260421484723, "education_Assoc-voc": -0.1558416519873106, "education_HS-grad": 0.057011772613700315, "occupation_Exec-managerial": 0.04952707783019201, "age": 0.048895213003823365, "marital-status_Married-civ-spouse": 0.04744535050320474, "hours-per-week": 0.03403632449025104, "sex_Female": 0.03375414700351414, "education_Some-college": 0.030847285395988685, "relationship_Husband": 0.02469494569286321}}}