{"instance_id": 3439, "quadrant": "FP", "true_label": 0, "prediction": 1, "prediction_correct": false, "metrics": {"cost": 1007.2370500001853, "sparsity": 0.09259259259259259, "fidelity": 0.8022860311276157, "faithfulness_gap": 0.6892682678218204, "stability": 0.3348662330173208}, "explanation": {"top_features": ["hours-per-week: 0.1185", "fnlwgt: 0.1139", "marital-status_Separated: 0.0748", "occupation_Tech-support: 0.0694", "education_Some-college: 0.0688", "education_HS-grad: 0.0461", "race_Black: 0.0295", "relationship_Husband: 0.0243", "occupation_Adm-clerical: 0.0216", "education-num: 0.0183"], "raw_top": {"hours-per-week": 0.11845631057062596, "fnlwgt": 0.11389890128405857, "marital-status_Separated": 0.07475745438276622, "occupation_Tech-support": 0.0693738401796845, "education_Some-college": 0.06881075294283112, "education_HS-grad": 0.04613448054196141, "race_Black": 0.029502933474295407, "relationship_Husband": 0.024349228879989568, "occupation_Adm-clerical": 0.0215756830464555, "education-num": 0.018301643248897825}}}