{"instance_id": 3538, "quadrant": "TN", "true_label": 0, "prediction": 0, "prediction_correct": true, "metrics": {"cost": 1000.4275480005163, "sparsity": 0.09259259259259259, "fidelity": 0.7832208445294918, "faithfulness_gap": 0.03954363647699258, "stability": 0.6159121459681023}, "explanation": {"top_features": ["age: -0.0748", "marital-status_Never-married: -0.0372", "marital-status_Married-civ-spouse: -0.0296", "capital-gain: -0.0188", "education_Assoc-voc: -0.0178", "occupation_Craft-repair: -0.0168", "relationship_Own-child: -0.0156", "relationship_Husband: -0.0048", "capital-loss: -0.0047", "workclass_Private: -0.0030"], "raw_top": {"age": -0.07476364733928405, "marital-status_Never-married": -0.03717905785198912, "marital-status_Married-civ-spouse": -0.029567963267324145, "capital-gain": -0.018831862204990932, "education_Assoc-voc": -0.017790340841452368, "occupation_Craft-repair": -0.016820376762858556, "relationship_Own-child": -0.015604500365942516, "relationship_Husband": -0.004831526600048657, "capital-loss": -0.00470955951366494, "workclass_Private": -0.002970060711904282}}}