{"instance_id": 3547, "quadrant": "TP", "true_label": 1, "prediction": 1, "prediction_correct": true, "metrics": {"cost": 1000.5435299990495, "sparsity": 0.09259259259259259, "fidelity": 0.8638910919558825, "faithfulness_gap": 0.8027975875173294, "stability": 0.4787768829342214}, "explanation": {"top_features": ["capital-gain: 0.2867", "marital-status_Married-civ-spouse: 0.0761", "education_HS-grad: 0.0552", "workclass_Private: 0.0466", "education-num: 0.0347", "marital-status_Never-married: 0.0269", "sex_Female: 0.0163", "relationship_Unmarried: 0.0153", "relationship_Own-child: 0.0141", "age: 0.0121"], "raw_top": {"capital-gain": 0.2867256015385203, "marital-status_Married-civ-spouse": 0.07608532579172074, "education_HS-grad": 0.055155253570330305, "workclass_Private": 0.04660040085616619, "education-num": 0.03473846418552264, "marital-status_Never-married": 0.02690672355623838, "sex_Female": 0.01634460966752656, "relationship_Unmarried": 0.015284540837246764, "relationship_Own-child": 0.01410033361415819, "age": 0.012124673506667329}}}