{"instance_id": 3646, "quadrant": "FP", "true_label": 0, "prediction": 1, "prediction_correct": false, "metrics": {"cost": 1008.6038959998405, "sparsity": 0.09259259259259259, "fidelity": 0.682290885202518, "faithfulness_gap": 0.5001760490526641, "stability": 0.08712420196842076}, "explanation": {"top_features": ["age: 0.0712", "marital-status_Married-civ-spouse: 0.0645", "education_HS-grad: 0.0390", "marital-status_Never-married: 0.0292", "sex_Female: 0.0218", "hours-per-week: 0.0196", "occupation_Machine-op-inspct: 0.0187", "relationship_Own-child: 0.0147", "marital-status_Divorced: 0.0142", "occupation_Craft-repair: 0.0129"], "raw_top": {"age": 0.07119529000204257, "marital-status_Married-civ-spouse": 0.0644535614762579, "education_HS-grad": 0.03904170051581297, "marital-status_Never-married": 0.029222643314765435, "sex_Female": 0.02179150364543111, "hours-per-week": 0.01959395372741284, "occupation_Machine-op-inspct": 0.018694800688710343, "relationship_Own-child": 0.014683455770985716, "marital-status_Divorced": 0.014226336996315125, "occupation_Craft-repair": 0.012947319397848378}}}