{"instance_id": 3722, "quadrant": "FP", "true_label": 0, "prediction": 1, "prediction_correct": false, "metrics": {"cost": 1000.9134559986705, "sparsity": 0.09259259259259259, "fidelity": 0.9069455078991081, "faithfulness_gap": 0.9204818170748745, "stability": 0.14575702846410887}, "explanation": {"top_features": ["race_Asian-Pac-Islander: 0.1645", "race_White: 0.1377", "sex_Female: 0.0849", "marital-status_Married-civ-spouse: 0.0829", "fnlwgt: 0.0556", "marital-status_Never-married: 0.0443", "occupation_Adm-clerical: 0.0399", "relationship_Husband: 0.0373", "workclass_Self-emp-not-inc: 0.0309", "occupation_Farming-fishing: 0.0275"], "raw_top": {"race_Asian-Pac-Islander": 0.16445182449109627, "race_White": 0.1376979266890047, "sex_Female": 0.0849049525694737, "marital-status_Married-civ-spouse": 0.08287150800530954, "fnlwgt": 0.055628012900046375, "marital-status_Never-married": 0.04430004872406528, "occupation_Adm-clerical": 0.03994440730505071, "relationship_Husband": 0.03732069099883106, "workclass_Self-emp-not-inc": 0.030902933551590187, "occupation_Farming-fishing": 0.027490692041208575}}}