{"instance_id": 3742, "quadrant": "TP", "true_label": 1, "prediction": 1, "prediction_correct": true, "metrics": {"cost": 1000.8155670002452, "sparsity": 0.09259259259259259, "fidelity": 0.9527070200403488, "faithfulness_gap": 0.801893993020773, "stability": 0.5573330136191094}, "explanation": {"top_features": ["capital-gain: 0.3263", "education_HS-grad: 0.0758", "age: 0.0618", "hours-per-week: 0.0546", "relationship_Husband: 0.0498", "marital-status_Married-civ-spouse: 0.0462", "occupation_Exec-managerial: 0.0446", "marital-status_Never-married: 0.0436", "occupation_Machine-op-inspct: 0.0329", "education_Some-college: 0.0327"], "raw_top": {"capital-gain": 0.3263466631377675, "education_HS-grad": 0.07577456962620596, "age": 0.06184152426818357, "hours-per-week": 0.05456638653345208, "relationship_Husband": 0.04982128643373052, "marital-status_Married-civ-spouse": 0.04621643419493587, "occupation_Exec-managerial": 0.044594373710144575, "marital-status_Never-married": 0.04355523670001625, "occupation_Machine-op-inspct": 0.0329228971843567, "education_Some-college": 0.032726090189850746}}}