{"instance_id": 3764, "quadrant": "TP", "true_label": 1, "prediction": 1, "prediction_correct": true, "metrics": {"cost": 1001.6072290000011, "sparsity": 0.09259259259259259, "fidelity": 0.5288828623081847, "faithfulness_gap": 0.7597432298091502, "stability": 0.31649332202822583}, "explanation": {"top_features": ["capital-loss: 0.1992", "education_HS-grad: 0.0983", "age: 0.0706", "marital-status_Never-married: 0.0555", "education-num: 0.0457", "relationship_Husband: 0.0303", "relationship_Own-child: 0.0292", "occupation_Adm-clerical: 0.0243", "fnlwgt: 0.0218", "occupation_Craft-repair: 0.0194"], "raw_top": {"capital-loss": 0.19923219592800104, "education_HS-grad": 0.09825063335913174, "age": 0.07059008396527122, "marital-status_Never-married": 0.05545045664812509, "education-num": 0.04573982532631784, "relationship_Husband": 0.03032447157318539, "relationship_Own-child": 0.029229399545738784, "occupation_Adm-clerical": 0.02431876356655536, "fnlwgt": 0.02183373518846111, "occupation_Craft-repair": 0.019433340825124157}}}