{"instance_id": 386, "quadrant": "TP", "true_label": 1, "prediction": 1, "prediction_correct": true, "metrics": {"cost": 1001.103945000068, "sparsity": 0.09259259259259259, "fidelity": 0.9880412067989406, "faithfulness_gap": 0.6054361953970848, "stability": 0.9807154610481514}, "explanation": {"top_features": ["capital-gain: 0.7398", "marital-status_Never-married: -0.0842", "education_Masters: 0.0508", "sex_Female: -0.0424", "relationship_Not-in-family: 0.0340", "hours-per-week: 0.0183", "occupation_Machine-op-inspct: 0.0181", "education_HS-grad: 0.0162", "workclass_Private: 0.0140", "sex_Male: 0.0124"], "raw_top": {"capital-gain": 0.7398147897056907, "marital-status_Never-married": -0.08420917573014906, "education_Masters": 0.050767436588215316, "sex_Female": -0.042416832157470497, "relationship_Not-in-family": 0.03400344680495176, "hours-per-week": 0.018304112576455565, "occupation_Machine-op-inspct": 0.01805656978642088, "education_HS-grad": 0.01619521880757622, "workclass_Private": 0.013979712093715521, "sex_Male": 0.012427011093074076}}}