{"instance_id": 3960, "quadrant": "TN", "true_label": 0, "prediction": 0, "prediction_correct": true, "metrics": {"cost": 1009.3097890003264, "sparsity": 0.09259259259259259, "fidelity": 0.9131238491069787, "faithfulness_gap": 0.1085658240441495, "stability": 0.45258828232660786}, "explanation": {"top_features": ["education_11th: -0.1917", "capital-gain: -0.0435", "occupation_Craft-repair: -0.0376", "education_HS-grad: 0.0373", "marital-status_Married-civ-spouse: 0.0281", "age: -0.0259", "education_Some-college: 0.0254", "education-num: -0.0240", "occupation_Machine-op-inspct: 0.0240", "education_Masters: -0.0145"], "raw_top": {"education_11th": -0.19167511314923108, "capital-gain": -0.04348255467707954, "occupation_Craft-repair": -0.037576031863791895, "education_HS-grad": 0.037321290196466426, "marital-status_Married-civ-spouse": 0.028095293936086323, "age": -0.0259419919405691, "education_Some-college": 0.025359050760805704, "education-num": -0.023987506064343085, "occupation_Machine-op-inspct": 0.02396064605984044, "education_Masters": -0.014485141164149874}}}