{"instance_id": 3965, "quadrant": "FP", "true_label": 0, "prediction": 1, "prediction_correct": false, "metrics": {"cost": 1009.824471999309, "sparsity": 0.09259259259259259, "fidelity": 0.8810004855362986, "faithfulness_gap": 0.8630511007465104, "stability": 0.3162463217043838}, "explanation": {"top_features": ["native-country_Germany: 0.1710", "age: 0.1216", "marital-status_Married-civ-spouse: 0.1035", "sex_Female: 0.0651", "marital-status_Never-married: 0.0552", "education_HS-grad: 0.0420", "occupation_Machine-op-inspct: 0.0355", "relationship_Unmarried: 0.0220", "occupation_Adm-clerical: 0.0191", "native-country_United-States: 0.0189"], "raw_top": {"native-country_Germany": 0.1709745549540928, "age": 0.121587535736705, "marital-status_Married-civ-spouse": 0.10347940091445904, "sex_Female": 0.06510553856820996, "marital-status_Never-married": 0.05519720412645532, "education_HS-grad": 0.0420324840403146, "occupation_Machine-op-inspct": 0.035509489668317275, "relationship_Unmarried": 0.022026301127654947, "occupation_Adm-clerical": 0.01905215460994089, "native-country_United-States": 0.0189042613565803}}}