{"instance_id": 4090, "quadrant": "TN", "true_label": 0, "prediction": 0, "prediction_correct": true, "metrics": {"cost": 1005.7560260011087, "sparsity": 0.09259259259259259, "fidelity": 0.5799081085999223, "faithfulness_gap": 0.03150103235854347, "stability": 0.7851120195408067}, "explanation": {"top_features": ["occupation_Handlers-cleaners: -0.0544", "age: -0.0517", "hours-per-week: -0.0377", "marital-status_Never-married: -0.0350", "marital-status_Married-civ-spouse: -0.0326", "capital-gain: -0.0237", "race_White: 0.0228", "race_Black: -0.0214", "education_HS-grad: 0.0158", "relationship_Husband: -0.0051"], "raw_top": {"occupation_Handlers-cleaners": -0.05442949028456024, "age": -0.05170625894039107, "hours-per-week": -0.037718214744241106, "marital-status_Never-married": -0.03495181916435316, "marital-status_Married-civ-spouse": -0.03256860662456978, "capital-gain": -0.02373088270996028, "race_White": 0.022764279860543093, "race_Black": -0.021382177860637244, "education_HS-grad": 0.015789335074541416, "relationship_Husband": -0.005143797732430144}}}