{"instance_id": 4201, "quadrant": "TN", "true_label": 0, "prediction": 0, "prediction_correct": true, "metrics": {"cost": 1000.518163000379, "sparsity": 0.09259259259259259, "fidelity": 0.8692891120478441, "faithfulness_gap": 0.013578140410065026, "stability": 0.1526308242288211}, "explanation": {"top_features": ["workclass_Local-gov: -0.1622", "hours-per-week: -0.1000", "workclass_Private: 0.0704", "marital-status_Married-civ-spouse: 0.0439", "capital-gain: -0.0342", "sex_Female: 0.0307", "education_HS-grad: 0.0300", "marital-status_Never-married: 0.0215", "fnlwgt: 0.0190", "occupation_Prof-specialty: 0.0126"], "raw_top": {"workclass_Local-gov": -0.16222174676984652, "hours-per-week": -0.1000381570627543, "workclass_Private": 0.07036042326707648, "marital-status_Married-civ-spouse": 0.04386839281610682, "capital-gain": -0.03415393851146995, "sex_Female": 0.030711268052496694, "education_HS-grad": 0.030010164832271636, "marital-status_Never-married": 0.021507551999539142, "fnlwgt": 0.018974605328293842, "occupation_Prof-specialty": 0.012554862677632991}}}