{"instance_id": 4209, "quadrant": "TN", "true_label": 0, "prediction": 0, "prediction_correct": true, "metrics": {"cost": 1008.8011150000966, "sparsity": 0.09259259259259259, "fidelity": 0.5155261389205847, "faithfulness_gap": 0.3079315667809862, "stability": 0.723888004137471}, "explanation": {"top_features": ["education_9th: -0.0576", "race_Amer-Indian-Eskimo: -0.0550", "age: -0.0411", "race_White: 0.0309", "occupation_Other-service: -0.0307", "marital-status_Never-married: -0.0228", "marital-status_Married-civ-spouse: -0.0213", "capital-gain: -0.0174", "relationship_Husband: -0.0042", "relationship_Own-child: -0.0037"], "raw_top": {"education_9th": -0.057633929144754806, "race_Amer-Indian-Eskimo": -0.05504059471179709, "age": -0.04111397058162674, "race_White": 0.030877246846075686, "occupation_Other-service": -0.030719448910340223, "marital-status_Never-married": -0.022828033162298134, "marital-status_Married-civ-spouse": -0.021255402945606544, "capital-gain": -0.017425285179920078, "relationship_Husband": -0.004248764767159463, "relationship_Own-child": -0.0036893829682369417}}}