{"instance_id": 4314, "quadrant": "FN", "true_label": 1, "prediction": 0, "prediction_correct": false, "metrics": {"cost": 1019.0064019989222, "sparsity": 0.09259259259259259, "fidelity": 0.8612077929522535, "faithfulness_gap": 0.1033368492705864, "stability": 0.13641058547643292}, "explanation": {"top_features": ["education_Some-college: -0.0977", "marital-status_Married-civ-spouse: 0.0640", "occupation_Sales: -0.0561", "age: -0.0473", "fnlwgt: 0.0450", "education_HS-grad: 0.0445", "occupation_Machine-op-inspct: 0.0308", "marital-status_Never-married: 0.0268", "sex_Female: 0.0192", "relationship_Husband: 0.0141"], "raw_top": {"education_Some-college": -0.09769790786891207, "marital-status_Married-civ-spouse": 0.06399512776208699, "occupation_Sales": -0.056135581998421086, "age": -0.047308574162507507, "fnlwgt": 0.045003336845726924, "education_HS-grad": 0.04446770868167599, "occupation_Machine-op-inspct": 0.030815457271573463, "marital-status_Never-married": 0.026788271453716112, "sex_Female": 0.019222250169922572, "relationship_Husband": 0.014054016710960383}}}