{"instance_id": 4377, "quadrant": "TP", "true_label": 1, "prediction": 1, "prediction_correct": true, "metrics": {"cost": 1009.198779000144, "sparsity": 0.09259259259259259, "fidelity": 0.9834857941070595, "faithfulness_gap": 0.9973522320526099, "stability": 0.96357359282754}, "explanation": {"top_features": ["capital-gain: 0.5224", "education_Prof-school: 0.0717", "hours-per-week: 0.0315", "education-num: 0.0296", "occupation_Machine-op-inspct: 0.0284", "age: 0.0244", "workclass_Private: 0.0229", "education_HS-grad: 0.0187", "sex_Female: 0.0167", "fnlwgt: 0.0106"], "raw_top": {"capital-gain": 0.5223766550500702, "education_Prof-school": 0.07168287658390024, "hours-per-week": 0.03148458183295469, "education-num": 0.02960441947012044, "occupation_Machine-op-inspct": 0.02844598947431824, "age": 0.024386528685032702, "workclass_Private": 0.022939001558825146, "education_HS-grad": 0.01871920213494848, "sex_Female": 0.01672791018849098, "fnlwgt": 0.010555193551284758}}}