{"instance_id": 4406, "quadrant": "FN", "true_label": 1, "prediction": 0, "prediction_correct": false, "metrics": {"cost": 1009.4544849998783, "sparsity": 0.09259259259259259, "fidelity": 0.8788641855764843, "faithfulness_gap": 0.6295237006485743, "stability": 0.09598994470381716}, "explanation": {"top_features": ["education_Assoc-voc: -0.1146", "occupation_Transport-moving: -0.0869", "education_HS-grad: 0.0501", "capital-gain: -0.0432", "age: -0.0422", "marital-status_Married-civ-spouse: 0.0388", "education_Some-college: 0.0284", "education-num: 0.0273", "sex_Female: 0.0252", "fnlwgt: -0.0232"], "raw_top": {"education_Assoc-voc": -0.11463159278121002, "occupation_Transport-moving": -0.08694283318754763, "education_HS-grad": 0.05011247310038545, "capital-gain": -0.043165939597597576, "age": -0.042247823035382735, "marital-status_Married-civ-spouse": 0.038823939368665086, "education_Some-college": 0.028391470123975693, "education-num": 0.02731698721111753, "sex_Female": 0.025218494271253677, "fnlwgt": -0.023209320398872756}}}