{"instance_id": 4485, "quadrant": "TN", "true_label": 0, "prediction": 0, "prediction_correct": true, "metrics": {"cost": 1000.740945999496, "sparsity": 0.09259259259259259, "fidelity": 0.7624123141932511, "faithfulness_gap": 0.9686882521471643, "stability": 0.4721488639613438}, "explanation": {"top_features": ["occupation_Farming-fishing: -0.1280", "workclass_Self-emp-not-inc: -0.0704", "education_HS-grad: -0.0593", "workclass_Private: 0.0355", "hours-per-week: -0.0286", "sex_Female: 0.0220", "relationship_Husband: 0.0213", "age: -0.0187", "education_Some-college: 0.0159", "education_Prof-school: -0.0093"], "raw_top": {"occupation_Farming-fishing": -0.12804392243293714, "workclass_Self-emp-not-inc": -0.07035396587323178, "education_HS-grad": -0.0593486330805218, "workclass_Private": 0.03547942935367222, "hours-per-week": -0.02864706749052827, "sex_Female": 0.02198172702630119, "relationship_Husband": 0.021329722401130905, "age": -0.018746267260979013, "education_Some-college": 0.015910317594392404, "education_Prof-school": -0.009264756580118657}}}