{"instance_id": 4520, "quadrant": "FP", "true_label": 0, "prediction": 1, "prediction_correct": false, "metrics": {"cost": 1008.3918780001113, "sparsity": 0.09259259259259259, "fidelity": 0.6712418221071448, "faithfulness_gap": 0.4314470158093857, "stability": 0.14402492057368882}, "explanation": {"top_features": ["race_Asian-Pac-Islander: -0.1285", "education_HS-grad: 0.0923", "age: 0.0755", "hours-per-week: 0.0726", "race_White: 0.0583", "sex_Female: 0.0430", "relationship_Unmarried: 0.0336", "marital-status_Never-married: 0.0276", "relationship_Not-in-family: 0.0197", "race_Black: 0.0139"], "raw_top": {"race_Asian-Pac-Islander": -0.12846124635227238, "education_HS-grad": 0.09228896677253894, "age": 0.07550329631125757, "hours-per-week": 0.07261548422835945, "race_White": 0.05826597657082303, "sex_Female": 0.04301492458191995, "relationship_Unmarried": 0.0335646180904753, "marital-status_Never-married": 0.02763827127484639, "relationship_Not-in-family": 0.019731322346258472, "race_Black": 0.013877795116247649}}}