{"instance_id": 4639, "quadrant": "TP", "true_label": 1, "prediction": 1, "prediction_correct": true, "metrics": {"cost": 1008.5895590000291, "sparsity": 0.09259259259259259, "fidelity": 0.6611908134315783, "faithfulness_gap": 0.572746953079696, "stability": 0.521908591230291}, "explanation": {"top_features": ["education_Masters: 0.1529", "age: 0.0991", "occupation_Exec-managerial: 0.0982", "marital-status_Married-civ-spouse: 0.0868", "race_White: 0.0771", "marital-status_Never-married: 0.0740", "race_Black: 0.0497", "sex_Female: 0.0496", "occupation_Machine-op-inspct: 0.0462", "workclass_Private: 0.0416"], "raw_top": {"education_Masters": 0.15286899349210775, "age": 0.09910463413111723, "occupation_Exec-managerial": 0.09818596616336385, "marital-status_Married-civ-spouse": 0.08676412259773929, "race_White": 0.07710815272868626, "marital-status_Never-married": 0.07396445021498843, "race_Black": 0.04969922410163466, "sex_Female": 0.04960866082557885, "occupation_Machine-op-inspct": 0.04619199183667089, "workclass_Private": 0.04156176601437578}}}