{"instance_id": 4663, "quadrant": "TP", "true_label": 1, "prediction": 1, "prediction_correct": true, "metrics": {"cost": 1001.4472959992418, "sparsity": 0.09259259259259259, "fidelity": 0.8236503083846836, "faithfulness_gap": 0.7611763621952629, "stability": 0.2058971371932517}, "explanation": {"top_features": ["education-num: 0.1517", "sex_Male: 0.0832", "relationship_Wife: 0.0765", "education_HS-grad: 0.0585", "occupation_Machine-op-inspct: 0.0473", "marital-status_Married-civ-spouse: 0.0387", "marital-status_Never-married: 0.0312", "age: 0.0309", "education_Some-college: 0.0198", "relationship_Husband: 0.0189"], "raw_top": {"education-num": 0.15168930008580256, "sex_Male": 0.08323938862910238, "relationship_Wife": 0.07646225414894245, "education_HS-grad": 0.05845700889674018, "occupation_Machine-op-inspct": 0.04732940593632859, "marital-status_Married-civ-spouse": 0.03866657569039722, "marital-status_Never-married": 0.03120255464509089, "age": 0.030869361452461462, "education_Some-college": 0.019792859372220528, "relationship_Husband": 0.01892167028217848}}}