{"instance_id": 4754, "quadrant": "FP", "true_label": 0, "prediction": 1, "prediction_correct": false, "metrics": {"cost": 1000.5499760009116, "sparsity": 0.09259259259259259, "fidelity": 0.7372673092522403, "faithfulness_gap": 0.6424740006776823, "stability": 0.11595650187709632}, "explanation": {"top_features": ["workclass_Private: 0.1298", "fnlwgt: 0.1042", "relationship_Husband: 0.0593", "occupation_Machine-op-inspct: 0.0333", "marital-status_Married-civ-spouse: 0.0306", "marital-status_Never-married: 0.0294", "hours-per-week: 0.0280", "sex_Female: 0.0157", "education_11th: 0.0157", "race_Black: 0.0116"], "raw_top": {"workclass_Private": 0.12975704469794888, "fnlwgt": 0.1041624922601932, "relationship_Husband": 0.059335930463908185, "occupation_Machine-op-inspct": 0.033335514234435794, "marital-status_Married-civ-spouse": 0.030630442810853087, "marital-status_Never-married": 0.02939863363359057, "hours-per-week": 0.028012364797073096, "sex_Female": 0.015725544072590615, "education_11th": 0.015686613327761813, "race_Black": 0.011591763320156268}}}