{"instance_id": 4782, "quadrant": "TP", "true_label": 1, "prediction": 1, "prediction_correct": true, "metrics": {"cost": 1000.9960970000975, "sparsity": 0.09259259259259259, "fidelity": 0.785184531530337, "faithfulness_gap": 0.7590407394177587, "stability": 0.20686558588988938}, "explanation": {"top_features": ["occupation_Protective-serv: 0.1630", "fnlwgt: 0.0945", "workclass_Private: 0.0809", "marital-status_Married-civ-spouse: 0.0610", "marital-status_Never-married: 0.0342", "occupation_Sales: 0.0259", "relationship_Unmarried: 0.0228", "occupation_Machine-op-inspct: 0.0224", "occupation_Farming-fishing: 0.0171", "education_Bachelors: 0.0147"], "raw_top": {"occupation_Protective-serv": 0.16301031752351117, "fnlwgt": 0.09451641554647192, "workclass_Private": 0.08087757526434755, "marital-status_Married-civ-spouse": 0.06102628871621941, "marital-status_Never-married": 0.0341703710652116, "occupation_Sales": 0.025857945999402842, "relationship_Unmarried": 0.02282076837190045, "occupation_Machine-op-inspct": 0.022380022580434894, "occupation_Farming-fishing": 0.017139449622912584, "education_Bachelors": 0.014712984589471251}}}