{"instance_id": 4784, "quadrant": "FP", "true_label": 0, "prediction": 1, "prediction_correct": false, "metrics": {"cost": 1009.077923001314, "sparsity": 0.09259259259259259, "fidelity": 0.9086056751210139, "faithfulness_gap": 0.8932704527912196, "stability": 0.3652673066798672}, "explanation": {"top_features": ["native-country_United-States: 0.1463", "education-num: 0.1376", "age: 0.0874", "sex_Female: 0.0676", "education_HS-grad: 0.0666", "fnlwgt: 0.0447", "occupation_Prof-specialty: 0.0353", "education_Some-college: 0.0330", "workclass_Private: 0.0291", "sex_Male: 0.0232"], "raw_top": {"native-country_United-States": 0.14629802034587527, "education-num": 0.1376120742492522, "age": 0.08739928705840533, "sex_Female": 0.06762896695669021, "education_HS-grad": 0.06663160463062102, "fnlwgt": 0.044669055966888346, "occupation_Prof-specialty": 0.0353437523261203, "education_Some-college": 0.03296322775892248, "workclass_Private": 0.029078666772768935, "sex_Male": 0.02324293933675488}}}