{"instance_id": 4838, "quadrant": "TN", "true_label": 0, "prediction": 0, "prediction_correct": true, "metrics": {"cost": 1004.9790350003605, "sparsity": 0.09259259259259259, "fidelity": 0.8981027104060899, "faithfulness_gap": 0.853589852224016, "stability": 0.40683204690553315}, "explanation": {"top_features": ["native-country_Iran: -0.2437", "workclass_Self-emp-not-inc: -0.1912", "education_Bachelors: -0.1277", "native-country_United-States: 0.0714", "education-num: 0.0652", "marital-status_Married-civ-spouse: 0.0571", "hours-per-week: 0.0552", "education_HS-grad: 0.0465", "occupation_Exec-managerial: 0.0397", "sex_Female: 0.0369"], "raw_top": {"native-country_Iran": -0.24365202710281048, "workclass_Self-emp-not-inc": -0.19119119989827585, "education_Bachelors": -0.12774406803494082, "native-country_United-States": 0.07140349634647483, "education-num": 0.06522309525840024, "marital-status_Married-civ-spouse": 0.05709714281205023, "hours-per-week": 0.05515036433417226, "education_HS-grad": 0.04651138973252935, "occupation_Exec-managerial": 0.03965469918347654, "sex_Female": 0.03694861704504043}}}