{"instance_id": 4852, "quadrant": "FP", "true_label": 0, "prediction": 1, "prediction_correct": false, "metrics": {"cost": 1000.7340259999182, "sparsity": 0.09259259259259259, "fidelity": 0.5670908904276795, "faithfulness_gap": 0.6776185345297442, "stability": 0.2775473208119214}, "explanation": {"top_features": ["relationship_Wife: 0.1393", "age: 0.0687", "marital-status_Married-civ-spouse: 0.0485", "sex_Male: 0.0459", "workclass_Private: 0.0428", "marital-status_Never-married: 0.0367", "education_HS-grad: 0.0333", "occupation_Exec-managerial: 0.0198", "education-num: 0.0194", "fnlwgt: 0.0140"], "raw_top": {"relationship_Wife": 0.13926703079656477, "age": 0.06872420746646143, "marital-status_Married-civ-spouse": 0.048456021489565924, "sex_Male": 0.0459388899695075, "workclass_Private": 0.0427998398902388, "marital-status_Never-married": 0.036724523898537156, "education_HS-grad": 0.033341893787289655, "occupation_Exec-managerial": 0.019754029137951438, "education-num": 0.019367939194780363, "fnlwgt": 0.013975263674448235}}}