{"instance_id": 4898, "quadrant": "TP", "true_label": 1, "prediction": 1, "prediction_correct": true, "metrics": {"cost": 1008.9465630007908, "sparsity": 0.09259259259259259, "fidelity": 0.806833106801338, "faithfulness_gap": 0.821868169484481, "stability": 0.20167012812713794}, "explanation": {"top_features": ["workclass_Private: 0.1070", "education_HS-grad: 0.1017", "occupation_Exec-managerial: 0.0908", "marital-status_Married-civ-spouse: 0.0650", "relationship_Husband: 0.0615", "marital-status_Never-married: 0.0586", "sex_Female: 0.0420", "hours-per-week: 0.0398", "occupation_Craft-repair: 0.0352", "relationship_Own-child: 0.0348"], "raw_top": {"workclass_Private": 0.10697535615652225, "education_HS-grad": 0.10167542484324256, "occupation_Exec-managerial": 0.09083337774137518, "marital-status_Married-civ-spouse": 0.0650394871799, "relationship_Husband": 0.06148167688358348, "marital-status_Never-married": 0.05857660828456915, "sex_Female": 0.04195424282236023, "hours-per-week": 0.039782901708711835, "occupation_Craft-repair": 0.03520778999883044, "relationship_Own-child": 0.03477438527037069}}}