{"instance_id": 4980, "quadrant": "FP", "true_label": 0, "prediction": 1, "prediction_correct": false, "metrics": {"cost": 1000.4339410006651, "sparsity": 0.09259259259259259, "fidelity": 0.7809885045808066, "faithfulness_gap": 0.640850770691246, "stability": 0.06952998942080454}, "explanation": {"top_features": ["age: 0.0739", "relationship_Husband: 0.0687", "hours-per-week: 0.0620", "sex_Female: 0.0429", "marital-status_Never-married: 0.0392", "marital-status_Married-civ-spouse: 0.0392", "education_Some-college: 0.0282", "fnlwgt: 0.0271", "sex_Male: 0.0210", "relationship_Not-in-family: 0.0195"], "raw_top": {"age": 0.07389871935147178, "relationship_Husband": 0.0686807374211545, "hours-per-week": 0.061982976387431776, "sex_Female": 0.04289262698879659, "marital-status_Never-married": 0.03917953728893883, "marital-status_Married-civ-spouse": 0.03916252503034365, "education_Some-college": 0.028249772994527102, "fnlwgt": 0.02708584953750059, "sex_Male": 0.02100749946825741, "relationship_Not-in-family": 0.019474000884014797}}}