{"instance_id": 5004, "quadrant": "FN", "true_label": 1, "prediction": 0, "prediction_correct": false, "metrics": {"cost": 1000.6122559971118, "sparsity": 0.09259259259259259, "fidelity": 0.6264331885126231, "faithfulness_gap": 0.04447957636926242, "stability": 0.1092188316963214}, "explanation": {"top_features": ["education_Some-college: -0.0770", "marital-status_Married-civ-spouse: 0.0744", "occupation_Craft-repair: -0.0633", "age: 0.0590", "education_HS-grad: 0.0559", "occupation_Machine-op-inspct: 0.0411", "sex_Female: 0.0335", "marital-status_Never-married: 0.0313", "education_Assoc-voc: 0.0155", "relationship_Unmarried: 0.0153"], "raw_top": {"education_Some-college": -0.0769806725524222, "marital-status_Married-civ-spouse": 0.07439159903402386, "occupation_Craft-repair": -0.06332746403919008, "age": 0.0589924816288247, "education_HS-grad": 0.05589158562205605, "occupation_Machine-op-inspct": 0.0411435129632749, "sex_Female": 0.033506782726431275, "marital-status_Never-married": 0.03129901283625683, "education_Assoc-voc": 0.015530843682804135, "relationship_Unmarried": 0.015349280301267844}}}