{"instance_id": 5030, "quadrant": "TN", "true_label": 0, "prediction": 0, "prediction_correct": true, "metrics": {"cost": 1008.618806999948, "sparsity": 0.09259259259259259, "fidelity": 0.8069991237827615, "faithfulness_gap": 0.012235188821109329, "stability": 0.8085463605592305}, "explanation": {"top_features": ["occupation_Priv-house-serv: -0.0854", "marital-status_Never-married: -0.0308", "marital-status_Married-civ-spouse: -0.0306", "age: -0.0257", "capital-gain: -0.0230", "education_HS-grad: -0.0193", "sex_Female: -0.0178", "education_Some-college: 0.0096", "relationship_Husband: -0.0092", "sex_Male: 0.0090"], "raw_top": {"occupation_Priv-house-serv": -0.08535157481389835, "marital-status_Never-married": -0.030832869507496655, "marital-status_Married-civ-spouse": -0.030576206019935274, "age": -0.025714007773453337, "capital-gain": -0.022953334920368884, "education_HS-grad": -0.01929953342517674, "sex_Female": -0.01776899004887484, "education_Some-college": 0.009612665141378334, "relationship_Husband": -0.009160955550345, "sex_Male": 0.008967707118112622}}}