{"instance_id": 5047, "quadrant": "FP", "true_label": 0, "prediction": 1, "prediction_correct": false, "metrics": {"cost": 1016.8565090007178, "sparsity": 0.09259259259259259, "fidelity": 0.6937927967912126, "faithfulness_gap": 0.5055913024088542, "stability": 0.14353557728556288}, "explanation": {"top_features": ["age: 0.0724", "relationship_Husband: 0.0421", "marital-status_Never-married: 0.0326", "hours-per-week: 0.0317", "marital-status_Married-civ-spouse: 0.0235", "sex_Female: 0.0220", "occupation_Craft-repair: 0.0196", "education_Some-college: 0.0185", "occupation_Machine-op-inspct: 0.0125", "fnlwgt: 0.0096"], "raw_top": {"age": 0.07241019921058232, "relationship_Husband": 0.042110652160397194, "marital-status_Never-married": 0.03262919962050577, "hours-per-week": 0.031685866910783324, "marital-status_Married-civ-spouse": 0.02348460349235733, "sex_Female": 0.021957298567443377, "occupation_Craft-repair": 0.019594614162307334, "education_Some-college": 0.018495427123148896, "occupation_Machine-op-inspct": 0.012450701372503491, "fnlwgt": 0.009600716235482365}}}