{"instance_id": 5350, "quadrant": "TN", "true_label": 0, "prediction": 0, "prediction_correct": true, "metrics": {"cost": 1001.1078730003646, "sparsity": 0.09259259259259259, "fidelity": 0.5336515484166211, "faithfulness_gap": 0.014052452438663939, "stability": 0.42330961986444526}, "explanation": {"top_features": ["age: -0.0628", "race_White: 0.0509", "race_Black: -0.0497", "sex_Female: -0.0430", "marital-status_Married-civ-spouse: -0.0384", "marital-status_Never-married: -0.0337", "occupation_Prof-specialty: -0.0147", "education_Some-college: -0.0112", "relationship_Not-in-family: -0.0101", "relationship_Husband: -0.0099"], "raw_top": {"age": -0.06276941467802434, "race_White": 0.05088020386489431, "race_Black": -0.04969537511729846, "sex_Female": -0.04303319471616354, "marital-status_Married-civ-spouse": -0.03841444284414002, "marital-status_Never-married": -0.03366338858978459, "occupation_Prof-specialty": -0.014684457227386294, "education_Some-college": -0.011197164786472777, "relationship_Not-in-family": -0.01006700017530101, "relationship_Husband": -0.009874951833709032}}}