{"instance_id": 5373, "quadrant": "FN", "true_label": 1, "prediction": 0, "prediction_correct": false, "metrics": {"cost": 1000.9811540003284, "sparsity": 0.09259259259259259, "fidelity": 0.569175351667836, "faithfulness_gap": 0.10140077912218415, "stability": 0.05581215087014396}, "explanation": {"top_features": ["fnlwgt: -0.0770", "age: -0.0717", "education_Assoc-voc: -0.0515", "marital-status_Married-civ-spouse: 0.0483", "workclass_Private: 0.0475", "education-num: 0.0324", "workclass_Federal-gov: -0.0322", "marital-status_Never-married: 0.0294", "education_HS-grad: 0.0293", "sex_Female: 0.0255"], "raw_top": {"fnlwgt": -0.07701083097089394, "age": -0.07169254171540897, "education_Assoc-voc": -0.051479084065965804, "marital-status_Married-civ-spouse": 0.04826084509606819, "workclass_Private": 0.04749439676974777, "education-num": 0.03242008877783862, "workclass_Federal-gov": -0.032226180640257784, "marital-status_Never-married": 0.02942287485301309, "education_HS-grad": 0.029301457426360675, "sex_Female": 0.025457753496875974}}}