{"instance_id": 555, "quadrant": "TP", "true_label": 1, "prediction": 1, "prediction_correct": true, "metrics": {"cost": 1003.8223930005188, "sparsity": 0.09259259259259259, "fidelity": 0.5590765370155096, "faithfulness_gap": 0.6038664048595725, "stability": 0.14408631754847498}, "explanation": {"top_features": ["marital-status_Married-civ-spouse: 0.0839", "occupation_Tech-support: 0.0761", "relationship_Husband: 0.0665", "hours-per-week: 0.0606", "marital-status_Never-married: 0.0360", "age: 0.0335", "education_Some-college: 0.0184", "fnlwgt: 0.0179", "occupation_Farming-fishing: 0.0133", "education_11th: 0.0129"], "raw_top": {"marital-status_Married-civ-spouse": 0.08393784511021665, "occupation_Tech-support": 0.0760818395350034, "relationship_Husband": 0.06654262248861317, "hours-per-week": 0.06063969750833162, "marital-status_Never-married": 0.03602874948943529, "age": 0.033491674700730244, "education_Some-college": 0.018396815999421688, "fnlwgt": 0.017902200282858594, "occupation_Farming-fishing": 0.013337590076606174, "education_11th": 0.012888060278950786}}}