{"instance_id": 5558, "quadrant": "TP", "true_label": 1, "prediction": 1, "prediction_correct": true, "metrics": {"cost": 1008.3356179984548, "sparsity": 0.09259259259259259, "fidelity": 0.5838792147048346, "faithfulness_gap": 0.9436922666225506, "stability": 0.41118947515636217}, "explanation": {"top_features": ["native-country_Haiti: 0.1353", "education_HS-grad: 0.1027", "relationship_Wife: 0.0938", "age: 0.0917", "native-country_United-States: 0.0868", "marital-status_Married-civ-spouse: 0.0553", "sex_Male: 0.0544", "education-num: 0.0470", "race_White: 0.0437", "marital-status_Never-married: 0.0352"], "raw_top": {"native-country_Haiti": 0.13527546173136618, "education_HS-grad": 0.10271805410008679, "relationship_Wife": 0.09384114139610408, "age": 0.0916541304337236, "native-country_United-States": 0.08680898017052219, "marital-status_Married-civ-spouse": 0.0553338276558524, "sex_Male": 0.054390077796859955, "education-num": 0.04703191982321152, "race_White": 0.043653158605425735, "marital-status_Never-married": 0.03519339842072404}}}