{"instance_id": 5601, "quadrant": "FN", "true_label": 1, "prediction": 0, "prediction_correct": false, "metrics": {"cost": 1008.9053169976978, "sparsity": 0.09259259259259259, "fidelity": 0.1092701016611563, "faithfulness_gap": 0.2664763066951488, "stability": 0.2699662081887576}, "explanation": {"top_features": ["workclass_Local-gov: -0.0768", "sex_Female: -0.0680", "marital-status_Never-married: -0.0618", "capital-loss: -0.0434", "education_HS-grad: 0.0418", "capital-gain: -0.0375", "age: 0.0365", "workclass_Private: 0.0355", "marital-status_Married-civ-spouse: -0.0291", "occupation_Prof-specialty: -0.0190"], "raw_top": {"workclass_Local-gov": -0.0767766471996857, "sex_Female": -0.06796542719428547, "marital-status_Never-married": -0.061801787999100875, "capital-loss": -0.04338207825806837, "education_HS-grad": 0.04177845546813386, "capital-gain": -0.03748204614994424, "age": 0.03645569350689318, "workclass_Private": 0.03550509081585758, "marital-status_Married-civ-spouse": -0.029120448186101194, "occupation_Prof-specialty": -0.01903485623524478}}}