{"instance_id": 5602, "quadrant": "TP", "true_label": 1, "prediction": 1, "prediction_correct": true, "metrics": {"cost": 1005.4294589990604, "sparsity": 0.09259259259259259, "fidelity": 0.6929665267261395, "faithfulness_gap": 0.8568340431519746, "stability": 0.08581055640042967}, "explanation": {"top_features": ["hours-per-week: 0.1222", "age: 0.1010", "education_HS-grad: 0.0893", "occupation_Craft-repair: 0.0709", "marital-status_Divorced: 0.0577", "sex_Female: 0.0571", "fnlwgt: 0.0538", "occupation_Machine-op-inspct: 0.0535", "workclass_State-gov: 0.0424", "education_11th: 0.0379"], "raw_top": {"hours-per-week": 0.12223856809782783, "age": 0.10098720745947126, "education_HS-grad": 0.089346636863066, "occupation_Craft-repair": 0.07088937204336229, "marital-status_Divorced": 0.05770338397111506, "sex_Female": 0.057072795781336234, "fnlwgt": 0.05378871754487134, "occupation_Machine-op-inspct": 0.05352118526183984, "workclass_State-gov": 0.04237782282712668, "education_11th": 0.03788394596863398}}}