{"instance_id": 5606, "quadrant": "FN", "true_label": 1, "prediction": 0, "prediction_correct": false, "metrics": {"cost": 1008.4993230011605, "sparsity": 0.09259259259259259, "fidelity": 0.6690571826440397, "faithfulness_gap": 0.3421024355110221, "stability": 0.10460137371603495}, "explanation": {"top_features": ["occupation_Machine-op-inspct: -0.0914", "fnlwgt: -0.0543", "capital-gain: -0.0428", "education_Some-college: -0.0424", "marital-status_Married-civ-spouse: 0.0336", "education_HS-grad: 0.0280", "marital-status_Never-married: 0.0196", "workclass_Private: -0.0167", "hours-per-week: -0.0114", "capital-loss: -0.0078"], "raw_top": {"occupation_Machine-op-inspct": -0.09138371856664998, "fnlwgt": -0.054303266545440654, "capital-gain": -0.04280049535037537, "education_Some-college": -0.042381154598012484, "marital-status_Married-civ-spouse": 0.03357822542968272, "education_HS-grad": 0.027961108409746027, "marital-status_Never-married": 0.019603246526494394, "workclass_Private": -0.016739080422605485, "hours-per-week": -0.011412074875435477, "capital-loss": -0.007760976140237315}}}