{"instance_id": 565, "quadrant": "FP", "true_label": 0, "prediction": 1, "prediction_correct": false, "metrics": {"cost": 1000.8833400006552, "sparsity": 0.09259259259259259, "fidelity": 0.7466897308734173, "faithfulness_gap": 0.5311106571293237, "stability": 0.07928382392879198}, "explanation": {"top_features": ["age: 0.0925", "relationship_Husband: 0.0399", "education_Some-college: 0.0360", "marital-status_Married-civ-spouse: 0.0348", "sex_Female: 0.0336", "marital-status_Never-married: 0.0247", "native-country_China: 0.0152", "occupation_Craft-repair: 0.0125", "occupation_Sales: 0.0122", "relationship_Own-child: 0.0107"], "raw_top": {"age": 0.09250246100353043, "relationship_Husband": 0.03985400930255053, "education_Some-college": 0.03603566216248999, "marital-status_Married-civ-spouse": 0.034768635974636, "sex_Female": 0.03359371187474271, "marital-status_Never-married": 0.024709572550976874, "native-country_China": 0.015192845246493317, "occupation_Craft-repair": 0.012543978920418686, "occupation_Sales": 0.012187685697222613, "relationship_Own-child": 0.010708392700740588}}}