{"instance_id": 5707, "quadrant": "TP", "true_label": 1, "prediction": 1, "prediction_correct": true, "metrics": {"cost": 1002.4250939986814, "sparsity": 0.09259259259259259, "fidelity": 0.9598118680594827, "faithfulness_gap": 0.8833550269298689, "stability": 0.718628243254026}, "explanation": {"top_features": ["capital-gain: 0.3592", "education_HS-grad: 0.0784", "age: 0.0580", "hours-per-week: 0.0550", "marital-status_Married-civ-spouse: 0.0497", "education-num: 0.0449", "marital-status_Never-married: 0.0369", "relationship_Husband: 0.0361", "fnlwgt: 0.0291", "occupation_Farming-fishing: 0.0255"], "raw_top": {"capital-gain": 0.35916777064913086, "education_HS-grad": 0.07841429823018616, "age": 0.05804286964854583, "hours-per-week": 0.054965658569517496, "marital-status_Married-civ-spouse": 0.049654374102267224, "education-num": 0.04487561931189422, "marital-status_Never-married": 0.036892540042811624, "relationship_Husband": 0.036080156661564056, "fnlwgt": 0.02905082611168277, "occupation_Farming-fishing": 0.025470836983886413}}}