{"instance_id": 5743, "quadrant": "TN", "true_label": 0, "prediction": 0, "prediction_correct": true, "metrics": {"cost": 1000.6109140012995, "sparsity": 0.09259259259259259, "fidelity": 0.7272337726362355, "faithfulness_gap": 0.0077142110290535065, "stability": 0.5018308941477265}, "explanation": {"top_features": ["marital-status_Never-married: -0.1383", "age: -0.1378", "hours-per-week: 0.0861", "workclass_Private: 0.0621", "workclass_Federal-gov: -0.0601", "race_White: 0.0598", "marital-status_Married-civ-spouse: -0.0481", "education_Bachelors: -0.0461", "occupation_Tech-support: 0.0436", "fnlwgt: -0.0409"], "raw_top": {"marital-status_Never-married": -0.1383045636691835, "age": -0.1378061675417308, "hours-per-week": 0.08610050955661762, "workclass_Private": 0.06213708706643786, "workclass_Federal-gov": -0.060098211550953566, "race_White": 0.05978712408008111, "marital-status_Married-civ-spouse": -0.04810238464905035, "education_Bachelors": -0.046054414434864056, "occupation_Tech-support": 0.04360664802681377, "fnlwgt": -0.040865226758262575}}}