{"instance_id": 5746, "quadrant": "FP", "true_label": 0, "prediction": 1, "prediction_correct": false, "metrics": {"cost": 1016.5662189992872, "sparsity": 0.09259259259259259, "fidelity": 0.8453646130034942, "faithfulness_gap": 0.5752825692707774, "stability": 0.43693304450398784}, "explanation": {"top_features": ["hours-per-week: 0.1753", "marital-status_Separated: 0.1380", "occupation_Transport-moving: 0.1236", "education_HS-grad: -0.1088", "race_Black: -0.0935", "sex_Female: 0.0511", "marital-status_Never-married: 0.0378", "occupation_Machine-op-inspct: 0.0288", "education_11th: 0.0210", "workclass_Self-emp-inc: 0.0147"], "raw_top": {"hours-per-week": 0.17530903870846512, "marital-status_Separated": 0.13796567080190447, "occupation_Transport-moving": 0.12360104349774527, "education_HS-grad": -0.10881731408198661, "race_Black": -0.09348582795707314, "sex_Female": 0.05107455940160996, "marital-status_Never-married": 0.037783416274286566, "occupation_Machine-op-inspct": 0.028795933939918195, "education_11th": 0.020983055297917358, "workclass_Self-emp-inc": 0.014691934350572462}}}