{"instance_id": 6084, "quadrant": "TP", "true_label": 1, "prediction": 1, "prediction_correct": true, "metrics": {"cost": 1001.1326760013617, "sparsity": 0.09259259259259259, "fidelity": 0.8268336231235691, "faithfulness_gap": 0.7885715236084518, "stability": 0.25886595458665923}, "explanation": {"top_features": ["capital-loss: 0.2386", "education_HS-grad: 0.0990", "age: 0.0739", "sex_Female: 0.0692", "occupation_Machine-op-inspct: 0.0628", "marital-status_Divorced: 0.0478", "marital-status_Never-married: 0.0443", "education-num: 0.0419", "fnlwgt: 0.0389", "hours-per-week: 0.0359"], "raw_top": {"capital-loss": 0.23864336874330194, "education_HS-grad": 0.09901367356886805, "age": 0.07391812351886244, "sex_Female": 0.06919782698682612, "occupation_Machine-op-inspct": 0.06283044375906596, "marital-status_Divorced": 0.04779528176792311, "marital-status_Never-married": 0.044345479722784464, "education-num": 0.04194418511759097, "fnlwgt": 0.038918639592178894, "hours-per-week": 0.035947261331582214}}}