{"instance_id": 6244, "quadrant": "FN", "true_label": 1, "prediction": 0, "prediction_correct": false, "metrics": {"cost": 1001.0809039995365, "sparsity": 0.09259259259259259, "fidelity": 0.8835044718991909, "faithfulness_gap": 0.6790203344801542, "stability": 0.15091416495863091}, "explanation": {"top_features": ["hours-per-week: -0.2177", "occupation_Exec-managerial: -0.1017", "workclass_Self-emp-inc: -0.0795", "education_HS-grad: 0.0532", "workclass_Private: 0.0487", "marital-status_Married-civ-spouse: 0.0399", "fnlwgt: 0.0367", "capital-gain: -0.0341", "sex_Female: 0.0308", "occupation_Machine-op-inspct: 0.0299"], "raw_top": {"hours-per-week": -0.21774405700841568, "occupation_Exec-managerial": -0.1017321858865615, "workclass_Self-emp-inc": -0.07954001518907171, "education_HS-grad": 0.05318890103277809, "workclass_Private": 0.048737898231308155, "marital-status_Married-civ-spouse": 0.03990139201014275, "fnlwgt": 0.03674474016324514, "capital-gain": -0.0341038363130097, "sex_Female": 0.030788561851833613, "occupation_Machine-op-inspct": 0.029850975410321}}}