{"instance_id": 6251, "quadrant": "FP", "true_label": 0, "prediction": 1, "prediction_correct": false, "metrics": {"cost": 1000.7680210001126, "sparsity": 0.09259259259259259, "fidelity": 0.5927142580518934, "faithfulness_gap": 0.5322250092443639, "stability": 0.14173653781819334}, "explanation": {"top_features": ["capital-loss: 0.1182", "marital-status_Never-married: 0.0309", "occupation_Machine-op-inspct: 0.0289", "age: 0.0280", "education_Some-college: 0.0232", "sex_Female: 0.0221", "fnlwgt: 0.0191", "occupation_Craft-repair: 0.0172", "marital-status_Divorced: 0.0128", "relationship_Unmarried: 0.0122"], "raw_top": {"capital-loss": 0.11816724159259114, "marital-status_Never-married": 0.030877264672526522, "occupation_Machine-op-inspct": 0.028894593972935725, "age": 0.028015438615998287, "education_Some-college": 0.023242480049750484, "sex_Female": 0.022050009972626836, "fnlwgt": 0.019149143582740256, "occupation_Craft-repair": 0.017200387138403356, "marital-status_Divorced": 0.012838698667626275, "relationship_Unmarried": 0.012151398602231855}}}