{"instance_id": 6335, "quadrant": "FP", "true_label": 0, "prediction": 1, "prediction_correct": false, "metrics": {"cost": 1018.2109439992928, "sparsity": 0.09259259259259259, "fidelity": 0.5084122054430658, "faithfulness_gap": 0.42069140286059575, "stability": 0.14429550769981433}, "explanation": {"top_features": ["marital-status_Married-civ-spouse: 0.0667", "age: 0.0530", "education_HS-grad: 0.0415", "occupation_Machine-op-inspct: 0.0341", "sex_Female: 0.0305", "marital-status_Never-married: 0.0232", "education-num: 0.0191", "fnlwgt: 0.0123", "education_Assoc-voc: 0.0052", "occupation_Farming-fishing: 0.0043"], "raw_top": {"marital-status_Married-civ-spouse": 0.06665992300018572, "age": 0.05303861120011821, "education_HS-grad": 0.041467163224808756, "occupation_Machine-op-inspct": 0.0341386125564167, "sex_Female": 0.030467996869354738, "marital-status_Never-married": 0.023205723283190535, "education-num": 0.01906323803179918, "fnlwgt": 0.01230111455096819, "education_Assoc-voc": 0.005177943871248051, "occupation_Farming-fishing": 0.00430467609195051}}}