{"instance_id": 648, "quadrant": "FN", "true_label": 1, "prediction": 0, "prediction_correct": false, "metrics": {"cost": 1009.1947670007357, "sparsity": 0.09259259259259259, "fidelity": 0.6805602538306932, "faithfulness_gap": 0.25049763286577514, "stability": 0.3619038610016362}, "explanation": {"top_features": ["capital-gain: 0.2625", "workclass_Self-emp-not-inc: -0.2237", "fnlwgt: -0.1229", "education_HS-grad: -0.1077", "relationship_Wife: 0.0683", "relationship_Husband: -0.0626", "occupation_Sales: -0.0626", "sex_Male: 0.0496", "marital-status_Married-civ-spouse: 0.0382", "education_Prof-school: -0.0262"], "raw_top": {"capital-gain": 0.262539584820018, "workclass_Self-emp-not-inc": -0.22366224103786336, "fnlwgt": -0.1229071023943295, "education_HS-grad": -0.10773733736424572, "relationship_Wife": 0.06826231378397603, "relationship_Husband": -0.06263479771899821, "occupation_Sales": -0.0625589239607381, "sex_Male": 0.04961968201336024, "marital-status_Married-civ-spouse": 0.03818404855344065, "education_Prof-school": -0.02620483957864527}}}