{"instance_id": 6513, "quadrant": "TN", "true_label": 0, "prediction": 0, "prediction_correct": true, "metrics": {"cost": 1007.5164909994783, "sparsity": 0.09259259259259259, "fidelity": 0.7367054342971866, "faithfulness_gap": 0.027675827146571713, "stability": 0.7478182189186514}, "explanation": {"top_features": ["age: -0.0879", "marital-status_Married-civ-spouse: -0.0457", "marital-status_Never-married: -0.0431", "workclass_nan: -0.0388", "capital-gain: -0.0253", "occupation_nan: -0.0192", "workclass_Private: 0.0183", "education_HS-grad: 0.0170", "relationship_Not-in-family: 0.0130", "relationship_Husband: -0.0115"], "raw_top": {"age": -0.08785385497343129, "marital-status_Married-civ-spouse": -0.045679168242069065, "marital-status_Never-married": -0.04305404516361126, "workclass_nan": -0.03882509039889038, "capital-gain": -0.025304436346033674, "occupation_nan": -0.019211796659464046, "workclass_Private": 0.018345673668263725, "education_HS-grad": 0.017029437240041755, "relationship_Not-in-family": 0.013048713816561808, "relationship_Husband": -0.011530703871580636}}}