{"instance_id": 6519, "quadrant": "TN", "true_label": 0, "prediction": 0, "prediction_correct": true, "metrics": {"cost": 1009.6763399997144, "sparsity": 0.09259259259259259, "fidelity": 0.8489208171288077, "faithfulness_gap": 0.9254118160948313, "stability": 0.19820544689900807}, "explanation": {"top_features": ["age: -0.2303", "workclass_Self-emp-not-inc: -0.0875", "race_White: 0.0854", "occupation_Craft-repair: -0.0571", "race_Black: -0.0477", "education_HS-grad: 0.0447", "sex_Female: 0.0433", "capital-gain: -0.0382", "workclass_Private: 0.0379", "occupation_Machine-op-inspct: 0.0303"], "raw_top": {"age": -0.23026940731256937, "workclass_Self-emp-not-inc": -0.08745778073924443, "race_White": 0.08544035149049868, "occupation_Craft-repair": -0.0571419476428009, "race_Black": -0.04767897624623058, "education_HS-grad": 0.04472507041344642, "sex_Female": 0.043311062994394085, "capital-gain": -0.03822047814246477, "workclass_Private": 0.037917512926497185, "occupation_Machine-op-inspct": 0.030303193268685025}}}