{"instance_id": 6520, "quadrant": "FN", "true_label": 1, "prediction": 0, "prediction_correct": false, "metrics": {"cost": 1003.9692749996902, "sparsity": 0.09259259259259259, "fidelity": 0.7045269343719882, "faithfulness_gap": 0.33955816862406807, "stability": 0.2552785046253656}, "explanation": {"top_features": ["marital-status_Married-civ-spouse: -0.1145", "education-num: 0.1123", "race_White: 0.1078", "hours-per-week: 0.0771", "education_HS-grad: 0.0594", "occupation_Protective-serv: -0.0459", "age: -0.0451", "occupation_Machine-op-inspct: 0.0393", "workclass_Private: -0.0377", "sex_Male: -0.0362"], "raw_top": {"marital-status_Married-civ-spouse": -0.11451832736907763, "education-num": 0.1122809839284546, "race_White": 0.10784941908617655, "hours-per-week": 0.0770851249629909, "education_HS-grad": 0.0594263933015294, "occupation_Protective-serv": -0.045906827978970464, "age": -0.045066434033773355, "occupation_Machine-op-inspct": 0.039309436319737906, "workclass_Private": -0.03770813124578137, "sex_Male": -0.03623370972361127}}}