{"instance_id": 6526, "quadrant": "FP", "true_label": 0, "prediction": 1, "prediction_correct": false, "metrics": {"cost": 1000.4966619999323, "sparsity": 0.09259259259259259, "fidelity": 0.5728672445938034, "faithfulness_gap": 0.5092705089857947, "stability": 0.0874271296637637}, "explanation": {"top_features": ["age: 0.0655", "marital-status_Married-civ-spouse: 0.0563", "occupation_Machine-op-inspct: 0.0395", "sex_Female: 0.0372", "hours-per-week: 0.0356", "marital-status_Never-married: 0.0338", "education_HS-grad: 0.0337", "fnlwgt: 0.0336", "relationship_Husband: 0.0250", "occupation_Sales: 0.0179"], "raw_top": {"age": 0.06549757468953872, "marital-status_Married-civ-spouse": 0.05628545620536863, "occupation_Machine-op-inspct": 0.03949787549023047, "sex_Female": 0.03717940112619451, "hours-per-week": 0.03558229287930553, "marital-status_Never-married": 0.0338225386724474, "education_HS-grad": 0.03367670062763621, "fnlwgt": 0.03362680671005221, "relationship_Husband": 0.024962721799221127, "occupation_Sales": 0.017886980120188634}}}