{"instance_id": 655, "quadrant": "TN", "true_label": 0, "prediction": 0, "prediction_correct": true, "metrics": {"cost": 1009.2237459994067, "sparsity": 0.09259259259259259, "fidelity": 0.8199177309553889, "faithfulness_gap": 0.24683791343943273, "stability": 0.07748045880613504}, "explanation": {"top_features": ["education_Assoc-voc: -0.0991", "occupation_Craft-repair: -0.0878", "marital-status_Married-civ-spouse: 0.0751", "education_HS-grad: 0.0674", "education-num: 0.0443", "occupation_Machine-op-inspct: 0.0423", "fnlwgt: 0.0377", "marital-status_Never-married: 0.0320", "hours-per-week: 0.0276", "education_Some-college: 0.0246"], "raw_top": {"education_Assoc-voc": -0.09910969359451281, "occupation_Craft-repair": -0.08776872113970975, "marital-status_Married-civ-spouse": 0.07511861593855647, "education_HS-grad": 0.06739535962971968, "education-num": 0.04427326574513349, "occupation_Machine-op-inspct": 0.04232588426846221, "fnlwgt": 0.0377137998154981, "marital-status_Never-married": 0.03202245851700668, "hours-per-week": 0.027609808004381512, "education_Some-college": 0.02464955301986832}}}