{"instance_id": 657, "quadrant": "TP", "true_label": 1, "prediction": 1, "prediction_correct": true, "metrics": {"cost": 1000.6292859998211, "sparsity": 0.09259259259259259, "fidelity": 0.6661924919983873, "faithfulness_gap": 0.5173313813500954, "stability": 0.03733433371655963}, "explanation": {"top_features": ["marital-status_Married-civ-spouse: 0.1074", "occupation_Machine-op-inspct: 0.0652", "marital-status_Never-married: 0.0569", "education_HS-grad: 0.0416", "age: 0.0410", "education_Masters: 0.0357", "hours-per-week: 0.0280", "occupation_Other-service: 0.0246", "occupation_Sales: 0.0220", "education_10th: 0.0194"], "raw_top": {"marital-status_Married-civ-spouse": 0.10738654955795895, "occupation_Machine-op-inspct": 0.06523105247517155, "marital-status_Never-married": 0.05692060976891307, "education_HS-grad": 0.04163750490652295, "age": 0.040956143542396975, "education_Masters": 0.0357370199017242, "hours-per-week": 0.027977162072729277, "occupation_Other-service": 0.024580844144524133, "occupation_Sales": 0.021993650890915616, "education_10th": 0.019374726128571884}}}