{"instance_id": 6716, "quadrant": "FP", "true_label": 0, "prediction": 1, "prediction_correct": false, "metrics": {"cost": 1000.6689549991279, "sparsity": 0.09259259259259259, "fidelity": 0.73629850714305, "faithfulness_gap": 0.5706221754455935, "stability": 0.15754031712762234}, "explanation": {"top_features": ["occupation_Protective-serv: 0.1246", "workclass_Private: 0.1165", "workclass_Local-gov: -0.1077", "marital-status_Married-civ-spouse: 0.0773", "marital-status_Never-married: 0.0377", "education-num: 0.0346", "sex_Female: 0.0344", "occupation_Machine-op-inspct: 0.0342", "occupation_Sales: 0.0192", "occupation_Farming-fishing: 0.0141"], "raw_top": {"occupation_Protective-serv": 0.12457331023471829, "workclass_Private": 0.11654710252632651, "workclass_Local-gov": -0.10770978622183527, "marital-status_Married-civ-spouse": 0.07725233817264514, "marital-status_Never-married": 0.03770320390111294, "education-num": 0.03463731722120804, "sex_Female": 0.03443681683430229, "occupation_Machine-op-inspct": 0.03424046157238649, "occupation_Sales": 0.01916725296582178, "occupation_Farming-fishing": 0.01413328772151044}}}