{"instance_id": 6737, "quadrant": "TN", "true_label": 0, "prediction": 0, "prediction_correct": true, "metrics": {"cost": 1005.6087350003509, "sparsity": 0.09259259259259259, "fidelity": 0.889648185048183, "faithfulness_gap": 0.17846977359794797, "stability": 0.30009058406960776}, "explanation": {"top_features": ["occupation_Farming-fishing: -0.2117", "education_HS-grad: 0.0644", "marital-status_Married-civ-spouse: 0.0436", "education-num: 0.0383", "capital-gain: -0.0358", "education_Bachelors: -0.0353", "workclass_Private: -0.0305", "age: 0.0305", "relationship_Husband: 0.0272", "hours-per-week: -0.0216"], "raw_top": {"occupation_Farming-fishing": -0.2116706709681308, "education_HS-grad": 0.06437089044505481, "marital-status_Married-civ-spouse": 0.0436185908706566, "education-num": 0.03830342758019833, "capital-gain": -0.03580483938904926, "education_Bachelors": -0.035255603038391876, "workclass_Private": -0.0305060217390818, "age": 0.030458319603913882, "relationship_Husband": 0.027234380565166586, "hours-per-week": -0.021579978486061163}}}