{"instance_id": 6797, "quadrant": "FP", "true_label": 0, "prediction": 1, "prediction_correct": false, "metrics": {"cost": 1001.1316609998175, "sparsity": 0.09259259259259259, "fidelity": 0.4269408038323752, "faithfulness_gap": 0.5664679397585415, "stability": 0.17068637673378081}, "explanation": {"top_features": ["education-num: 0.0772", "education_HS-grad: 0.0707", "marital-status_Married-civ-spouse: 0.0667", "occupation_Exec-managerial: 0.0372", "hours-per-week: 0.0354", "relationship_Husband: 0.0346", "occupation_Machine-op-inspct: 0.0273", "marital-status_Never-married: 0.0240", "occupation_Craft-repair: 0.0106", "fnlwgt: 0.0088"], "raw_top": {"education-num": 0.07715118268708238, "education_HS-grad": 0.07074669536753891, "marital-status_Married-civ-spouse": 0.06668973836193014, "occupation_Exec-managerial": 0.037160062095035765, "hours-per-week": 0.03542598405139843, "relationship_Husband": 0.034557714189772, "occupation_Machine-op-inspct": 0.0272830552837514, "marital-status_Never-married": 0.023955654305927915, "occupation_Craft-repair": 0.010649489096410336, "fnlwgt": 0.00883033107916268}}}