{"instance_id": 7017, "quadrant": "FP", "true_label": 0, "prediction": 1, "prediction_correct": false, "metrics": {"cost": 1009.6406470001966, "sparsity": 0.09259259259259259, "fidelity": 0.7045696929246691, "faithfulness_gap": 0.304579069520971, "stability": 0.48742845319105454}, "explanation": {"top_features": ["education_7th-8th: -0.2930", "education-num: 0.1719", "hours-per-week: 0.1504", "workclass_Private: 0.1090", "sex_Female: 0.0821", "occupation_Tech-support: 0.0755", "age: 0.0509", "education_Some-college: 0.0446", "education_HS-grad: 0.0437", "sex_Male: 0.0260"], "raw_top": {"education_7th-8th": -0.2930250221451673, "education-num": 0.17193080835440558, "hours-per-week": 0.15040385658426675, "workclass_Private": 0.10896801495263568, "sex_Female": 0.08206330296317756, "occupation_Tech-support": 0.07547183920853652, "age": 0.050944304379798785, "education_Some-college": 0.04456245555597585, "education_HS-grad": 0.04367273642811558, "sex_Male": 0.025960168888096047}}}