{"instance_id": 7587, "quadrant": "FP", "true_label": 0, "prediction": 1, "prediction_correct": false, "metrics": {"cost": 1000.4026000005979, "sparsity": 0.09259259259259259, "fidelity": 0.6196458403021043, "faithfulness_gap": 0.6158993707809487, "stability": 0.10271833728832613}, "explanation": {"top_features": ["education-num: 0.1112", "education_HS-grad: 0.0644", "marital-status_Married-civ-spouse: 0.0411", "hours-per-week: 0.0386", "sex_Female: 0.0341", "age: 0.0339", "occupation_Machine-op-inspct: 0.0255", "relationship_Husband: 0.0202", "occupation_Sales: 0.0169", "fnlwgt: 0.0159"], "raw_top": {"education-num": 0.11120811704622184, "education_HS-grad": 0.06438410538658275, "marital-status_Married-civ-spouse": 0.04107312339960794, "hours-per-week": 0.038592520649836606, "sex_Female": 0.034053728845208, "age": 0.033885039553196855, "occupation_Machine-op-inspct": 0.025462527744489625, "relationship_Husband": 0.020157648942795533, "occupation_Sales": 0.01687964583427981, "fnlwgt": 0.015874758864348266}}}