{"instance_id": 7635, "quadrant": "FN", "true_label": 1, "prediction": 0, "prediction_correct": false, "metrics": {"cost": 1000.564514000871, "sparsity": 0.09259259259259259, "fidelity": 0.9522530603694709, "faithfulness_gap": 0.06003454880955243, "stability": 0.2788590666802932}, "explanation": {"top_features": ["hours-per-week: -0.1849", "occupation_Prof-specialty: -0.0447", "education_HS-grad: 0.0355", "capital-gain: -0.0337", "marital-status_Married-civ-spouse: 0.0288", "education_Some-college: -0.0261", "occupation_Machine-op-inspct: 0.0190", "workclass_Private: -0.0165", "marital-status_Never-married: 0.0145", "sex_Female: 0.0145"], "raw_top": {"hours-per-week": -0.18485398267674805, "occupation_Prof-specialty": -0.04473076904231094, "education_HS-grad": 0.03546114470005632, "capital-gain": -0.03370490383830087, "marital-status_Married-civ-spouse": 0.028813332679421447, "education_Some-college": -0.02614034763650403, "occupation_Machine-op-inspct": 0.019037912405299614, "workclass_Private": -0.016460235318522476, "marital-status_Never-married": 0.014489852411423506, "sex_Female": 0.014471850610424164}}}