{"instance_id": 7655, "quadrant": "TP", "true_label": 1, "prediction": 1, "prediction_correct": true, "metrics": {"cost": 1000.5873270001757, "sparsity": 0.09259259259259259, "fidelity": 0.6808797850096603, "faithfulness_gap": 0.5887730482933442, "stability": 0.40238433776692617}, "explanation": {"top_features": ["education_Masters: 0.1515", "hours-per-week: 0.1048", "occupation_Exec-managerial: 0.1026", "marital-status_Married-civ-spouse: 0.1018", "education_HS-grad: 0.0858", "marital-status_Never-married: 0.0699", "occupation_Machine-op-inspct: 0.0438", "relationship_Husband: 0.0348", "occupation_Other-service: 0.0283", "age: 0.0218"], "raw_top": {"education_Masters": 0.1515226283955047, "hours-per-week": 0.1047608880035069, "occupation_Exec-managerial": 0.10256007670248089, "marital-status_Married-civ-spouse": 0.10180173024082238, "education_HS-grad": 0.08578247750978828, "marital-status_Never-married": 0.06990774923194419, "occupation_Machine-op-inspct": 0.04378768456900976, "relationship_Husband": 0.0348024187926155, "occupation_Other-service": 0.028319904657764197, "age": 0.021846015218276005}}}