{"instance_id": 7744, "quadrant": "TP", "true_label": 1, "prediction": 1, "prediction_correct": true, "metrics": {"cost": 1008.8318340003752, "sparsity": 0.09259259259259259, "fidelity": 0.7929061121650525, "faithfulness_gap": 0.29622761272332565, "stability": 0.2177901614667212}, "explanation": {"top_features": ["education-num: 0.1534", "age: 0.1011", "education_Doctorate: 0.0823", "workclass_Private: 0.0785", "education_HS-grad: 0.0752", "marital-status_Never-married: 0.0703", "marital-status_Married-civ-spouse: 0.0558", "relationship_Husband: 0.0477", "hours-per-week: 0.0423", "occupation_Other-service: 0.0356"], "raw_top": {"education-num": 0.1534039822084667, "age": 0.10106127818103874, "education_Doctorate": 0.0823065854050191, "workclass_Private": 0.07847724734315693, "education_HS-grad": 0.07523257632972899, "marital-status_Never-married": 0.07032313674672046, "marital-status_Married-civ-spouse": 0.055753078479857617, "relationship_Husband": 0.04767008506070605, "hours-per-week": 0.042259623740143894, "occupation_Other-service": 0.0356146308006321}}}