{"instance_id": 7966, "quadrant": "FN", "true_label": 1, "prediction": 0, "prediction_correct": false, "metrics": {"cost": 1008.9799259985739, "sparsity": 0.09259259259259259, "fidelity": 0.858552139834619, "faithfulness_gap": 0.18838544255589684, "stability": 0.22889841668744204}, "explanation": {"top_features": ["marital-status_Never-married: -0.1461", "marital-status_Married-civ-spouse: -0.1348", "education_Masters: 0.1060", "sex_Female: -0.0899", "relationship_Not-in-family: 0.0678", "occupation_Exec-managerial: 0.0658", "education_HS-grad: 0.0626", "sex_Male: 0.0522", "hours-per-week: 0.0475", "fnlwgt: 0.0185"], "raw_top": {"marital-status_Never-married": -0.14609386859797396, "marital-status_Married-civ-spouse": -0.13475189873342228, "education_Masters": 0.10600034505161442, "sex_Female": -0.08986144483646286, "relationship_Not-in-family": 0.06778363172832028, "occupation_Exec-managerial": 0.06583017013202135, "education_HS-grad": 0.06255414353496366, "sex_Male": 0.05224374424295923, "hours-per-week": 0.04750903767640482, "fnlwgt": 0.018528013151608236}}}