{"instance_id": 7967, "quadrant": "FP", "true_label": 0, "prediction": 1, "prediction_correct": false, "metrics": {"cost": 1000.3919819992007, "sparsity": 0.09259259259259259, "fidelity": 0.5083634712648818, "faithfulness_gap": 0.5579367406205017, "stability": 0.12918657496459096}, "explanation": {"top_features": ["education_HS-grad: 0.0754", "marital-status_Married-civ-spouse: 0.0563", "education-num: 0.0503", "age: 0.0458", "hours-per-week: 0.0403", "marital-status_Never-married: 0.0354", "occupation_Machine-op-inspct: 0.0346", "sex_Female: 0.0225", "occupation_Craft-repair: 0.0166", "relationship_Not-in-family: 0.0109"], "raw_top": {"education_HS-grad": 0.07539875379950635, "marital-status_Married-civ-spouse": 0.05630367600213102, "education-num": 0.05027090271723802, "age": 0.045843952221004236, "hours-per-week": 0.040281718590891254, "marital-status_Never-married": 0.035403037713850276, "occupation_Machine-op-inspct": 0.03462445189598831, "sex_Female": 0.022457658768854638, "occupation_Craft-repair": 0.0165560208260718, "relationship_Not-in-family": 0.010873443429952001}}}