{"instance_id": 7996, "quadrant": "TN", "true_label": 0, "prediction": 0, "prediction_correct": true, "metrics": {"cost": 1006.3623189998907, "sparsity": 0.09259259259259259, "fidelity": 0.5919550965668384, "faithfulness_gap": 0.14628663005126796, "stability": 0.5617454179017283}, "explanation": {"top_features": ["age: -0.0512", "marital-status_Never-married: -0.0339", "marital-status_Married-civ-spouse: -0.0338", "workclass_Local-gov: -0.0297", "capital-gain: -0.0273", "hours-per-week: -0.0242", "workclass_Private: 0.0220", "sex_Female: -0.0202", "occupation_Other-service: -0.0182", "relationship_Husband: -0.0066"], "raw_top": {"age": -0.05117917179065414, "marital-status_Never-married": -0.03387400334069043, "marital-status_Married-civ-spouse": -0.033762519184926364, "workclass_Local-gov": -0.02972376452904169, "capital-gain": -0.027307408824288663, "hours-per-week": -0.024215568914968726, "workclass_Private": 0.021965275428564773, "sex_Female": -0.02017582101351593, "occupation_Other-service": -0.0181801149963788, "relationship_Husband": -0.0066148303051441325}}}