{"instance_id": 8027, "quadrant": "TP", "true_label": 1, "prediction": 1, "prediction_correct": true, "metrics": {"cost": 1000.6322949993773, "sparsity": 0.09259259259259259, "fidelity": 0.9699313526875409, "faithfulness_gap": 0.9007064649458829, "stability": 0.6284133372010213}, "explanation": {"top_features": ["capital-gain: 0.4337", "age: 0.0701", "education_HS-grad: 0.0593", "marital-status_Married-civ-spouse: 0.0435", "relationship_Husband: 0.0362", "hours-per-week: 0.0295", "sex_Female: 0.0279", "marital-status_Never-married: 0.0225", "education-num: 0.0176", "occupation_Farming-fishing: 0.0115"], "raw_top": {"capital-gain": 0.43369423536640045, "age": 0.07011569569363382, "education_HS-grad": 0.05927912101262142, "marital-status_Married-civ-spouse": 0.04351848366040991, "relationship_Husband": 0.036228116183665504, "hours-per-week": 0.029499733279903875, "sex_Female": 0.02786595700138006, "marital-status_Never-married": 0.022455914135512255, "education-num": 0.017648385756772342, "occupation_Farming-fishing": 0.011519231589003809}}}