{"instance_id": 8071, "quadrant": "FN", "true_label": 1, "prediction": 0, "prediction_correct": false, "metrics": {"cost": 1008.0706120006653, "sparsity": 0.09259259259259259, "fidelity": 0.9504393935893644, "faithfulness_gap": 0.5143761690582711, "stability": 0.3953216547339978}, "explanation": {"top_features": ["occupation_Handlers-cleaners: -0.2079", "education_Some-college: -0.0719", "age: -0.0508", "capital-gain: -0.0402", "marital-status_Married-civ-spouse: 0.0397", "education_HS-grad: 0.0322", "fnlwgt: 0.0319", "occupation_Machine-op-inspct: 0.0250", "hours-per-week: 0.0246", "relationship_Husband: 0.0177"], "raw_top": {"occupation_Handlers-cleaners": -0.20793740843721242, "education_Some-college": -0.07185890600812157, "age": -0.05077644411697809, "capital-gain": -0.040234952866672495, "marital-status_Married-civ-spouse": 0.03971618443204679, "education_HS-grad": 0.03220206832489747, "fnlwgt": 0.03188132286864059, "occupation_Machine-op-inspct": 0.024985878238233956, "hours-per-week": 0.024608692848742154, "relationship_Husband": 0.017684661629119275}}}