{"instance_id": 8072, "quadrant": "FP", "true_label": 0, "prediction": 1, "prediction_correct": false, "metrics": {"cost": 1008.8492840004619, "sparsity": 0.09259259259259259, "fidelity": 0.5972620700445006, "faithfulness_gap": 0.49777741646289597, "stability": 0.2789228274131349}, "explanation": {"top_features": ["education_Bachelors: -0.1308", "age: 0.1109", "education-num: 0.1059", "marital-status_Married-civ-spouse: 0.0794", "education_HS-grad: 0.0721", "workclass_Private: 0.0641", "marital-status_Never-married: 0.0593", "sex_Female: 0.0500", "occupation_Machine-op-inspct: 0.0413", "workclass_Self-emp-not-inc: 0.0142"], "raw_top": {"education_Bachelors": -0.1308383960484899, "age": 0.11087106638626049, "education-num": 0.1058820622028657, "marital-status_Married-civ-spouse": 0.07941322562415543, "education_HS-grad": 0.07210493574013907, "workclass_Private": 0.0640803986188362, "marital-status_Never-married": 0.059330362098466524, "sex_Female": 0.05002367705930785, "occupation_Machine-op-inspct": 0.041341419881432105, "workclass_Self-emp-not-inc": 0.014151173747204747}}}