{"instance_id": 818, "quadrant": "FP", "true_label": 0, "prediction": 1, "prediction_correct": false, "metrics": {"cost": 1008.4710790015379, "sparsity": 0.09259259259259259, "fidelity": 0.723088838729639, "faithfulness_gap": 0.5289951794956653, "stability": 0.09227677046245575}, "explanation": {"top_features": ["age: 0.1004", "education_Some-college: 0.0505", "relationship_Husband: 0.0490", "sex_Female: 0.0395", "occupation_Machine-op-inspct: 0.0363", "marital-status_Married-civ-spouse: 0.0353", "marital-status_Never-married: 0.0327", "education_11th: 0.0170", "hours-per-week: 0.0151", "fnlwgt: 0.0136"], "raw_top": {"age": 0.10035443747452877, "education_Some-college": 0.05048775825400074, "relationship_Husband": 0.04895964654149801, "sex_Female": 0.039509038493049986, "occupation_Machine-op-inspct": 0.036295415763303696, "marital-status_Married-civ-spouse": 0.035321648636448516, "marital-status_Never-married": 0.03270789727687734, "education_11th": 0.01698018048582943, "hours-per-week": 0.0150891988986888, "fnlwgt": 0.013613854721648444}}}