{"instance_id": 8230, "quadrant": "TN", "true_label": 0, "prediction": 0, "prediction_correct": true, "metrics": {"cost": 1000.8851010006765, "sparsity": 0.09259259259259259, "fidelity": 0.7177352468783386, "faithfulness_gap": 0.10379643215644566, "stability": 0.8341903573623405}, "explanation": {"top_features": ["native-country_Dominican-Republic: -0.0617", "occupation_Other-service: -0.0478", "sex_Female: -0.0286", "relationship_Unmarried: -0.0208", "marital-status_Married-civ-spouse: -0.0202", "education_HS-grad: -0.0155", "capital-gain: -0.0146", "marital-status_Separated: -0.0081", "education-num: -0.0030", "hours-per-week: -0.0028"], "raw_top": {"native-country_Dominican-Republic": -0.06169743388216026, "occupation_Other-service": -0.047799972761043065, "sex_Female": -0.028631069192263988, "relationship_Unmarried": -0.020818574949003795, "marital-status_Married-civ-spouse": -0.020168804916446702, "education_HS-grad": -0.015538737809756988, "capital-gain": -0.014566186190031638, "marital-status_Separated": -0.008097936729255557, "education-num": -0.002975152847931723, "hours-per-week": -0.0027744820587372043}}}