{"instance_id": 8318, "quadrant": "FP", "true_label": 0, "prediction": 1, "prediction_correct": false, "metrics": {"cost": 1009.0448520004429, "sparsity": 0.09259259259259259, "fidelity": 0.8075192436455039, "faithfulness_gap": 0.7986410007823893, "stability": 0.188643560922348}, "explanation": {"top_features": ["education-num: 0.1223", "marital-status_Married-civ-spouse: 0.1097", "fnlwgt: 0.0756", "marital-status_Never-married: 0.0592", "education_HS-grad: 0.0511", "occupation_Machine-op-inspct: 0.0483", "age: 0.0387", "occupation_Craft-repair: 0.0377", "workclass_Self-emp-not-inc: 0.0199", "marital-status_Separated: 0.0175"], "raw_top": {"education-num": 0.12234775238327411, "marital-status_Married-civ-spouse": 0.10966853175607269, "fnlwgt": 0.07555927767724954, "marital-status_Never-married": 0.059246177417088396, "education_HS-grad": 0.05109652644804531, "occupation_Machine-op-inspct": 0.04826636254539906, "age": 0.0386710188028744, "occupation_Craft-repair": 0.037730340276709184, "workclass_Self-emp-not-inc": 0.01992245158090116, "marital-status_Separated": 0.017482885956708327}}}