{"instance_id": 8401, "quadrant": "TN", "true_label": 0, "prediction": 0, "prediction_correct": true, "metrics": {"cost": 1009.5542719991499, "sparsity": 0.09259259259259259, "fidelity": 0.6430446267232169, "faithfulness_gap": 2.6278615172788383e-05, "stability": 0.40428814298588067}, "explanation": {"top_features": ["relationship_Own-child: -0.0618", "education_HS-grad: -0.0450", "hours-per-week: 0.0340", "capital-gain: -0.0290", "marital-status_Never-married: -0.0252", "age: -0.0239", "marital-status_Married-civ-spouse: -0.0218", "workclass_Self-emp-not-inc: -0.0191", "relationship_Husband: -0.0173", "occupation_Sales: -0.0139"], "raw_top": {"relationship_Own-child": -0.0617641114578333, "education_HS-grad": -0.045016082672746024, "hours-per-week": 0.03401563484060413, "capital-gain": -0.029042153795001, "marital-status_Never-married": -0.02520078860340747, "age": -0.023917730862857107, "marital-status_Married-civ-spouse": -0.021762082525158384, "workclass_Self-emp-not-inc": -0.01906363741956738, "relationship_Husband": -0.0173493559496449, "occupation_Sales": -0.013879972512890325}}}