{"instance_id": 848, "quadrant": "FN", "true_label": 1, "prediction": 0, "prediction_correct": false, "metrics": {"cost": 1001.0250840005028, "sparsity": 0.09259259259259259, "fidelity": 0.8695850501043614, "faithfulness_gap": 0.061017246699821594, "stability": 0.2410686451819741}, "explanation": {"top_features": ["workclass_Self-emp-not-inc: -0.1572", "occupation_Prof-specialty: -0.0861", "hours-per-week: 0.0624", "education_HS-grad: 0.0524", "relationship_Unmarried: -0.0478", "education_Masters: 0.0435", "age: 0.0417", "fnlwgt: -0.0383", "marital-status_Married-civ-spouse: -0.0362", "marital-status_Divorced: -0.0326"], "raw_top": {"workclass_Self-emp-not-inc": -0.15724209841016756, "occupation_Prof-specialty": -0.08610596514954164, "hours-per-week": 0.06239690930224458, "education_HS-grad": 0.05238255999053932, "relationship_Unmarried": -0.04777074496015337, "education_Masters": 0.04351144693183592, "age": 0.04166641511788656, "fnlwgt": -0.03831572272243715, "marital-status_Married-civ-spouse": -0.036150164648964256, "marital-status_Divorced": -0.03262345051517165}}}