{"instance_id": 8578, "quadrant": "FP", "true_label": 0, "prediction": 1, "prediction_correct": false, "metrics": {"cost": 1002.9185599996708, "sparsity": 0.09259259259259259, "fidelity": 0.8620777202933143, "faithfulness_gap": 0.7133734664041279, "stability": 0.22284754233926007}, "explanation": {"top_features": ["education-num: 0.1248", "education_HS-grad: 0.0900", "marital-status_Married-civ-spouse: 0.0759", "workclass_Private: 0.0736", "marital-status_Never-married: 0.0329", "fnlwgt: 0.0228", "age: 0.0209", "sex_Female: 0.0181", "occupation_Machine-op-inspct: 0.0172", "occupation_Craft-repair: 0.0150"], "raw_top": {"education-num": 0.12483209174894637, "education_HS-grad": 0.08998108842469581, "marital-status_Married-civ-spouse": 0.0759279647106687, "workclass_Private": 0.0735715577103071, "marital-status_Never-married": 0.03291398909141868, "fnlwgt": 0.022831439815056268, "age": 0.020899103676875024, "sex_Female": 0.01809665615771402, "occupation_Machine-op-inspct": 0.01722036960461104, "occupation_Craft-repair": 0.01504332335354707}}}