{"instance_id": 8656, "quadrant": "TP", "true_label": 1, "prediction": 1, "prediction_correct": true, "metrics": {"cost": 1001.0481730005267, "sparsity": 0.09259259259259259, "fidelity": 0.9257426787409193, "faithfulness_gap": 0.5900101786953728, "stability": 0.7022753068916834}, "explanation": {"top_features": ["capital-gain: 0.3410", "education_Masters: 0.0967", "education_HS-grad: 0.0673", "marital-status_Married-civ-spouse: 0.0592", "occupation_Machine-op-inspct: 0.0497", "age: 0.0412", "marital-status_Never-married: 0.0343", "relationship_Unmarried: 0.0290", "education_10th: 0.0251", "occupation_Other-service: 0.0206"], "raw_top": {"capital-gain": 0.3410042561893301, "education_Masters": 0.0966871362891221, "education_HS-grad": 0.0672506631791795, "marital-status_Married-civ-spouse": 0.059204293147661936, "occupation_Machine-op-inspct": 0.04967009844450772, "age": 0.041180863823668035, "marital-status_Never-married": 0.03430106473765257, "relationship_Unmarried": 0.029049079550646957, "education_10th": 0.02514674906290119, "occupation_Other-service": 0.020616123086525606}}}