{"instance_id": 8657, "quadrant": "FP", "true_label": 0, "prediction": 1, "prediction_correct": false, "metrics": {"cost": 1024.5907730004546, "sparsity": 0.09259259259259259, "fidelity": 0.7322971222531103, "faithfulness_gap": 0.6357994204441723, "stability": 0.20633441187748236}, "explanation": {"top_features": ["capital-gain: 0.1132", "relationship_Wife: 0.1063", "occupation_Transport-moving: 0.0605", "sex_Male: 0.0278", "fnlwgt: 0.0260", "education_Some-college: 0.0206", "occupation_Craft-repair: 0.0183", "occupation_Sales: 0.0147", "workclass_Private: 0.0134", "occupation_Machine-op-inspct: 0.0126"], "raw_top": {"capital-gain": 0.11322175578957129, "relationship_Wife": 0.10627555449143929, "occupation_Transport-moving": 0.06048947873285651, "sex_Male": 0.02778709102370381, "fnlwgt": 0.026045204933182308, "education_Some-college": 0.020561096647203687, "occupation_Craft-repair": 0.01833725952374279, "occupation_Sales": 0.01467991247724249, "workclass_Private": 0.013354945114285017, "occupation_Machine-op-inspct": 0.012553626587293532}}}