{"instance_id": 8703, "quadrant": "TP", "true_label": 1, "prediction": 1, "prediction_correct": true, "metrics": {"cost": 1017.1263730007922, "sparsity": 0.09259259259259259, "fidelity": 0.7329801956974468, "faithfulness_gap": 0.8519446092611512, "stability": 0.545920345001947}, "explanation": {"top_features": ["age: 0.1788", "education-num: 0.1140", "education_Doctorate: 0.0817", "education_HS-grad: 0.0800", "native-country_United-States: 0.0641", "occupation_Machine-op-inspct: 0.0622", "sex_Female: 0.0531", "relationship_Husband: 0.0508", "workclass_Private: 0.0500", "marital-status_Married-civ-spouse: 0.0422"], "raw_top": {"age": 0.17878859720494997, "education-num": 0.11403429546135681, "education_Doctorate": 0.08173611678823081, "education_HS-grad": 0.08001969081570384, "native-country_United-States": 0.06406741276610171, "occupation_Machine-op-inspct": 0.06220634773807145, "sex_Female": 0.05306190334484535, "relationship_Husband": 0.05077594393211192, "workclass_Private": 0.050047112503796974, "marital-status_Married-civ-spouse": 0.042170630540175336}}}