{"instance_id": 8767, "quadrant": "TN", "true_label": 0, "prediction": 0, "prediction_correct": true, "metrics": {"cost": 1008.490285001244, "sparsity": 0.09259259259259259, "fidelity": 0.7147414618021821, "faithfulness_gap": 0.3331202103678105, "stability": 0.2898836595478815}, "explanation": {"top_features": ["occupation_Machine-op-inspct: -0.1575", "capital-loss: 0.1491", "age: 0.1087", "education_HS-grad: -0.0772", "marital-status_Never-married: 0.0526", "relationship_Husband: 0.0442", "education_Some-college: 0.0316", "marital-status_Married-civ-spouse: 0.0311", "marital-status_Divorced: 0.0299", "sex_Female: 0.0292"], "raw_top": {"occupation_Machine-op-inspct": -0.15750714919592712, "capital-loss": 0.14910669546608427, "age": 0.10868387255183003, "education_HS-grad": -0.07720936093419062, "marital-status_Never-married": 0.0525738673695784, "relationship_Husband": 0.04424540606219245, "education_Some-college": 0.03157550284727398, "marital-status_Married-civ-spouse": 0.031119902017378458, "marital-status_Divorced": 0.02987685195300728, "sex_Female": 0.029214171341863607}}}