{"instance_id": 8816, "quadrant": "FN", "true_label": 1, "prediction": 0, "prediction_correct": false, "metrics": {"cost": 1003.6086280015297, "sparsity": 0.09259259259259259, "fidelity": 0.8088404375095768, "faithfulness_gap": 0.034093328270551615, "stability": 0.14067225773591874}, "explanation": {"top_features": ["workclass_nan: -0.1007", "education_HS-grad: 0.0883", "age: -0.0827", "education-num: 0.0773", "marital-status_Never-married: 0.0610", "marital-status_Married-civ-spouse: 0.0601", "relationship_Husband: 0.0323", "education_Doctorate: 0.0322", "occupation_Farming-fishing: 0.0216", "relationship_Own-child: 0.0215"], "raw_top": {"workclass_nan": -0.10068778004742897, "education_HS-grad": 0.08833375353808035, "age": -0.08269207352366931, "education-num": 0.0772650917643315, "marital-status_Never-married": 0.061028034322334265, "marital-status_Married-civ-spouse": 0.060075040833314206, "relationship_Husband": 0.03231911025670375, "education_Doctorate": 0.0322459260238643, "occupation_Farming-fishing": 0.021644606647200998, "relationship_Own-child": 0.0214517672634896}}}