{"instance_id": 890, "quadrant": "FP", "true_label": 0, "prediction": 1, "prediction_correct": false, "metrics": {"cost": 1000.9650949996285, "sparsity": 0.09259259259259259, "fidelity": 0.4865153066063118, "faithfulness_gap": 0.569960457740564, "stability": 0.1753112908567458}, "explanation": {"top_features": ["education_HS-grad: 0.0796", "education-num: 0.0671", "marital-status_Married-civ-spouse: 0.0633", "relationship_Husband: 0.0483", "hours-per-week: 0.0333", "occupation_Machine-op-inspct: 0.0289", "marital-status_Never-married: 0.0274", "occupation_Craft-repair: 0.0220", "fnlwgt: 0.0131", "sex_Female: 0.0095"], "raw_top": {"education_HS-grad": 0.07964339825573556, "education-num": 0.06711452487806517, "marital-status_Married-civ-spouse": 0.06332938903610665, "relationship_Husband": 0.04827389170495122, "hours-per-week": 0.0332886911198824, "occupation_Machine-op-inspct": 0.02886080416756463, "marital-status_Never-married": 0.027428189826846402, "occupation_Craft-repair": 0.02199760351975017, "fnlwgt": 0.013077795359444137, "sex_Female": 0.009519382364350293}}}