{"instance_id": 8973, "quadrant": "TN", "true_label": 0, "prediction": 0, "prediction_correct": true, "metrics": {"cost": 1009.1550230008579, "sparsity": 0.09259259259259259, "fidelity": 0.6760307931016061, "faithfulness_gap": 0.14501404371158477, "stability": 0.8834649311164361}, "explanation": {"top_features": ["education_5th-6th: -0.0659", "occupation_Handlers-cleaners: -0.0457", "marital-status_Married-civ-spouse: -0.0268", "age: -0.0264", "marital-status_Married-spouse-absent: -0.0221", "native-country_United-States: 0.0201", "native-country_Mexico: -0.0197", "relationship_Other-relative: -0.0166", "capital-gain: -0.0123", "relationship_Husband: -0.0078"], "raw_top": {"education_5th-6th": -0.06585191632717373, "occupation_Handlers-cleaners": -0.04569678454729956, "marital-status_Married-civ-spouse": -0.02681114378416308, "age": -0.026402448506227832, "marital-status_Married-spouse-absent": -0.022143253966744852, "native-country_United-States": 0.0201324880263892, "native-country_Mexico": -0.01969910357089596, "relationship_Other-relative": -0.01657694370166525, "capital-gain": -0.012275032158570886, "relationship_Husband": -0.007753502883797098}}}