{"instance_id": 8995, "quadrant": "FP", "true_label": 0, "prediction": 1, "prediction_correct": false, "metrics": {"cost": 1000.8442819998891, "sparsity": 0.09259259259259259, "fidelity": 0.6741706550010912, "faithfulness_gap": 0.26034128865810957, "stability": 0.15067746863158765}, "explanation": {"top_features": ["workclass_Self-emp-not-inc: -0.1589", "education-num: 0.0972", "education_HS-grad: 0.0849", "marital-status_Married-civ-spouse: 0.0612", "occupation_Exec-managerial: 0.0549", "age: 0.0501", "relationship_Husband: 0.0357", "sex_Female: 0.0344", "marital-status_Never-married: 0.0259", "relationship_Own-child: 0.0212"], "raw_top": {"workclass_Self-emp-not-inc": -0.15890385760847106, "education-num": 0.09719088048567853, "education_HS-grad": 0.08487933252298448, "marital-status_Married-civ-spouse": 0.06121934524858059, "occupation_Exec-managerial": 0.05486967457244903, "age": 0.050103332295127895, "relationship_Husband": 0.035716787720289855, "sex_Female": 0.034380320106647114, "marital-status_Never-married": 0.02593415276486697, "relationship_Own-child": 0.021227089592766757}}}