{"instance_id": 9022, "quadrant": "FN", "true_label": 1, "prediction": 0, "prediction_correct": false, "metrics": {"cost": 1001.8537790001574, "sparsity": 0.09259259259259259, "fidelity": 0.7790753053739614, "faithfulness_gap": 0.577107204933012, "stability": 0.7607269732225839}, "explanation": {"top_features": ["native-country_Iran: -0.1687", "occupation_Other-service: -0.0901", "race_Other: -0.0702", "race_White: 0.0472", "education-num: 0.0369", "education_HS-grad: 0.0247", "hours-per-week: -0.0231", "marital-status_Married-civ-spouse: 0.0221", "education_Bachelors: -0.0202", "marital-status_Never-married: 0.0182"], "raw_top": {"native-country_Iran": -0.16871562148309174, "occupation_Other-service": -0.09009497175325062, "race_Other": -0.07021851519421796, "race_White": 0.04723371134679736, "education-num": 0.03692188857690201, "education_HS-grad": 0.02471351892312996, "hours-per-week": -0.02309283383705242, "marital-status_Married-civ-spouse": 0.022148896296644557, "education_Bachelors": -0.020199502191890845, "marital-status_Never-married": 0.018243281522681426}}}