{"instance_id": 9034, "quadrant": "TP", "true_label": 1, "prediction": 1, "prediction_correct": true, "metrics": {"cost": 1003.8886479997018, "sparsity": 0.09259259259259259, "fidelity": 0.6182931015993294, "faithfulness_gap": 0.13373955648913027, "stability": 0.4529461484270002}, "explanation": {"top_features": ["race_Asian-Pac-Islander: 0.1536", "race_White: 0.1024", "sex_Female: 0.0860", "capital-loss: 0.0824", "education_HS-grad: 0.0812", "education-num: 0.0754", "age: 0.0637", "native-country_United-States: 0.0459", "hours-per-week: 0.0436", "relationship_Own-child: 0.0414"], "raw_top": {"race_Asian-Pac-Islander": 0.15363823333664206, "race_White": 0.10235964287517149, "sex_Female": 0.08600985455075502, "capital-loss": 0.0823592186550768, "education_HS-grad": 0.08124133959757515, "education-num": 0.07539253563394588, "age": 0.06368188236306259, "native-country_United-States": 0.045942848880751286, "hours-per-week": 0.043586024593037946, "relationship_Own-child": 0.04136901125472532}}}