{"instance_id": 9044, "quadrant": "TN", "true_label": 0, "prediction": 0, "prediction_correct": true, "metrics": {"cost": 1007.3168569997506, "sparsity": 0.09259259259259259, "fidelity": 0.7332806555674856, "faithfulness_gap": 0.0001875571128988905, "stability": 0.8470098125134174}, "explanation": {"top_features": ["native-country_Vietnam: -0.0864", "marital-status_Never-married: -0.0380", "occupation_Other-service: -0.0358", "hours-per-week: -0.0346", "race_White: 0.0276", "marital-status_Married-civ-spouse: -0.0276", "relationship_Other-relative: -0.0235", "education_HS-grad: 0.0173", "capital-gain: -0.0167", "education-num: -0.0055"], "raw_top": {"native-country_Vietnam": -0.08639765901776199, "marital-status_Never-married": -0.03796923265336999, "occupation_Other-service": -0.0357634782952777, "hours-per-week": -0.034649844265118766, "race_White": 0.02761954809725093, "marital-status_Married-civ-spouse": -0.027550108966205446, "relationship_Other-relative": -0.023471157330761085, "education_HS-grad": 0.01732052826051461, "capital-gain": -0.01668712161148569, "education-num": -0.0055291156147259535}}}