{"instance_id": 9061, "quadrant": "TP", "true_label": 1, "prediction": 1, "prediction_correct": true, "metrics": {"cost": 1008.7951780005824, "sparsity": 0.09259259259259259, "fidelity": 0.6433877437500711, "faithfulness_gap": 0.6036423377534317, "stability": 0.21566176236291235}, "explanation": {"top_features": ["marital-status_Married-civ-spouse: 0.0931", "education_HS-grad: 0.0729", "age: 0.0569", "marital-status_Never-married: 0.0449", "education-num: 0.0383", "occupation_Exec-managerial: 0.0375", "sex_Female: 0.0297", "fnlwgt: 0.0237", "relationship_Husband: 0.0235", "occupation_Machine-op-inspct: 0.0145"], "raw_top": {"marital-status_Married-civ-spouse": 0.09306558966371364, "education_HS-grad": 0.07287674994252177, "age": 0.056911068928769584, "marital-status_Never-married": 0.044875539953221855, "education-num": 0.03831622318619167, "occupation_Exec-managerial": 0.037546148174982724, "sex_Female": 0.029698662710177025, "fnlwgt": 0.023745345956729207, "relationship_Husband": 0.02349877654422018, "occupation_Machine-op-inspct": 0.014454085971416841}}}