{"instance_id": 9083, "quadrant": "TN", "true_label": 0, "prediction": 0, "prediction_correct": true, "metrics": {"cost": 1003.1373649999296, "sparsity": 0.09259259259259259, "fidelity": 0.6909903612256452, "faithfulness_gap": 0.00028897383215430606, "stability": 0.3996865061416482}, "explanation": {"top_features": ["age: -0.0756", "hours-per-week: -0.0703", "race_White: 0.0484", "race_Asian-Pac-Islander: 0.0416", "marital-status_Married-civ-spouse: -0.0392", "capital-gain: -0.0364", "marital-status_Never-married: -0.0355", "relationship_Own-child: -0.0250", "education_Some-college: -0.0169", "occupation_Machine-op-inspct: -0.0100"], "raw_top": {"age": -0.07562117772447062, "hours-per-week": -0.07026495789555245, "race_White": 0.048412836209582456, "race_Asian-Pac-Islander": 0.04155614844044956, "marital-status_Married-civ-spouse": -0.03923302426930865, "capital-gain": -0.03635453548427246, "marital-status_Never-married": -0.03550744624269256, "relationship_Own-child": -0.024977636421727813, "education_Some-college": -0.016919275593778153, "occupation_Machine-op-inspct": -0.009954762352192642}}}