{"instance_id": 9166, "quadrant": "FP", "true_label": 0, "prediction": 1, "prediction_correct": false, "metrics": {"cost": 1004.779871998835, "sparsity": 0.09259259259259259, "fidelity": 0.5914263735781058, "faithfulness_gap": 0.9054534104972437, "stability": 0.2504809255336223}, "explanation": {"top_features": ["education-num: 0.1219", "age: 0.1086", "occupation_Machine-op-inspct: 0.0992", "education_Prof-school: 0.0845", "marital-status_Married-civ-spouse: 0.0645", "sex_Female: 0.0629", "education_HS-grad: 0.0628", "workclass_Private: 0.0619", "relationship_Husband: 0.0530", "marital-status_Never-married: 0.0523"], "raw_top": {"education-num": 0.12191478747231149, "age": 0.10860058068159073, "occupation_Machine-op-inspct": 0.09920467358398569, "education_Prof-school": 0.0845205679240008, "marital-status_Married-civ-spouse": 0.06449555336165878, "sex_Female": 0.06291409137439306, "education_HS-grad": 0.06283934367583556, "workclass_Private": 0.06187002787258418, "relationship_Husband": 0.05297992229022684, "marital-status_Never-married": 0.05225236866801286}}}