{"instance_id": 9167, "quadrant": "TP", "true_label": 1, "prediction": 1, "prediction_correct": true, "metrics": {"cost": 1009.3158990002848, "sparsity": 0.09259259259259259, "fidelity": 0.8108834611275757, "faithfulness_gap": 0.6690708214184988, "stability": 0.11973084185187535}, "explanation": {"top_features": ["workclass_Private: 0.1099", "age: 0.0947", "marital-status_Married-civ-spouse: 0.0595", "occupation_Machine-op-inspct: 0.0453", "marital-status_Never-married: 0.0365", "relationship_Husband: 0.0256", "sex_Female: 0.0243", "relationship_Unmarried: 0.0239", "marital-status_Divorced: 0.0165", "education_Some-college: 0.0135"], "raw_top": {"workclass_Private": 0.10991694698097115, "age": 0.09470053976521968, "marital-status_Married-civ-spouse": 0.05950957952657295, "occupation_Machine-op-inspct": 0.04530986137410742, "marital-status_Never-married": 0.03646540267704214, "relationship_Husband": 0.025600809113190875, "sex_Female": 0.024287633925933312, "relationship_Unmarried": 0.023880404481697117, "marital-status_Divorced": 0.01649801664708603, "education_Some-college": 0.013535274173104794}}}