{"instance_id": 9289, "quadrant": "FP", "true_label": 0, "prediction": 1, "prediction_correct": false, "metrics": {"cost": 1000.6372449988703, "sparsity": 0.09259259259259259, "fidelity": 0.6027883033179087, "faithfulness_gap": 0.5424227608702515, "stability": 0.09278831002617362}, "explanation": {"top_features": ["hours-per-week: 0.0745", "age: 0.0655", "relationship_Husband: 0.0534", "marital-status_Married-civ-spouse: 0.0456", "marital-status_Never-married: 0.0235", "fnlwgt: 0.0187", "occupation_Machine-op-inspct: 0.0160", "education_Some-college: 0.0121", "occupation_Prof-specialty: 0.0116", "occupation_Farming-fishing: 0.0099"], "raw_top": {"hours-per-week": 0.0745269437595157, "age": 0.06550820404248588, "relationship_Husband": 0.05342733570456387, "marital-status_Married-civ-spouse": 0.045575225943442044, "marital-status_Never-married": 0.02351201496414934, "fnlwgt": 0.018716512029108946, "occupation_Machine-op-inspct": 0.01595493434605532, "education_Some-college": 0.012131495623958427, "occupation_Prof-specialty": 0.011588986199852871, "occupation_Farming-fishing": 0.00985338617330983}}}