{"instance_id": 9298, "quadrant": "FN", "true_label": 1, "prediction": 0, "prediction_correct": false, "metrics": {"cost": 1009.0715559999808, "sparsity": 0.09259259259259259, "fidelity": 0.6029520498158163, "faithfulness_gap": 0.3737848100810273, "stability": 0.0896228469910984}, "explanation": {"top_features": ["education_HS-grad: -0.0625", "age: 0.0587", "relationship_Husband: 0.0529", "marital-status_Never-married: 0.0311", "marital-status_Married-civ-spouse: 0.0227", "hours-per-week: 0.0175", "sex_Female: 0.0132", "education_Some-college: 0.0122", "occupation_Sales: 0.0106", "occupation_Farming-fishing: 0.0089"], "raw_top": {"education_HS-grad": -0.06250756742655117, "age": 0.05865472091446463, "relationship_Husband": 0.05294714235922336, "marital-status_Never-married": 0.031134090119212154, "marital-status_Married-civ-spouse": 0.022742692331187864, "hours-per-week": 0.017508728221637324, "sex_Female": 0.013174806133072014, "education_Some-college": 0.012152459802668075, "occupation_Sales": 0.010577398223190761, "occupation_Farming-fishing": 0.008945364697206776}}}