{"instance_id": 9384, "quadrant": "FN", "true_label": 1, "prediction": 0, "prediction_correct": false, "metrics": {"cost": 1001.0042570011137, "sparsity": 0.09259259259259259, "fidelity": 0.8943785149465971, "faithfulness_gap": 0.30415090117775734, "stability": 0.2345533301703399}, "explanation": {"top_features": ["workclass_Federal-gov: -0.2608", "occupation_Other-service: -0.2219", "education_HS-grad: -0.0935", "capital-gain: 0.0881", "workclass_Private: 0.0635", "marital-status_Married-civ-spouse: 0.0635", "age: 0.0480", "relationship_Wife: 0.0426", "marital-status_Never-married: 0.0395", "sex_Male: 0.0382"], "raw_top": {"workclass_Federal-gov": -0.2608390672483824, "occupation_Other-service": -0.22189174807299875, "education_HS-grad": -0.09352135849813979, "capital-gain": 0.08812578350903007, "workclass_Private": 0.06347848904182041, "marital-status_Married-civ-spouse": 0.06345578737489221, "age": 0.04802149616877317, "relationship_Wife": 0.04264109352946147, "marital-status_Never-married": 0.03950440573657978, "sex_Male": 0.03822340293908816}}}