{"instance_id": 9441, "quadrant": "TP", "true_label": 1, "prediction": 1, "prediction_correct": true, "metrics": {"cost": 1000.6142309994175, "sparsity": 0.09259259259259259, "fidelity": 0.6450691721230667, "faithfulness_gap": 0.4938233978550819, "stability": 0.10132932043310368}, "explanation": {"top_features": ["marital-status_Married-civ-spouse: 0.0814", "age: 0.0404", "hours-per-week: 0.0364", "marital-status_Never-married: 0.0354", "fnlwgt: 0.0278", "education_HS-grad: 0.0215", "education-num: 0.0178", "occupation_Machine-op-inspct: 0.0096", "relationship_Husband: 0.0086", "sex_Female: 0.0060"], "raw_top": {"marital-status_Married-civ-spouse": 0.08139805030661737, "age": 0.04041081152679031, "hours-per-week": 0.03635302075941522, "marital-status_Never-married": 0.03535253955187599, "fnlwgt": 0.027823212473650487, "education_HS-grad": 0.021461822180598607, "education-num": 0.017839324947768506, "occupation_Machine-op-inspct": 0.009587624029622956, "relationship_Husband": 0.008604029043366613, "sex_Female": 0.005983265726796194}}}