{"instance_id": 953, "quadrant": "TN", "true_label": 0, "prediction": 0, "prediction_correct": true, "metrics": {"cost": 1008.3607889991981, "sparsity": 0.09259259259259259, "fidelity": 0.9639044630138976, "faithfulness_gap": 0.13328699485273732, "stability": 0.5264606795758029}, "explanation": {"top_features": ["education_7th-8th: -0.3016", "fnlwgt: 0.0499", "education_HS-grad: 0.0385", "capital-gain: -0.0360", "occupation_Craft-repair: -0.0328", "marital-status_Married-civ-spouse: 0.0304", "sex_Female: 0.0242", "education_Some-college: 0.0238", "education_Masters: -0.0231", "occupation_Machine-op-inspct: 0.0172"], "raw_top": {"education_7th-8th": -0.3015523835244158, "fnlwgt": 0.04985391558504298, "education_HS-grad": 0.03845257367481118, "capital-gain": -0.035974896249051765, "occupation_Craft-repair": -0.03275081156921567, "marital-status_Married-civ-spouse": 0.030436466581529487, "sex_Female": 0.02417952089474513, "education_Some-college": 0.0237549127399469, "education_Masters": -0.023115852979602336, "occupation_Machine-op-inspct": 0.017180638480924788}}}