{"instance_id": 955, "quadrant": "TN", "true_label": 0, "prediction": 0, "prediction_correct": true, "metrics": {"cost": 1009.1338460006227, "sparsity": 0.09259259259259259, "fidelity": 0.6558655302149836, "faithfulness_gap": 0.44091350718319455, "stability": 0.13899175960187027}, "explanation": {"top_features": ["education-num: 0.1362", "occupation_Sales: -0.0944", "age: 0.0830", "education_HS-grad: 0.0631", "education_Doctorate: -0.0609", "hours-per-week: -0.0589", "workclass_Private: -0.0432", "marital-status_Married-civ-spouse: 0.0425", "marital-status_Never-married: 0.0367", "capital-gain: -0.0293"], "raw_top": {"education-num": 0.1362114981673001, "occupation_Sales": -0.09441861264056135, "age": 0.08302156345915758, "education_HS-grad": 0.06307824585064727, "education_Doctorate": -0.060871865405932785, "hours-per-week": -0.058914927749902264, "workclass_Private": -0.04319683032859246, "marital-status_Married-civ-spouse": 0.04251449300344758, "marital-status_Never-married": 0.03673665698297654, "capital-gain": -0.029291458768323755}}}