{"instance_id": 9665, "quadrant": "TP", "true_label": 1, "prediction": 1, "prediction_correct": true, "metrics": {"cost": 1000.966805000644, "sparsity": 0.09259259259259259, "fidelity": 0.9260017158668082, "faithfulness_gap": 0.9318051102259338, "stability": 0.49856733300913003}, "explanation": {"top_features": ["capital-loss: 0.2930", "relationship_Wife: 0.1863", "education_HS-grad: 0.0626", "education-num: 0.0620", "occupation_Craft-repair: 0.0243", "marital-status_Never-married: 0.0220", "sex_Male: 0.0209", "relationship_Own-child: 0.0182", "marital-status_Divorced: 0.0155", "marital-status_Married-civ-spouse: 0.0089"], "raw_top": {"capital-loss": 0.2930143308453514, "relationship_Wife": 0.18626095141569365, "education_HS-grad": 0.06261998339303024, "education-num": 0.06202320932589883, "occupation_Craft-repair": 0.024317285337815, "marital-status_Never-married": 0.02200155574846882, "sex_Male": 0.02094445827000322, "relationship_Own-child": 0.018243532257042176, "marital-status_Divorced": 0.015452309121250028, "marital-status_Married-civ-spouse": 0.008886585607628672}}}