{"instance_id": 9677, "quadrant": "TP", "true_label": 1, "prediction": 1, "prediction_correct": true, "metrics": {"cost": 1007.6336519996403, "sparsity": 0.09259259259259259, "fidelity": 0.8665226251941593, "faithfulness_gap": 0.7562278504074906, "stability": 0.16414961285654384}, "explanation": {"top_features": ["hours-per-week: 0.2091", "education_HS-grad: 0.0754", "fnlwgt: 0.0584", "marital-status_Married-civ-spouse: 0.0479", "age: 0.0439", "marital-status_Never-married: 0.0426", "sex_Female: 0.0291", "relationship_Not-in-family: 0.0211", "occupation_Craft-repair: 0.0185", "workclass_nan: 0.0119"], "raw_top": {"hours-per-week": 0.20908901795586216, "education_HS-grad": 0.07535998287166486, "fnlwgt": 0.058368016052781684, "marital-status_Married-civ-spouse": 0.047933961805502426, "age": 0.043943596933389555, "marital-status_Never-married": 0.04260537210352333, "sex_Female": 0.029073697503551932, "relationship_Not-in-family": 0.021145313111110495, "occupation_Craft-repair": 0.01850825666731784, "workclass_nan": 0.011851711088722183}}}