{"instance_id": 9731, "quadrant": "TP", "true_label": 1, "prediction": 1, "prediction_correct": true, "metrics": {"cost": 1000.6971069997235, "sparsity": 0.09259259259259259, "fidelity": 0.9766298157676889, "faithfulness_gap": 0.10738244475742331, "stability": 0.9582902744309943}, "explanation": {"top_features": ["capital-gain: 0.4789", "education_Masters: 0.0603", "age: 0.0551", "workclass_Private: 0.0350", "marital-status_Married-civ-spouse: 0.0331", "education_HS-grad: 0.0311", "education-num: 0.0224", "relationship_Husband: 0.0213", "occupation_Machine-op-inspct: 0.0205", "sex_Female: 0.0194"], "raw_top": {"capital-gain": 0.4788582161038275, "education_Masters": 0.06033731527434176, "age": 0.055059133905933526, "workclass_Private": 0.03501110674518909, "marital-status_Married-civ-spouse": 0.03305661206404818, "education_HS-grad": 0.031097348123416153, "education-num": 0.022372629167101865, "relationship_Husband": 0.021284878955902586, "occupation_Machine-op-inspct": 0.020460377744500255, "sex_Female": 0.019384733131307074}}}