{"instance_id": 7369, "quadrant": "TP", "true_label": 1, "prediction": 1, "prediction_correct": true, "metrics": {"cost": 2030.027002998395, "sparsity": 0.037037037037037035, "fidelity": 0.14889813136928573, "faithfulness_gap": 0.08279577924594772, "cf_sensitivity": 0.0, "stability": 0.1863344762928963}, "explanation": {"top_features": ["education-num: 3.7691", "hours-per-week: 1.5465", "native-country_Ecuador: 1.0000", "education_11th: 0.9000", "age: 0.0000", "fnlwgt: 0.0000", "capital-gain: 0.0000", "capital-loss: 0.0000", "workclass_Federal-gov: 0.0000", "workclass_Local-gov: 0.0000"], "raw_top": {"education-num": 3.7691254649546595, "hours-per-week": 1.5465001973069337, "native-country_Ecuador": 1.0, "education_11th": 0.9, "age": 0.0, "fnlwgt": 0.0, "capital-gain": 0.0, "capital-loss": 0.0, "workclass_Federal-gov": 0.0, "workclass_Local-gov": 0.0}}}