{"instance_id": 100, "quadrant": "TP", "true_label": 1, "prediction": 1, "prediction_correct": true, "metrics": {"cost": 1003.0703999800608, "sparsity": 0.3333333333333333, "fidelity": 0.42140176204365537, "faithfulness_gap": 0.1690083146095276, "stability": 0.983813485070886}, "explanation": {"top_features": ["worst perimeter: 0.0865", "mean concave points: 0.0617", "worst area: 0.0524", "worst concave points: 0.0426", "worst concavity: 0.0392", "worst texture: 0.0367", "area error: 0.0351", "mean texture: 0.0156", "worst smoothness: 0.0156", "worst radius: 0.0127"], "raw_top": {"worst perimeter": 0.08645937641866562, "mean concave points": 0.061694550700045446, "worst area": 0.05239695071647911, "worst concave points": 0.04255997723998032, "worst concavity": 0.039186409675612835, "worst texture": 0.03667537495597652, "area error": 0.03510751226899247, "mean texture": 0.01564467121188375, "worst smoothness": 0.015586805153193517, "worst radius": 0.012672751778185054}}}