{"instance_id": 109, "quadrant": "TP", "true_label": 1, "prediction": 1, "prediction_correct": true, "metrics": {"cost": 1001.2693000026047, "sparsity": 0.3333333333333333, "fidelity": 0.5119433904494615, "faithfulness_gap": 0.6501522660255432, "stability": 0.9898858487323213}, "explanation": {"top_features": ["worst texture: 0.0789", "worst perimeter: 0.0636", "mean concave points: 0.0619", "worst area: 0.0525", "worst concavity: 0.0407", "worst concave points: 0.0403", "area error: 0.0281", "mean texture: 0.0175", "worst radius: 0.0112", "texture error: 0.0039"], "raw_top": {"worst texture": 0.07892982904195733, "worst perimeter": 0.06359103714252565, "mean concave points": 0.06188987909488897, "worst area": 0.0525245861903933, "worst concavity": 0.04074401370535573, "worst concave points": 0.0402646546262304, "area error": 0.02809364851414686, "mean texture": 0.017504423976127264, "worst radius": 0.011159366732515124, "texture error": 0.003935015908716699}}}