{"instance_id": 110, "quadrant": "TP", "true_label": 1, "prediction": 1, "prediction_correct": true, "metrics": {"cost": 1001.523100072518, "sparsity": 0.3333333333333333, "fidelity": 0.33313180904521084, "faithfulness_gap": 0.21195870637893677, "stability": 0.9712148070235985}, "explanation": {"top_features": ["worst perimeter: 0.0680", "worst texture: 0.0643", "mean concave points: 0.0612", "worst area: 0.0484", "worst concavity: 0.0473", "worst concave points: 0.0456", "area error: 0.0249", "mean texture: 0.0162", "worst radius: 0.0155", "concave points error: 0.0079"], "raw_top": {"worst perimeter": 0.06801226697031337, "worst texture": 0.06431043671103531, "mean concave points": 0.061232768331983746, "worst area": 0.04836864491266089, "worst concavity": 0.04731838508190842, "worst concave points": 0.04563027966867572, "area error": 0.024896987479537468, "mean texture": 0.016238831213696275, "worst radius": 0.015539188059864336, "concave points error": 0.007922058646431362}}}