{"instance_id": 22, "quadrant": "TN", "true_label": 0, "prediction": 0, "prediction_correct": true, "metrics": {"cost": 1002.9701000312343, "sparsity": 0.3333333333333333, "fidelity": 0.7802223793302979, "faithfulness_gap": 0.7614805698394775, "stability": 0.9829523286038897}, "explanation": {"top_features": ["mean concave points: -0.1771", "worst concave points: -0.1220", "worst texture: -0.1125", "worst perimeter: -0.0480", "worst smoothness: -0.0425", "worst concavity: -0.0410", "mean texture: -0.0204", "mean smoothness: -0.0143", "worst symmetry: -0.0096", "worst compactness: -0.0085"], "raw_top": {"mean concave points": -0.17707246807524163, "worst concave points": -0.12195516566880692, "worst texture": -0.1125411344970997, "worst perimeter": -0.04802518235193701, "worst smoothness": -0.0424864178578783, "worst concavity": -0.041007585472309635, "mean texture": -0.020376488793803393, "mean smoothness": -0.014275818332563396, "worst symmetry": -0.009583768304676544, "worst compactness": -0.008525177798761496}}}