{"instance_id": 26, "quadrant": "TP", "true_label": 1, "prediction": 1, "prediction_correct": true, "metrics": {"cost": 1000.9429999627173, "sparsity": 0.3333333333333333, "fidelity": 0.48627178542606675, "faithfulness_gap": 0.337246835231781, "stability": 0.9412455118696347}, "explanation": {"top_features": ["worst perimeter: 0.0754", "worst concave points: 0.0676", "mean concave points: 0.0664", "worst concavity: 0.0476", "worst area: 0.0399", "area error: 0.0390", "worst smoothness: 0.0167", "worst symmetry: 0.0156", "mean smoothness: 0.0153", "mean texture: 0.0137"], "raw_top": {"worst perimeter": 0.07537590040658212, "worst concave points": 0.06761155797904556, "mean concave points": 0.06637371449243, "worst concavity": 0.04758451966138346, "worst area": 0.03988598027054864, "area error": 0.038969798470264445, "worst smoothness": 0.016709566937571717, "worst symmetry": 0.015632144686378323, "mean smoothness": 0.015299637890276052, "mean texture": 0.013654880628855661}}}