{"instance_id": 35, "quadrant": "TN", "true_label": 0, "prediction": 0, "prediction_correct": true, "metrics": {"cost": 1002.0533000351861, "sparsity": 0.3333333333333333, "fidelity": 0.5617573007115141, "faithfulness_gap": 0.08501294255256653, "stability": 0.979761447546281}, "explanation": {"top_features": ["worst perimeter: -0.1234", "mean concave points: -0.1197", "worst area: -0.0882", "area error: -0.0620", "worst texture: -0.0512", "worst concavity: -0.0478", "worst concave points: -0.0359", "mean texture: -0.0275", "worst radius: -0.0230", "worst symmetry: -0.0194"], "raw_top": {"worst perimeter": -0.1233720641927523, "mean concave points": -0.11967225324840433, "worst area": -0.08821049442341858, "area error": -0.06203469305728566, "worst texture": -0.051198167098167026, "worst concavity": -0.047760440229490525, "worst concave points": -0.03591044333856938, "mean texture": -0.02745527433397883, "worst radius": -0.023042922804275914, "worst symmetry": -0.019432406407035807}}}