{"instance_id": 4, "quadrant": "TP", "true_label": 1, "prediction": 1, "prediction_correct": true, "metrics": {"cost": 1001.8562000477687, "sparsity": 0.3333333333333333, "fidelity": 0.5502168887132862, "faithfulness_gap": 0.49906274676322937, "stability": 0.9505842733861601}, "explanation": {"top_features": ["worst area: 0.0772", "mean concave points: 0.0681", "worst perimeter: 0.0669", "worst concavity: 0.0477", "worst concave points: 0.0464", "area error: 0.0317", "worst radius: 0.0206", "worst texture: 0.0158", "worst smoothness: 0.0133", "symmetry error: 0.0072"], "raw_top": {"worst area": 0.07719274135365616, "mean concave points": 0.06809248876299533, "worst perimeter": 0.06685602592723977, "worst concavity": 0.04768772918877731, "worst concave points": 0.04643494219202944, "area error": 0.03170775918233845, "worst radius": 0.020646345427407207, "worst texture": 0.015849767009367247, "worst smoothness": 0.013315996617632718, "symmetry error": 0.007194781826192764}}}