{"instance_id": 45, "quadrant": "TP", "true_label": 1, "prediction": 1, "prediction_correct": true, "metrics": {"cost": 1001.1695000575855, "sparsity": 0.3333333333333333, "fidelity": 0.49127869480191694, "faithfulness_gap": 0.4262387156486511, "stability": 0.9894455691512136}, "explanation": {"top_features": ["worst perimeter: 0.0863", "worst area: 0.0573", "mean concave points: 0.0550", "worst concave points: 0.0538", "worst concavity: 0.0486", "worst texture: 0.0355", "mean texture: 0.0208", "area error: 0.0181", "worst radius: 0.0137", "radius error: 0.0083"], "raw_top": {"worst perimeter": 0.08632683959199339, "worst area": 0.057340363327467336, "mean concave points": 0.0549544130574084, "worst concave points": 0.053801822390617864, "worst concavity": 0.04863036080031588, "worst texture": 0.035508850431972085, "mean texture": 0.020780154056252918, "area error": 0.018099129383837342, "worst radius": 0.013657386878296955, "radius error": 0.008286927590531401}}}