{"instance_id": 5, "quadrant": "TN", "true_label": 0, "prediction": 0, "prediction_correct": true, "metrics": {"cost": 1004.2105000466108, "sparsity": 0.3333333333333333, "fidelity": 0.53400867094815, "faithfulness_gap": 0.027278736233711243, "stability": 0.9821971089363986}, "explanation": {"top_features": ["mean concave points: -0.1073", "worst perimeter: -0.0924", "worst area: -0.0856", "worst concave points: -0.0681", "area error: -0.0577", "worst concavity: -0.0517", "worst texture: -0.0507", "worst smoothness: -0.0307", "worst radius: -0.0283", "mean texture: -0.0257"], "raw_top": {"mean concave points": -0.10732299333803945, "worst perimeter": -0.09240841639941343, "worst area": -0.08562308808332453, "worst concave points": -0.06814832107074245, "area error": -0.0577339808979399, "worst concavity": -0.05170391711014575, "worst texture": -0.05065487321101608, "worst smoothness": -0.030665724714006456, "worst radius": -0.028282879928143604, "mean texture": -0.025662619874857184}}}