{"instance_id": 55, "quadrant": "TN", "true_label": 0, "prediction": 0, "prediction_correct": true, "metrics": {"cost": 1002.3278000298887, "sparsity": 0.3333333333333333, "fidelity": 0.6749277384594095, "faithfulness_gap": 0.24840505421161652, "stability": 0.9901781321571093}, "explanation": {"top_features": ["mean concave points: -0.1508", "worst perimeter: -0.1171", "worst concave points: -0.0868", "worst area: -0.0810", "worst concavity: -0.0667", "worst smoothness: -0.0360", "worst radius: -0.0287", "worst symmetry: -0.0147", "mean smoothness: -0.0085", "mean fractal dimension: -0.0072"], "raw_top": {"mean concave points": -0.15084656561618637, "worst perimeter": -0.11706603674058381, "worst concave points": -0.08681302181471927, "worst area": -0.08099295537739351, "worst concavity": -0.06671199804156741, "worst smoothness": -0.03602790786599902, "worst radius": -0.028725409486231045, "worst symmetry": -0.014675277541863386, "mean smoothness": -0.008518278711480202, "mean fractal dimension": -0.007224427975537351}}}