{"instance_id": 62, "quadrant": "TP", "true_label": 1, "prediction": 1, "prediction_correct": true, "metrics": {"cost": 1000.7965000113472, "sparsity": 0.3333333333333333, "fidelity": 0.6874706120729828, "faithfulness_gap": 0.2415449619293213, "stability": 0.8624179392877084}, "explanation": {"top_features": ["worst texture: 0.1133", "mean concave points: 0.0931", "mean texture: 0.0458", "area error: -0.0446", "worst concavity: 0.0360", "worst smoothness: 0.0277", "worst area: 0.0275", "worst concave points: 0.0274", "worst perimeter: 0.0119", "concave points error: 0.0105"], "raw_top": {"worst texture": 0.11329210938850032, "mean concave points": 0.09314840668626134, "mean texture": 0.045810073868847896, "area error": -0.044557602051320866, "worst concavity": 0.036041969326145236, "worst smoothness": 0.027708857735403505, "worst area": 0.027461346257625932, "worst concave points": 0.027405235834182473, "worst perimeter": 0.01194776847299786, "concave points error": 0.01052657384948596}}}