{"instance_id": 66, "quadrant": "TN", "true_label": 0, "prediction": 0, "prediction_correct": true, "metrics": {"cost": 1001.9391999812797, "sparsity": 0.3333333333333333, "fidelity": 0.5786851826886842, "faithfulness_gap": 0.0593455545604229, "stability": 0.9353747079047845}, "explanation": {"top_features": ["mean concave points: -0.1192", "worst perimeter: -0.0953", "worst area: -0.0792", "worst concave points: -0.0677", "worst concavity: -0.0566", "worst texture: -0.0540", "worst smoothness: -0.0486", "mean texture: -0.0322", "worst radius: -0.0255", "mean smoothness: -0.0180"], "raw_top": {"mean concave points": -0.11924089254459211, "worst perimeter": -0.0952978099609028, "worst area": -0.07917086493935767, "worst concave points": -0.06770151173307207, "worst concavity": -0.056622788831004814, "worst texture": -0.05399556092911846, "worst smoothness": -0.048576841304995004, "mean texture": -0.032192629635951, "worst radius": -0.025503183465585423, "mean smoothness": -0.0179948776253418}}}