{"instance_id": 69, "quadrant": "TN", "true_label": 0, "prediction": 0, "prediction_correct": true, "metrics": {"cost": 1001.2983999913558, "sparsity": 0.3333333333333333, "fidelity": 0.6864494674635521, "faithfulness_gap": 0.11748488992452621, "stability": 0.9348774849962207}, "explanation": {"top_features": ["mean concave points: -0.1441", "worst concave points: -0.0909", "worst area: -0.0855", "worst texture: -0.0705", "worst concavity: -0.0627", "worst perimeter: -0.0547", "worst smoothness: -0.0332", "mean texture: -0.0257", "mean smoothness: -0.0152", "worst radius: -0.0151"], "raw_top": {"mean concave points": -0.14408571319460742, "worst concave points": -0.0909229416171371, "worst area": -0.08545436256157864, "worst texture": -0.0705238387753266, "worst concavity": -0.06270975113750711, "worst perimeter": -0.054745434725570336, "worst smoothness": -0.03320234254357211, "mean texture": -0.02572647292284427, "mean smoothness": -0.015206395689239982, "worst radius": -0.015061700791720135}}}