{"instance_id": 73, "quadrant": "TP", "true_label": 1, "prediction": 1, "prediction_correct": true, "metrics": {"cost": 1001.6187999863178, "sparsity": 0.3333333333333333, "fidelity": 0.3554318431844059, "faithfulness_gap": 0.05297011137008667, "stability": 0.9741492763995357}, "explanation": {"top_features": ["worst texture: 0.0636", "worst perimeter: 0.0603", "mean concave points: 0.0570", "worst concavity: 0.0442", "worst concave points: 0.0441", "area error: 0.0426", "worst area: 0.0411", "mean texture: 0.0200", "worst radius: 0.0149", "worst fractal dimension: 0.0097"], "raw_top": {"worst texture": 0.06360991276528254, "worst perimeter": 0.06033077895360941, "mean concave points": 0.0570050092206189, "worst concavity": 0.04417994706880644, "worst concave points": 0.04407602999912267, "area error": 0.04262391556989855, "worst area": 0.041123144529016414, "mean texture": 0.019982110336937135, "worst radius": 0.014877882687134745, "worst fractal dimension": 0.009700897992951818}}}