{"instance_id": 74, "quadrant": "TP", "true_label": 1, "prediction": 1, "prediction_correct": true, "metrics": {"cost": 1006.5972999436781, "sparsity": 0.3333333333333333, "fidelity": 0.5272308062686685, "faithfulness_gap": 0.15604513883590698, "stability": 0.988922902820279}, "explanation": {"top_features": ["worst perimeter: 0.0802", "mean concave points: 0.0703", "worst area: 0.0537", "worst concave points: 0.0469", "worst texture: 0.0394", "worst concavity: 0.0393", "area error: 0.0365", "mean texture: 0.0136", "worst radius: 0.0123", "radius error: 0.0073"], "raw_top": {"worst perimeter": 0.08019130826538182, "mean concave points": 0.0703450723009537, "worst area": 0.053703637433178145, "worst concave points": 0.04686624300151078, "worst texture": 0.03936491962227417, "worst concavity": 0.039265898921821, "area error": 0.03649349124694143, "mean texture": 0.013560916548456831, "worst radius": 0.012273808702720032, "radius error": 0.007297203067628544}}}