{"instance_id": 75, "quadrant": "TN", "true_label": 0, "prediction": 0, "prediction_correct": true, "metrics": {"cost": 1001.3245999580249, "sparsity": 0.3333333333333333, "fidelity": 0.6278932391923303, "faithfulness_gap": 0.12789461016654968, "stability": 0.9684106129085618}, "explanation": {"top_features": ["mean concave points: -0.1319", "worst perimeter: -0.1103", "worst concave points: -0.0832", "worst area: -0.0759", "worst concavity: -0.0686", "worst texture: -0.0512", "worst smoothness: -0.0302", "worst radius: -0.0190", "mean radius: -0.0153", "mean texture: -0.0118"], "raw_top": {"mean concave points": -0.13186728167984496, "worst perimeter": -0.11030568704940764, "worst concave points": -0.08317643223396048, "worst area": -0.07589692568455578, "worst concavity": -0.06862873757937211, "worst texture": -0.051184607764942054, "worst smoothness": -0.030226504010364225, "worst radius": -0.018982742229226125, "mean radius": -0.01533837549212368, "mean texture": -0.011824059120199015}}}