{"instance_id": 80, "quadrant": "TP", "true_label": 1, "prediction": 1, "prediction_correct": true, "metrics": {"cost": 1001.4424999244511, "sparsity": 0.3333333333333333, "fidelity": 0.3913687797572802, "faithfulness_gap": 0.19453060626983643, "stability": 0.8776676490470299}, "explanation": {"top_features": ["mean concave points: 0.1396", "mean texture: 0.0377", "worst area: 0.0346", "worst texture: 0.0317", "worst concave points: 0.0316", "worst perimeter: 0.0270", "area error: 0.0266", "worst smoothness: 0.0206", "worst symmetry: 0.0135", "mean smoothness: 0.0131"], "raw_top": {"mean concave points": 0.13958723593026667, "mean texture": 0.03772603406281832, "worst area": 0.03458114220606262, "worst texture": 0.03170670955638888, "worst concave points": 0.03155957823989601, "worst perimeter": 0.02700491384091769, "area error": 0.026580235433574375, "worst smoothness": 0.020613737055356473, "worst symmetry": 0.013512298931086074, "mean smoothness": 0.013121659195991009}}}