{"instance_id": 85, "quadrant": "FN", "true_label": 1, "prediction": 0, "prediction_correct": false, "metrics": {"cost": 1001.3813999248669, "sparsity": 0.3333333333333333, "fidelity": 0.7957546007180382, "faithfulness_gap": 0.07636138796806335, "stability": 0.7177422931159326}, "explanation": {"top_features": ["worst area: -0.1415", "worst perimeter: -0.1403", "worst texture: 0.1218", "worst concavity: -0.0773", "mean concave points: 0.0610", "worst radius: -0.0603", "mean texture: 0.0565", "worst smoothness: 0.0337", "concave points error: -0.0191", "area error: 0.0150"], "raw_top": {"worst area": -0.1414738072731105, "worst perimeter": -0.14027273251743683, "worst texture": 0.12179517308891129, "worst concavity": -0.07730957540304537, "mean concave points": 0.06095428804404225, "worst radius": -0.06034115651308757, "mean texture": 0.05646625561598049, "worst smoothness": 0.03369422830579972, "concave points error": -0.019064596352980318, "area error": 0.014956520876398122}}}