{"instance_id": 101, "quadrant": "TP", "true_label": 1, "prediction": 1, "prediction_correct": true, "metrics": {"cost": 1001.0903729998972, "sparsity": 0.8360655737704918, "fidelity": 0.3807669733661647, "faithfulness_gap": 0.149208664894104, "stability": 0.6359679163569107}, "explanation": {"top_features": ["checking_status_no checking: -0.1069", "housing_rent: -0.0566", "employment_4<=X<7: -0.0539", "housing_own: -0.0477", "credit_amount: 0.0310", "other_payment_plans_none: 0.0278", "purpose_radio/tv: 0.0242", "personal_status_female div/dep/mar: -0.0238", "property_magnitude_car: -0.0233", "job_unskilled resident: -0.0208"], "raw_top": {"checking_status_no checking": -0.10694517783777888, "housing_rent": -0.05663993919408142, "employment_4<=X<7": -0.053924576212781065, "housing_own": -0.047695085057994385, "credit_amount": 0.031028896735005022, "other_payment_plans_none": 0.02776660419043462, "purpose_radio/tv": 0.024166808553828894, "personal_status_female div/dep/mar": -0.023753142206890718, "property_magnitude_car": -0.023292221186734935, "job_unskilled resident": -0.020834104370292574}}}