{"instance_id": 112, "quadrant": "TN", "true_label": 0, "prediction": 0, "prediction_correct": true, "metrics": {"cost": 1000.8079239996732, "sparsity": 0.8360655737704918, "fidelity": 0.855622538634506, "faithfulness_gap": 0.6191955208778381, "stability": 0.7995291206712722}, "explanation": {"top_features": ["duration: -0.2370", "checking_status_no checking: -0.1273", "checking_status_<0: -0.0910", "savings_status_<100: -0.0360", "savings_status_no known savings: -0.0265", "employment_4<=X<7: -0.0245", "residence_since: -0.0208", "personal_status_female div/dep/mar: -0.0197", "purpose_radio/tv: 0.0176", "other_payment_plans_none: 0.0155"], "raw_top": {"duration": -0.2369944099519428, "checking_status_no checking": -0.12729669185709494, "checking_status_<0": -0.09102820860309568, "savings_status_<100": -0.03598952627054158, "savings_status_no known savings": -0.026532367391050936, "employment_4<=X<7": -0.02454552604646038, "residence_since": -0.020783346594217714, "personal_status_female div/dep/mar": -0.019678778240241154, "purpose_radio/tv": 0.01760307982874757, "other_payment_plans_none": 0.015500486023442983}}}