{"instance_id": 113, "quadrant": "TP", "true_label": 1, "prediction": 1, "prediction_correct": true, "metrics": {"cost": 1000.9351400003652, "sparsity": 0.8360655737704918, "fidelity": 0.8436776114458459, "faithfulness_gap": 0.3597935438156128, "stability": 0.2273631199388207}, "explanation": {"top_features": ["checking_status_no checking: 0.1098", "credit_history_critical/other existing credit: 0.0587", "other_payment_plans_none: 0.0342", "credit_amount: 0.0319", "personal_status_male div/sep: -0.0286", "duration: -0.0187", "age: -0.0184", "checking_status_<0: 0.0164", "purpose_new car: 0.0162", "employment_4<=X<7: -0.0142"], "raw_top": {"checking_status_no checking": 0.109831547204022, "credit_history_critical/other existing credit": 0.058679545200713557, "other_payment_plans_none": 0.03421642978131894, "credit_amount": 0.031936793103949236, "personal_status_male div/sep": -0.02860483627965368, "duration": -0.018684558489285692, "age": -0.018377758541754045, "checking_status_<0": 0.016404186046105555, "purpose_new car": 0.01622863507978349, "employment_4<=X<7": -0.01415714578715117}}}