{"instance_id": 117, "quadrant": "TP", "true_label": 1, "prediction": 1, "prediction_correct": true, "metrics": {"cost": 1000.8456830000796, "sparsity": 0.8360655737704918, "fidelity": 0.6164649383395034, "faithfulness_gap": 0.045642077922821045, "stability": 0.6224828031451088}, "explanation": {"top_features": ["credit_amount: 0.0926", "checking_status_no checking: -0.0672", "checking_status_>=200: 0.0588", "employment_<1: -0.0375", "duration: -0.0251", "checking_status_<0: 0.0238", "employment_4<=X<7: -0.0232", "savings_status_<100: -0.0192", "installment_commitment: 0.0189", "housing_own: 0.0181"], "raw_top": {"credit_amount": 0.09264864818209471, "checking_status_no checking": -0.06719356900912729, "checking_status_>=200": 0.05882368720155732, "employment_<1": -0.037500263095863795, "duration": -0.02505326668674578, "checking_status_<0": 0.023803478823196268, "employment_4<=X<7": -0.02322969082377256, "savings_status_<100": -0.019234279814800918, "installment_commitment": 0.01886222304933724, "housing_own": 0.018117714746479566}}}