{"instance_id": 118, "quadrant": "TP", "true_label": 1, "prediction": 1, "prediction_correct": true, "metrics": {"cost": 1000.9736020001583, "sparsity": 0.8524590163934426, "fidelity": 0.7478252657937995, "faithfulness_gap": 0.13946378231048584, "stability": 0.5516490740979904}, "explanation": {"top_features": ["other_payment_plans_none: -0.1704", "duration: 0.1602", "purpose_new car: -0.1382", "credit_history_all paid: -0.1283", "property_magnitude_real estate: 0.0713", "other_parties_guarantor: 0.0681", "checking_status_no checking: 0.0655", "num_dependents: -0.0510", "age: -0.0501", "employment_4<=X<7: -0.0284"], "raw_top": {"other_payment_plans_none": -0.1703963893547216, "duration": 0.1601658391391024, "purpose_new car": -0.13821149989395642, "credit_history_all paid": -0.12834642062181253, "property_magnitude_real estate": 0.07130101739006287, "other_parties_guarantor": 0.06811936856376727, "checking_status_no checking": 0.06552125391160159, "num_dependents": -0.05097217220954899, "age": -0.05007173236666395, "employment_4<=X<7": -0.02838195671347227}}}