{"instance_id": 126, "quadrant": "FP", "true_label": 0, "prediction": 1, "prediction_correct": false, "metrics": {"cost": 1001.0621690007611, "sparsity": 0.8852459016393442, "fidelity": 0.8280310838132278, "faithfulness_gap": 0.07767307758331299, "stability": 0.9559258429554034}, "explanation": {"top_features": ["credit_amount: -0.2049", "duration: 0.1351", "age: 0.0684", "installment_commitment: 0.0411", "checking_status_no checking: -0.0305", "other_payment_plans_none: -0.0285", "employment_4<=X<7: -0.0269", "credit_history_critical/other existing credit: -0.0197", "housing_own: 0.0193", "property_magnitude_no known property: -0.0192"], "raw_top": {"credit_amount": -0.20493796438817447, "duration": 0.13507363287468055, "age": 0.0684007147525311, "installment_commitment": 0.04112231346368269, "checking_status_no checking": -0.03050399008582773, "other_payment_plans_none": -0.028544251421883632, "employment_4<=X<7": -0.02685244560126598, "credit_history_critical/other existing credit": -0.019742301500527144, "housing_own": 0.019284015429568577, "property_magnitude_no known property": -0.0192056115059228}}}