{"instance_id": 134, "quadrant": "TP", "true_label": 1, "prediction": 1, "prediction_correct": true, "metrics": {"cost": 1001.0256299992761, "sparsity": 0.819672131147541, "fidelity": 0.7827024307171856, "faithfulness_gap": 0.2411312460899353, "stability": 0.16831602423244682}, "explanation": {"top_features": ["checking_status_no checking: 0.0645", "employment_4<=X<7: 0.0587", "checking_status_<0: 0.0226", "other_payment_plans_none: 0.0211", "credit_amount: 0.0191", "duration: 0.0118", "savings_status_<100: -0.0104", "purpose_new car: 0.0097", "installment_commitment: 0.0095", "personal_status_female div/dep/mar: -0.0082"], "raw_top": {"checking_status_no checking": 0.06450625990587006, "employment_4<=X<7": 0.05867613079823428, "checking_status_<0": 0.022574043730867514, "other_payment_plans_none": 0.02114561509681202, "credit_amount": 0.019117108498003927, "duration": 0.011776515587464642, "savings_status_<100": -0.01041990120639929, "purpose_new car": 0.009668178069027242, "installment_commitment": 0.009457304215497214, "personal_status_female div/dep/mar": -0.00819954988426341}}}