{"instance_id": 15, "quadrant": "TP", "true_label": 1, "prediction": 1, "prediction_correct": true, "metrics": {"cost": 1001.1225130001549, "sparsity": 0.8688524590163934, "fidelity": 0.6494648791481252, "faithfulness_gap": 0.2526634931564331, "stability": 0.4135337463831507}, "explanation": {"top_features": ["checking_status_no checking: 0.0992", "purpose_new car: -0.0798", "other_parties_guarantor: 0.0552", "duration: 0.0521", "other_payment_plans_none: 0.0465", "age: -0.0382", "housing_rent: -0.0339", "employment_4<=X<7: -0.0296", "housing_own: -0.0246", "checking_status_<0: 0.0149"], "raw_top": {"checking_status_no checking": 0.09922060559692353, "purpose_new car": -0.07984680798902236, "other_parties_guarantor": 0.055229882392743825, "duration": 0.0521108686704595, "other_payment_plans_none": 0.04647737695557096, "age": -0.038177483226965354, "housing_rent": -0.033936730060198816, "employment_4<=X<7": -0.029582893333126595, "housing_own": -0.02461588839662653, "checking_status_<0": 0.014857241563259502}}}