{"instance_id": 153, "quadrant": "TP", "true_label": 1, "prediction": 1, "prediction_correct": true, "metrics": {"cost": 1001.0886869995375, "sparsity": 0.8360655737704918, "fidelity": 0.8786674093972744, "faithfulness_gap": 0.35481125116348267, "stability": 0.2933204869237192}, "explanation": {"top_features": ["checking_status_no checking: 0.0855", "credit_history_critical/other existing credit: 0.0479", "credit_amount: 0.0295", "other_payment_plans_none: 0.0216", "purpose_radio/tv: 0.0141", "checking_status_<0: 0.0115", "housing_own: 0.0104", "purpose_new car: 0.0104", "duration: 0.0097", "employment_4<=X<7: -0.0094"], "raw_top": {"checking_status_no checking": 0.08551170887433678, "credit_history_critical/other existing credit": 0.04792311249947698, "credit_amount": 0.029493576224010228, "other_payment_plans_none": 0.02159546444876645, "purpose_radio/tv": 0.014057501754998585, "checking_status_<0": 0.011483172213762178, "housing_own": 0.010399123578080514, "purpose_new car": 0.010395602152056514, "duration": 0.009655770377564807, "employment_4<=X<7": -0.009373221243195638}}}