{"instance_id": 16, "quadrant": "FN", "true_label": 1, "prediction": 0, "prediction_correct": false, "metrics": {"cost": 1000.6959789998291, "sparsity": 0.8524590163934426, "fidelity": 0.682041115923236, "faithfulness_gap": 0.2270953357219696, "stability": 0.6979071330001627}, "explanation": {"top_features": ["duration: -0.0836", "checking_status_<0: -0.0726", "age: -0.0671", "checking_status_no checking: -0.0645", "residence_since: 0.0484", "housing_own: -0.0373", "savings_status_<100: -0.0368", "other_payment_plans_none: -0.0318", "credit_amount: 0.0301", "employment_<1: -0.0278"], "raw_top": {"duration": -0.08355531977199405, "checking_status_<0": -0.07264836790661425, "age": -0.06713587379904412, "checking_status_no checking": -0.06446904973368439, "residence_since": 0.04837579116905885, "housing_own": -0.03730853779181129, "savings_status_<100": -0.03682181044780087, "other_payment_plans_none": -0.03180207831743706, "credit_amount": 0.030109039825801, "employment_<1": -0.027836401328891317}}}