{"instance_id": 162, "quadrant": "FP", "true_label": 0, "prediction": 1, "prediction_correct": false, "metrics": {"cost": 1000.6770710006094, "sparsity": 0.8524590163934426, "fidelity": 0.7347933051613024, "faithfulness_gap": 0.21898573637008667, "stability": 0.6234065658134936}, "explanation": {"top_features": ["property_magnitude_real estate: 0.0759", "checking_status_no checking: -0.0727", "duration: 0.0685", "checking_status_<0: 0.0274", "personal_status_female div/dep/mar: -0.0240", "credit_amount: -0.0226", "purpose_new car: 0.0204", "other_payment_plans_none: 0.0201", "employment_4<=X<7: -0.0196", "job_unskilled resident: -0.0155"], "raw_top": {"property_magnitude_real estate": 0.07586018841770187, "checking_status_no checking": -0.07272575492842115, "duration": 0.06847455215284644, "checking_status_<0": 0.027396915951299117, "personal_status_female div/dep/mar": -0.024015603387061026, "credit_amount": -0.022640488198746405, "purpose_new car": 0.020388821910704694, "other_payment_plans_none": 0.02012005725291209, "employment_4<=X<7": -0.019622750844047843, "job_unskilled resident": -0.015453674221735807}}}