{"instance_id": 163, "quadrant": "TP", "true_label": 1, "prediction": 1, "prediction_correct": true, "metrics": {"cost": 1000.9997289998864, "sparsity": 0.8360655737704918, "fidelity": 0.6812718913543212, "faithfulness_gap": 0.055153846740722656, "stability": 0.8382063528738386}, "explanation": {"top_features": ["duration: -0.1046", "savings_status_no known savings: 0.0805", "purpose_other: 0.0525", "savings_status_<100: 0.0460", "credit_amount: 0.0420", "employment_unemployed: 0.0403", "other_payment_plans_none: -0.0343", "employment_4<=X<7: -0.0314", "checking_status_no checking: -0.0221", "checking_status_<0: 0.0206"], "raw_top": {"duration": -0.10464263894776997, "savings_status_no known savings": 0.08048749357986189, "purpose_other": 0.05248557923638162, "savings_status_<100": 0.045998347491115775, "credit_amount": 0.04201029453857888, "employment_unemployed": 0.04026022432318814, "other_payment_plans_none": -0.034262913796890296, "employment_4<=X<7": -0.03136874620279455, "checking_status_no checking": -0.022144431671157844, "checking_status_<0": 0.020593756201801584}}}