{"instance_id": 168, "quadrant": "TP", "true_label": 1, "prediction": 1, "prediction_correct": true, "metrics": {"cost": 1002.1484789995156, "sparsity": 0.7868852459016393, "fidelity": 0.741473755226744, "faithfulness_gap": 0.47490280866622925, "stability": 0.26680498056826735}, "explanation": {"top_features": ["checking_status_no checking: 0.0707", "employment_4<=X<7: 0.0505", "credit_history_critical/other existing credit: 0.0346", "age: 0.0290", "other_payment_plans_none: 0.0227", "purpose_education: -0.0151", "credit_amount: 0.0147", "num_dependents: -0.0133", "duration: 0.0124", "checking_status_<0: 0.0122"], "raw_top": {"checking_status_no checking": 0.07066040773376674, "employment_4<=X<7": 0.05049000338004072, "credit_history_critical/other existing credit": 0.034646731002094776, "age": 0.029037182491423254, "other_payment_plans_none": 0.022695873055682738, "purpose_education": -0.015132529866372327, "credit_amount": 0.014697004046825692, "num_dependents": -0.013295242779787126, "duration": 0.012421354294721234, "checking_status_<0": 0.012157689010728855}}}