{"instance_id": 176, "quadrant": "FN", "true_label": 1, "prediction": 0, "prediction_correct": false, "metrics": {"cost": 1000.9487209999861, "sparsity": 0.8524590163934426, "fidelity": 0.488332373224665, "faithfulness_gap": 0.4047020673751831, "stability": 0.514759367740152}, "explanation": {"top_features": ["checking_status_no checking: -0.1470", "purpose_new car: -0.0909", "checking_status_<0: -0.0574", "housing_rent: -0.0515", "housing_own: -0.0470", "installment_commitment: 0.0318", "employment_4<=X<7: -0.0284", "age: -0.0282", "personal_status_female div/dep/mar: -0.0269", "other_payment_plans_none: 0.0262"], "raw_top": {"checking_status_no checking": -0.1470047659199664, "purpose_new car": -0.090875091662048, "checking_status_<0": -0.05737678755738341, "housing_rent": -0.05150614067852048, "housing_own": -0.04697435470790506, "installment_commitment": 0.03179730417143822, "employment_4<=X<7": -0.028367198406427967, "age": -0.028187580143668924, "personal_status_female div/dep/mar": -0.026877615221495645, "other_payment_plans_none": 0.02616628235037485}}}