{"instance_id": 18, "quadrant": "TP", "true_label": 1, "prediction": 1, "prediction_correct": true, "metrics": {"cost": 1001.9750700002987, "sparsity": 0.7868852459016393, "fidelity": 0.4564857727033949, "faithfulness_gap": 0.1582619547843933, "stability": 0.6707168558886141}, "explanation": {"top_features": ["checking_status_no checking: -0.0674", "purpose_new car: -0.0566", "credit_amount: 0.0517", "employment_4<=X<7: -0.0472", "age: -0.0394", "savings_status_<100: 0.0363", "residence_since: 0.0299", "savings_status_100<=X<500: -0.0256", "other_payment_plans_none: 0.0249", "credit_history_critical/other existing credit: 0.0230"], "raw_top": {"checking_status_no checking": -0.06741681890625544, "purpose_new car": -0.05659210974732219, "credit_amount": 0.051661610774462643, "employment_4<=X<7": -0.04719546779290942, "age": -0.03935725834310301, "savings_status_<100": 0.03629669606486061, "residence_since": 0.029906578723007445, "savings_status_100<=X<500": -0.025606371561194913, "other_payment_plans_none": 0.024943655844325893, "credit_history_critical/other existing credit": 0.023039971295425413}}}