{"instance_id": 185, "quadrant": "TP", "true_label": 1, "prediction": 1, "prediction_correct": true, "metrics": {"cost": 1001.856334999502, "sparsity": 0.8360655737704918, "fidelity": 0.7085571180357513, "faithfulness_gap": 0.22132503986358643, "stability": 0.37329979275607533}, "explanation": {"top_features": ["checking_status_no checking: 0.0955", "age: -0.0644", "credit_amount: 0.0455", "credit_history_critical/other existing credit: 0.0430", "other_payment_plans_none: 0.0338", "employment_<1: -0.0291", "purpose_new car: 0.0179", "checking_status_<0: 0.0170", "property_magnitude_life insurance: 0.0161", "employment_4<=X<7: -0.0131"], "raw_top": {"checking_status_no checking": 0.09553627858726353, "age": -0.06437824206233024, "credit_amount": 0.04550184791762945, "credit_history_critical/other existing credit": 0.04300292020843957, "other_payment_plans_none": 0.03376500839994339, "employment_<1": -0.02911615374935442, "purpose_new car": 0.017896842604848077, "checking_status_<0": 0.01702524442817693, "property_magnitude_life insurance": 0.016086294463494976, "employment_4<=X<7": -0.013123484680231435}}}