{"instance_id": 197, "quadrant": "FP", "true_label": 0, "prediction": 1, "prediction_correct": false, "metrics": {"cost": 1002.5333899993711, "sparsity": 0.8688524590163934, "fidelity": 0.9454297932510021, "faithfulness_gap": 0.19053244590759277, "stability": 0.9010831216306391}, "explanation": {"top_features": ["duration: 0.1651", "checking_status_no checking: -0.0389", "credit_amount: 0.0337", "purpose_new car: -0.0286", "age: 0.0254", "employment_4<=X<7: -0.0197", "checking_status_<0: 0.0153", "other_payment_plans_none: 0.0143", "own_telephone_none: 0.0110", "personal_status_female div/dep/mar: 0.0100"], "raw_top": {"duration": 0.16512916810114767, "checking_status_no checking": -0.03891284247570184, "credit_amount": 0.033703161612067725, "purpose_new car": -0.028601498445028, "age": 0.02538775394716946, "employment_4<=X<7": -0.01973641500664078, "checking_status_<0": 0.015295486998782158, "other_payment_plans_none": 0.014319645729731994, "own_telephone_none": 0.011035076317411692, "personal_status_female div/dep/mar": 0.010027307667732618}}}