{"instance_id": 198, "quadrant": "FP", "true_label": 0, "prediction": 1, "prediction_correct": false, "metrics": {"cost": 1001.2123989999964, "sparsity": 0.8032786885245902, "fidelity": 0.7090773714341977, "faithfulness_gap": 0.1614588499069214, "stability": 0.5143872834025784}, "explanation": {"top_features": ["purpose_new car: -0.1048", "checking_status_no checking: -0.0964", "employment_4<=X<7: 0.0885", "credit_amount: -0.0668", "savings_status_<100: 0.0508", "age: -0.0434", "other_payment_plans_none: 0.0292", "property_magnitude_real estate: 0.0268", "checking_status_<0: 0.0240", "residence_since: -0.0189"], "raw_top": {"purpose_new car": -0.10479667627469996, "checking_status_no checking": -0.09638952567893472, "employment_4<=X<7": 0.08852759597164966, "credit_amount": -0.06683082846609657, "savings_status_<100": 0.05082705022931837, "age": -0.04342359073114746, "other_payment_plans_none": 0.029232953984808435, "property_magnitude_real estate": 0.026791845365417365, "checking_status_<0": 0.02397630415858921, "residence_since": -0.0188978927964533}}}