{"instance_id": 27, "quadrant": "TP", "true_label": 1, "prediction": 1, "prediction_correct": true, "metrics": {"cost": 1002.2401109999919, "sparsity": 0.8688524590163934, "fidelity": 0.9218279013363048, "faithfulness_gap": 0.15348464250564575, "stability": 0.439981911523705}, "explanation": {"top_features": ["credit_amount: -0.1333", "credit_history_critical/other existing credit: 0.1130", "checking_status_no checking: 0.1044", "employment_<1: -0.0844", "employment_4<=X<7: -0.0397", "duration: -0.0391", "housing_own: -0.0336", "checking_status_<0: 0.0233", "age: 0.0219", "purpose_new car: 0.0153"], "raw_top": {"credit_amount": -0.13333062645531432, "credit_history_critical/other existing credit": 0.11295445345214784, "checking_status_no checking": 0.10436809895684603, "employment_<1": -0.08438151164909184, "employment_4<=X<7": -0.039729877056436706, "duration": -0.03911343870318944, "housing_own": -0.03361073079506716, "checking_status_<0": 0.023277540681042486, "age": 0.02188306843653927, "purpose_new car": 0.015317677590408947}}}