{"instance_id": 30, "quadrant": "FP", "true_label": 0, "prediction": 1, "prediction_correct": false, "metrics": {"cost": 1001.1123109998152, "sparsity": 0.8688524590163934, "fidelity": 0.26690310027431025, "faithfulness_gap": 0.06056678295135498, "stability": 0.6884003818549443}, "explanation": {"top_features": ["checking_status_no checking: -0.1041", "num_dependents: -0.0333", "checking_status_<0: 0.0331", "employment_4<=X<7: -0.0330", "purpose_new car: 0.0288", "other_payment_plans_none: 0.0273", "own_telephone_none: -0.0241", "personal_status_female div/dep/mar: -0.0195", "installment_commitment: 0.0193", "housing_own: 0.0188"], "raw_top": {"checking_status_no checking": -0.10412813787859905, "num_dependents": -0.0333338092455355, "checking_status_<0": 0.03308202088942453, "employment_4<=X<7": -0.033044267159245515, "purpose_new car": 0.02879734973718922, "other_payment_plans_none": 0.02733627819964659, "own_telephone_none": -0.024087636914908096, "personal_status_female div/dep/mar": -0.019508729852005437, "installment_commitment": 0.019301158911983536, "housing_own": 0.01881224686979838}}}