{"instance_id": 33, "quadrant": "TP", "true_label": 1, "prediction": 1, "prediction_correct": true, "metrics": {"cost": 1001.3864290003767, "sparsity": 0.8360655737704918, "fidelity": 0.8356770693133104, "faithfulness_gap": 0.2475336790084839, "stability": 0.5118522457626347}, "explanation": {"top_features": ["purpose_used car: 0.1431", "checking_status_no checking: -0.0797", "credit_history_critical/other existing credit: 0.0730", "credit_amount: 0.0479", "checking_status_<0: -0.0456", "duration: -0.0349", "savings_status_<100: -0.0180", "property_magnitude_life insurance: 0.0150", "age: 0.0145", "employment_4<=X<7: -0.0123"], "raw_top": {"purpose_used car": 0.14306614648206964, "checking_status_no checking": -0.0796604151461385, "credit_history_critical/other existing credit": 0.07303892623312576, "credit_amount": 0.047863807709722116, "checking_status_<0": -0.04558879383402933, "duration": -0.034911787595471463, "savings_status_<100": -0.018037187961066393, "property_magnitude_life insurance": 0.014977240846624738, "age": 0.014539738490472756, "employment_4<=X<7": -0.012302281750422457}}}