{"instance_id": 45, "quadrant": "TN", "true_label": 0, "prediction": 0, "prediction_correct": true, "metrics": {"cost": 1000.8828190002532, "sparsity": 0.8524590163934426, "fidelity": 0.4736226384016813, "faithfulness_gap": 0.21774551272392273, "stability": 0.7632378680279204}, "explanation": {"top_features": ["credit_history_all paid: -0.1333", "checking_status_no checking: -0.1317", "savings_status_<100: 0.0739", "credit_amount: 0.0680", "checking_status_<0: -0.0583", "installment_commitment: -0.0463", "employment_4<=X<7: -0.0450", "housing_own: -0.0416", "own_telephone_none: 0.0407", "property_magnitude_no known property: -0.0325"], "raw_top": {"credit_history_all paid": -0.13325025804265103, "checking_status_no checking": -0.1317141943147125, "savings_status_<100": 0.07385295510126197, "credit_amount": 0.06798791821733889, "checking_status_<0": -0.058341984292986586, "installment_commitment": -0.04631922885772116, "employment_4<=X<7": -0.045024208077924135, "housing_own": -0.04163152176446399, "own_telephone_none": 0.040746692413191905, "property_magnitude_no known property": -0.03250765537269401}}}