{"instance_id": 47, "quadrant": "TP", "true_label": 1, "prediction": 1, "prediction_correct": true, "metrics": {"cost": 1002.0298069994169, "sparsity": 0.819672131147541, "fidelity": 0.8500559491008146, "faithfulness_gap": 0.2630458474159241, "stability": 0.173415974266098}, "explanation": {"top_features": ["checking_status_no checking: 0.1057", "credit_history_critical/other existing credit: 0.0431", "other_payment_plans_none: 0.0307", "purpose_education: -0.0271", "credit_amount: 0.0222", "employment_4<=X<7: -0.0178", "purpose_new car: 0.0152", "checking_status_<0: 0.0149", "age: -0.0129", "existing_credits: 0.0120"], "raw_top": {"checking_status_no checking": 0.10569491917521838, "credit_history_critical/other existing credit": 0.04311984009597651, "other_payment_plans_none": 0.030736575621299753, "purpose_education": -0.027120535936770662, "credit_amount": 0.022211412786672775, "employment_4<=X<7": -0.017779538374322144, "purpose_new car": 0.015171787623931716, "checking_status_<0": 0.014948616015599383, "age": -0.012899072238366347, "existing_credits": 0.012043758424323796}}}