{"instance_id": 49, "quadrant": "TN", "true_label": 0, "prediction": 0, "prediction_correct": true, "metrics": {"cost": 1000.9781320004549, "sparsity": 0.8524590163934426, "fidelity": 0.416299973297088, "faithfulness_gap": 0.11749669909477234, "stability": 0.5967073141159109}, "explanation": {"top_features": ["checking_status_no checking: -0.1061", "duration: -0.0638", "employment_4<=X<7: -0.0334", "savings_status_<100: -0.0302", "other_payment_plans_none: 0.0267", "residence_since: -0.0255", "savings_status_no known savings: -0.0238", "checking_status_<0: 0.0187", "purpose_new car: 0.0171", "credit_history_critical/other existing credit: -0.0152"], "raw_top": {"checking_status_no checking": -0.1060938527163157, "duration": -0.06379233788772505, "employment_4<=X<7": -0.03341921736267998, "savings_status_<100": -0.030151540404497787, "other_payment_plans_none": 0.026674891339744763, "residence_since": -0.025466393957286833, "savings_status_no known savings": -0.023845727357071286, "checking_status_<0": 0.018720504078556445, "purpose_new car": 0.01712850492113768, "credit_history_critical/other existing credit": -0.015243084872385973}}}