{"instance_id": 52, "quadrant": "FP", "true_label": 0, "prediction": 1, "prediction_correct": false, "metrics": {"cost": 1000.8649239998704, "sparsity": 0.8360655737704918, "fidelity": 0.7802414757611151, "faithfulness_gap": 0.05307745933532715, "stability": 0.6084248605358793}, "explanation": {"top_features": ["credit_history_critical/other existing credit: 0.0756", "purpose_other: 0.0706", "credit_amount: -0.0543", "checking_status_no checking: -0.0538", "duration: -0.0506", "savings_status_<100: -0.0275", "employment_4<=X<7: -0.0236", "other_parties_co applicant: -0.0203", "housing_own: 0.0197", "purpose_new car: 0.0176"], "raw_top": {"credit_history_critical/other existing credit": 0.07556473115970361, "purpose_other": 0.07063224270251099, "credit_amount": -0.054274341741056296, "checking_status_no checking": -0.053769273758686564, "duration": -0.050617018240437094, "savings_status_<100": -0.027503218889569907, "employment_4<=X<7": -0.023614792609354552, "other_parties_co applicant": -0.020254920801822583, "housing_own": 0.019740975506588588, "purpose_new car": 0.017586298324448555}}}