{"instance_id": 54, "quadrant": "TP", "true_label": 1, "prediction": 1, "prediction_correct": true, "metrics": {"cost": 1000.8471510000163, "sparsity": 0.8688524590163934, "fidelity": 0.6340831208758823, "faithfulness_gap": 0.05910128355026245, "stability": 0.6705738667017405}, "explanation": {"top_features": ["checking_status_no checking: -0.0790", "savings_status_>=1000: 0.0704", "employment_<1: -0.0524", "credit_amount: -0.0436", "property_magnitude_real estate: 0.0413", "savings_status_<100: 0.0408", "age: -0.0401", "employment_4<=X<7: -0.0387", "housing_own: -0.0382", "housing_rent: -0.0300"], "raw_top": {"checking_status_no checking": -0.07904677478721908, "savings_status_>=1000": 0.07040296927802128, "employment_<1": -0.05237615896598629, "credit_amount": -0.04361562961925774, "property_magnitude_real estate": 0.04126489731758443, "savings_status_<100": 0.04083967873984509, "age": -0.04006845085837749, "employment_4<=X<7": -0.03869220475897969, "housing_own": -0.038225974617329926, "housing_rent": -0.02998400574575036}}}