{"instance_id": 58, "quadrant": "TP", "true_label": 1, "prediction": 1, "prediction_correct": true, "metrics": {"cost": 1000.7795829997121, "sparsity": 0.8524590163934426, "fidelity": 0.8508809691930104, "faithfulness_gap": 0.03195452690124512, "stability": 0.6869557718522636}, "explanation": {"top_features": ["duration: 0.1110", "checking_status_<0: -0.0604", "checking_status_no checking: -0.0600", "property_magnitude_real estate: 0.0599", "age: -0.0593", "savings_status_<100: -0.0194", "other_payment_plans_none: 0.0174", "savings_status_no known savings: -0.0149", "housing_own: 0.0142", "residence_since: -0.0135"], "raw_top": {"duration": 0.1110087974398077, "checking_status_<0": -0.060404778797796065, "checking_status_no checking": -0.05998149191427375, "property_magnitude_real estate": 0.05985382142308739, "age": -0.05933195048169042, "savings_status_<100": -0.019418333121129137, "other_payment_plans_none": 0.017389230462345088, "savings_status_no known savings": -0.014914233165646974, "housing_own": 0.014176473000699656, "residence_since": -0.013542258566489964}}}