{"instance_id": 6, "quadrant": "TP", "true_label": 1, "prediction": 1, "prediction_correct": true, "metrics": {"cost": 1000.8098749995042, "sparsity": 0.8524590163934426, "fidelity": 0.29906997460936213, "faithfulness_gap": 0.023607313632965088, "stability": 0.6253494009633694}, "explanation": {"top_features": ["checking_status_no checking: -0.0573", "savings_status_<100: 0.0365", "credit_amount: 0.0266", "purpose_new car: 0.0221", "employment_4<=X<7: -0.0214", "other_payment_plans_none: 0.0200", "housing_own: 0.0173", "checking_status_<0: 0.0162", "property_magnitude_real estate: 0.0156", "installment_commitment: 0.0151"], "raw_top": {"checking_status_no checking": -0.05727919894024784, "savings_status_<100": 0.03648666674419076, "credit_amount": 0.02659869499947841, "purpose_new car": 0.022095409575483494, "employment_4<=X<7": -0.02136685268228623, "other_payment_plans_none": 0.019975461284856992, "housing_own": 0.017255530937540852, "checking_status_<0": 0.016200944462476278, "property_magnitude_real estate": 0.01557883921742007, "installment_commitment": 0.015115580557380435}}}