{"instance_id": 62, "quadrant": "FP", "true_label": 0, "prediction": 1, "prediction_correct": false, "metrics": {"cost": 1004.0697990007175, "sparsity": 0.8524590163934426, "fidelity": 0.7308744661909259, "faithfulness_gap": 0.1896795630455017, "stability": 0.49130781506928844}, "explanation": {"top_features": ["credit_amount: -0.1168", "checking_status_<0: -0.1030", "checking_status_no checking: -0.0974", "employment_4<=X<7: 0.0939", "savings_status_<100: 0.0900", "age: -0.0739", "residence_since: 0.0321", "purpose_new car: 0.0320", "own_telephone_none: -0.0234", "credit_history_critical/other existing credit: -0.0185"], "raw_top": {"credit_amount": -0.11683752235053024, "checking_status_<0": -0.10300903294961629, "checking_status_no checking": -0.09743456457311644, "employment_4<=X<7": 0.09387609040635235, "savings_status_<100": 0.08995730970997631, "age": -0.07386493462315911, "residence_since": 0.03205474898906275, "purpose_new car": 0.03199300075167529, "own_telephone_none": -0.023387331341168934, "credit_history_critical/other existing credit": -0.01847091107342027}}}