{"instance_id": 63, "quadrant": "TP", "true_label": 1, "prediction": 1, "prediction_correct": true, "metrics": {"cost": 1001.3713220005229, "sparsity": 0.819672131147541, "fidelity": 0.9402884165091036, "faithfulness_gap": 0.7360577583312988, "stability": 0.8477284163570759}, "explanation": {"top_features": ["duration: 0.1456", "credit_history_critical/other existing credit: 0.0430", "foreign_worker_no: 0.0300", "checking_status_no checking: -0.0238", "property_magnitude_real estate: 0.0237", "age: 0.0237", "purpose_new car: -0.0181", "installment_commitment: 0.0134", "housing_own: 0.0120", "employment_<1: -0.0108"], "raw_top": {"duration": 0.14558814427397426, "credit_history_critical/other existing credit": 0.043049051944421934, "foreign_worker_no": 0.029999307085947304, "checking_status_no checking": -0.023816568318273775, "property_magnitude_real estate": 0.023738189712272866, "age": 0.02371488777588593, "purpose_new car": -0.018135628707485182, "installment_commitment": 0.013400052196233836, "housing_own": 0.01196574743962548, "employment_<1": -0.010798675487224844}}}