{"instance_id": 67, "quadrant": "FN", "true_label": 1, "prediction": 0, "prediction_correct": false, "metrics": {"cost": 1001.0140840004169, "sparsity": 0.8524590163934426, "fidelity": 0.6323194091784758, "faithfulness_gap": 0.5249353647232056, "stability": 0.4694824476732146}, "explanation": {"top_features": ["checking_status_no checking: -0.1502", "purpose_new car: -0.0956", "checking_status_<0: -0.0923", "credit_amount: -0.0734", "installment_commitment: -0.0323", "age: -0.0299", "other_payment_plans_none: 0.0263", "employment_4<=X<7: -0.0210", "savings_status_<100: -0.0201", "property_magnitude_real estate: 0.0197"], "raw_top": {"checking_status_no checking": -0.15022079178554143, "purpose_new car": -0.09557854444760486, "checking_status_<0": -0.09231632354855765, "credit_amount": -0.07342464730367461, "installment_commitment": -0.03229681201667406, "age": -0.029855076497541565, "other_payment_plans_none": 0.026254097758757696, "employment_4<=X<7": -0.021037158464524825, "savings_status_<100": -0.020051593399740174, "property_magnitude_real estate": 0.01972393468215202}}}