{"instance_id": 76, "quadrant": "TN", "true_label": 0, "prediction": 0, "prediction_correct": true, "metrics": {"cost": 1000.8299640003315, "sparsity": 0.8360655737704918, "fidelity": 0.52513388341453, "faithfulness_gap": 0.30533286929130554, "stability": 0.5525948021984773}, "explanation": {"top_features": ["checking_status_no checking: -0.1366", "credit_amount: -0.0970", "num_dependents: -0.0443", "employment_4<=X<7: -0.0407", "checking_status_<0: 0.0372", "purpose_radio/tv: 0.0330", "own_telephone_none: -0.0328", "purpose_new car: 0.0309", "other_payment_plans_none: 0.0294", "installment_commitment: -0.0273"], "raw_top": {"checking_status_no checking": -0.13662405179935547, "credit_amount": -0.09701905695928498, "num_dependents": -0.04434916770465227, "employment_4<=X<7": -0.04066991280883618, "checking_status_<0": 0.03718600866868516, "purpose_radio/tv": 0.032982354467796654, "own_telephone_none": -0.032774330631764756, "purpose_new car": 0.030864966225710923, "other_payment_plans_none": 0.029420325270599595, "installment_commitment": -0.027296820245593604}}}