{"instance_id": 95, "quadrant": "FN", "true_label": 1, "prediction": 0, "prediction_correct": false, "metrics": {"cost": 1000.9506460000921, "sparsity": 0.8360655737704918, "fidelity": 0.505289660484795, "faithfulness_gap": 0.19014659523963928, "stability": 0.8492843896800167}, "explanation": {"top_features": ["checking_status_no checking: -0.1250", "duration: -0.1147", "savings_status_<100: 0.0625", "employment_4<=X<7: -0.0583", "purpose_new car: -0.0553", "credit_amount: 0.0505", "installment_commitment: -0.0447", "housing_own: -0.0394", "property_magnitude_no known property: -0.0335", "checking_status_<0: 0.0313"], "raw_top": {"checking_status_no checking": -0.1250247766405857, "duration": -0.1147468520438637, "savings_status_<100": 0.06252779749974009, "employment_4<=X<7": -0.05832242836338878, "purpose_new car": -0.055250026418154456, "credit_amount": 0.05049747992607994, "installment_commitment": -0.04468473087588925, "housing_own": -0.0394024945700834, "property_magnitude_no known property": -0.033545894361165465, "checking_status_<0": 0.03133636348305351}}}