{"instance_id": 99, "quadrant": "FN", "true_label": 1, "prediction": 0, "prediction_correct": false, "metrics": {"cost": 1005.2689470003315, "sparsity": 0.8524590163934426, "fidelity": 0.8085096252382088, "faithfulness_gap": 0.2572210729122162, "stability": 0.7819726211104161}, "explanation": {"top_features": ["duration: -0.1719", "checking_status_no checking: 0.1267", "other_payment_plans_none: -0.1165", "employment_4<=X<7: -0.0458", "purpose_education: -0.0426", "installment_commitment: 0.0404", "purpose_new car: 0.0308", "age: -0.0286", "housing_own: -0.0278", "savings_status_no known savings: -0.0262"], "raw_top": {"duration": -0.17191934182508092, "checking_status_no checking": 0.1267072176781066, "other_payment_plans_none": -0.11646591657059688, "employment_4<=X<7": -0.04580584803408645, "purpose_education": -0.042642204283645985, "installment_commitment": 0.04035697954655843, "purpose_new car": 0.030805077792116883, "age": -0.02858602538332504, "housing_own": -0.027808801382693798, "savings_status_no known savings": -0.02619018823155567}}}