{"instance_id": 1022, "quadrant": "FN", "true_label": 1, "prediction": 0, "prediction_correct": false, "metrics": {"cost": 312.4616189743392, "sparsity": 0.09259259259259259, "fidelity": 0.7979365819822134, "faithfulness_gap": 0.07845864413444242, "stability": 0.13606122666101084}, "explanation": {"top_features": ["fnlwgt: -0.1536", "marital-status_Married-civ-spouse: 0.1344", "education_Some-college: -0.1227", "education_HS-grad: 0.0633", "occupation_Exec-managerial: 0.0599", "marital-status_Never-married: 0.0462", "age: -0.0452", "sex_Male: -0.0262", "education-num: -0.0239", "relationship_Not-in-family: -0.0222"], "raw_top": {"fnlwgt": -0.15360465087885866, "marital-status_Married-civ-spouse": 0.13444653392853584, "education_Some-college": -0.12267025053903002, "education_HS-grad": 0.06332429791516901, "occupation_Exec-managerial": 0.059886105110143424, "marital-status_Never-married": 0.04617206029241664, "age": -0.04515660820289283, "sex_Male": -0.02621279282460987, "education-num": -0.02391588577805011, "relationship_Not-in-family": -0.022208321611236145}}}