{"instance_id": 120, "quadrant": "FP", "true_label": 0, "prediction": 1, "prediction_correct": false, "metrics": {"cost": 416.1408360232599, "sparsity": 0.09259259259259259, "fidelity": 0.45182050296034026, "faithfulness_gap": 0.6973614377627931, "stability": 0.19321280186566775}, "explanation": {"top_features": ["workclass_Private: 0.1114", "marital-status_Married-civ-spouse: 0.0964", "age: 0.0648", "education_HS-grad: 0.0571", "hours-per-week: 0.0467", "relationship_Husband: 0.0415", "education-num: 0.0373", "occupation_Exec-managerial: 0.0371", "fnlwgt: 0.0329", "sex_Female: 0.0141"], "raw_top": {"workclass_Private": 0.11141507456275976, "marital-status_Married-civ-spouse": 0.09639642985103757, "age": 0.06484183797789222, "education_HS-grad": 0.057127348132456054, "hours-per-week": 0.046651725929361565, "relationship_Husband": 0.041540346756075555, "education-num": 0.037263959875768506, "occupation_Exec-managerial": 0.0371033514939974, "fnlwgt": 0.03294479847718699, "sex_Female": 0.014121804320879505}}}