{"instance_id": 1250, "quadrant": "TP", "true_label": 1, "prediction": 1, "prediction_correct": true, "metrics": {"cost": 318.4549279976636, "sparsity": 0.09259259259259259, "fidelity": 0.9523000433705961, "faithfulness_gap": 0.9707397908797182, "stability": 0.7471566346161416}, "explanation": {"top_features": ["capital-loss: 0.5288", "occupation_Adm-clerical: -0.1171", "native-country_Japan: -0.0750", "marital-status_Married-civ-spouse: 0.0721", "education_HS-grad: 0.0613", "native-country_United-States: 0.0487", "marital-status_Never-married: 0.0400", "education_Masters: 0.0342", "sex_Female: 0.0292", "relationship_Own-child: 0.0243"], "raw_top": {"capital-loss": 0.5288102340755799, "occupation_Adm-clerical": -0.11712399314587583, "native-country_Japan": -0.074989552347838, "marital-status_Married-civ-spouse": 0.07207995273384747, "education_HS-grad": 0.061338830614317885, "native-country_United-States": 0.048704994722399836, "marital-status_Never-married": 0.039982315213337956, "education_Masters": 0.03421804444977095, "sex_Female": 0.029154995997232355, "relationship_Own-child": 0.024311564069117268}}}