{"instance_id": 1884, "quadrant": "TP", "true_label": 1, "prediction": 1, "prediction_correct": true, "metrics": {"cost": 219.03975796885788, "sparsity": 0.09259259259259259, "fidelity": 0.9882275121429803, "faithfulness_gap": 0.9323733833942285, "stability": 0.9398659143523903}, "explanation": {"top_features": ["capital-gain: 0.6817", "marital-status_Married-civ-spouse: -0.0515", "age: 0.0414", "education_Masters: 0.0413", "hours-per-week: 0.0387", "relationship_Husband: -0.0367", "education-num: -0.0340", "relationship_Unmarried: -0.0285", "occupation_Prof-specialty: -0.0237", "sex_Female: 0.0209"], "raw_top": {"capital-gain": 0.6816706987479711, "marital-status_Married-civ-spouse": -0.05153769315535858, "age": 0.041354739100727914, "education_Masters": 0.04131964987358066, "hours-per-week": 0.03874586741726837, "relationship_Husband": -0.03673916248383691, "education-num": -0.033970975812397185, "relationship_Unmarried": -0.028476640293425122, "occupation_Prof-specialty": -0.023730429632543126, "sex_Female": 0.020938412860946866}}}