{"instance_id": 2105, "quadrant": "FP", "true_label": 0, "prediction": 1, "prediction_correct": false, "metrics": {"cost": 391.98750600917265, "sparsity": 0.09259259259259259, "fidelity": 0.8052293919901037, "faithfulness_gap": 0.9237221760826162, "stability": 0.24654568585090209}, "explanation": {"top_features": ["education-num: 0.1529", "age: 0.0900", "education_HS-grad: 0.0667", "education_Doctorate: 0.0635", "marital-status_Never-married: 0.0635", "relationship_Husband: 0.0566", "marital-status_Married-civ-spouse: 0.0534", "workclass_Private: 0.0515", "sex_Female: 0.0230", "workclass_Self-emp-inc: 0.0225"], "raw_top": {"education-num": 0.15293991029297457, "age": 0.09002746968562532, "education_HS-grad": 0.06667295324341181, "education_Doctorate": 0.06354807056930052, "marital-status_Never-married": 0.06349977953169811, "relationship_Husband": 0.05656646933138688, "marital-status_Married-civ-spouse": 0.05337418724282081, "workclass_Private": 0.05146352801559047, "sex_Female": 0.02298840600399982, "workclass_Self-emp-inc": 0.022518575354413595}}}