{"instance_id": 2922, "quadrant": "TP", "true_label": 1, "prediction": 1, "prediction_correct": true, "metrics": {"cost": 350.7723729708232, "sparsity": 0.09259259259259259, "fidelity": 0.781113630294548, "faithfulness_gap": 0.8113230664047869, "stability": 0.28298964180672687}, "explanation": {"top_features": ["education-num: 0.2070", "marital-status_Married-civ-spouse: 0.0851", "workclass_Private: 0.0779", "marital-status_Never-married: 0.0739", "relationship_Husband: 0.0445", "education_HS-grad: 0.0410", "age: 0.0108", "fnlwgt: 0.0104", "relationship_Own-child: 0.0093", "sex_Female: 0.0016"], "raw_top": {"education-num": 0.2069553254324456, "marital-status_Married-civ-spouse": 0.08508469695742811, "workclass_Private": 0.07792625212622033, "marital-status_Never-married": 0.07392675454043954, "relationship_Husband": 0.044509230450738256, "education_HS-grad": 0.041047132409534386, "age": 0.010818904465745183, "fnlwgt": 0.01043690740621845, "relationship_Own-child": 0.00930687653305021, "sex_Female": 0.0015666565818740485}}}