{"instance_id": 31, "quadrant": "FP", "true_label": 0, "prediction": 1, "prediction_correct": false, "metrics": {"cost": 305.59206096222624, "sparsity": 0.09259259259259259, "fidelity": 0.7195136045089413, "faithfulness_gap": 0.8592449539865565, "stability": 0.7295139118597088}, "explanation": {"top_features": ["capital-gain: 0.4138", "education_5th-6th: -0.3726", "age: 0.1663", "education-num: 0.1644", "occupation_Transport-moving: 0.1445", "relationship_Unmarried: -0.0631", "marital-status_Married-civ-spouse: -0.0547", "education_Bachelors: 0.0484", "relationship_Own-child: 0.0399", "marital-status_Never-married: 0.0285"], "raw_top": {"capital-gain": 0.4137585710897079, "education_5th-6th": -0.3726207336889879, "age": 0.1662621791434948, "education-num": 0.16441575104571926, "occupation_Transport-moving": 0.14452651734374197, "relationship_Unmarried": -0.06308714889678127, "marital-status_Married-civ-spouse": -0.05469641983695988, "education_Bachelors": 0.04835069418880002, "relationship_Own-child": 0.03989370369624678, "marital-status_Never-married": 0.02851025356400988}}}