{"instance_id": 3230, "quadrant": "TP", "true_label": 1, "prediction": 1, "prediction_correct": true, "metrics": {"cost": 358.5663739941083, "sparsity": 0.09259259259259259, "fidelity": 0.9551283088476847, "faithfulness_gap": 0.8466707997251969, "stability": 0.9036018970528616}, "explanation": {"top_features": ["capital-gain: 0.5039", "education-num: 0.1282", "marital-status_Married-civ-spouse: 0.0509", "hours-per-week: -0.0432", "education_Doctorate: -0.0402", "age: 0.0334", "relationship_Husband: -0.0285", "education_HS-grad: 0.0177", "marital-status_Never-married: 0.0151", "sex_Male: 0.0123"], "raw_top": {"capital-gain": 0.5038667744152167, "education-num": 0.12824424692287187, "marital-status_Married-civ-spouse": 0.05087261743274548, "hours-per-week": -0.04321179785631611, "education_Doctorate": -0.04016268537301861, "age": 0.033356818967679745, "relationship_Husband": -0.02851041732892023, "education_HS-grad": 0.017681536551714786, "marital-status_Never-married": 0.015148927873789644, "sex_Male": 0.012328188041007437}}}