{"instance_id": 3274, "quadrant": "TN", "true_label": 0, "prediction": 0, "prediction_correct": true, "metrics": {"cost": 226.47559101460502, "sparsity": 0.09259259259259259, "fidelity": 0.6666618494982892, "faithfulness_gap": 0.5738229475560206, "stability": 0.7052599161936132}, "explanation": {"top_features": ["native-country_Guatemala: -0.1595", "education_10th: -0.1272", "race_Other: -0.0718", "age: -0.0717", "race_White: 0.0479", "marital-status_Married-civ-spouse: 0.0391", "sex_Female: -0.0388", "education-num: -0.0369", "relationship_Wife: 0.0361", "native-country_United-States: 0.0331"], "raw_top": {"native-country_Guatemala": -0.1594646880674728, "education_10th": -0.12724803164184226, "race_Other": -0.07182882805383094, "age": -0.0716896160102681, "race_White": 0.04788865990744175, "marital-status_Married-civ-spouse": 0.03907650492146338, "sex_Female": -0.03883064881832992, "education-num": -0.036861067019163904, "relationship_Wife": 0.03610436595263904, "native-country_United-States": 0.033126413651943465}}}