{"instance_id": 3322, "quadrant": "FP", "true_label": 0, "prediction": 1, "prediction_correct": false, "metrics": {"cost": 281.55416302615777, "sparsity": 0.09259259259259259, "fidelity": 0.7059430751872975, "faithfulness_gap": 0.15662763508149036, "stability": 0.12484995076279505}, "explanation": {"top_features": ["marital-status_Married-civ-spouse: 0.1577", "education-num: 0.1249", "workclass_State-gov: -0.1205", "workclass_Private: 0.1080", "education_Bachelors: -0.0788", "relationship_Husband: 0.0737", "marital-status_Never-married: 0.0651", "education_HS-grad: 0.0649", "capital-gain: 0.0304", "occupation_Exec-managerial: 0.0217"], "raw_top": {"marital-status_Married-civ-spouse": 0.15771018158651565, "education-num": 0.1249441473582631, "workclass_State-gov": -0.12050880656569035, "workclass_Private": 0.10799293482242275, "education_Bachelors": -0.07882420479945769, "relationship_Husband": 0.07370275655091443, "marital-status_Never-married": 0.06509414978057604, "education_HS-grad": 0.06494949051887279, "capital-gain": 0.03039282488864207, "occupation_Exec-managerial": 0.021668386401100526}}}