{"instance_id": 3538, "quadrant": "TN", "true_label": 0, "prediction": 0, "prediction_correct": true, "metrics": {"cost": 220.1554790372029, "sparsity": 0.09259259259259259, "fidelity": 0.7389800737569264, "faithfulness_gap": 0.0017348372480885058, "stability": 0.5494001134136753}, "explanation": {"top_features": ["age: -0.1296", "marital-status_Never-married: -0.0719", "marital-status_Married-civ-spouse: -0.0587", "occupation_Other-service: -0.0538", "relationship_Not-in-family: 0.0443", "relationship_Husband: -0.0271", "fnlwgt: -0.0199", "hours-per-week: -0.0160", "education-num: -0.0122", "sex_Male: -0.0053"], "raw_top": {"age": -0.1295651243520996, "marital-status_Never-married": -0.07189788638488175, "marital-status_Married-civ-spouse": -0.05865781870517284, "occupation_Other-service": -0.05378074750153368, "relationship_Not-in-family": 0.04425970744637455, "relationship_Husband": -0.027112628385105097, "fnlwgt": -0.019944268655094275, "hours-per-week": -0.01596378350599065, "education-num": -0.012236078333733798, "sex_Male": -0.005271254229074485}}}