{"instance_id": 3597, "quadrant": "TP", "true_label": 1, "prediction": 1, "prediction_correct": true, "metrics": {"cost": 230.31119001097977, "sparsity": 0.09259259259259259, "fidelity": 0.7825604516737813, "faithfulness_gap": 0.31320873672592653, "stability": 0.21454852378680916}, "explanation": {"top_features": ["education_Some-college: -0.1753", "workclass_Self-emp-not-inc: -0.1582", "marital-status_Married-civ-spouse: 0.1288", "hours-per-week: 0.1077", "occupation_Tech-support: 0.0869", "age: 0.0547", "workclass_Private: 0.0425", "marital-status_Never-married: 0.0394", "sex_Female: 0.0373", "relationship_Husband: 0.0245"], "raw_top": {"education_Some-college": -0.1752622362916374, "workclass_Self-emp-not-inc": -0.15821034826501898, "marital-status_Married-civ-spouse": 0.12877137942440878, "hours-per-week": 0.10771931017505804, "occupation_Tech-support": 0.08687321148256698, "age": 0.05466481612762338, "workclass_Private": 0.04246068892653232, "marital-status_Never-married": 0.039360668459715815, "sex_Female": 0.03729473683052714, "relationship_Husband": 0.024501615376221364}}}