{"instance_id": 4050, "quadrant": "TP", "true_label": 1, "prediction": 1, "prediction_correct": true, "metrics": {"cost": 234.5505499979481, "sparsity": 0.09259259259259259, "fidelity": 0.8273328634936093, "faithfulness_gap": 0.8933509241392635, "stability": 0.5713436188622762}, "explanation": {"top_features": ["capital-loss: 0.2672", "occupation_Machine-op-inspct: -0.1619", "education-num: 0.1145", "age: 0.0862", "marital-status_Married-civ-spouse: 0.0828", "education_HS-grad: 0.0768", "marital-status_Never-married: 0.0733", "sex_Female: 0.0455", "marital-status_Divorced: 0.0357", "relationship_Own-child: 0.0149"], "raw_top": {"capital-loss": 0.26717947726213614, "occupation_Machine-op-inspct": -0.16189309561747192, "education-num": 0.11454949911709401, "age": 0.08619559233466009, "marital-status_Married-civ-spouse": 0.08276374107659036, "education_HS-grad": 0.07679146772109634, "marital-status_Never-married": 0.07330894729310229, "sex_Female": 0.04549876978177487, "marital-status_Divorced": 0.035657172635075896, "relationship_Own-child": 0.014887963910776847}}}