{"instance_id": 4372, "quadrant": "TN", "true_label": 0, "prediction": 0, "prediction_correct": true, "metrics": {"cost": 348.2248439686373, "sparsity": 0.09259259259259259, "fidelity": 0.5173105884752912, "faithfulness_gap": 0.013938222633835146, "stability": 0.7354488544070542}, "explanation": {"top_features": ["workclass_Local-gov: -0.0681", "marital-status_Never-married: -0.0653", "occupation_Handlers-cleaners: -0.0527", "marital-status_Married-civ-spouse: -0.0461", "age: -0.0384", "fnlwgt: -0.0361", "relationship_Husband: -0.0206", "education_Some-college: -0.0131", "hours-per-week: -0.0062", "education-num: -0.0039"], "raw_top": {"workclass_Local-gov": -0.06805885666988704, "marital-status_Never-married": -0.06525577598970178, "occupation_Handlers-cleaners": -0.05272547504933507, "marital-status_Married-civ-spouse": -0.04607283803027133, "age": -0.038351653258678856, "fnlwgt": -0.03610705867313163, "relationship_Husband": -0.02064665353561703, "education_Some-college": -0.013066164459837885, "hours-per-week": -0.006188549853376946, "education-num": -0.003904233801665158}}}