{"instance_id": 4476, "quadrant": "FN", "true_label": 1, "prediction": 0, "prediction_correct": false, "metrics": {"cost": 217.50086901010945, "sparsity": 0.09259259259259259, "fidelity": 0.6780875547989572, "faithfulness_gap": 0.16910544123124144, "stability": 0.0946564396359631}, "explanation": {"top_features": ["marital-status_Married-civ-spouse: 0.1453", "occupation_Sales: -0.0862", "age: -0.0859", "education_Some-college: -0.0699", "marital-status_Never-married: 0.0466", "relationship_Own-child: -0.0374", "hours-per-week: -0.0310", "relationship_Husband: 0.0281", "relationship_Not-in-family: -0.0205", "fnlwgt: -0.0200"], "raw_top": {"marital-status_Married-civ-spouse": 0.14532759025539843, "occupation_Sales": -0.08622327750053517, "age": -0.0858917741325692, "education_Some-college": -0.06986477404094182, "marital-status_Never-married": 0.04661436190298079, "relationship_Own-child": -0.03735900187567284, "hours-per-week": -0.031037787825561963, "relationship_Husband": 0.028137997935954312, "relationship_Not-in-family": -0.020505930127261957, "fnlwgt": -0.01995946075666629}}}