{"instance_id": 4543, "quadrant": "TP", "true_label": 1, "prediction": 1, "prediction_correct": true, "metrics": {"cost": 397.9057719698176, "sparsity": 0.09259259259259259, "fidelity": 0.8909784657889176, "faithfulness_gap": 0.7877471702871396, "stability": 0.6453752623873212}, "explanation": {"top_features": ["capital-loss: 0.5568", "relationship_Wife: 0.2191", "workclass_Self-emp-inc: -0.1731", "occupation_Adm-clerical: -0.0942", "workclass_Private: 0.0927", "education_HS-grad: -0.0849", "sex_Female: -0.0821", "age: 0.0608", "marital-status_Married-civ-spouse: 0.0565", "marital-status_Never-married: 0.0428"], "raw_top": {"capital-loss": 0.5568282728346032, "relationship_Wife": 0.21913820580325657, "workclass_Self-emp-inc": -0.17309721601243944, "occupation_Adm-clerical": -0.09417686988448302, "workclass_Private": 0.09270500580852231, "education_HS-grad": -0.08485120321715145, "sex_Female": -0.08213380447048992, "age": 0.060815988369682265, "marital-status_Married-civ-spouse": 0.056482143155366184, "marital-status_Never-married": 0.0427514495209389}}}