{"instance_id": 4744, "quadrant": "FP", "true_label": 0, "prediction": 1, "prediction_correct": false, "metrics": {"cost": 246.1423460044898, "sparsity": 0.09259259259259259, "fidelity": 0.5836229790823435, "faithfulness_gap": 0.1271460505415168, "stability": 0.13680605807176244}, "explanation": {"top_features": ["marital-status_Married-civ-spouse: 0.1250", "education-num: 0.1116", "occupation_Prof-specialty: -0.0887", "education_Bachelors: -0.0753", "education_HS-grad: 0.0568", "relationship_Husband: 0.0565", "marital-status_Never-married: 0.0396", "hours-per-week: 0.0351", "sex_Male: -0.0226", "capital-loss: -0.0215"], "raw_top": {"marital-status_Married-civ-spouse": 0.1249769658555968, "education-num": 0.11162510114476515, "occupation_Prof-specialty": -0.08870197509853853, "education_Bachelors": -0.07527403422551274, "education_HS-grad": 0.05684099585787626, "relationship_Husband": 0.05647497277913646, "marital-status_Never-married": 0.039581496413806753, "hours-per-week": 0.03505545860388332, "sex_Male": -0.022636874303567447, "capital-loss": -0.02145712705132738}}}