{"instance_id": 4811, "quadrant": "TN", "true_label": 0, "prediction": 0, "prediction_correct": true, "metrics": {"cost": 390.7992870081216, "sparsity": 0.09259259259259259, "fidelity": 0.8909662498188472, "faithfulness_gap": 0.012206102484094303, "stability": 0.2937452924540555}, "explanation": {"top_features": ["occupation_Handlers-cleaners: -0.2057", "education_HS-grad: -0.1089", "marital-status_Married-civ-spouse: 0.0923", "hours-per-week: -0.0411", "relationship_Husband: 0.0364", "education_Bachelors: 0.0293", "age: -0.0287", "marital-status_Never-married: 0.0212", "education-num: -0.0147", "sex_Male: -0.0102"], "raw_top": {"occupation_Handlers-cleaners": -0.20573132611853184, "education_HS-grad": -0.10891938500765233, "marital-status_Married-civ-spouse": 0.09233430136822886, "hours-per-week": -0.04107872774322349, "relationship_Husband": 0.03635192097643862, "education_Bachelors": 0.02927364718776094, "age": -0.028674550774005565, "marital-status_Never-married": 0.02120765660215186, "education-num": -0.014725906489898539, "sex_Male": -0.01024881842787953}}}