{"instance_id": 4925, "quadrant": "FN", "true_label": 1, "prediction": 0, "prediction_correct": false, "metrics": {"cost": 389.5531430025585, "sparsity": 0.09259259259259259, "fidelity": 0.6971926937632847, "faithfulness_gap": 0.4215740202861452, "stability": 0.021333096132005878}, "explanation": {"top_features": ["marital-status_Married-civ-spouse: 0.1203", "relationship_Wife: 0.1113", "occupation_Prof-specialty: -0.0739", "relationship_Husband: -0.0659", "hours-per-week: -0.0513", "sex_Male: 0.0425", "education_Bachelors: 0.0293", "sex_Female: -0.0232", "marital-status_Never-married: 0.0228", "marital-status_Divorced: 0.0226"], "raw_top": {"marital-status_Married-civ-spouse": 0.12033571754353323, "relationship_Wife": 0.11129787692316624, "occupation_Prof-specialty": -0.07390048790675424, "relationship_Husband": -0.0659473059113562, "hours-per-week": -0.05128723841241128, "sex_Male": 0.04254818509276626, "education_Bachelors": 0.029317092999331232, "sex_Female": -0.023174470933613883, "marital-status_Never-married": 0.02278653971743188, "marital-status_Divorced": 0.0225688672659539}}}