{"instance_id": 5166, "quadrant": "TP", "true_label": 1, "prediction": 1, "prediction_correct": true, "metrics": {"cost": 267.2465560026467, "sparsity": 0.09259259259259259, "fidelity": 0.7458955001626182, "faithfulness_gap": 0.7903907593950042, "stability": 0.2130543430530486}, "explanation": {"top_features": ["education_Bachelors: -0.1588", "education-num: 0.1369", "age: 0.1208", "marital-status_Married-civ-spouse: 0.1117", "workclass_Private: 0.1010", "hours-per-week: 0.0521", "marital-status_Never-married: 0.0384", "sex_Female: 0.0377", "relationship_Husband: 0.0354", "capital-gain: 0.0284"], "raw_top": {"education_Bachelors": -0.15878416013472496, "education-num": 0.13692406435990598, "age": 0.12084864308176564, "marital-status_Married-civ-spouse": 0.11165854004825643, "workclass_Private": 0.1010444143840364, "hours-per-week": 0.05208426631769166, "marital-status_Never-married": 0.03836882574165818, "sex_Female": 0.03773319879888279, "relationship_Husband": 0.03536373771483103, "capital-gain": 0.028403693717785436}}}