{"instance_id": 5870, "quadrant": "FP", "true_label": 0, "prediction": 1, "prediction_correct": false, "metrics": {"cost": 336.8611780460924, "sparsity": 0.09259259259259259, "fidelity": 0.682024463273749, "faithfulness_gap": 0.10355267051017092, "stability": 0.18926254315551574}, "explanation": {"top_features": ["education_HS-grad: -0.1710", "marital-status_Married-civ-spouse: 0.1345", "age: 0.0980", "occupation_Craft-repair: -0.0913", "hours-per-week: 0.0705", "relationship_Husband: 0.0591", "marital-status_Never-married: 0.0315", "education_Bachelors: 0.0156", "capital-gain: 0.0156", "education-num: 0.0129"], "raw_top": {"education_HS-grad": -0.17103321047074127, "marital-status_Married-civ-spouse": 0.13453208852212079, "age": 0.09800022051160821, "occupation_Craft-repair": -0.09127092908042428, "hours-per-week": 0.07050428446982826, "relationship_Husband": 0.05913639453050756, "marital-status_Never-married": 0.03153706558371463, "education_Bachelors": 0.01563138971676811, "capital-gain": 0.01560013418613096, "education-num": 0.012873234317936876}}}