{"instance_id": 5984, "quadrant": "FN", "true_label": 1, "prediction": 0, "prediction_correct": false, "metrics": {"cost": 213.87706598034129, "sparsity": 0.09259259259259259, "fidelity": 0.844557813994532, "faithfulness_gap": 0.07765383759177386, "stability": 0.11207575272709683}, "explanation": {"top_features": ["workclass_Self-emp-not-inc: -0.2399", "marital-status_Married-civ-spouse: 0.0938", "occupation_Sales: -0.0540", "sex_Female: 0.0388", "capital-gain: 0.0314", "education_Some-college: -0.0308", "education_HS-grad: 0.0284", "marital-status_Never-married: 0.0280", "hours-per-week: 0.0275", "capital-loss: -0.0207"], "raw_top": {"workclass_Self-emp-not-inc": -0.23993312933555277, "marital-status_Married-civ-spouse": 0.0938227218157516, "occupation_Sales": -0.05404549006578597, "sex_Female": 0.03879270965435634, "capital-gain": 0.031404263039330096, "education_Some-college": -0.030762516820292896, "education_HS-grad": 0.028383199711615476, "marital-status_Never-married": 0.027992206971677244, "hours-per-week": 0.027525987966281442, "capital-loss": -0.020698821920186447}}}