{"instance_id": 6400, "quadrant": "FP", "true_label": 0, "prediction": 1, "prediction_correct": false, "metrics": {"cost": 316.2749030161649, "sparsity": 0.09259259259259259, "fidelity": 0.703072024860871, "faithfulness_gap": 0.010470390462865131, "stability": 0.12857288590760996}, "explanation": {"top_features": ["education-num: 0.1530", "education_Bachelors: -0.1332", "marital-status_Married-civ-spouse: 0.1216", "occupation_Prof-specialty: -0.1147", "workclass_Private: 0.1034", "workclass_State-gov: -0.0997", "relationship_Husband: 0.0848", "age: 0.0723", "hours-per-week: 0.0620", "marital-status_Never-married: 0.0432"], "raw_top": {"education-num": 0.15295024955269762, "education_Bachelors": -0.13323849353207895, "marital-status_Married-civ-spouse": 0.12159054554097028, "occupation_Prof-specialty": -0.11472289787881516, "workclass_Private": 0.10338300124326373, "workclass_State-gov": -0.09968772490198011, "relationship_Husband": 0.08483285933787597, "age": 0.07232484102613217, "hours-per-week": 0.06197574852818702, "marital-status_Never-married": 0.04319497969575317}}}