{"instance_id": 6488, "quadrant": "TN", "true_label": 0, "prediction": 0, "prediction_correct": true, "metrics": {"cost": 287.46547899208963, "sparsity": 0.09259259259259259, "fidelity": 0.4924291383282578, "faithfulness_gap": 0.8298481370362034, "stability": 0.4710771072729338}, "explanation": {"top_features": ["marital-status_Never-married: -0.0799", "age: -0.0644", "marital-status_Married-civ-spouse: -0.0578", "occupation_Adm-clerical: -0.0554", "race_Asian-Pac-Islander: -0.0513", "race_White: 0.0447", "relationship_Husband: -0.0349", "sex_Female: -0.0230", "hours-per-week: -0.0163", "education_Bachelors: -0.0118"], "raw_top": {"marital-status_Never-married": -0.07994894651730022, "age": -0.06443881041860859, "marital-status_Married-civ-spouse": -0.05782379911181321, "occupation_Adm-clerical": -0.05544292782775397, "race_Asian-Pac-Islander": -0.051332701936571704, "race_White": 0.04474909118070286, "relationship_Husband": -0.03494369134840474, "sex_Female": -0.023017187873191233, "hours-per-week": -0.016335072190227732, "education_Bachelors": -0.011835665476146978}}}