{"instance_id": 6567, "quadrant": "FN", "true_label": 1, "prediction": 0, "prediction_correct": false, "metrics": {"cost": 306.04671500623226, "sparsity": 0.09259259259259259, "fidelity": 0.6893702207505903, "faithfulness_gap": 0.04188068738923201, "stability": 0.39854052047807403}, "explanation": {"top_features": ["sex_Female: -0.1611", "race_White: 0.1140", "race_Black: -0.1034", "marital-status_Married-civ-spouse: -0.0770", "marital-status_Never-married: -0.0653", "workclass_Private: 0.0547", "hours-per-week: 0.0545", "workclass_Self-emp-not-inc: -0.0543", "relationship_Not-in-family: 0.0462", "education_Some-college: -0.0348"], "raw_top": {"sex_Female": -0.1610929050832986, "race_White": 0.11398464698064519, "race_Black": -0.10337273866954652, "marital-status_Married-civ-spouse": -0.07698324249094551, "marital-status_Never-married": -0.06526724789726965, "workclass_Private": 0.05465940215164609, "hours-per-week": 0.05450985750117015, "workclass_Self-emp-not-inc": -0.054332584788756424, "relationship_Not-in-family": 0.04624107464628868, "education_Some-college": -0.034775054743759054}}}