{"instance_id": 680, "quadrant": "TN", "true_label": 0, "prediction": 0, "prediction_correct": true, "metrics": {"cost": 317.3380370135419, "sparsity": 0.09259259259259259, "fidelity": 0.6351927768667194, "faithfulness_gap": 0.0005024534392118684, "stability": 0.7518612915363728}, "explanation": {"top_features": ["occupation_Other-service: -0.0648", "marital-status_Never-married: -0.0592", "age: -0.0580", "hours-per-week: -0.0379", "marital-status_Married-civ-spouse: -0.0352", "education_HS-grad: -0.0348", "relationship_Husband: -0.0231", "sex_Female: -0.0173", "relationship_Unmarried: -0.0132", "capital-loss: -0.0069"], "raw_top": {"occupation_Other-service": -0.06476464049476802, "marital-status_Never-married": -0.05918797056971188, "age": -0.058040062616620196, "hours-per-week": -0.037858583254452405, "marital-status_Married-civ-spouse": -0.03515787475134614, "education_HS-grad": -0.03483678866519122, "relationship_Husband": -0.0231299234866182, "sex_Female": -0.01728620084229175, "relationship_Unmarried": -0.013177900448772187, "capital-loss": -0.0069456793910919745}}}