{"instance_id": 7121, "quadrant": "FP", "true_label": 0, "prediction": 1, "prediction_correct": false, "metrics": {"cost": 332.7100930036977, "sparsity": 0.09259259259259259, "fidelity": 0.7639509523354997, "faithfulness_gap": 0.48645394221568816, "stability": 0.06951705985720456}, "explanation": {"top_features": ["marital-status_Married-civ-spouse: 0.1679", "education-num: 0.1323", "age: -0.0805", "fnlwgt: -0.0596", "education_HS-grad: 0.0573", "marital-status_Never-married: 0.0546", "relationship_Not-in-family: -0.0341", "capital-gain: 0.0301", "hours-per-week: -0.0294", "occupation_Sales: -0.0256"], "raw_top": {"marital-status_Married-civ-spouse": 0.16793873847159427, "education-num": 0.13230212756271142, "age": -0.0804919770768131, "fnlwgt": -0.05955525349691011, "education_HS-grad": 0.05732852936231597, "marital-status_Never-married": 0.054578612680268465, "relationship_Not-in-family": -0.03410189455169051, "capital-gain": 0.030053098158318543, "hours-per-week": -0.029360353768734918, "occupation_Sales": -0.025635023341529728}}}