{"instance_id": 7910, "quadrant": "FN", "true_label": 1, "prediction": 0, "prediction_correct": false, "metrics": {"cost": 298.7305099959485, "sparsity": 0.09259259259259259, "fidelity": 0.5198956610880006, "faithfulness_gap": 0.06917784099426032, "stability": 0.21065198602614332}, "explanation": {"top_features": ["marital-status_Married-civ-spouse: 0.1348", "education_HS-grad: -0.1054", "occupation_Sales: -0.0825", "relationship_Husband: 0.0479", "hours-per-week: -0.0388", "age: -0.0371", "education-num: -0.0259", "sex_Female: -0.0252", "fnlwgt: -0.0224", "relationship_Not-in-family: -0.0192"], "raw_top": {"marital-status_Married-civ-spouse": 0.1347749135877576, "education_HS-grad": -0.10537954280249885, "occupation_Sales": -0.0824752397104083, "relationship_Husband": 0.04786691914757121, "hours-per-week": -0.03883991453448887, "age": -0.037091767510108634, "education-num": -0.025881872250397668, "sex_Female": -0.025220371239456515, "fnlwgt": -0.02239470622501619, "relationship_Not-in-family": -0.01924393374535146}}}