{"instance_id": 792, "quadrant": "TN", "true_label": 0, "prediction": 0, "prediction_correct": true, "metrics": {"cost": 210.92672902159393, "sparsity": 0.09259259259259259, "fidelity": 0.1493156117736101, "faithfulness_gap": 0.0011906374804545642, "stability": 0.722367866007181}, "explanation": {"top_features": ["education_7th-8th: -0.0726", "age: -0.0497", "marital-status_Never-married: -0.0454", "occupation_Other-service: -0.0451", "native-country_Mexico: -0.0414", "marital-status_Married-civ-spouse: -0.0272", "sex_Female: -0.0268", "relationship_Unmarried: -0.0166", "education-num: -0.0143", "fnlwgt: -0.0114"], "raw_top": {"education_7th-8th": -0.07255664487620886, "age": -0.04965440470807891, "marital-status_Never-married": -0.04540480517641385, "occupation_Other-service": -0.04505506981196511, "native-country_Mexico": -0.0413836347653725, "marital-status_Married-civ-spouse": -0.027203663864142445, "sex_Female": -0.0267906567978664, "relationship_Unmarried": -0.016577625722349654, "education-num": -0.014336883514295334, "fnlwgt": -0.01142234572048284}}}