{"instance_id": 8196, "quadrant": "FN", "true_label": 1, "prediction": 0, "prediction_correct": false, "metrics": {"cost": 255.58360997820273, "sparsity": 0.09259259259259259, "fidelity": 0.7630778621039618, "faithfulness_gap": 0.16356874290435927, "stability": 0.3238699960101592}, "explanation": {"top_features": ["hours-per-week: -0.2735", "workclass_nan: -0.1450", "marital-status_Married-civ-spouse: 0.0989", "workclass_Private: 0.0927", "education-num: 0.0815", "education_Bachelors: -0.0763", "capital-gain: 0.0752", "sex_Male: -0.0654", "education_HS-grad: 0.0603", "age: 0.0465"], "raw_top": {"hours-per-week": -0.273472034765295, "workclass_nan": -0.1449920851595664, "marital-status_Married-civ-spouse": 0.09889197236338827, "workclass_Private": 0.09274170508691486, "education-num": 0.08148754756908029, "education_Bachelors": -0.07625332525075881, "capital-gain": 0.07516438302644418, "sex_Male": -0.06540867421251445, "education_HS-grad": 0.06030943803458672, "age": 0.046497164556936754}}}