{"instance_id": 8509, "quadrant": "FP", "true_label": 0, "prediction": 1, "prediction_correct": false, "metrics": {"cost": 307.4172120541334, "sparsity": 0.09259259259259259, "fidelity": 0.8879002655592354, "faithfulness_gap": 0.9923274278773175, "stability": 0.4676410388804322}, "explanation": {"top_features": ["capital-loss: 0.2425", "marital-status_Never-married: 0.0797", "age: 0.0670", "marital-status_Married-civ-spouse: 0.0618", "education-num: 0.0550", "workclass_Private: 0.0384", "relationship_Own-child: 0.0380", "education_HS-grad: 0.0352", "sex_Female: 0.0191", "marital-status_Divorced: 0.0119"], "raw_top": {"capital-loss": 0.24247424253766073, "marital-status_Never-married": 0.0797320036881111, "age": 0.06697551046799395, "marital-status_Married-civ-spouse": 0.06178109365493691, "education-num": 0.054989593069781344, "workclass_Private": 0.0383704969712989, "relationship_Own-child": 0.037962095550329464, "education_HS-grad": 0.035153027871894116, "sex_Female": 0.019084432731931965, "marital-status_Divorced": 0.01192087157715671}}}