{"instance_id": 8541, "quadrant": "TP", "true_label": 1, "prediction": 1, "prediction_correct": true, "metrics": {"cost": 303.6395799717866, "sparsity": 0.09259259259259259, "fidelity": 0.9467563197523595, "faithfulness_gap": 0.6849461460316456, "stability": 0.7194692994445474}, "explanation": {"top_features": ["capital-loss: 0.3644", "marital-status_Married-civ-spouse: 0.0836", "age: 0.0617", "education-num: 0.0502", "occupation_Sales: -0.0448", "marital-status_Never-married: 0.0422", "education_HS-grad: 0.0418", "hours-per-week: 0.0192", "fnlwgt: 0.0187", "relationship_Own-child: 0.0116"], "raw_top": {"capital-loss": 0.3644405203622861, "marital-status_Married-civ-spouse": 0.08358592942057064, "age": 0.06171905032706735, "education-num": 0.050199434156353494, "occupation_Sales": -0.04481747287191584, "marital-status_Never-married": 0.0422116649065348, "education_HS-grad": 0.04175076712035302, "hours-per-week": 0.019163270351595665, "fnlwgt": 0.018729382806645326, "relationship_Own-child": 0.011554312342000017}}}