{"instance_id": 8654, "quadrant": "TN", "true_label": 0, "prediction": 0, "prediction_correct": true, "metrics": {"cost": 226.75482701743022, "sparsity": 0.09259259259259259, "fidelity": 0.7956544969673647, "faithfulness_gap": 0.031718294910197405, "stability": 0.7446169666361645}, "explanation": {"top_features": ["age: -0.1079", "marital-status_Never-married: -0.0788", "occupation_Handlers-cleaners: -0.0656", "marital-status_Married-civ-spouse: -0.0583", "relationship_Own-child: 0.0339", "relationship_Husband: -0.0210", "education_Some-college: -0.0175", "sex_Female: -0.0152", "hours-per-week: -0.0127", "education-num: -0.0074"], "raw_top": {"age": -0.10785111870168158, "marital-status_Never-married": -0.0788022696562881, "occupation_Handlers-cleaners": -0.0655725931960959, "marital-status_Married-civ-spouse": -0.058295655052339496, "relationship_Own-child": 0.03391193736461984, "relationship_Husband": -0.021032024208825162, "education_Some-college": -0.01751082762946074, "sex_Female": -0.015195685312163002, "hours-per-week": -0.012685235153010956, "education-num": -0.007352002047063082}}}