{"instance_id": 9141, "quadrant": "TN", "true_label": 0, "prediction": 0, "prediction_correct": true, "metrics": {"cost": 291.81496298406273, "sparsity": 0.09259259259259259, "fidelity": 0.5269103594439053, "faithfulness_gap": 0.411685850872654, "stability": 0.2858208243802253}, "explanation": {"top_features": ["marital-status_Never-married: -0.1668", "native-country_France: -0.1314", "marital-status_Married-civ-spouse: -0.1017", "occupation_Prof-specialty: -0.0623", "hours-per-week: 0.0604", "education_HS-grad: 0.0514", "education_Bachelors: -0.0473", "fnlwgt: 0.0419", "native-country_United-States: 0.0410", "relationship_Husband: -0.0345"], "raw_top": {"marital-status_Never-married": -0.1667700878882371, "native-country_France": -0.1313917525049529, "marital-status_Married-civ-spouse": -0.10166811965464624, "occupation_Prof-specialty": -0.06229566140941618, "hours-per-week": 0.060403222963741114, "education_HS-grad": 0.05142110666601678, "education_Bachelors": -0.047250410110599855, "fnlwgt": 0.04186442169540644, "native-country_United-States": 0.04099670786897269, "relationship_Husband": -0.03445658951652049}}}