{"instance_id": 9489, "quadrant": "FN", "true_label": 1, "prediction": 0, "prediction_correct": false, "metrics": {"cost": 261.2700699828565, "sparsity": 0.09259259259259259, "fidelity": 0.8477979175313075, "faithfulness_gap": 0.6715881625176643, "stability": 0.2533387838377012}, "explanation": {"top_features": ["workclass_Local-gov: -0.2759", "marital-status_Married-civ-spouse: 0.0945", "fnlwgt: -0.0811", "education_Some-college: -0.0739", "age: -0.0699", "workclass_Private: 0.0580", "education_HS-grad: 0.0314", "marital-status_Never-married: 0.0272", "relationship_Husband: 0.0270", "capital-gain: 0.0259"], "raw_top": {"workclass_Local-gov": -0.2759382133399072, "marital-status_Married-civ-spouse": 0.0945449293687448, "fnlwgt": -0.08113203917451899, "education_Some-college": -0.07386609868416531, "age": -0.06985433122368724, "workclass_Private": 0.05799056420043508, "education_HS-grad": 0.0314317327812723, "marital-status_Never-married": 0.027186672902988426, "relationship_Husband": 0.026990648867676676, "capital-gain": 0.025933111741766712}}}