{"instance_id": 9624, "quadrant": "FN", "true_label": 1, "prediction": 0, "prediction_correct": false, "metrics": {"cost": 311.6111879935488, "sparsity": 0.09259259259259259, "fidelity": 0.8286528990235063, "faithfulness_gap": 0.0958997705927846, "stability": 0.12809074639254447}, "explanation": {"top_features": ["education_HS-grad: -0.1948", "marital-status_Married-civ-spouse: 0.1331", "occupation_Craft-repair: -0.0750", "education-num: -0.0422", "age: 0.0377", "marital-status_Never-married: 0.0374", "relationship_Own-child: -0.0300", "education_Bachelors: 0.0250", "relationship_Husband: 0.0241", "capital-gain: 0.0235"], "raw_top": {"education_HS-grad": -0.19481037929756229, "marital-status_Married-civ-spouse": 0.13307045337656107, "occupation_Craft-repair": -0.07504307438385054, "education-num": -0.042207999019193004, "age": 0.03765015587912242, "marital-status_Never-married": 0.03742983322608961, "relationship_Own-child": -0.03000100061231155, "education_Bachelors": 0.024997212384305485, "relationship_Husband": 0.024110541436237497, "capital-gain": 0.0234716939025142}}}