model,method,seed,n,instance_id,masking_scheme,topk_gap,top_feature_corr,n_features_masked_topk
rf,shap,42,50,17,zero,0.1181098567344203,0.7798656778024102,5.0
rf,shap,42,50,17,mean,0.11810985673442026,0.7798656778024103,5.0
rf,shap,42,50,17,marginal,0.2540893007793943,0.556034354701757,5.0
rf,shap,42,50,17,grouped_mean,0.11205567477511874,0.7171792098897037,17.0
rf,shap,42,50,41,zero,0.08475148777488492,0.2657585044858122,5.0
rf,shap,42,50,41,mean,0.08475148777488489,0.26575850448581223,5.0
rf,shap,42,50,41,marginal,0.34002705023957863,0.8267427846267971,5.0
rf,shap,42,50,41,grouped_mean,0.1246874627484316,0.3004145632089246,17.0
rf,shap,42,50,86,zero,0.3655084090297588,0.4611774503950499,5.0
rf,shap,42,50,86,mean,0.3655084090297589,0.4670696888738379,5.0
rf,shap,42,50,86,marginal,0.23903076081365404,0.6658146875966443,5.0
rf,shap,42,50,86,grouped_mean,0.5340915082957646,-0.11527860437775905,58.0
rf,shap,42,50,142,zero,0.5458965906224855,0.8837455002561436,5.0
rf,shap,42,50,142,mean,0.5458965906224857,0.8747563965041419,5.0
rf,shap,42,50,142,marginal,0.5434120960441087,0.8610865318743369,5.0
rf,shap,42,50,142,grouped_mean,0.5265593585087489,0.8476239969326244,57.0
rf,shap,42,50,205,zero,0.5370930998644683,0.7055401602728825,5.0
rf,shap,42,50,205,mean,0.5370930998644682,0.7055401602728821,5.0
rf,shap,42,50,205,marginal,0.5870307321179628,0.7992820233824353,5.0
rf,shap,42,50,205,grouped_mean,0.5370930998644683,0.8284645414058278,43.0
rf,shap,42,50,272,zero,0.026451212856900747,0.7594673129327116,5.0
rf,shap,42,50,272,mean,0.02645121285690072,0.7302821508140845,5.0
rf,shap,42,50,272,marginal,0.27165921790831465,0.7198836838192528,5.0
rf,shap,42,50,272,grouped_mean,0.015652740188157988,0.7385520603787001,34.0
rf,shap,42,50,311,zero,0.005369960584308636,-0.328352582882486,5.0
rf,shap,42,50,311,mean,0.005369960584308636,-0.328352582882485,5.0
rf,shap,42,50,311,marginal,0.5144746663295997,0.6871353224676379,5.0
rf,shap,42,50,311,grouped_mean,0.08423167622144374,0.5205520030650095,33.0
rf,shap,42,50,312,zero,0.12363986145477354,0.416396913235685,5.0
rf,shap,42,50,312,mean,0.12363986145477357,0.41639691323568495,5.0
rf,shap,42,50,312,marginal,0.38055156925856454,0.7141408921679699,5.0
rf,shap,42,50,312,grouped_mean,0.18554886101569668,0.29564229487656873,41.0
rf,shap,42,50,329,zero,0.07769108428122845,0.011048877664228851,5.0
rf,shap,42,50,329,mean,0.07769108428122842,-0.11545938021714991,5.0
rf,shap,42,50,329,marginal,0.16575744923343727,0.31710740204002674,5.0
rf,shap,42,50,329,grouped_mean,0.014538400847850352,0.19345779894020532,18.0
rf,shap,42,50,359,zero,0.5779070625218201,0.8481386352375051,5.0
rf,shap,42,50,359,mean,0.5779070625218201,0.8481386352375048,5.0
rf,shap,42,50,359,marginal,0.29219152296774736,0.7884193556186891,5.0
rf,shap,42,50,359,grouped_mean,0.575951283069618,0.354731036545477,57.0
rf,shap,42,50,386,zero,0.6929760321249037,0.8359021462713304,5.0
rf,shap,42,50,386,mean,0.6929760321249037,0.836509954215091,5.0
rf,shap,42,50,386,marginal,0.5457082178394708,0.9060668335726216,5.0
rf,shap,42,50,386,grouped_mean,0.6596518817263458,0.9443869736499119,58.0
rf,shap,42,50,502,zero,0.6584049360165404,0.7044735407576825,5.0
rf,shap,42,50,502,mean,0.6584049360165404,0.69791682018211,5.0
rf,shap,42,50,502,marginal,0.7098043797085375,0.42366411970520873,5.0
rf,shap,42,50,502,grouped_mean,0.672213889540863,0.04585693509691448,57.0
rf,shap,42,50,559,zero,0.6086906851134334,0.9623063565188871,5.0
rf,shap,42,50,559,mean,0.6086906851134335,0.9623063565188874,5.0
rf,shap,42,50,559,marginal,0.5372807480109337,0.9846582122776636,5.0
rf,shap,42,50,559,grouped_mean,0.6086906851134334,0.8030156578703052,18.0
rf,shap,42,50,575,zero,0.333207264177488,0.5788056327968297,5.0
rf,shap,42,50,575,mean,0.3332072641774877,0.578805632796829,5.0
rf,shap,42,50,575,marginal,0.5852770539508055,0.7158316530872963,5.0
rf,shap,42,50,575,grouped_mean,0.6162806763758022,0.06463109507684678,57.0
rf,shap,42,50,616,zero,0.05650708686298675,0.5007266990246264,5.0
rf,shap,42,50,616,mean,0.05650708686298675,0.5007266990246261,5.0
rf,shap,42,50,616,marginal,0.2041242389102144,0.6966416821108071,5.0
rf,shap,42,50,616,grouped_mean,0.11745814751553027,0.44301142897175205,17.0
rf,shap,42,50,655,zero,0.2935068102610754,0.4445628451795742,5.0
rf,shap,42,50,655,mean,0.29350681026107517,0.444562845179573,5.0
rf,shap,42,50,655,marginal,0.19083376459575416,0.4707494931126549,5.0
rf,shap,42,50,655,grouped_mean,0.4792252218150721,-0.1862599960620321,34.0
rf,shap,42,50,666,zero,0.004409335695831747,-0.29677185758553515,5.0
rf,shap,42,50,666,mean,0.004409335695831761,-0.3854254222514357,5.0
rf,shap,42,50,666,marginal,0.3789166138172743,0.8754433403324685,5.0
rf,shap,42,50,666,grouped_mean,0.09623371139018429,0.16977368847480817,40.0
rf,shap,42,50,729,zero,0.05139381799261418,0.38450630939930464,5.0
rf,shap,42,50,729,mean,0.05139381799261418,0.3845063093993044,5.0
rf,shap,42,50,729,marginal,0.26582178817670205,0.6665186447669372,5.0
rf,shap,42,50,729,grouped_mean,0.15018001387868227,-0.0036233079991542655,34.0
rf,shap,42,50,798,zero,0.22408666160508428,0.9827955136435169,5.0
rf,shap,42,50,798,mean,0.22408666160508423,0.9827955136435168,5.0
rf,shap,42,50,798,marginal,0.13349599917948476,0.9839196206533385,5.0
rf,shap,42,50,798,grouped_mean,0.42600647812148595,0.9551376893557931,35.0
rf,shap,42,50,880,zero,0.4438240861905818,0.4216956149533022,5.0
rf,shap,42,50,880,mean,0.4438240861905817,0.421695614953302,5.0
rf,shap,42,50,880,marginal,0.2993117721387127,0.5283097110377596,5.0
rf,shap,42,50,880,grouped_mean,0.4438240861905818,0.06717735156065158,41.0
rf,shap,42,50,922,zero,0.5865495627248466,0.5939260510917547,5.0
rf,shap,42,50,922,mean,0.5865495627248466,0.5939260510917549,5.0
rf,shap,42,50,922,marginal,0.5594590474265015,0.3485668873125933,5.0
rf,shap,42,50,922,grouped_mean,0.5950280443736322,0.17854743609769103,57.0
rf,shap,42,50,1267,zero,0.5868042688082008,0.678853815604772,5.0
rf,shap,42,50,1267,mean,0.5868042688082006,0.6788538156047718,5.0
rf,shap,42,50,1267,marginal,0.26444077297636415,0.642184150520392,5.0
rf,shap,42,50,1267,grouped_mean,0.6044338142525907,0.004746268602139017,57.0
rf,shap,42,50,1364,zero,0.5152968574557719,0.3172560673652408,5.0
rf,shap,42,50,1364,mean,0.5152968574557721,0.31725606736524126,5.0
rf,shap,42,50,1364,marginal,0.265351759045229,0.44680921655414596,5.0
rf,shap,42,50,1364,grouped_mean,0.5152968574557719,-0.00944811914305757,34.0
rf,shap,42,50,1391,zero,0.2925071333744166,0.2893396151353052,5.0
rf,shap,42,50,1391,mean,0.29250713337441636,0.28933961513530343,5.0
rf,shap,42,50,1391,marginal,0.11694209514230906,0.3660144993465375,5.0
rf,shap,42,50,1391,grouped_mean,0.4961122170615783,-0.37628164417639154,41.0
rf,shap,42,50,1560,zero,0.24607293124794324,0.7491439098408706,5.0
rf,shap,42,50,1560,mean,0.2460729312479432,0.7549991035949922,5.0
rf,shap,42,50,1560,marginal,0.20809766659677217,0.6234589152695504,5.0
rf,shap,42,50,1560,grouped_mean,0.24607293124794316,0.2368345067860114,18.0
rf,shap,42,50,1624,zero,0.5954398646873078,0.5344653862311101,5.0
rf,shap,42,50,1624,mean,0.595439864687308,0.53446538623111,5.0
rf,shap,42,50,1624,marginal,0.2741274223443226,0.6017671209876595,5.0
rf,shap,42,50,1624,grouped_mean,0.5954398646873076,0.11500836471959489,33.0
rf,shap,42,50,1700,zero,0.19510555780545158,0.27277687803356676,5.0
rf,shap,42,50,1700,mean,0.19510555780545158,0.2512000521340307,5.0
rf,shap,42,50,1700,marginal,0.20439051573364073,0.10239144793699542,5.0
rf,shap,42,50,1700,grouped_mean,0.4403006635509601,0.055590918859012836,42.0
rf,shap,42,50,1752,zero,0.09203819912485778,0.8073063305749348,5.0
rf,shap,42,50,1752,mean,0.09203819912485778,0.8116424451614775,5.0
rf,shap,42,50,1752,marginal,0.1819520362746222,0.9213232899305855,5.0
rf,shap,42,50,1752,grouped_mean,0.09203819912485789,0.5030193269882104,43.0
rf,shap,42,50,1788,zero,0.6461384680474329,0.643349701689439,5.0
rf,shap,42,50,1788,mean,0.6461384680474329,0.6433497016894388,5.0
rf,shap,42,50,1788,marginal,0.20120079273457903,0.7612582305430564,5.0
rf,shap,42,50,1788,grouped_mean,0.6419517136934789,0.13150808041511097,34.0
rf,shap,42,50,1935,zero,0.6124795501496186,0.9840413997787543,5.0
rf,shap,42,50,1935,mean,0.6124795501496183,0.9840413997787544,5.0
rf,shap,42,50,1935,marginal,0.42504269257211363,0.9934695212520124,5.0
rf,shap,42,50,1935,grouped_mean,0.6050632904405742,0.9803348825294333,57.0
rf,shap,42,50,1940,zero,0.13467649550387223,0.6120030848327453,5.0
rf,shap,42,50,1940,mean,0.1346764955038724,0.6073197569171767,5.0
rf,shap,42,50,1940,marginal,0.1508562555898006,0.8477263446441495,5.0
rf,shap,42,50,1940,grouped_mean,0.3607785775280359,0.2539614512517146,42.0
rf,shap,42,50,1949,zero,0.6932141802973666,0.43649606932094004,5.0
rf,shap,42,50,1949,mean,0.6932141802973664,0.43649606932093965,5.0
rf,shap,42,50,1949,marginal,0.5826941836481525,0.25332585516018247,5.0
rf,shap,42,50,1949,grouped_mean,0.6932141802973666,-0.22067096671346292,41.0
rf,shap,42,50,1966,zero,0.3135281918469486,0.7343935825132275,5.0
rf,shap,42,50,1966,mean,0.3135281918469486,0.7343935825132276,5.0
rf,shap,42,50,1966,marginal,0.3135281918469487,0.22471962450053318,5.0
rf,shap,42,50,1966,grouped_mean,0.3135281918469486,-0.002318727492086569,41.0
rf,shap,42,50,1985,zero,0.6035509229744287,0.6078697524950322,5.0
rf,shap,42,50,1985,mean,0.6035509229744287,0.6078697524950323,5.0
rf,shap,42,50,1985,marginal,0.18914483696561893,0.6925497125558253,5.0
rf,shap,42,50,1985,grouped_mean,0.6826037322408796,0.16016116987705833,34.0
rf,shap,42,50,1989,zero,0.22847095130240538,0.1067364161432908,5.0
rf,shap,42,50,1989,mean,0.22847095130240544,-0.15410773705946496,5.0
rf,shap,42,50,1989,marginal,0.154932630998411,-0.11505393691215861,5.0
rf,shap,42,50,1989,grouped_mean,0.06711695656532313,-0.35557478994434705,35.0
rf,shap,42,50,1995,zero,0.32789710125277005,0.09589761233528618,5.0
rf,shap,42,50,1995,mean,0.32789710125277005,0.09589761233528675,5.0
rf,shap,42,50,1995,marginal,0.11663382810765555,0.1769759360449732,5.0
rf,shap,42,50,1995,grouped_mean,0.49993672485054974,-0.31912974110972503,58.0
rf,shap,42,50,1999,zero,0.6409043417647355,0.657951440564665,5.0
rf,shap,42,50,1999,mean,0.6409043417647353,0.6579514405646649,5.0
rf,shap,42,50,1999,marginal,0.47745318408015874,0.6072623409006819,5.0
rf,shap,42,50,1999,grouped_mean,0.623090667795726,-0.017462074558039137,57.0
rf,shap,42,50,2173,zero,0.1544319540457837,0.23338561703694033,5.0
rf,shap,42,50,2173,mean,0.1544319540457838,0.18945506340078477,5.0
rf,shap,42,50,2173,marginal,0.137693758326448,0.5189173940187058,5.0
rf,shap,42,50,2173,grouped_mean,0.14396529408138772,0.13164853105226393,57.0
rf,shap,42,50,2174,zero,0.32916673872227914,0.5406203957608371,5.0
rf,shap,42,50,2174,mean,0.299800652330127,0.552511254909769,5.0
rf,shap,42,50,2174,marginal,0.488734365956168,0.6239025833133534,5.0
rf,shap,42,50,2174,grouped_mean,0.4996462856195678,-0.06208178578340898,35.0
rf,shap,42,50,2176,zero,0.5979063947652341,0.6881046733780589,5.0
rf,shap,42,50,2176,mean,0.5979063947652339,0.688104673378058,5.0
rf,shap,42,50,2176,marginal,0.5251187257824995,0.7357345058305167,5.0
rf,shap,42,50,2176,grouped_mean,0.597906394765234,0.16771359591359894,33.0
rf,shap,123,50,33,zero,0.04860988074343796,-0.5794681584556719,5.0
rf,shap,123,50,33,mean,0.04860988074343792,-0.5794681584556718,5.0
rf,shap,123,50,33,marginal,0.14958987985646802,0.1022954784990371,5.0
rf,shap,123,50,33,grouped_mean,0.1134546888822611,0.20608835767311517,34.0
rf,shap,123,50,57,zero,0.04459468643737874,0.1541703218573889,5.0
rf,shap,123,50,57,mean,0.04459468643737863,0.17001686785522732,5.0
rf,shap,123,50,57,marginal,0.20663653246559685,0.1986196198133021,5.0
rf,shap,123,50,57,grouped_mean,0.04459468643737907,-0.3917077719543181,43.0
rf,shap,123,50,69,zero,0.5459059136311839,0.41712111165543486,5.0
rf,shap,123,50,69,mean,0.5459059136311837,0.41712111165543486,5.0
rf,shap,123,50,69,marginal,0.4225330482090042,0.592059006281034,5.0
rf,shap,123,50,69,grouped_mean,0.5459059136311838,-0.14887074120555888,17.0
rf,shap,123,50,212,zero,0.3601764335230071,0.7214460865379556,5.0
rf,shap,123,50,212,mean,0.3601764335230071,0.6102361306119484,5.0
rf,shap,123,50,212,marginal,0.3612737585256231,0.5910586148281142,5.0
rf,shap,123,50,212,grouped_mean,0.33667735538314725,0.49989375621591925,57.0
rf,shap,123,50,233,zero,0.29468756286415587,0.5996588762203184,5.0
rf,shap,123,50,233,mean,0.2946875628641559,0.5996588762203193,5.0
rf,shap,123,50,233,marginal,0.30319068897354684,0.7218840281331692,5.0
rf,shap,123,50,233,grouped_mean,0.508552160111304,0.2073031097866381,19.0
rf,shap,123,50,279,zero,0.025373459442208923,-0.04751108878877673,5.0
rf,shap,123,50,279,mean,0.025373459442208923,-0.0073854270477181905,5.0
rf,shap,123,50,279,marginal,0.3337378663463307,0.6889779544789506,5.0
rf,shap,123,50,279,grouped_mean,0.1332065841188327,0.49429432889519315,33.0
rf,shap,123,50,345,zero,0.549817006825376,0.7111319889590083,5.0
rf,shap,123,50,345,mean,0.5429634325468163,0.6877560234367961,5.0
rf,shap,123,50,345,marginal,0.38893264579951126,0.5404488831045138,5.0
rf,shap,123,50,345,grouped_mean,0.5298288062786431,0.26754842366324666,33.0
rf,shap,123,50,356,zero,0.006025570296019647,-0.36834233963886226,5.0
rf,shap,123,50,356,mean,0.006025570296019661,-0.3857404684401829,5.0
rf,shap,123,50,356,marginal,0.1156770796326606,0.7595062958404996,5.0
rf,shap,123,50,356,grouped_mean,0.06212446931316794,0.23379947246604926,40.0
rf,shap,123,50,396,zero,0.2522320139145605,0.5108027061064414,5.0
rf,shap,123,50,396,mean,0.25223201391456057,0.15489710338138368,5.0
rf,shap,123,50,396,marginal,0.1259860110065634,0.19625964710501229,5.0
rf,shap,123,50,396,grouped_mean,0.0968064305892602,0.2809985621443867,33.0
rf,shap,123,50,479,zero,0.1276177175233693,0.6598802705781494,5.0
rf,shap,123,50,479,mean,0.1276177175233693,0.5354948704773363,5.0
rf,shap,123,50,479,marginal,0.2024602243811787,0.006638008226638473,5.0
rf,shap,123,50,479,grouped_mean,0.16448982152694652,0.3292376006106098,33.0
rf,shap,123,50,504,zero,0.6785959878997924,0.6746408563431717,5.0
rf,shap,123,50,504,mean,0.6785959878997927,0.6052174658053118,5.0
rf,shap,123,50,504,marginal,0.751274286377719,0.5025296028170791,5.0
rf,shap,123,50,504,grouped_mean,0.5756038162209365,-0.0032212315015870963,33.0
rf,shap,123,50,506,zero,0.5182896952472921,0.8317349354413858,5.0
rf,shap,123,50,506,mean,0.5182896952472921,0.7992897778751259,5.0
rf,shap,123,50,506,marginal,0.40517291994006527,0.19146808320342562,5.0
rf,shap,123,50,506,grouped_mean,0.5212508334011952,0.458082868713935,41.0
rf,shap,123,50,531,zero,0.47361730557546045,0.22122154140183986,5.0
rf,shap,123,50,531,mean,0.47361730557546033,0.22122154140183947,5.0
rf,shap,123,50,531,marginal,0.5427698773839077,0.2692579875243309,5.0
rf,shap,123,50,531,grouped_mean,0.47361730557546033,-0.051348437451117765,41.0
rf,shap,123,50,540,zero,0.4001576683777363,0.4495124519574458,5.0
rf,shap,123,50,540,mean,0.40015766837773625,0.4495124519574458,5.0
rf,shap,123,50,540,marginal,0.24084245628837786,0.40304689629118956,5.0
rf,shap,123,50,540,grouped_mean,0.6054836059609662,-0.031968994911810725,57.0
rf,shap,123,50,595,zero,0.2940242246000002,0.3734184898037611,5.0
rf,shap,123,50,595,mean,0.2940242246000003,0.37341848980376097,5.0
rf,shap,123,50,595,marginal,0.25755392491731866,0.5264661623277477,5.0
rf,shap,123,50,595,grouped_mean,0.49856635001983807,0.0017399979572828433,58.0
rf,shap,123,50,597,zero,0.6420089288054354,0.31125767336708365,5.0
rf,shap,123,50,597,mean,0.6420089288054355,0.3112576733670819,5.0
rf,shap,123,50,597,marginal,0.49919847694987823,0.1748515459394953,5.0
rf,shap,123,50,597,grouped_mean,0.6566343803097596,-0.17603255873642887,57.0
rf,shap,123,50,637,zero,0.5186825850141852,0.7102672783322991,5.0
rf,shap,123,50,637,mean,0.5186825850141852,0.6647069083073275,5.0
rf,shap,123,50,637,marginal,0.41122873253998904,0.7173625188258407,5.0
rf,shap,123,50,637,grouped_mean,0.4869164425546687,0.1273376972954528,41.0
rf,shap,123,50,670,zero,0.1550060016263075,0.4065203628747874,5.0
rf,shap,123,50,670,mean,0.14969368353200757,0.40652036287478854,5.0
rf,shap,123,50,670,marginal,0.23621608699159316,0.512786011858965,5.0
rf,shap,123,50,670,grouped_mean,0.3090540185197459,0.06266207112700536,35.0
rf,shap,123,50,881,zero,0.21200965036378908,0.825802877939724,5.0
rf,shap,123,50,881,mean,0.21200965036378897,0.8258028779397244,5.0
rf,shap,123,50,881,marginal,0.5257160966657682,0.8710706622510088,5.0
rf,shap,123,50,881,grouped_mean,0.044581449560895214,0.33670777226391674,34.0
rf,shap,123,50,908,zero,0.4782167235688948,0.5103761735764168,5.0
rf,shap,123,50,908,mean,0.46661705246842244,0.5106092957841867,5.0
rf,shap,123,50,908,marginal,0.4195289177817168,0.7269764781324509,5.0
rf,shap,123,50,908,grouped_mean,0.48488491437162407,0.12557634748026958,41.0
rf,shap,123,50,1018,zero,0.10156370881453369,-0.10180363656431594,5.0
rf,shap,123,50,1018,mean,0.10156370881453365,0.18914242060516323,5.0
rf,shap,123,50,1018,marginal,0.20973957193996337,0.758101586304176,5.0
rf,shap,123,50,1018,grouped_mean,0.16900797776705231,0.40816381702597404,40.0
rf,shap,123,50,1019,zero,0.1308816845719234,0.13426464195208948,5.0
rf,shap,123,50,1019,mean,0.12174569408624908,0.22096682402157686,5.0
rf,shap,123,50,1019,marginal,0.09968906704910246,0.10365659104557877,5.0
rf,shap,123,50,1019,grouped_mean,0.3046244786685269,0.00511154431425119,35.0
rf,shap,123,50,1024,zero,0.4838553552386441,0.39098738412052036,5.0
rf,shap,123,50,1024,mean,0.483855355238644,0.3909873841205201,5.0
rf,shap,123,50,1024,marginal,0.30130909454409865,0.2724001993179362,5.0
rf,shap,123,50,1024,grouped_mean,0.47766624345158304,0.020033095378642257,40.0
rf,shap,123,50,1179,zero,0.3699972500488376,0.3699427472465366,5.0
rf,shap,123,50,1179,mean,0.36999725004883777,0.36994274724653514,5.0
rf,shap,123,50,1179,marginal,0.3127311850833426,0.33006005247988507,5.0
rf,shap,123,50,1179,grouped_mean,0.5843290814626714,-0.09113551649012175,34.0
rf,shap,123,50,1269,zero,0.00883150068394678,0.7575106234629904,5.0
rf,shap,123,50,1269,mean,0.008831500683946836,0.7575106234629904,5.0
rf,shap,123,50,1269,marginal,0.1102678932564491,0.8859018728070837,5.0
rf,shap,123,50,1269,grouped_mean,0.10222181968884736,0.20004217792742676,58.0
rf,shap,123,50,1314,zero,0.07342768081603196,0.5232145622830702,5.0
rf,shap,123,50,1314,mean,0.0804735619057326,0.5062424597596613,5.0
rf,shap,123,50,1314,marginal,0.1344792688341557,0.3910606069559395,5.0
rf,shap,123,50,1314,grouped_mean,0.052456211442323236,0.1987065222547318,40.0
rf,shap,123,50,1332,zero,0.4884842220216638,0.5861095829565349,5.0
rf,shap,123,50,1332,mean,0.48848422202166375,0.5406401108205032,5.0
rf,shap,123,50,1332,marginal,0.301853177490818,0.7931147843945718,5.0
rf,shap,123,50,1332,grouped_mean,0.45701246974500664,0.22744308569519406,34.0
rf,shap,123,50,1388,zero,0.34324602599570975,0.299872865283305,5.0
rf,shap,123,50,1388,mean,0.3411418511340595,0.29987286528330676,5.0
rf,shap,123,50,1388,marginal,0.2400340166654529,0.40806485386466584,5.0
rf,shap,123,50,1388,grouped_mean,0.5690265820124081,-0.1885556425230959,58.0
rf,shap,123,50,1462,zero,0.4135199810315455,0.4827248644692938,5.0
rf,shap,123,50,1462,mean,0.41351998103154564,0.518425018848785,5.0
rf,shap,123,50,1462,marginal,0.22358247314940763,0.27839261535882226,5.0
rf,shap,123,50,1462,grouped_mean,0.4135199810315455,-0.03641331780677673,41.0
rf,shap,123,50,1468,zero,0.44973191917524047,0.5815945178041526,5.0
rf,shap,123,50,1468,mean,0.44973191917524125,0.5815945178041547,5.0
rf,shap,123,50,1468,marginal,0.33749882757425587,0.5178286212436177,5.0
rf,shap,123,50,1468,grouped_mean,0.6259332087680145,0.11901157990308052,57.0
rf,shap,123,50,1597,zero,0.3182495178863793,0.19228333923797397,5.0
rf,shap,123,50,1597,mean,0.31824951788637945,0.176105636126026,5.0
rf,shap,123,50,1597,marginal,0.15872114313477725,0.6223063184683659,5.0
rf,shap,123,50,1597,grouped_mean,0.5372983458512384,-0.34117754312505466,41.0
rf,shap,123,50,1711,zero,0.4689131314759594,0.27212691089784674,5.0
rf,shap,123,50,1711,mean,0.46891313147595975,0.27212691089784863,5.0
rf,shap,123,50,1711,marginal,0.27358518108045643,0.06469497463517102,5.0
rf,shap,123,50,1711,grouped_mean,0.6949733503104156,-0.13370648348418124,58.0
rf,shap,123,50,1769,zero,0.09968459930540507,-0.057167155620289234,5.0
rf,shap,123,50,1769,mean,0.09968459930540505,-0.05716715562028911,5.0
rf,shap,123,50,1769,marginal,0.23984337407025716,0.7895677205722854,5.0
rf,shap,123,50,1769,grouped_mean,0.12894135517235455,0.24648501506968912,17.0
rf,shap,123,50,1896,zero,0.4856231109766249,0.3097613907662925,5.0
rf,shap,123,50,1896,mean,0.4856231109766248,0.30877783296664246,5.0
rf,shap,123,50,1896,marginal,0.5100225987992217,0.28301956199810796,5.0
rf,shap,123,50,1896,grouped_mean,0.48497780880506913,-0.03382860693615168,41.0
rf,shap,123,50,1919,zero,0.2366306448790027,0.20294925654671164,5.0
rf,shap,123,50,1919,mean,0.2366306448790027,0.20276062264327355,5.0
rf,shap,123,50,1919,marginal,0.31146011951270053,0.027232552100308532,5.0
rf,shap,123,50,1919,grouped_mean,0.41250133877401063,-0.136370347109749,57.0
rf,shap,123,50,2070,zero,0.45724268542455415,0.38409327836702245,5.0
rf,shap,123,50,2070,mean,0.45724268542455426,0.38409327836702156,5.0
rf,shap,123,50,2070,marginal,0.31340012595484246,0.6178918664543473,5.0
rf,shap,123,50,2070,grouped_mean,0.43338089168608007,0.08832464798117329,34.0
rf,shap,123,50,2080,zero,0.47604348395013835,0.39793482196052343,5.0
rf,shap,123,50,2080,mean,0.4760434839501382,0.3979348219605214,5.0
rf,shap,123,50,2080,marginal,0.4920814470744708,0.19430802597319746,5.0
rf,shap,123,50,2080,grouped_mean,0.7073993164638592,-0.017358266884371032,57.0
rf,shap,123,50,2121,zero,0.2631539818052958,0.3333023082260373,5.0
rf,shap,123,50,2121,mean,0.2631539818052958,0.3175224170550058,5.0
rf,shap,123,50,2121,marginal,0.26035147124858676,0.28049566217132876,5.0
rf,shap,123,50,2121,grouped_mean,0.42556189123595656,0.1753154900216654,58.0
rf,shap,123,50,2175,zero,0.5444898153235291,0.4082046935864432,5.0
rf,shap,123,50,2175,mean,0.5444898153235291,0.40820469358644307,5.0
rf,shap,123,50,2175,marginal,0.2232808743912431,0.4973485958343501,5.0
rf,shap,123,50,2175,grouped_mean,0.5444898153235294,-0.0027852622431996724,41.0
rf,shap,123,50,2192,zero,0.33060538904906733,0.4259698793949298,5.0
rf,shap,123,50,2192,mean,0.33060538904906717,0.4259698793949274,5.0
rf,shap,123,50,2192,marginal,0.18624827865655944,0.1173778364171493,5.0
rf,shap,123,50,2192,grouped_mean,0.2996318099696128,0.07724488653525335,34.0
rf,shap,456,50,0,zero,0.3953345334664615,0.583234930789015,5.0
rf,shap,456,50,0,mean,0.39533453346646164,0.5832349307890152,5.0
rf,shap,456,50,0,marginal,0.43464444396553503,0.35352283374668797,5.0
rf,shap,456,50,0,grouped_mean,0.384496639708912,0.4907893134900928,34.0
rf,shap,456,50,248,zero,0.2036665487803371,0.5966400348888837,5.0
rf,shap,456,50,248,mean,0.20366654878033708,0.5966400348888837,5.0
rf,shap,456,50,248,marginal,0.20153099700375585,0.7827661006133821,5.0
rf,shap,456,50,248,grouped_mean,0.18010311465287557,0.14771307763252145,58.0
rf,shap,456,50,312,zero,0.060279741549793424,0.7101463581391075,5.0
rf,shap,456,50,312,mean,0.06027974154979341,0.7101463581391074,5.0
rf,shap,456,50,312,marginal,0.5597690178021297,0.9240574196461333,5.0
rf,shap,456,50,312,grouped_mean,0.18614378651281893,0.6067087874152272,33.0
rf,shap,456,50,324,zero,0.5091700382389163,0.9012263436817306,5.0
rf,shap,456,50,324,mean,0.5091700382389162,0.9012263436817305,5.0
rf,shap,456,50,324,marginal,0.4088970210601513,0.8066734475358973,5.0
rf,shap,456,50,324,grouped_mean,0.46235228473869217,0.7009145261253303,57.0
rf,shap,456,50,334,zero,0.03717601183779673,0.8893094926240063,5.0
rf,shap,456,50,334,mean,0.03717601183779673,0.8893094926240064,5.0
rf,shap,456,50,334,marginal,0.23005593173108707,0.8480682452222158,5.0
rf,shap,456,50,334,grouped_mean,0.25350655576762376,0.4362399507805983,35.0
rf,shap,456,50,339,zero,0.4743437683741922,0.8152163571696958,5.0
rf,shap,456,50,339,mean,0.4743437683741925,0.8152163571696959,5.0
rf,shap,456,50,339,marginal,0.4673390595059314,0.248350409220675,5.0
rf,shap,456,50,339,grouped_mean,0.572470668005319,0.151156685455025,57.0
rf,shap,456,50,532,zero,0.0753294341989751,0.6159114129106374,5.0
rf,shap,456,50,532,mean,0.0753294341989751,0.6159114129106374,5.0
rf,shap,456,50,532,marginal,0.4573196484777904,0.8587596662757476,5.0
rf,shap,456,50,532,grouped_mean,0.2000235342793471,0.0794666917253934,34.0
rf,shap,456,50,548,zero,0.4493109927454,0.8364573684521951,5.0
rf,shap,456,50,548,mean,0.44931099274539993,0.8364573684521953,5.0
rf,shap,456,50,548,marginal,0.2600337273402775,0.7832095592876975,5.0
rf,shap,456,50,548,grouped_mean,0.40108425184545815,0.3920503900450028,57.0
rf,shap,456,50,625,zero,0.294064714060702,0.548586530751288,5.0
rf,shap,456,50,625,mean,0.294064714060702,0.5485865307512876,5.0
rf,shap,456,50,625,marginal,0.2632201841478497,0.7791830043333396,5.0
rf,shap,456,50,625,grouped_mean,0.2709502342010286,-0.04728084378459668,58.0
rf,shap,456,50,634,zero,0.32789710125277016,0.2204571764150754,5.0
rf,shap,456,50,634,mean,0.32789710125277005,0.22045717641507584,5.0
rf,shap,456,50,634,marginal,0.20142209802421052,0.2788333567169749,5.0
rf,shap,456,50,634,grouped_mean,0.49993672485054985,-0.2556738257255277,58.0
rf,shap,456,50,697,zero,0.5844664537169849,0.7799599312796549,5.0
rf,shap,456,50,697,mean,0.5844664537169849,0.7762223604622153,5.0
rf,shap,456,50,697,marginal,0.5760600691774098,0.9309283038368426,5.0
rf,shap,456,50,697,grouped_mean,0.4948245906895318,0.505291922218121,34.0
rf,shap,456,50,698,zero,0.545509603171261,0.6771860089156713,5.0
rf,shap,456,50,698,mean,0.5455096031712612,0.6771860089156719,5.0
rf,shap,456,50,698,marginal,0.5301149481461013,0.664897262312204,5.0
rf,shap,456,50,698,grouped_mean,0.5463621729242096,0.24935947396273533,41.0
rf,shap,456,50,799,zero,0.4674576328658234,0.600497456356782,5.0
rf,shap,456,50,799,mean,0.46745763286582387,0.6004974563567823,5.0
rf,shap,456,50,799,marginal,0.23002013498391025,0.6202662519252848,5.0
rf,shap,456,50,799,grouped_mean,0.46745763286582365,0.24731643894627037,34.0
rf,shap,456,50,804,zero,0.5655877634199025,0.6471749663635482,5.0
rf,shap,456,50,804,mean,0.5655877634199022,0.6471749663635485,5.0
rf,shap,456,50,804,marginal,0.45988593918083764,0.6623242509516193,5.0
rf,shap,456,50,804,grouped_mean,0.5655877634199024,0.3410515345450302,43.0
rf,shap,456,50,814,zero,0.5897083197294808,0.7691276585159184,5.0
rf,shap,456,50,814,mean,0.5897083197294806,0.7691276585159171,5.0
rf,shap,456,50,814,marginal,0.38143903049595246,0.49062405526863634,5.0
rf,shap,456,50,814,grouped_mean,0.49145033254790327,0.19796423274006472,56.0
rf,shap,456,50,821,zero,0.4795372638563191,0.5896403461983054,5.0
rf,shap,456,50,821,mean,0.47953726385631923,0.5909988103844165,5.0
rf,shap,456,50,821,marginal,0.2575748043594013,0.6216647145116372,5.0
rf,shap,456,50,821,grouped_mean,0.4795372638563191,0.509940407393366,18.0
rf,shap,456,50,861,zero,0.11061475277040808,-0.04921402758114199,5.0
rf,shap,456,50,861,mean,0.11061475277040808,-0.049214027581141864,5.0
rf,shap,456,50,861,marginal,0.2018092183217155,0.586600604901522,5.0
rf,shap,456,50,861,grouped_mean,0.009859723850912328,0.4898991784282987,33.0
rf,shap,456,50,892,zero,0.09941221935951496,0.2927579438673207,5.0
rf,shap,456,50,892,mean,0.09941221935951498,0.238316078168075,5.0
rf,shap,456,50,892,marginal,0.21126842035306204,0.7169272269317453,5.0
rf,shap,456,50,892,grouped_mean,0.241543795625599,0.07675677554543744,33.0
rf,shap,456,50,987,zero,0.17071905435496598,0.6976977263077748,5.0
rf,shap,456,50,987,mean,0.17071905435496587,0.6976977263077754,5.0
rf,shap,456,50,987,marginal,0.1769586360765063,0.2340462386352506,5.0
rf,shap,456,50,987,grouped_mean,0.10988546766764953,0.26321755617821985,34.0
rf,shap,456,50,1019,zero,0.11553234846942145,-0.1926418634592709,5.0
rf,shap,456,50,1019,mean,0.11553234846942145,-0.19264186345927145,5.0
rf,shap,456,50,1019,marginal,0.2814854912816463,0.4124791192277937,5.0
rf,shap,456,50,1019,grouped_mean,0.05493315962131182,0.6914444218644377,56.0
rf,shap,456,50,1150,zero,0.65365326981157,0.6273689456414946,5.0
rf,shap,456,50,1150,mean,0.65365326981157,0.6273689456414945,5.0
rf,shap,456,50,1150,marginal,0.5164333659664674,0.6597175241123308,5.0
rf,shap,456,50,1150,grouped_mean,0.689750428159529,0.12462488339256625,57.0
rf,shap,456,50,1278,zero,0.5206280215850553,0.5815906657834353,5.0
rf,shap,456,50,1278,mean,0.5206280215850551,0.5815906657834351,5.0
rf,shap,456,50,1278,marginal,0.33567807939017635,0.742719609851985,5.0
rf,shap,456,50,1278,grouped_mean,0.4814268509909835,0.09823431528021306,57.0
rf,shap,456,50,1334,zero,0.06670889892085838,0.2354766352927726,5.0
rf,shap,456,50,1334,mean,0.0667088989208584,0.23547663529277257,5.0
rf,shap,456,50,1334,marginal,0.10305470668537516,0.3086560640806742,5.0
rf,shap,456,50,1334,grouped_mean,0.19156292956412746,0.12993695783101541,57.0
rf,shap,456,50,1415,zero,0.5036487007129165,0.8393438583132301,5.0
rf,shap,456,50,1415,mean,0.5036487007129165,0.8393438583132289,5.0
rf,shap,456,50,1415,marginal,0.3244632449887958,0.49548077487992714,5.0
rf,shap,456,50,1415,grouped_mean,0.7958735997741881,0.5945480894827981,58.0
rf,shap,456,50,1586,zero,0.06496126169450864,0.27739212442262695,5.0
rf,shap,456,50,1586,mean,0.06496126169450864,0.27739212442262695,5.0
rf,shap,456,50,1586,marginal,0.2747145134855771,0.8528558204760448,5.0
rf,shap,456,50,1586,grouped_mean,0.18346570735481782,0.5367921701680612,17.0
rf,shap,456,50,1633,zero,0.25541753770440123,0.8926170634583548,5.0
rf,shap,456,50,1633,mean,0.25541753770440123,0.8926170634583546,5.0
rf,shap,456,50,1633,marginal,0.11787466962517194,0.5385736887372551,5.0
rf,shap,456,50,1633,grouped_mean,0.24777724400302248,0.21684367838684385,34.0
rf,shap,456,50,1736,zero,0.04507058380362233,0.23097601899924647,5.0
rf,shap,456,50,1736,mean,0.04507058380362239,0.26119667333391605,5.0
rf,shap,456,50,1736,marginal,0.2137129670958573,0.44613587226357687,5.0
rf,shap,456,50,1736,grouped_mean,0.07542173539591898,0.6289773245980972,33.0
rf,shap,456,50,1745,zero,0.6144795308825095,0.6684607912550143,5.0
rf,shap,456,50,1745,mean,0.6144795308825097,0.6684607912550147,5.0
rf,shap,456,50,1745,marginal,0.3538529873443319,0.19700020405416555,5.0
rf,shap,456,50,1745,grouped_mean,0.7180890945135779,0.09620982418607645,34.0
rf,shap,456,50,1758,zero,0.5342542902804533,0.6856011536664051,5.0
rf,shap,456,50,1758,mean,0.534254290280453,0.6856011536664046,5.0
rf,shap,456,50,1758,marginal,0.3176298477143737,0.5657032494066702,5.0
rf,shap,456,50,1758,grouped_mean,0.7319301454480716,0.20048131661177473,57.0
rf,shap,456,50,1791,zero,0.5816112147379555,0.5551432634013226,5.0
rf,shap,456,50,1791,mean,0.5816112147379555,0.5551432634013221,5.0
rf,shap,456,50,1791,marginal,0.07166646632623248,0.5653942901477018,5.0
rf,shap,456,50,1791,grouped_mean,0.6593553378362629,-0.24695241288598527,57.0
rf,shap,456,50,1937,zero,0.4559718171859598,0.8925926138512209,5.0
rf,shap,456,50,1937,mean,0.4559718171859599,0.8925926138512215,5.0
rf,shap,456,50,1937,marginal,0.18894400033071115,0.8146672691524208,5.0
rf,shap,456,50,1937,grouped_mean,0.4190720378671573,0.4602118701340854,34.0
rf,shap,456,50,2042,zero,0.44913141363895637,0.8647171706015221,5.0
rf,shap,456,50,2042,mean,0.44913141363895637,0.8606777263584077,5.0
rf,shap,456,50,2042,marginal,0.47444574331403216,0.7541984768804615,5.0
rf,shap,456,50,2042,grouped_mean,0.4538362097445644,0.2283591920615109,41.0
rf,shap,456,50,2082,zero,0.05617748922418201,0.6268951410042838,5.0
rf,shap,456,50,2082,mean,0.05617748922418199,0.6268951410042838,5.0
rf,shap,456,50,2082,marginal,0.247747213814926,0.7310298952006965,5.0
rf,shap,456,50,2082,grouped_mean,0.1963184300378378,0.4422815638019023,58.0
rf,shap,456,50,2092,zero,0.3951372320442583,0.7185220449913201,5.0
rf,shap,456,50,2092,mean,0.39513723204425844,0.7185220449913201,5.0
rf,shap,456,50,2092,marginal,0.37004042566261486,0.6964206271153311,5.0
rf,shap,456,50,2092,grouped_mean,0.5840535668631146,-0.13504950199688637,57.0
rf,shap,456,50,2136,zero,0.45210771210851136,0.6666016165444587,5.0
rf,shap,456,50,2136,mean,0.45210771210851125,0.6683588940109549,5.0
rf,shap,456,50,2136,marginal,0.514621363224464,0.6242629813457848,5.0
rf,shap,456,50,2136,grouped_mean,0.41162271243520154,0.6116830055440672,34.0
rf,shap,456,50,2146,zero,0.13000468686622263,0.7002021852658685,5.0
rf,shap,456,50,2146,mean,0.1300046868662226,0.7002021852658682,5.0
rf,shap,456,50,2146,marginal,0.06976623410041287,0.8475564050919899,5.0
rf,shap,456,50,2146,grouped_mean,0.22015974065515265,0.7020690053744463,33.0
rf,shap,456,50,2228,zero,0.598908692009078,0.8681138910535114,5.0
rf,shap,456,50,2228,mean,0.5989086920090778,0.8586195236611859,5.0
rf,shap,456,50,2228,marginal,0.2810345138118295,0.8200913606532803,5.0
rf,shap,456,50,2228,grouped_mean,0.6051156346035307,0.38673534096914935,33.0
rf,shap,456,50,2359,zero,0.670573424117278,0.7134771746878015,5.0
rf,shap,456,50,2359,mean,0.6647811283941614,0.7134771746878003,5.0
rf,shap,456,50,2359,marginal,0.5251666281915638,0.6810942717548201,5.0
rf,shap,456,50,2359,grouped_mean,0.6819517748394273,0.16115723845984292,34.0
rf,shap,456,50,2417,zero,0.006657093287229299,0.7003683040627778,5.0
rf,shap,456,50,2417,mean,0.006657093287229188,0.7003683040627784,5.0
rf,shap,456,50,2417,marginal,0.149610353364753,0.7052080001711816,5.0
rf,shap,456,50,2417,grouped_mean,0.19785268211561058,0.43181531828960723,58.0
rf,shap,456,50,2423,zero,0.5466999518262623,0.7355082898079535,5.0
rf,shap,456,50,2423,mean,0.5466999518262619,0.7355082898079544,5.0
rf,shap,456,50,2423,marginal,0.23524005608265616,0.6330889553391814,5.0
rf,shap,456,50,2423,grouped_mean,0.6439636598629276,0.29387935813289345,34.0
rf,shap,789,50,0,zero,0.019502101564881254,-0.27511106137984254,5.0
rf,shap,789,50,0,mean,0.019502101564881254,-0.35648205253013254,5.0
rf,shap,789,50,0,marginal,0.16617900109521658,0.9655586969173874,5.0
rf,shap,789,50,0,grouped_mean,0.12411584664051348,0.21763778686231267,33.0
rf,shap,789,50,7,zero,0.06412309974757997,0.6930967299380748,5.0
rf,shap,789,50,7,mean,0.06412309974757997,0.6930967299380748,5.0
rf,shap,789,50,7,marginal,0.2026841643996299,0.9512466817498173,5.0
rf,shap,789,50,7,grouped_mean,0.1793024013848362,0.3689017013135043,33.0
rf,shap,789,50,22,zero,0.03152455354233204,-0.22413493478862725,5.0
rf,shap,789,50,22,mean,0.03152455354233205,-0.22413493478862712,5.0
rf,shap,789,50,22,marginal,0.30330622555776704,0.8205639129239004,5.0
rf,shap,789,50,22,grouped_mean,0.12631771572778036,0.41207442544022993,17.0
rf,shap,789,50,58,zero,0.08086944195846887,0.5514322229950734,5.0
rf,shap,789,50,58,mean,0.0808694419584689,0.5514322229950734,5.0
rf,shap,789,50,58,marginal,0.12693682015774618,0.643653836714664,5.0
rf,shap,789,50,58,grouped_mean,0.19303498204316155,0.7420643925300431,33.0
rf,shap,789,50,116,zero,0.6522212068652766,0.46024897273322857,5.0
rf,shap,789,50,116,mean,0.6522212068652766,0.46024897273322796,5.0
rf,shap,789,50,116,marginal,0.5565819036737679,0.5526512662437034,5.0
rf,shap,789,50,116,grouped_mean,0.688449877380407,-0.2046130207901536,57.0
rf,shap,789,50,160,zero,0.343923953952041,0.6419989725163867,5.0
rf,shap,789,50,160,mean,0.34392395395204073,0.6419989725163874,5.0
rf,shap,789,50,160,marginal,0.23446247944257814,0.6741811751858432,5.0
rf,shap,789,50,160,grouped_mean,0.343923953952041,-0.13117646533068925,57.0
rf,shap,789,50,163,zero,0.3238674864543758,0.44902288263330725,5.0
rf,shap,789,50,163,mean,0.3238674864543759,0.44902288263330686,5.0
rf,shap,789,50,163,marginal,0.17682180627435415,0.7371690509151668,5.0
rf,shap,789,50,163,grouped_mean,0.26080452212183003,0.08282637688117721,57.0
rf,shap,789,50,174,zero,0.42346362347938427,0.8410791697255258,5.0
rf,shap,789,50,174,mean,0.4234636234793844,0.8410791697255255,5.0
rf,shap,789,50,174,marginal,0.01677187415129137,0.6183057574152458,5.0
rf,shap,789,50,174,grouped_mean,0.3356376761252904,0.7006663095136273,56.0
rf,shap,789,50,194,zero,0.002281289763276406,-0.44501319098018927,5.0
rf,shap,789,50,194,mean,0.002281289763276406,-0.5864763870040955,5.0
rf,shap,789,50,194,marginal,0.21890915772690245,-0.5107566219052582,5.0
rf,shap,789,50,194,grouped_mean,0.10964941587911585,0.20378515243852752,33.0
rf,shap,789,50,241,zero,0.437144838645692,0.5022710098459923,5.0
rf,shap,789,50,241,mean,0.4371448386456921,0.5104643459938151,5.0
rf,shap,789,50,241,marginal,0.32501838948447576,0.17805970960934095,5.0
rf,shap,789,50,241,grouped_mean,0.4371448386456922,-0.007629124397432213,41.0
rf,shap,789,50,243,zero,0.38437694229771935,0.8099148425345313,5.0
rf,shap,789,50,243,mean,0.38437694229771935,0.8099148425345323,5.0
rf,shap,789,50,243,marginal,0.2392015403004798,0.6325211184269054,5.0
rf,shap,789,50,243,grouped_mean,0.3475465203806266,0.19681499707821126,34.0
rf,shap,789,50,299,zero,0.6136497069769355,0.5160543752102962,5.0
rf,shap,789,50,299,mean,0.6136497069769357,0.5145567648295688,5.0
rf,shap,789,50,299,marginal,0.1580536101307188,0.261638202971207,5.0
rf,shap,789,50,299,grouped_mean,0.6220647821983899,0.1384151752323372,40.0
rf,shap,789,50,372,zero,0.4774409924308312,0.6199623781474214,5.0
rf,shap,789,50,372,mean,0.4774409924308312,0.6199623781474219,5.0
rf,shap,789,50,372,marginal,0.4703847198729922,0.7377454698039723,5.0
rf,shap,789,50,372,grouped_mean,0.4924727537339967,0.8663475269824391,43.0
rf,shap,789,50,403,zero,0.23703884566856376,0.07828656556148443,5.0
rf,shap,789,50,403,mean,0.23703884566856362,0.0782865655614847,5.0
rf,shap,789,50,403,marginal,0.23417208564094863,-0.03358025299590378,5.0
rf,shap,789,50,403,grouped_mean,0.12782279499230773,-0.13658625902808258,34.0
rf,shap,789,50,442,zero,0.08777500094136062,-0.10545043023969403,5.0
rf,shap,789,50,442,mean,0.08777500094136056,0.09107872845787404,5.0
rf,shap,789,50,442,marginal,0.18055574353526882,0.6553858424705682,5.0
rf,shap,789,50,442,grouped_mean,0.06527283038750384,0.18444893773516585,17.0
rf,shap,789,50,443,zero,0.3486208520794102,0.45257449473172173,5.0
rf,shap,789,50,443,mean,0.34862085207941035,0.45257449473172207,5.0
rf,shap,789,50,443,marginal,0.4508208193154508,0.7239998379325671,5.0
rf,shap,789,50,443,grouped_mean,0.5683571753123166,-0.11117081661130865,58.0
rf,shap,789,50,452,zero,0.5270187449375989,0.5254053816816694,5.0
rf,shap,789,50,452,mean,0.5270187449375989,0.5227767804690464,5.0
rf,shap,789,50,452,marginal,0.47642677177343934,0.7035244059102298,5.0
rf,shap,789,50,452,grouped_mean,0.5270187449375988,0.15540203104937508,41.0
rf,shap,789,50,455,zero,0.1443041335388234,0.1062799421552017,5.0
rf,shap,789,50,455,mean,0.1443041335388234,-0.15689004764012693,5.0
rf,shap,789,50,455,marginal,0.23823342931226746,-0.1544511509822172,5.0
rf,shap,789,50,455,grouped_mean,0.08646688751109216,-0.303883884009719,34.0
rf,shap,789,50,478,zero,0.5776439874994099,0.5453725235432227,5.0
rf,shap,789,50,478,mean,0.57764398749941,0.5453725235432242,5.0
rf,shap,789,50,478,marginal,0.49230839853469854,0.10494077440572536,5.0
rf,shap,789,50,478,grouped_mean,0.6077857277751615,-0.015585060955963237,57.0
rf,shap,789,50,547,zero,0.7585039952636368,0.7400526959545095,5.0
rf,shap,789,50,547,mean,0.758503995263637,0.7400526959545097,5.0
rf,shap,789,50,547,marginal,0.4733543388703363,0.15544620266058498,5.0
rf,shap,789,50,547,grouped_mean,0.7585039952636368,0.07897130677802065,56.0
rf,shap,789,50,555,zero,0.0177693232886499,-0.2668387426838469,5.0
rf,shap,789,50,555,mean,0.017769323288649906,-0.36952170392675954,5.0
rf,shap,789,50,555,marginal,0.03846129244369514,-0.317605788421863,5.0
rf,shap,789,50,555,grouped_mean,0.17706680237798347,0.3902040249252612,33.0
rf,shap,789,50,655,zero,0.11577445054882926,0.28439327979226026,5.0
rf,shap,789,50,655,mean,0.11577445054882922,0.17132247456379668,5.0
rf,shap,789,50,655,marginal,0.24735422314506295,0.9288910024236755,5.0
rf,shap,789,50,655,grouped_mean,0.04693368566276729,0.5534889691723429,40.0
rf,shap,789,50,831,zero,0.4570296942332227,0.5763920678218477,5.0
rf,shap,789,50,831,mean,0.4570296942332227,0.5427709494798033,5.0
rf,shap,789,50,831,marginal,0.3114546471869799,0.2863667709235787,5.0
rf,shap,789,50,831,grouped_mean,0.4685415179017015,-0.1664438383776845,34.0
rf,shap,789,50,846,zero,0.7017798167282082,0.9819037302336674,5.0
rf,shap,789,50,846,mean,0.7017798167282081,0.9819037302336673,5.0
rf,shap,789,50,846,marginal,0.5408967557219923,0.9844300252032494,5.0
rf,shap,789,50,846,grouped_mean,0.6671584603022891,0.9799915931984933,17.0
rf,shap,789,50,858,zero,0.33706588452469444,0.7332746788937218,5.0
rf,shap,789,50,858,mean,0.3370658845246945,0.7332746788937218,5.0
rf,shap,789,50,858,marginal,0.28054522836475976,0.5605983593644904,5.0
rf,shap,789,50,858,grouped_mean,0.5158345692366794,0.23679902029549002,35.0
rf,shap,789,50,882,zero,0.5977195116898986,0.6529611153577484,5.0
rf,shap,789,50,882,mean,0.5977195116898987,0.685507698764835,5.0
rf,shap,789,50,882,marginal,0.43083275506616253,0.8966741580578561,5.0
rf,shap,789,50,882,grouped_mean,0.5977195116898986,-0.17438163421040365,33.0
rf,shap,789,50,893,zero,0.4732628305287449,0.43502006964100837,5.0
rf,shap,789,50,893,mean,0.47326283052874507,0.4421356185807338,5.0
rf,shap,789,50,893,marginal,0.18163799805869338,0.35100365828851576,5.0
rf,shap,789,50,893,grouped_mean,0.47326283052874507,0.06430304633733308,41.0
rf,shap,789,50,1015,zero,0.5305538710711399,0.4217601495878464,5.0
rf,shap,789,50,1015,mean,0.5284496962094893,0.5211327414536027,5.0
rf,shap,789,50,1015,marginal,0.2543863107894215,0.642105153708976,5.0
rf,shap,789,50,1015,grouped_mean,0.5284496962094896,-0.2685735190654111,41.0
rf,shap,789,50,1029,zero,0.46514289179342494,0.4786296204314857,5.0
rf,shap,789,50,1029,mean,0.4651428917934249,0.4786296204314851,5.0
rf,shap,789,50,1029,marginal,0.04742710994547128,0.2857294170254626,5.0
rf,shap,789,50,1029,grouped_mean,0.4505342884048411,-0.14335762141373165,57.0
rf,shap,789,50,1130,zero,0.4548734362995155,0.5102210864213464,5.0
rf,shap,789,50,1130,mean,0.45487343629951543,0.5208190310338484,5.0
rf,shap,789,50,1130,marginal,0.23908015847081834,0.40938131270105566,5.0
rf,shap,789,50,1130,grouped_mean,0.4548734362995155,-0.06460453787941137,41.0
rf,shap,789,50,1190,zero,0.6144326169660502,0.22341847429062908,5.0
rf,shap,789,50,1190,mean,0.6144326169660503,0.37757998975407625,5.0
rf,shap,789,50,1190,marginal,0.6507165116187271,0.5866733987139772,5.0
rf,shap,789,50,1190,grouped_mean,0.6144326169660504,-0.34712764827047204,41.0
rf,shap,789,50,1195,zero,0.49766706995817,0.48682071043809255,5.0
rf,shap,789,50,1195,mean,0.4976670699581699,0.4933937151394272,5.0
rf,shap,789,50,1195,marginal,0.5506958529710805,0.6851199725673278,5.0
rf,shap,789,50,1195,grouped_mean,0.49766706995817,0.4087641901964445,57.0
rf,shap,789,50,1249,zero,0.1757871542247564,0.8874663509573673,5.0
rf,shap,789,50,1249,mean,0.1757871542247563,0.8874663509573673,5.0
rf,shap,789,50,1249,marginal,0.18608048243981987,0.8445003307049577,5.0
rf,shap,789,50,1249,grouped_mean,0.029900475874473503,0.48922641010914225,57.0
rf,shap,789,50,1253,zero,0.6391904193391144,0.6090819567170599,5.0
rf,shap,789,50,1253,mean,0.6391904193391148,0.6090819567170617,5.0
rf,shap,789,50,1253,marginal,0.6550982818314307,0.6300428072126164,5.0
rf,shap,789,50,1253,grouped_mean,0.6391904193391146,0.12983304963806036,33.0
rf,shap,789,50,1289,zero,0.43566747064661293,0.7137884054943688,5.0
rf,shap,789,50,1289,mean,0.43566747064661293,0.8248084254506112,5.0
rf,shap,789,50,1289,marginal,0.2807925269838964,0.5239891671196604,5.0
rf,shap,789,50,1289,grouped_mean,0.37727746165761966,0.25600137972646336,58.0
rf,shap,789,50,1291,zero,0.09939862995127818,0.3538655141356274,5.0
rf,shap,789,50,1291,mean,0.0993986299512782,0.3538655141356275,5.0
rf,shap,789,50,1291,marginal,0.14706497324094012,0.7929738912746148,5.0
rf,shap,789,50,1291,grouped_mean,0.15045287904721433,0.040058614891058664,57.0
rf,shap,789,50,1307,zero,0.6516463434019375,0.42203829058240705,5.0
rf,shap,789,50,1307,mean,0.6516463434019373,0.42203829058240727,5.0
rf,shap,789,50,1307,marginal,0.32043773924964725,-0.04905265354273946,5.0
rf,shap,789,50,1307,grouped_mean,0.7214803724007224,-0.1530563449449602,57.0
rf,shap,789,50,1356,zero,0.37538682827614095,0.46874435451909513,5.0
rf,shap,789,50,1356,mean,0.37538682827614106,0.4687443545190943,5.0
rf,shap,789,50,1356,marginal,0.43492208366175716,0.3730688993981928,5.0
rf,shap,789,50,1356,grouped_mean,0.5567997264097262,0.09739875515984436,42.0
rf,shap,789,50,1365,zero,0.4006826563159185,0.8693689851254185,5.0
rf,shap,789,50,1365,mean,0.4006826563159185,0.7490367637741069,5.0
rf,shap,789,50,1365,marginal,0.16278887856353905,0.8332977977859053,5.0
rf,shap,789,50,1365,grouped_mean,0.2696253823379634,0.8397010347188245,57.0
rf,shap,789,50,1371,zero,0.5414546024171154,0.7068164186852856,5.0
rf,shap,789,50,1371,mean,0.5575211469606136,0.7103978570677831,5.0
rf,shap,789,50,1371,marginal,0.40287089839186013,0.40933618081045475,5.0
rf,shap,789,50,1371,grouped_mean,0.5961531772868724,0.1961651971147143,34.0
rf,shap,999,50,40,zero,0.11448801814670619,0.6957084240038354,5.0
rf,shap,999,50,40,mean,0.11448801814670616,0.6957084240038354,5.0
rf,shap,999,50,40,marginal,0.2559222406073552,0.4971320448292435,5.0
rf,shap,999,50,40,grouped_mean,0.11873970904314869,0.6134774000960254,17.0
rf,shap,999,50,87,zero,0.5510259574264015,0.6232869450169618,5.0
rf,shap,999,50,87,mean,0.5289533172866909,0.6561691424648166,5.0
rf,shap,999,50,87,marginal,0.4657595385035487,0.7364592537335781,5.0
rf,shap,999,50,87,grouped_mean,0.5233193792800173,0.4595445646252334,34.0
rf,shap,999,50,220,zero,0.23978198108953272,0.7967227351261946,5.0
rf,shap,999,50,220,mean,0.23978198108953283,0.7967227351261942,5.0
rf,shap,999,50,220,marginal,0.28285515899225017,0.8326851550094037,5.0
rf,shap,999,50,220,grouped_mean,0.2397819810895329,0.5041016545890861,41.0
rf,shap,999,50,320,zero,0.029989329299394206,-0.2897750192930175,5.0
rf,shap,999,50,320,mean,0.029989329299394192,-0.28977501929301774,5.0
rf,shap,999,50,320,marginal,0.09803048613609984,-0.23371974262869824,5.0
rf,shap,999,50,320,grouped_mean,0.09279253788389506,0.3027030110209324,58.0
rf,shap,999,50,510,zero,0.4651812647648811,0.8405217902435373,5.0
rf,shap,999,50,510,mean,0.4651812647648811,0.8437693437827474,5.0
rf,shap,999,50,510,marginal,0.25502510004628287,0.857125462857189,5.0
rf,shap,999,50,510,grouped_mean,0.46518126476488125,0.778445403465459,41.0
rf,shap,999,50,552,zero,0.2499316583124626,0.6683421516396868,5.0
rf,shap,999,50,552,mean,0.2499316583124625,0.7071587426714677,5.0
rf,shap,999,50,552,marginal,0.21390863329098186,0.7428156801488388,5.0
rf,shap,999,50,552,grouped_mean,0.4889243960314909,-0.028102447583517404,58.0
rf,shap,999,50,582,zero,0.04531569666657975,-0.35591233991481286,5.0
rf,shap,999,50,582,mean,0.04531569666657974,-0.35591233991481197,5.0
rf,shap,999,50,582,marginal,0.3710707043502837,0.5914147336025357,5.0
rf,shap,999,50,582,grouped_mean,0.04828725736042512,0.48509011298358246,33.0
rf,shap,999,50,598,zero,0.522255037743147,0.6159181316208181,5.0
rf,shap,999,50,598,mean,0.5222550377431472,0.6159181316208173,5.0
rf,shap,999,50,598,marginal,0.48625093577288503,0.9165264155071481,5.0
rf,shap,999,50,598,grouped_mean,0.7258842886881802,-0.0018778130356570388,57.0
rf,shap,999,50,601,zero,0.43872998964548726,0.7524825252178396,5.0
rf,shap,999,50,601,mean,0.43872998964548726,0.7524825252178395,5.0
rf,shap,999,50,601,marginal,0.2556466344219248,0.7938163900032861,5.0
rf,shap,999,50,601,grouped_mean,0.39000740476059337,0.6505066490200896,34.0
rf,shap,999,50,607,zero,0.5598075643414239,0.8370424937303975,5.0
rf,shap,999,50,607,mean,0.5598075643414242,0.8370424937303983,5.0
rf,shap,999,50,607,marginal,0.3972602556908784,0.5741153517398104,5.0
rf,shap,999,50,607,grouped_mean,0.6110630924377622,0.6016154373270209,57.0
rf,shap,999,50,609,zero,0.21772888980777896,0.6541709935926232,5.0
rf,shap,999,50,609,mean,0.21772888980777882,0.6573547868832754,5.0
rf,shap,999,50,609,marginal,0.0403516780925374,0.5707579218873037,5.0
rf,shap,999,50,609,grouped_mean,0.21024808158874247,0.7413609713046264,56.0
rf,shap,999,50,661,zero,0.5368102246585779,0.80928052242759,5.0
rf,shap,999,50,661,mean,0.5368102246585778,0.8092805224275901,5.0
rf,shap,999,50,661,marginal,0.3609594152851112,-0.10198557289479661,5.0
rf,shap,999,50,661,grouped_mean,0.5703966424389144,0.20386590522183623,34.0
rf,shap,999,50,676,zero,0.42961732275172954,0.2545875367803403,5.0
rf,shap,999,50,676,mean,0.42961732275172954,0.2545875367803413,5.0
rf,shap,999,50,676,marginal,0.4363242441084651,0.6783685402867381,5.0
rf,shap,999,50,676,grouped_mean,0.42961732275172937,0.20597853273760014,18.0
rf,shap,999,50,837,zero,0.004872513623489838,-0.391929743201052,5.0
rf,shap,999,50,837,mean,0.004872513623489894,-0.26627619843466727,5.0
rf,shap,999,50,837,marginal,0.16737393131855127,0.6615814454557192,5.0
rf,shap,999,50,837,grouped_mean,0.06542134592665932,0.0759679108245902,17.0
rf,shap,999,50,1030,zero,0.5918515051716543,0.5415561261065072,5.0
rf,shap,999,50,1030,mean,0.5918515051716542,0.6428688404399489,5.0
rf,shap,999,50,1030,marginal,0.30787784700076026,0.6588240957359551,5.0
rf,shap,999,50,1030,grouped_mean,0.5414588982582094,0.155792369203869,57.0
rf,shap,999,50,1067,zero,0.47026760642795484,0.9414144604737383,5.0
rf,shap,999,50,1067,mean,0.4491799883820618,0.927991202069457,5.0
rf,shap,999,50,1067,marginal,0.20079919333201537,0.863780990756342,5.0
rf,shap,999,50,1067,grouped_mean,0.43095641671328366,0.8152582203505924,34.0
rf,shap,999,50,1182,zero,0.12014262027849179,0.6679550640344405,5.0
rf,shap,999,50,1182,mean,0.12014262027849179,0.6679550640344406,5.0
rf,shap,999,50,1182,marginal,0.22472151985497776,0.7808935668298407,5.0
rf,shap,999,50,1182,grouped_mean,0.23916588340165792,0.37460301592296463,34.0
rf,shap,999,50,1183,zero,0.5188144692424703,0.9053344516216855,5.0
rf,shap,999,50,1183,mean,0.5188144692424704,0.8918062258772912,5.0
rf,shap,999,50,1183,marginal,0.4005894881185641,0.4609332798128611,5.0
rf,shap,999,50,1183,grouped_mean,0.47951732966979127,0.3793582953257976,57.0
rf,shap,999,50,1266,zero,0.47903400988514444,0.8079081115888732,5.0
rf,shap,999,50,1266,mean,0.4790340098851444,0.8078164842865386,5.0
rf,shap,999,50,1266,marginal,0.29392490116599895,0.4675231046233233,5.0
rf,shap,999,50,1266,grouped_mean,0.40863905227156755,0.825061594587208,56.0
rf,shap,999,50,1287,zero,0.41216216125660227,0.5930438713369879,5.0
rf,shap,999,50,1287,mean,0.41216216125660265,0.6041183526251337,5.0
rf,shap,999,50,1287,marginal,0.440385554405233,0.7668474143621529,5.0
rf,shap,999,50,1287,grouped_mean,0.6257080517052795,0.008791667882005423,42.0
rf,shap,999,50,1418,zero,0.5830471960860115,0.6278751257994667,5.0
rf,shap,999,50,1418,mean,0.5830471960860116,0.6553304822119108,5.0
rf,shap,999,50,1418,marginal,0.48002088025615697,0.624022968393993,5.0
rf,shap,999,50,1418,grouped_mean,0.5830471960860116,0.009440870323009276,41.0
rf,shap,999,50,1419,zero,0.42008169493161984,0.7652809254936608,5.0
rf,shap,999,50,1419,mean,0.4200816949316198,0.7816417361055732,5.0
rf,shap,999,50,1419,marginal,0.20772582438801548,0.6316066257653455,5.0
rf,shap,999,50,1419,grouped_mean,0.42008169493161984,0.22370573072056535,41.0
rf,shap,999,50,1546,zero,0.07301772461406925,0.45625799624095487,5.0
rf,shap,999,50,1546,mean,0.07301772461406925,0.45625799624095476,5.0
rf,shap,999,50,1546,marginal,0.17011226182728245,0.21047717440577043,5.0
rf,shap,999,50,1546,grouped_mean,0.23254808587778036,0.037178702130783337,58.0
rf,shap,999,50,1581,zero,0.06439859322996631,0.4925832729371148,5.0
rf,shap,999,50,1581,mean,0.06439859322996633,0.4925832729371149,5.0
rf,shap,999,50,1581,marginal,0.3681104208232826,0.3516652559184177,5.0
rf,shap,999,50,1581,grouped_mean,0.13069034383322767,0.0496727026875219,18.0
rf,shap,999,50,1704,zero,0.6049387583303456,0.7850821242443196,5.0
rf,shap,999,50,1704,mean,0.6049387583303458,0.78508212424432,5.0
rf,shap,999,50,1704,marginal,0.3673428584095868,0.8132839484150475,5.0
rf,shap,999,50,1704,grouped_mean,0.614488051526437,0.653036177554965,57.0
rf,shap,999,50,1755,zero,0.5269925756129514,0.8700993889002131,5.0
rf,shap,999,50,1755,mean,0.5269925756129517,0.8700993889002132,5.0
rf,shap,999,50,1755,marginal,0.022603482475883657,0.7513773336974585,5.0
rf,shap,999,50,1755,grouped_mean,0.5269925756129517,0.4361530653477085,34.0
rf,shap,999,50,1818,zero,0.012073628053215157,0.8680194785367584,5.0
rf,shap,999,50,1818,mean,0.012073628053215157,0.8680194785367582,5.0
rf,shap,999,50,1818,marginal,0.12218931554076744,0.8357837600153925,5.0
rf,shap,999,50,1818,grouped_mean,0.1348713729145815,0.34371104016361215,35.0
rf,shap,999,50,1929,zero,0.2425360216994048,0.611131064463686,5.0
rf,shap,999,50,1929,mean,0.24253602169940508,0.7507994961598038,5.0
rf,shap,999,50,1929,marginal,0.1312736443887089,0.7210279428055907,5.0
rf,shap,999,50,1929,grouped_mean,0.42797866462340384,0.126612019853955,58.0
rf,shap,999,50,1998,zero,0.5481017159332173,0.4841557529567085,5.0
rf,shap,999,50,1998,mean,0.5336418948356199,0.4848046716589181,5.0
rf,shap,999,50,1998,marginal,0.3554637198506842,0.46658602693961937,5.0
rf,shap,999,50,1998,grouped_mean,0.5340210267556249,0.35331262605806646,34.0
rf,shap,999,50,2022,zero,0.474399584391464,0.5970377111606135,5.0
rf,shap,999,50,2022,mean,0.474399584391464,0.5970377111606137,5.0
rf,shap,999,50,2022,marginal,0.21872650008699737,0.7806135957438687,5.0
rf,shap,999,50,2022,grouped_mean,0.43728086661440485,0.5006988836517278,57.0
rf,shap,999,50,2170,zero,0.68033339907799,0.7318551286478103,5.0
rf,shap,999,50,2170,mean,0.6803333990779894,0.7362283161243254,5.0
rf,shap,999,50,2170,marginal,0.6806272087614195,0.5417396534974296,5.0
rf,shap,999,50,2170,grouped_mean,0.6803333990779892,0.21781945758944338,56.0
rf,shap,999,50,2226,zero,0.023719171567766456,-0.2575476276267567,5.0
rf,shap,999,50,2226,mean,0.03337995275775568,-0.2917368687463309,5.0
rf,shap,999,50,2226,marginal,0.15502261830575315,0.9155666023791568,5.0
rf,shap,999,50,2226,grouped_mean,0.15219459738866653,0.42908401952143477,16.0
rf,shap,999,50,2247,zero,0.5337666105822052,0.9513951019929238,5.0
rf,shap,999,50,2247,mean,0.5337666105822052,0.9513951019929239,5.0
rf,shap,999,50,2247,marginal,0.43407315779619554,0.10903349952328019,5.0
rf,shap,999,50,2247,grouped_mean,0.5193198994752646,0.3699132940800813,41.0
rf,shap,999,50,2268,zero,0.5082157237924311,0.6110184520402389,5.0
rf,shap,999,50,2268,mean,0.508215723792431,0.6101470051815654,5.0
rf,shap,999,50,2268,marginal,0.34064675483622425,0.0743743647419015,5.0
rf,shap,999,50,2268,grouped_mean,0.7382353647843214,0.4475396556144027,57.0
rf,shap,999,50,2328,zero,0.18180198190845479,0.5517107399100349,5.0
rf,shap,999,50,2328,mean,0.1818019819084548,0.5517107399100353,5.0
rf,shap,999,50,2328,marginal,0.16642896720153855,0.4571596530455333,5.0
rf,shap,999,50,2328,grouped_mean,0.1383573130130936,0.6868714642397242,41.0
rf,shap,999,50,2455,zero,0.05135613578633963,-0.35266305440002377,5.0
rf,shap,999,50,2455,mean,0.05135613578633963,-0.3526630544000239,5.0
rf,shap,999,50,2455,marginal,0.10479776414916146,0.34235366722137467,5.0
rf,shap,999,50,2455,grouped_mean,0.017202957130041913,0.3664073829479636,57.0
rf,shap,999,50,2497,zero,0.20757986205583107,0.6781783061587354,5.0
rf,shap,999,50,2497,mean,0.20757986205583107,0.6781783061587352,5.0
rf,shap,999,50,2497,marginal,0.2178009670890615,0.6043324525360888,5.0
rf,shap,999,50,2497,grouped_mean,0.07855868749672745,0.024170451951712663,35.0
rf,shap,999,50,2516,zero,0.16384480229799409,0.7390688328324879,5.0
rf,shap,999,50,2516,mean,0.1638448022979942,0.7390688328324875,5.0
rf,shap,999,50,2516,marginal,0.29500115676914385,0.34867570343528986,5.0
rf,shap,999,50,2516,grouped_mean,0.333113348938833,0.5722887576919816,58.0
rf,shap,999,50,2522,zero,0.5635054289671126,0.620680268029737,5.0
rf,shap,999,50,2522,mean,0.5635054289671128,0.6506676321862328,5.0
rf,shap,999,50,2522,marginal,0.2725771089383898,0.7684268240028023,5.0
rf,shap,999,50,2522,grouped_mean,0.5539430030876704,-0.11475759248460772,40.0
rf,shap,999,50,2606,zero,0.47889422127676395,0.7669534443197737,5.0
rf,shap,999,50,2606,mean,0.47889422127676406,0.7669534443197736,5.0
rf,shap,999,50,2606,marginal,0.19424186942187974,0.5146355046285402,5.0
rf,shap,999,50,2606,grouped_mean,0.47424710148625826,0.28417813107673395,56.0
rf,lime,42,50,17,zero,0.04944380161304203,0.054736873057095445,5.0
rf,lime,42,50,17,mean,0.049443801613042015,0.05473687305709549,5.0
rf,lime,42,50,17,marginal,0.1391433745134981,0.8319816611970334,5.0
rf,lime,42,50,17,grouped_mean,0.09965109985185064,-0.11617706885546958,41.0
rf,lime,42,50,41,zero,0.02385800602549018,-0.15523005052989833,5.0
rf,lime,42,50,41,mean,0.024389736977569524,-0.15075217563210375,5.0
rf,lime,42,50,41,marginal,0.22200425200882026,-0.1457861821817416,5.0
rf,lime,42,50,41,grouped_mean,0.052854649602943116,-0.47108534555528336,34.0
rf,lime,42,50,86,zero,0.25209541400869506,-0.18754303271817468,5.0
rf,lime,42,50,86,mean,0.25209541400869523,-0.1875430327181744,5.0
rf,lime,42,50,86,marginal,0.17579480070677955,-0.1792060225640375,5.0
rf,lime,42,50,86,grouped_mean,0.5340915082957644,-0.38552995407599233,58.0
rf,lime,42,50,142,zero,0.4534733331601775,0.1578668809427332,5.0
rf,lime,42,50,142,mean,0.4534733331601774,0.1578668809427333,5.0
rf,lime,42,50,142,marginal,0.47459756977130535,0.13014654736811404,5.0
rf,lime,42,50,142,grouped_mean,0.42797903579320673,0.634301418144821,56.0
rf,lime,42,50,205,zero,0.4525175016887905,0.18992982752710047,5.0
rf,lime,42,50,205,mean,0.4525175016887907,0.18992982752710075,5.0
rf,lime,42,50,205,marginal,0.44359923879685037,-0.14068126607910011,5.0
rf,lime,42,50,205,grouped_mean,0.3713080408144776,0.54065488764608,57.0
rf,lime,42,50,272,zero,0.03256000162205741,0.0,5.0
rf,lime,42,50,272,mean,0.06565475088163616,0.0,5.0
rf,lime,42,50,272,marginal,0.07493359032746431,0.0,5.0
rf,lime,42,50,272,grouped_mean,0.03754523453709993,0.0,35.0
rf,lime,42,50,311,zero,0.030422502885436256,-0.040319625878035184,5.0
rf,lime,42,50,311,mean,0.05299649000459947,-0.0020043793194551712,5.0
rf,lime,42,50,311,marginal,0.33153070303920246,-0.016708831661773404,5.0
rf,lime,42,50,311,grouped_mean,0.07830240483174927,-0.5074868791083686,42.0
rf,lime,42,50,312,zero,0.12363986145477351,-0.14456027592361037,5.0
rf,lime,42,50,312,mean,0.12363986145477354,-0.1445602759236104,5.0
rf,lime,42,50,312,marginal,0.38055156925856465,0.018020788236618922,5.0
rf,lime,42,50,312,grouped_mean,0.1855488610156966,-0.5761650531881841,41.0
rf,lime,42,50,329,zero,0.013054501703140098,-0.4487737925228039,5.0
rf,lime,42,50,329,mean,0.013054501703140126,-0.4487737925228037,5.0
rf,lime,42,50,329,marginal,0.016015743488228863,-0.6654701299221216,5.0
rf,lime,42,50,329,grouped_mean,0.04181442515887668,-0.47638935380650116,41.0
rf,lime,42,50,359,zero,0.5488612750944442,-0.14842723111747202,5.0
rf,lime,42,50,359,mean,0.5488612750944439,-0.1484272311174722,5.0
rf,lime,42,50,359,marginal,0.20685677632871477,-0.4947862648291939,5.0
rf,lime,42,50,359,grouped_mean,0.5782795927014852,-0.35531709168401854,34.0
rf,lime,42,50,386,zero,0.680081268137971,0.5015379390550422,5.0
rf,lime,42,50,386,mean,0.680081268137971,0.491201791343696,5.0
rf,lime,42,50,386,marginal,0.5857255712392636,0.5379643707836136,5.0
rf,lime,42,50,386,grouped_mean,0.574468588610558,0.5963368250861909,57.0
rf,lime,42,50,502,zero,0.22686361559638357,-0.1175683074474149,5.0
rf,lime,42,50,502,mean,0.17882233807784187,-0.17776838901055259,5.0
rf,lime,42,50,502,marginal,0.19483609725068918,-0.09555122915585731,5.0
rf,lime,42,50,502,grouped_mean,0.48064462845495876,-0.3671655618713298,42.0
rf,lime,42,50,559,zero,0.6555026906643018,0.9693651691755792,5.0
rf,lime,42,50,559,mean,0.6555026906643016,0.9724247971180249,5.0
rf,lime,42,50,559,marginal,0.5735407644751173,0.9791622966311391,5.0
rf,lime,42,50,559,grouped_mean,0.629435485354972,0.7501905219386504,57.0
rf,lime,42,50,575,zero,0.22396854201941152,-0.21599115353332737,5.0
rf,lime,42,50,575,mean,0.22396854201941097,-0.2159911535333263,5.0
rf,lime,42,50,575,marginal,0.2940701362579033,-0.4362714882857058,5.0
rf,lime,42,50,575,grouped_mean,0.2192633171990741,0.25931441570572067,42.0
rf,lime,42,50,616,zero,0.012834877904466368,-0.27511827490933527,5.0
rf,lime,42,50,616,mean,0.012834877904466361,-0.27511827490933527,5.0
rf,lime,42,50,616,marginal,0.04525211258555727,-0.1835333865454121,5.0
rf,lime,42,50,616,grouped_mean,0.04782170356738897,-0.40722412092243737,40.0
rf,lime,42,50,655,zero,0.29350681026107517,-0.028434047933295657,5.0
rf,lime,42,50,655,mean,0.2935068102610751,-0.028434047933295105,5.0
rf,lime,42,50,655,marginal,0.19083376459575407,0.29987029658562414,5.0
rf,lime,42,50,655,grouped_mean,0.4792252218150721,-0.3328198000807361,34.0
rf,lime,42,50,666,zero,0.07071592486612994,0.5362060576760246,5.0
rf,lime,42,50,666,mean,0.09347683915745612,0.5306190614600755,5.0
rf,lime,42,50,666,marginal,0.08588986772701408,-0.15812144927852,5.0
rf,lime,42,50,666,grouped_mean,0.13346458295813354,-0.4236840501896352,41.0
rf,lime,42,50,729,zero,0.10316220223796908,-0.22590321864078855,5.0
rf,lime,42,50,729,mean,0.10316220223796907,-0.2427365720482186,5.0
rf,lime,42,50,729,marginal,0.3241116098825386,-0.1389916003737844,5.0
rf,lime,42,50,729,grouped_mean,0.28503257776676033,-0.33203107155934053,41.0
rf,lime,42,50,798,zero,0.4188051214529085,0.0,5.0
rf,lime,42,50,798,mean,0.4188051214529085,0.0,5.0
rf,lime,42,50,798,marginal,0.37190466442943243,0.0,5.0
rf,lime,42,50,798,grouped_mean,0.5095980269942257,0.0,58.0
rf,lime,42,50,880,zero,0.23476176178372132,-0.11901814837113084,5.0
rf,lime,42,50,880,mean,0.2347617617837216,-0.11901814837113114,5.0
rf,lime,42,50,880,marginal,0.16146488162329473,-0.36778235685288696,5.0
rf,lime,42,50,880,grouped_mean,0.4466122296299304,-0.5105842218465371,42.0
rf,lime,42,50,922,zero,0.05181598019790101,-0.24125775728367393,5.0
rf,lime,42,50,922,mean,0.02636654697522489,-0.24452647936405028,5.0
rf,lime,42,50,922,marginal,0.02652736684755963,-0.2667745768294278,5.0
rf,lime,42,50,922,grouped_mean,0.11983525961676766,-0.41291552058826886,43.0
rf,lime,42,50,1267,zero,0.11900226605354913,0.0,5.0
rf,lime,42,50,1267,mean,0.03523817495493575,0.0,5.0
rf,lime,42,50,1267,marginal,0.05090331928321264,0.0,5.0
rf,lime,42,50,1267,grouped_mean,0.4715942847800444,0.0,41.0
rf,lime,42,50,1364,zero,0.4367653312333743,-0.05825339003440305,5.0
rf,lime,42,50,1364,mean,0.43676533123337447,-0.0024538451191915625,5.0
rf,lime,42,50,1364,marginal,0.23673988980175031,-0.18048392298774252,5.0
rf,lime,42,50,1364,grouped_mean,0.4367653312333745,-0.5777715697638168,41.0
rf,lime,42,50,1391,zero,0.32329177956632654,0.0674744667746178,5.0
rf,lime,42,50,1391,mean,0.32329177956632654,0.052148741855030545,5.0
rf,lime,42,50,1391,marginal,0.14329692943224456,-0.36674708175732934,5.0
rf,lime,42,50,1391,grouped_mean,0.5025780755118399,0.06940993356719508,42.0
rf,lime,42,50,1560,zero,0.04958535240303852,-0.17484981135599825,5.0
rf,lime,42,50,1560,mean,0.049585352403038574,-0.19901470474557237,5.0
rf,lime,42,50,1560,marginal,0.06913013129360679,-0.23623198881425145,5.0
rf,lime,42,50,1560,grouped_mean,0.2580913110605758,-0.48585571537417144,41.0
rf,lime,42,50,1624,zero,0.5468087061403336,0.017706522869375962,5.0
rf,lime,42,50,1624,mean,0.5468087061403335,0.050426485119169175,5.0
rf,lime,42,50,1624,marginal,0.2274094233293906,-0.030738197591896922,5.0
rf,lime,42,50,1624,grouped_mean,0.590358432326603,-0.3328955203443592,57.0
rf,lime,42,50,1700,zero,0.17855700082099124,-0.15704382928977845,5.0
rf,lime,42,50,1700,mean,0.1871072155964396,-0.15065550098592945,5.0
rf,lime,42,50,1700,marginal,0.12857464407760144,-0.45903845427624124,5.0
rf,lime,42,50,1700,grouped_mean,0.3476983133808179,-0.3443396148361496,40.0
rf,lime,42,50,1752,zero,0.09116540151939667,-0.14773692537957203,5.0
rf,lime,42,50,1752,mean,0.09116540151939667,-0.14773692537957173,5.0
rf,lime,42,50,1752,marginal,0.14197528329028006,-0.053393630972243006,5.0
rf,lime,42,50,1752,grouped_mean,0.03574006639738059,-0.2876974915282014,43.0
rf,lime,42,50,1788,zero,0.1878216475765535,-0.14332439911038158,5.0
rf,lime,42,50,1788,mean,0.18782164757655362,-0.14332439911038042,5.0
rf,lime,42,50,1788,marginal,0.12102609030686236,-0.40122255253817807,5.0
rf,lime,42,50,1788,grouped_mean,0.2744074080244626,-0.542010344160399,43.0
rf,lime,42,50,1935,zero,0.6766732814005513,0.915479971234901,5.0
rf,lime,42,50,1935,mean,0.6766732814005514,0.9230163813333917,5.0
rf,lime,42,50,1935,marginal,0.4092566574554522,0.8889077809452142,5.0
rf,lime,42,50,1935,grouped_mean,0.6050632904405742,0.854948127309954,57.0
rf,lime,42,50,1940,zero,0.14538026434941898,-0.30020489212163426,5.0
rf,lime,42,50,1940,mean,0.14538026434941875,-0.3087038003966095,5.0
rf,lime,42,50,1940,marginal,0.18234431134243567,-0.38472990127486256,5.0
rf,lime,42,50,1940,grouped_mean,0.14991547382857007,-0.5491317748039137,26.0
rf,lime,42,50,1949,zero,0.48975619522630165,-0.03382837195081308,5.0
rf,lime,42,50,1949,mean,0.48975619522630187,0.029441562191461476,5.0
rf,lime,42,50,1949,marginal,0.3894667753592787,-0.08321707146833945,5.0
rf,lime,42,50,1949,grouped_mean,0.7064093461522591,-0.7352534844963059,58.0
rf,lime,42,50,1966,zero,0.15284905613361754,-0.225656545877359,5.0
rf,lime,42,50,1966,mean,0.15284905613361732,-0.22084314724639578,5.0
rf,lime,42,50,1966,marginal,0.1507857679579708,-0.22061242585181753,5.0
rf,lime,42,50,1966,grouped_mean,0.15374631272182215,-0.5877410770631089,44.0
rf,lime,42,50,1985,zero,0.4501900430902085,-0.05009390618088562,5.0
rf,lime,42,50,1985,mean,0.45019004309020877,-0.005029087653766626,5.0
rf,lime,42,50,1985,marginal,0.18192978028572968,-0.15895740335227612,5.0
rf,lime,42,50,1985,grouped_mean,0.5902699255005546,-0.2502525367903619,57.0
rf,lime,42,50,1989,zero,0.009574664575336844,0.10791902673301496,5.0
rf,lime,42,50,1989,mean,0.009574664575336678,0.10791902673301478,5.0
rf,lime,42,50,1989,marginal,0.16927850755829196,0.06365470428847605,5.0
rf,lime,42,50,1989,grouped_mean,0.12632550300360668,0.22817502116050847,57.0
rf,lime,42,50,1995,zero,0.24152220644487554,-0.08796504140025944,5.0
rf,lime,42,50,1995,mean,0.24152220644487554,-0.08796504140025904,5.0
rf,lime,42,50,1995,marginal,0.13756045588278662,-0.21300470835088745,5.0
rf,lime,42,50,1995,grouped_mean,0.3898964411722641,-0.37597213043790395,35.0
rf,lime,42,50,1999,zero,0.15232882286113947,0.24257317477802914,5.0
rf,lime,42,50,1999,mean,0.15232882286113936,0.24257317477802992,5.0
rf,lime,42,50,1999,marginal,0.12264836767388836,-0.25086518541638875,5.0
rf,lime,42,50,1999,grouped_mean,0.6023884207076544,0.07586078175582195,58.0
rf,lime,42,50,2173,zero,0.009585060940741186,-0.21574077349240836,5.0
rf,lime,42,50,2173,mean,0.00958506094074102,-0.2271322623656074,5.0
rf,lime,42,50,2173,marginal,0.22644053404697118,-0.6678233476861828,5.0
rf,lime,42,50,2173,grouped_mean,0.08545651767733198,-0.3053407040503261,40.0
rf,lime,42,50,2174,zero,0.0076824889359374815,0.0,5.0
rf,lime,42,50,2174,mean,0.013230063082897758,0.0,5.0
rf,lime,42,50,2174,marginal,0.09320911909371177,0.0,5.0
rf,lime,42,50,2174,grouped_mean,0.023634610910473253,0.0,44.0
rf,lime,42,50,2176,zero,0.47851085031925794,0.044373334554605175,5.0
rf,lime,42,50,2176,mean,0.47851085031925783,0.04437333455460592,5.0
rf,lime,42,50,2176,marginal,0.438306208094524,-0.05497792354806627,5.0
rf,lime,42,50,2176,grouped_mean,0.5259502779900902,-0.18717819283367393,34.0
rf,lime,123,50,33,zero,0.08888858414772892,0.050356143595652575,5.0
rf,lime,123,50,33,mean,0.08888858414772892,0.052233150708710055,5.0
rf,lime,123,50,33,marginal,0.08832820366987125,-0.1886947425362721,5.0
rf,lime,123,50,33,grouped_mean,0.06538061553819982,0.0065658841713299165,40.0
rf,lime,123,50,57,zero,0.04774166280614578,-0.06860469188397594,5.0
rf,lime,123,50,57,mean,0.047741662806146,-0.06860469188397592,5.0
rf,lime,123,50,57,marginal,0.2417053919504811,0.10814256227520527,5.0
rf,lime,123,50,57,grouped_mean,0.04774166280614567,-0.38204185552537107,42.0
rf,lime,123,50,69,zero,0.40849878440535997,0.17028265165259188,5.0
rf,lime,123,50,69,mean,0.40849878440535986,0.17028265165259054,5.0
rf,lime,123,50,69,marginal,0.3026073809217921,0.03201366573132393,5.0
rf,lime,123,50,69,grouped_mean,0.5626407400677462,-0.27907147240442465,58.0
rf,lime,123,50,212,zero,0.36237030471579323,-0.17856798557303022,5.0
rf,lime,123,50,212,mean,0.3623703047157932,-0.19207728544486674,5.0
rf,lime,123,50,212,marginal,0.36237030471579335,-0.4011016184689158,5.0
rf,lime,123,50,212,grouped_mean,0.35877158076707694,-0.03536943437035681,40.0
rf,lime,123,50,233,zero,0.508552160111304,0.1550096568927301,5.0
rf,lime,123,50,233,mean,0.5085521601113041,0.15500965689273025,5.0
rf,lime,123,50,233,marginal,0.4320410505528593,-0.017700375722904255,5.0
rf,lime,123,50,233,grouped_mean,0.508552160111304,-0.3139453913268888,18.0
rf,lime,123,50,279,zero,0.11334305576551157,0.010248953434038886,5.0
rf,lime,123,50,279,mean,0.11334305576551158,-0.18421811367037447,5.0
rf,lime,123,50,279,marginal,0.28597279454704977,0.0766612407132182,5.0
rf,lime,123,50,279,grouped_mean,0.13320658411883265,-0.4327575938534396,34.0
rf,lime,123,50,345,zero,0.16459944969576767,0.10816008143353315,5.0
rf,lime,123,50,345,mean,0.21004706469753565,0.09507294689638035,5.0
rf,lime,123,50,345,marginal,0.19668409760887864,0.1544476419636991,5.0
rf,lime,123,50,345,grouped_mean,0.5357712348963779,0.02930515436187034,57.0
rf,lime,123,50,356,zero,0.03483890646965636,-0.06309270656529303,5.0
rf,lime,123,50,356,mean,0.04798588171313123,-0.1168086251376929,5.0
rf,lime,123,50,356,marginal,0.041172458127823365,-0.5039836768742861,5.0
rf,lime,123,50,356,grouped_mean,0.07206785918262153,-0.6777520182389802,42.0
rf,lime,123,50,396,zero,0.023181424236108805,0.651267699754965,5.0
rf,lime,123,50,396,mean,0.051275956765125474,0.49933760291976587,5.0
rf,lime,123,50,396,marginal,0.04191111258878658,0.5442868077060324,5.0
rf,lime,123,50,396,grouped_mean,0.28245892631560277,0.38059205396598184,42.0
rf,lime,123,50,479,zero,0.028834973923461626,-0.4609503351735322,5.0
rf,lime,123,50,479,mean,0.028834973923461515,-0.4609503351735323,5.0
rf,lime,123,50,479,marginal,0.20687598358086304,-0.5459181544291485,5.0
rf,lime,123,50,479,grouped_mean,0.1868023588523175,-0.28202440958914016,57.0
rf,lime,123,50,504,zero,0.3847659792761987,0.23006261094783848,5.0
rf,lime,123,50,504,mean,0.38476597927619816,0.2300626109478373,5.0
rf,lime,123,50,504,marginal,0.43601475962259045,0.4767134115216559,5.0
rf,lime,123,50,504,grouped_mean,0.6579806042024869,-0.05900943168705426,56.0
rf,lime,123,50,506,zero,0.5395409121069218,0.1772850932380513,5.0
rf,lime,123,50,506,mean,0.5395409121069217,0.1400841369316256,5.0
rf,lime,123,50,506,marginal,0.4070076333937101,-0.0304138279374458,5.0
rf,lime,123,50,506,grouped_mean,0.5286335524104485,-0.3326206521562749,33.0
rf,lime,123,50,531,zero,0.273234854325648,-0.026995753072086695,5.0
rf,lime,123,50,531,mean,0.27323485432564787,-0.026995753072087153,5.0
rf,lime,123,50,531,marginal,0.34072655017718206,-0.09740020712862407,5.0
rf,lime,123,50,531,grouped_mean,0.4832633224463406,-0.26561111165029777,42.0
rf,lime,123,50,540,zero,0.40015766837773625,0.07789209593072817,5.0
rf,lime,123,50,540,mean,0.4001576683777363,0.11226236663239932,5.0
rf,lime,123,50,540,marginal,0.18618370162262035,-0.19612937617383056,5.0
rf,lime,123,50,540,grouped_mean,0.6037869193227693,-0.593032988922541,57.0
rf,lime,123,50,595,zero,0.527353536914853,0.13390487113189536,5.0
rf,lime,123,50,595,mean,0.527353536914853,0.13390487113189536,5.0
rf,lime,123,50,595,marginal,0.36952993912063675,-0.46843015642431773,5.0
rf,lime,123,50,595,grouped_mean,0.5273535369148532,-0.24135312520635213,41.0
rf,lime,123,50,597,zero,0.1834546482234487,-0.011879625078511327,5.0
rf,lime,123,50,597,mean,0.1834546482234487,-0.011879625078511258,5.0
rf,lime,123,50,597,marginal,0.18612822997397463,-0.03352285181331295,5.0
rf,lime,123,50,597,grouped_mean,0.2704725224448742,-0.6451454498533146,44.0
rf,lime,123,50,637,zero,0.5366440552633231,0.03621293094368491,5.0
rf,lime,123,50,637,mean,0.5366440552633228,0.0362129309436841,5.0
rf,lime,123,50,637,marginal,0.4161095905393672,-0.07037327389460053,5.0
rf,lime,123,50,637,grouped_mean,0.48803109099054576,-0.13934482998437503,40.0
rf,lime,123,50,670,zero,0.10657467585282604,-0.16143741519957602,5.0
rf,lime,123,50,670,mean,0.10657467585282626,-0.1614374151995764,5.0
rf,lime,123,50,670,marginal,0.20162003759449085,-0.2499654989243308,5.0
rf,lime,123,50,670,grouped_mean,0.27515777511883177,-0.48871335932264726,58.0
rf,lime,123,50,881,zero,0.4333726395722403,0.16425598110669376,5.0
rf,lime,123,50,881,mean,0.43337263957224037,0.16094709958700248,5.0
rf,lime,123,50,881,marginal,0.4755902073387646,0.17924316589266384,5.0
rf,lime,123,50,881,grouped_mean,0.44238281894701975,0.35043933518751424,42.0
rf,lime,123,50,908,zero,0.27827219713154944,-0.07948597884276903,5.0
rf,lime,123,50,908,mean,0.27827219713154944,-0.0794859788427692,5.0
rf,lime,123,50,908,marginal,0.19348669937641672,-0.20553506628459434,5.0
rf,lime,123,50,908,grouped_mean,0.5110779285288672,-0.2779343712962793,58.0
rf,lime,123,50,1018,zero,0.10156370881453368,-0.03232563879258655,5.0
rf,lime,123,50,1018,mean,0.10156370881453368,-0.05936607987290825,5.0
rf,lime,123,50,1018,marginal,0.19186637004443574,0.4164857433268568,5.0
rf,lime,123,50,1018,grouped_mean,0.1625421193167908,-0.791418046858841,41.0
rf,lime,123,50,1019,zero,0.08010742055321574,-0.14957586487052688,5.0
rf,lime,123,50,1019,mean,0.13199593787623765,-0.12754350468523187,5.0
rf,lime,123,50,1019,marginal,0.13199593787623765,0.0697029946380372,5.0
rf,lime,123,50,1019,grouped_mean,0.20194681368448641,-0.42480275393579814,44.0
rf,lime,123,50,1024,zero,0.3118399744071913,-0.13822465330558883,5.0
rf,lime,123,50,1024,mean,0.3118399744071913,-0.13822465330558958,5.0
rf,lime,123,50,1024,marginal,0.19269522923682214,-0.2658508442270484,5.0
rf,lime,123,50,1024,grouped_mean,0.47766624345158326,-0.30436248371950864,41.0
rf,lime,123,50,1179,zero,0.3035947301114315,0.09599566916756194,5.0
rf,lime,123,50,1179,mean,0.2867886508074322,0.10471748973605154,5.0
rf,lime,123,50,1179,marginal,0.2781584301432771,-0.1393523906086065,5.0
rf,lime,123,50,1179,grouped_mean,0.5839401959727947,-0.18339776334599098,58.0
rf,lime,123,50,1269,zero,0.32303758358751766,-0.0888755763944686,5.0
rf,lime,123,50,1269,mean,0.3230375835875177,-0.07896670317458618,5.0
rf,lime,123,50,1269,marginal,0.1454259620692601,-0.23974366877645092,5.0
rf,lime,123,50,1269,grouped_mean,0.3230375835875176,-0.5539352925804222,43.0
rf,lime,123,50,1314,zero,0.025027685416909057,-0.22454445939135587,5.0
rf,lime,123,50,1314,mean,0.025027685416909085,-0.24550383941628823,5.0
rf,lime,123,50,1314,marginal,0.15105503256440936,0.7330326278301407,5.0
rf,lime,123,50,1314,grouped_mean,0.05398342448445487,-0.3122187276420362,40.0
rf,lime,123,50,1332,zero,0.13342469727901923,-0.06910099089822559,5.0
rf,lime,123,50,1332,mean,0.11520222952163839,-0.10716111623098148,5.0
rf,lime,123,50,1332,marginal,0.1248133743727966,0.04472354212573663,5.0
rf,lime,123,50,1332,grouped_mean,0.4782803218734197,-0.3353037226427815,41.0
rf,lime,123,50,1388,zero,0.43013698367000774,0.18831341029811177,5.0
rf,lime,123,50,1388,mean,0.43013698367000774,0.18831341029811222,5.0
rf,lime,123,50,1388,marginal,0.29670874023017796,-0.33004224566310814,5.0
rf,lime,123,50,1388,grouped_mean,0.5752998768332604,-0.4046186072610032,57.0
rf,lime,123,50,1462,zero,0.45264461999574057,0.1306006194711395,5.0
rf,lime,123,50,1462,mean,0.45264461999574057,0.16293113073171644,5.0
rf,lime,123,50,1462,marginal,0.16613383009666563,-0.19075338147474183,5.0
rf,lime,123,50,1462,grouped_mean,0.45264461999574074,-0.4122287499779778,40.0
rf,lime,123,50,1468,zero,0.42954942277139657,-0.03999799657776726,5.0
rf,lime,123,50,1468,mean,0.42954942277139646,0.04266415245864376,5.0
rf,lime,123,50,1468,marginal,0.3196434423758296,-0.46577135976957884,5.0
rf,lime,123,50,1468,grouped_mean,0.5637429578172618,-0.3977649057522814,57.0
rf,lime,123,50,1597,zero,0.2919746008236014,-0.056860745697157794,5.0
rf,lime,123,50,1597,mean,0.2919746008236011,0.13132503115735888,5.0
rf,lime,123,50,1597,marginal,0.13414103952876455,0.09573115441076775,5.0
rf,lime,123,50,1597,grouped_mean,0.4494856127458355,-0.31482255903371925,41.0
rf,lime,123,50,1711,zero,0.49214993336897245,-0.0037050256242336967,5.0
rf,lime,123,50,1711,mean,0.49214993336897256,0.14177621757539705,5.0
rf,lime,123,50,1711,marginal,0.27754160402459155,-0.24043156043570604,5.0
rf,lime,123,50,1711,grouped_mean,0.6315826358659948,-0.6299214677426451,57.0
rf,lime,123,50,1769,zero,0.10709879911638069,0.19925880330686657,5.0
rf,lime,123,50,1769,mean,0.1070987991163807,0.19925880330686607,5.0
rf,lime,123,50,1769,marginal,0.17807270046305854,0.5172817061378487,5.0
rf,lime,123,50,1769,grouped_mean,0.10709879911638069,-0.2782779705748546,17.0
rf,lime,123,50,1896,zero,0.2840813007245386,-0.03335516111437875,5.0
rf,lime,123,50,1896,mean,0.2807367915358671,-0.034262876400957855,5.0
rf,lime,123,50,1896,marginal,0.27906348449274215,-0.13471868324102704,5.0
rf,lime,123,50,1896,grouped_mean,0.4744501897600404,-0.24870924907643815,40.0
rf,lime,123,50,1919,zero,0.474246627914835,-0.19774816548877988,5.0
rf,lime,123,50,1919,mean,0.47424662791483496,-0.19774816548878024,5.0
rf,lime,123,50,1919,marginal,0.3147171967019848,-0.24423297262181065,5.0
rf,lime,123,50,1919,grouped_mean,0.47168207644284155,-0.5571595267144076,40.0
rf,lime,123,50,2070,zero,0.49299339314671653,-0.05060549998857005,5.0
rf,lime,123,50,2070,mean,0.4929933931467166,-0.020727817492162015,5.0
rf,lime,123,50,2070,marginal,0.309756194707473,-0.20757311587271987,5.0
rf,lime,123,50,2070,grouped_mean,0.4929933931467166,-0.3794018475792241,41.0
rf,lime,123,50,2080,zero,0.24286983441692278,-0.31858412032607925,5.0
rf,lime,123,50,2080,mean,0.23017292684785173,-0.2680835362419164,5.0
rf,lime,123,50,2080,marginal,0.19875908346188,-0.243331632293358,5.0
rf,lime,123,50,2080,grouped_mean,0.6609963732909213,-0.6257050542473487,58.0
rf,lime,123,50,2121,zero,0.010398539085670566,-0.403477169092008,5.0
rf,lime,123,50,2121,mean,0.010398539085670566,-0.41315058259128423,5.0
rf,lime,123,50,2121,marginal,0.039063599232707226,-0.41792799146162896,5.0
rf,lime,123,50,2121,grouped_mean,0.04176835624736919,-0.6599522832303538,43.0
rf,lime,123,50,2175,zero,0.5472779587628778,0.22657227755057102,5.0
rf,lime,123,50,2175,mean,0.5472779587628778,0.22657227755057152,5.0
rf,lime,123,50,2175,marginal,0.26526094373300285,-0.018658780001516273,5.0
rf,lime,123,50,2175,grouped_mean,0.5472779587628778,-0.15152905562744917,41.0
rf,lime,123,50,2192,zero,0.23905396019036537,0.03792233360930763,5.0
rf,lime,123,50,2192,mean,0.23905396019036532,0.037922333609307024,5.0
rf,lime,123,50,2192,marginal,0.3621120238984232,-0.14759912309808346,5.0
rf,lime,123,50,2192,grouped_mean,0.1914439570612072,-0.006243766773186624,34.0
rf,lime,456,50,0,zero,0.41160313370234475,0.19781545648059048,5.0
rf,lime,456,50,0,mean,0.4116031337023449,0.19781545648059062,5.0
rf,lime,456,50,0,marginal,0.4325542533509505,0.1646076673687515,5.0
rf,lime,456,50,0,grouped_mean,0.4116031337023448,-0.40755094040758005,41.0
rf,lime,456,50,248,zero,0.23659924260873347,0.23718363087619931,5.0
rf,lime,456,50,248,mean,0.23659924260873344,0.2371836308762005,5.0
rf,lime,456,50,248,marginal,0.18686950638621816,0.03590709934957985,5.0
rf,lime,456,50,248,grouped_mean,0.23847798194210088,0.15360522357850237,42.0
rf,lime,456,50,312,zero,0.11916551187152279,-0.07740909794060974,5.0
rf,lime,456,50,312,mean,0.11916551187152279,-0.07740909794060982,5.0
rf,lime,456,50,312,marginal,0.5601167375039563,-0.0813852772504495,5.0
rf,lime,456,50,312,grouped_mean,0.11916551187152279,-0.38141030212468363,17.0
rf,lime,456,50,324,zero,0.5266951978113882,0.44477534988575734,5.0
rf,lime,456,50,324,mean,0.5266951978113881,0.4447753498857573,5.0
rf,lime,456,50,324,marginal,0.4412251177659116,0.31191669711813186,5.0
rf,lime,456,50,324,grouped_mean,0.5282033925105867,-0.17653596493679136,41.0
rf,lime,456,50,334,zero,0.05419770332606866,-0.14756641989282804,5.0
rf,lime,456,50,334,mean,0.05419770332606866,-0.1475664198928279,5.0
rf,lime,456,50,334,marginal,0.12664969331176001,-0.3282115622702732,5.0
rf,lime,456,50,334,grouped_mean,0.38299699305802815,-0.23820858141600504,58.0
rf,lime,456,50,339,zero,0.3443649305044777,-0.10056277894403766,5.0
rf,lime,456,50,339,mean,0.3443649305044776,-0.10056277894403778,5.0
rf,lime,456,50,339,marginal,0.4804513600479072,-0.1458475812152459,5.0
rf,lime,456,50,339,grouped_mean,0.5533287495459409,-0.21482973931830865,35.0
rf,lime,456,50,532,zero,0.0066153483406105685,-0.13189079507308393,5.0
rf,lime,456,50,532,mean,0.006615348340610568,-0.15187191782610288,5.0
rf,lime,456,50,532,marginal,0.10004183114411573,-0.2819525369083157,5.0
rf,lime,456,50,532,grouped_mean,0.0741486608723111,-0.6874278655726881,33.0
rf,lime,456,50,548,zero,0.4878628017597154,0.26223603540670226,5.0
rf,lime,456,50,548,mean,0.4878628017597154,0.15835356754813906,5.0
rf,lime,456,50,548,marginal,0.28361916117262254,-0.17410586071158943,5.0
rf,lime,456,50,548,grouped_mean,0.4745413689659005,-0.14838679913794667,41.0
rf,lime,456,50,625,zero,0.0009321167452477908,-0.19901410114756904,5.0
rf,lime,456,50,625,mean,0.004976344540498445,-0.24544496509232933,5.0
rf,lime,456,50,625,marginal,0.010294935275414863,-0.23781038259024084,5.0
rf,lime,456,50,625,grouped_mean,0.1477209777481832,-0.3505129027138591,44.0
rf,lime,456,50,634,zero,0.24152220644487526,-0.22389589795791986,5.0
rf,lime,456,50,634,mean,0.24152220644487538,-0.22389589795791984,5.0
rf,lime,456,50,634,marginal,0.13902947352130607,-0.19993789002736462,5.0
rf,lime,456,50,634,grouped_mean,0.3898964411722643,-0.2641929760240291,35.0
rf,lime,456,50,697,zero,0.046320157585603594,-0.15890205766974036,5.0
rf,lime,456,50,697,mean,0.046320157585603594,-0.22634722744537283,5.0
rf,lime,456,50,697,marginal,0.1432501117224756,-0.38323062505160527,5.0
rf,lime,456,50,697,grouped_mean,0.4962138583396647,-0.27276135010726743,57.0
rf,lime,456,50,698,zero,0.47645078118805945,-0.04054608117385265,5.0
rf,lime,456,50,698,mean,0.4764507811880597,-0.05774079664471746,5.0
rf,lime,456,50,698,marginal,0.4704809926684222,-0.31902829255714743,5.0
rf,lime,456,50,698,grouped_mean,0.47553302572646705,-0.06287597610222909,40.0
rf,lime,456,50,799,zero,0.29392392776877174,0.17694109618931478,5.0
rf,lime,456,50,799,mean,0.29392392776877213,0.18111938696820942,5.0
rf,lime,456,50,799,marginal,0.1828796855119769,0.03536884737796627,5.0
rf,lime,456,50,799,grouped_mean,0.4813442925991023,-0.47292518188150423,58.0
rf,lime,456,50,804,zero,0.15816144066574245,0.0,5.0
rf,lime,456,50,804,mean,0.13021831235873493,0.0,5.0
rf,lime,456,50,804,marginal,0.13021831235873482,0.0,5.0
rf,lime,456,50,804,grouped_mean,0.3542298785990466,0.0,35.0
rf,lime,456,50,814,zero,0.27372690658694065,0.1972998103003787,5.0
rf,lime,456,50,814,mean,0.27372690658694077,0.19729981030037902,5.0
rf,lime,456,50,814,marginal,0.29342922114287645,-0.02721452574012667,5.0
rf,lime,456,50,814,grouped_mean,0.5034927689503378,0.22602172564005787,57.0
rf,lime,456,50,821,zero,0.4376963076499318,-0.01566705999369661,5.0
rf,lime,456,50,821,mean,0.43769630764993206,0.010952480725146672,5.0
rf,lime,456,50,821,marginal,0.1700988069049816,-0.05252022975628157,5.0
rf,lime,456,50,821,grouped_mean,0.4376963076499321,-0.370368017487152,40.0
rf,lime,456,50,861,zero,0.13584349412256314,-0.09282929849894014,5.0
rf,lime,456,50,861,mean,0.13584349412256316,-0.14000522734710832,5.0
rf,lime,456,50,861,marginal,0.1379424163986213,-0.3186711004301858,5.0
rf,lime,456,50,861,grouped_mean,0.16894096486386262,-0.8426973129224353,17.0
rf,lime,456,50,892,zero,0.019717126620210697,-0.39450776886685407,5.0
rf,lime,456,50,892,mean,0.03722064059514093,-0.3940628765450165,5.0
rf,lime,456,50,892,marginal,0.11825303745392561,-0.07427615271063023,5.0
rf,lime,456,50,892,grouped_mean,0.15469044078419492,-0.5918582571087133,35.0
rf,lime,456,50,987,zero,0.1924653498279718,-0.20064139456490124,5.0
rf,lime,456,50,987,mean,0.19246534982797175,-0.21449521729402732,5.0
rf,lime,456,50,987,marginal,0.1894758237195446,-0.06301409429226101,5.0
rf,lime,456,50,987,grouped_mean,0.17522237686234807,-0.3835132438562375,41.0
rf,lime,456,50,1019,zero,0.006027815060400704,-0.20594114713977477,5.0
rf,lime,456,50,1019,mean,0.006027815060400815,-0.2059411471397743,5.0
rf,lime,456,50,1019,marginal,0.3256202352264705,-0.719116050319466,5.0
rf,lime,456,50,1019,grouped_mean,0.19947574977353777,-0.24864173652723331,40.0
rf,lime,456,50,1150,zero,0.471042031001955,0.17230192919476262,5.0
rf,lime,456,50,1150,mean,0.4710420310019547,0.20712757116040387,5.0
rf,lime,456,50,1150,marginal,0.4151549393203274,0.03774902859361534,5.0
rf,lime,456,50,1150,grouped_mean,0.6071801131187615,-0.4532687984098813,57.0
rf,lime,456,50,1278,zero,0.5472779587628778,0.11339571097236281,5.0
rf,lime,456,50,1278,mean,0.5472779587628778,0.11339571097236262,5.0
rf,lime,456,50,1278,marginal,0.39560370685908525,-0.18592083697180053,5.0
rf,lime,456,50,1278,grouped_mean,0.5472779587628778,-0.4399235572750785,41.0
rf,lime,456,50,1334,zero,0.08535674894225481,0.1745065723686252,5.0
rf,lime,456,50,1334,mean,0.08535674894225481,0.17450657236862527,5.0
rf,lime,456,50,1334,marginal,0.025426459654856296,0.4345515780034203,5.0
rf,lime,456,50,1334,grouped_mean,0.19156292956412746,-0.3937438962790204,58.0
rf,lime,456,50,1415,zero,0.5506908827272659,0.7866428244690128,5.0
rf,lime,456,50,1415,mean,0.5506908827272656,0.7866428244690106,5.0
rf,lime,456,50,1415,marginal,0.33070501040735295,0.40038992206438817,5.0
rf,lime,456,50,1415,grouped_mean,0.7026779355455961,0.5888727770010943,57.0
rf,lime,456,50,1586,zero,0.032202846298211366,-0.19975746122597798,5.0
rf,lime,456,50,1586,mean,0.032202846298211366,-0.19975746122597798,5.0
rf,lime,456,50,1586,marginal,0.16770082203412284,0.560287374889366,5.0
rf,lime,456,50,1586,grouped_mean,0.0918020657369038,-0.24573257609797977,57.0
rf,lime,456,50,1633,zero,0.28057857647627404,-0.2938042137755657,5.0
rf,lime,456,50,1633,mean,0.2953721882698859,-0.2505312527482711,5.0
rf,lime,456,50,1633,marginal,0.15728399100645976,-0.18294013703316092,5.0
rf,lime,456,50,1633,grouped_mean,0.45896212925426283,-0.289661066017796,35.0
rf,lime,456,50,1736,zero,0.13730278835351545,-0.3052216204627558,5.0
rf,lime,456,50,1736,mean,0.1484570600757757,-0.38335215772508696,5.0
rf,lime,456,50,1736,marginal,0.23385179574789294,-0.32210729936684873,5.0
rf,lime,456,50,1736,grouped_mean,0.1398289177195443,-0.6535795124990055,17.0
rf,lime,456,50,1745,zero,0.2093991315196052,0.09743303547825252,5.0
rf,lime,456,50,1745,mean,0.20939913151960565,0.10476039244683363,5.0
rf,lime,456,50,1745,marginal,0.24819049185272624,0.2928755948246217,5.0
rf,lime,456,50,1745,grouped_mean,0.20939913151960543,-0.2647896671731057,43.0
rf,lime,456,50,1758,zero,0.21541669118359152,-0.02345354383972674,5.0
rf,lime,456,50,1758,mean,0.2154166911835914,-0.023453543839727677,5.0
rf,lime,456,50,1758,marginal,0.2537949010266452,-0.03112886597582236,5.0
rf,lime,456,50,1758,grouped_mean,0.2107114663632541,0.18736512066906036,42.0
rf,lime,456,50,1791,zero,0.43200928269881567,-0.09897259733500453,5.0
rf,lime,456,50,1791,mean,0.4320092826988158,-0.09897259733500342,5.0
rf,lime,456,50,1791,marginal,0.09170794591453339,-0.1803001493717915,5.0
rf,lime,456,50,1791,grouped_mean,0.5759418614873649,-0.6310927143762891,57.0
rf,lime,456,50,1937,zero,0.27292767101694543,-0.05031281903815762,5.0
rf,lime,456,50,1937,mean,0.2729276710169454,-0.050312819038157375,5.0
rf,lime,456,50,1937,marginal,0.11421301234997976,-0.13118195699748525,5.0
rf,lime,456,50,1937,grouped_mean,0.37591255208282426,-0.21029492555388007,34.0
rf,lime,456,50,2042,zero,0.060239957763551844,-0.4035291680427536,5.0
rf,lime,456,50,2042,mean,0.06023995776355173,-0.370626875208687,5.0
rf,lime,456,50,2042,marginal,0.08456067918137374,-0.48802208436881284,5.0
rf,lime,456,50,2042,grouped_mean,0.02380739754369665,-0.6008841491466619,43.0
rf,lime,456,50,2082,zero,0.004009016241135313,-0.15676086112900092,5.0
rf,lime,456,50,2082,mean,0.010206731442016476,-0.1576434924368979,5.0
rf,lime,456,50,2082,marginal,0.06658326403332565,-0.3047246860623094,5.0
rf,lime,456,50,2082,grouped_mean,0.041274622209374806,-0.45966578388156465,17.0
rf,lime,456,50,2092,zero,0.44466574697725525,-0.15962610285314835,5.0
rf,lime,456,50,2092,mean,0.44466574697725525,-0.1596261028531488,5.0
rf,lime,456,50,2092,marginal,0.474107302644818,-0.10508250391534626,5.0
rf,lime,456,50,2092,grouped_mean,0.5882569517215037,-0.11824550463242729,57.0
rf,lime,456,50,2136,zero,0.24815283203779864,0.07591379729984829,5.0
rf,lime,456,50,2136,mean,0.2481528320377987,0.07591379729984751,5.0
rf,lime,456,50,2136,marginal,0.33950764265940575,-0.022586591286046856,5.0
rf,lime,456,50,2136,grouped_mean,0.3454999127281433,-0.33017835279228713,58.0
rf,lime,456,50,2146,zero,0.12316931525412092,-0.04751110712515244,5.0
rf,lime,456,50,2146,mean,0.12316931525412089,-0.04751110712515256,5.0
rf,lime,456,50,2146,marginal,0.05987351873901595,-0.009635420046099935,5.0
rf,lime,456,50,2146,grouped_mean,0.20811730425271807,-0.30250163856030393,34.0
rf,lime,456,50,2228,zero,0.05197818536398657,-0.18708066034195667,5.0
rf,lime,456,50,2228,mean,0.051978185363986684,-0.19253107373188272,5.0
rf,lime,456,50,2228,marginal,0.06636224924648049,-0.29518837670016934,5.0
rf,lime,456,50,2228,grouped_mean,0.4925940717360484,0.3061006701993948,58.0
rf,lime,456,50,2359,zero,0.46615028671995573,-0.09360195119195949,5.0
rf,lime,456,50,2359,mean,0.46615028671995573,0.04810183798482097,5.0
rf,lime,456,50,2359,marginal,0.3594803164796019,-0.10359103655576869,5.0
rf,lime,456,50,2359,grouped_mean,0.7870658335001385,-0.5888010224405671,57.0
rf,lime,456,50,2417,zero,0.053008567361730874,0.0,5.0
rf,lime,456,50,2417,mean,0.04125508561697944,0.0,5.0
rf,lime,456,50,2417,marginal,0.07970841427153896,0.0,5.0
rf,lime,456,50,2417,grouped_mean,0.07998474761731478,0.0,43.0
rf,lime,456,50,2423,zero,0.4071051396813637,0.1103765205830215,5.0
rf,lime,456,50,2423,mean,0.40710513968136425,0.12805953946382914,5.0
rf,lime,456,50,2423,marginal,0.21935975433718227,-0.23953543014883072,5.0
rf,lime,456,50,2423,grouped_mean,0.5650335212547671,-0.2759402333032773,57.0
rf,lime,789,50,0,zero,0.06233148443753325,-0.3863047442210086,5.0
rf,lime,789,50,0,mean,0.06233148443753331,-0.5518327648902877,5.0
rf,lime,789,50,0,marginal,0.16351500767838423,0.6581018842567975,5.0
rf,lime,789,50,0,grouped_mean,0.06505468066624975,-0.4440591085516368,40.0
rf,lime,789,50,7,zero,0.07331557727678358,-0.09863011625015308,5.0
rf,lime,789,50,7,mean,0.07331557727678358,-0.10729615124552942,5.0
rf,lime,789,50,7,marginal,0.12749503548818367,-0.2574520604099263,5.0
rf,lime,789,50,7,grouped_mean,0.1333774018264151,-0.5632374347644005,41.0
rf,lime,789,50,22,zero,0.06318867926178348,-0.02950887025309267,5.0
rf,lime,789,50,22,mean,0.06297011286118413,-0.02496600315158592,5.0
rf,lime,789,50,22,marginal,0.23452702879017906,-0.2243966670686785,5.0
rf,lime,789,50,22,grouped_mean,0.12788497384755332,-0.34409477666544935,42.0
rf,lime,789,50,58,zero,0.04382286260727772,-0.17768285844352372,5.0
rf,lime,789,50,58,mean,0.04382286260727772,-0.17768285844352377,5.0
rf,lime,789,50,58,marginal,0.03756554925112807,-0.30000692989306327,5.0
rf,lime,789,50,58,grouped_mean,0.07284984132504776,-0.4025302842269763,34.0
rf,lime,789,50,116,zero,0.5301250306024066,0.3545528220760972,5.0
rf,lime,789,50,116,mean,0.5301250306024066,0.3545528220760964,5.0
rf,lime,789,50,116,marginal,0.39091965841206083,-0.1427812950601211,5.0
rf,lime,789,50,116,grouped_mean,0.6867531907422101,-0.3965582166339265,57.0
rf,lime,789,50,160,zero,0.1350682083631768,-0.13927576740398187,5.0
rf,lime,789,50,160,mean,0.135068208363177,-0.1392757674039823,5.0
rf,lime,789,50,160,marginal,0.1874877472580139,-0.1413273401769259,5.0
rf,lime,789,50,160,grouped_mean,0.35127009992307223,-0.44719780237343426,41.0
rf,lime,789,50,163,zero,0.2233682483940258,-0.15097230252585264,5.0
rf,lime,789,50,163,mean,0.22336824839402597,-0.14814374637913283,5.0
rf,lime,789,50,163,marginal,0.13797889859500698,-0.2702362381803078,5.0
rf,lime,789,50,163,grouped_mean,0.2721317354645576,-0.43864909139247726,57.0
rf,lime,789,50,174,zero,0.24284575651677726,-0.23563619444803588,5.0
rf,lime,789,50,174,mean,0.24284575651677742,-0.19365173409828318,5.0
rf,lime,789,50,174,marginal,0.09261440251138063,0.16826199055025687,5.0
rf,lime,789,50,174,grouped_mean,0.4387669736586661,-0.3583086772397566,58.0
rf,lime,789,50,194,zero,0.0606514328095329,0.11809343076456533,5.0
rf,lime,789,50,194,mean,0.060651432809532904,-0.04842261938334998,5.0
rf,lime,789,50,194,marginal,0.2029182153357236,-0.3514057792717582,5.0
rf,lime,789,50,194,grouped_mean,0.06522868931486533,-0.316918064839742,40.0
rf,lime,789,50,241,zero,0.30905167251927107,-0.13499835260215873,5.0
rf,lime,789,50,241,mean,0.3090516725192711,-0.11383188931715196,5.0
rf,lime,789,50,241,marginal,0.22393215751866005,-0.17250149523758795,5.0
rf,lime,789,50,241,grouped_mean,0.49803201139004494,-0.41340594883458515,57.0
rf,lime,789,50,243,zero,0.16252654530423138,-0.1581101431466601,5.0
rf,lime,789,50,243,mean,0.16252654530423138,-0.13131929975302875,5.0
rf,lime,789,50,243,marginal,0.17793736100800595,0.37236968016016087,5.0
rf,lime,789,50,243,grouped_mean,0.32421902106089223,-0.4271987101436472,58.0
rf,lime,789,50,299,zero,0.1732918846549194,-0.22810559781072087,5.0
rf,lime,789,50,299,mean,0.14519148948071958,-0.22790810615611815,5.0
rf,lime,789,50,299,marginal,0.14537549420123472,-0.22305073540502435,5.0
rf,lime,789,50,299,grouped_mean,0.14055415890840806,-0.32947139095222266,27.0
rf,lime,789,50,372,zero,0.2730791552733998,-0.037032097040858754,5.0
rf,lime,789,50,372,mean,0.24335019500248978,-0.07488005169071471,5.0
rf,lime,789,50,372,marginal,0.24335019500248978,0.0427554711980532,5.0
rf,lime,789,50,372,grouped_mean,0.4910266924800978,0.28080357926077765,43.0
rf,lime,789,50,403,zero,0.17661242153401513,0.08155889980124315,5.0
rf,lime,789,50,403,mean,0.17661242153401524,-0.038510065825702926,5.0
rf,lime,789,50,403,marginal,0.2151165688182206,0.515892386985708,5.0
rf,lime,789,50,403,grouped_mean,0.1314629430957226,-0.5018481627269927,35.0
rf,lime,789,50,442,zero,0.021938971334424073,-0.5271406465125754,5.0
rf,lime,789,50,442,mean,0.021938971334424018,-0.3875941119479062,5.0
rf,lime,789,50,442,marginal,0.1363950287363595,-0.41169268677612475,5.0
rf,lime,789,50,442,grouped_mean,0.029536854163587534,-0.43816879241034234,17.0
rf,lime,789,50,443,zero,0.21430841136015877,-0.23509069666106902,5.0
rf,lime,789,50,443,mean,0.2143084113601591,-0.23509069666106897,5.0
rf,lime,789,50,443,marginal,0.2386651782999337,-0.05582180338043177,5.0
rf,lime,789,50,443,grouped_mean,0.19450216298798095,-0.47093040002956343,42.0
rf,lime,789,50,452,zero,0.3149937534758715,-0.04491999379450638,5.0
rf,lime,789,50,452,mean,0.2990781139820591,-0.04460815296167658,5.0
rf,lime,789,50,452,marginal,0.23461915278605305,-0.20719222769313256,5.0
rf,lime,789,50,452,grouped_mean,0.49738233656756925,-0.3113923919278644,42.0
rf,lime,789,50,455,zero,0.24161551531364733,0.4922182348801786,5.0
rf,lime,789,50,455,mean,0.24161551531364733,0.49221823488017846,5.0
rf,lime,789,50,455,marginal,0.2008248173440088,0.15015506221398903,5.0
rf,lime,789,50,455,grouped_mean,0.21255936391575103,-0.1559525074922668,58.0
rf,lime,789,50,478,zero,0.334107317915737,0.067714546521911,5.0
rf,lime,789,50,478,mean,0.3320031430540866,0.0677145465219097,5.0
rf,lime,789,50,478,marginal,0.2174542363467855,-0.1498184888709836,5.0
rf,lime,789,50,478,grouped_mean,0.6291306598901798,-0.42556129861519987,58.0
rf,lime,789,50,547,zero,0.09464996640007461,-0.47564983472182293,5.0
rf,lime,789,50,547,mean,0.09093813441113696,-0.48003738503956583,5.0
rf,lime,789,50,547,marginal,0.09036178457295115,-0.49351337105313553,5.0
rf,lime,789,50,547,grouped_mean,0.09093813441113696,-0.47059746511674094,28.0
rf,lime,789,50,555,zero,0.08519749984773006,-0.12562919850839904,5.0
rf,lime,789,50,555,mean,0.08519749984773009,-0.17894513407942692,5.0
rf,lime,789,50,555,marginal,0.05058527905583835,-0.20421741248169498,5.0
rf,lime,789,50,555,grouped_mean,0.18214823473868835,-0.2665194774294992,57.0
rf,lime,789,50,655,zero,0.06038732454662868,-0.2515713374079472,5.0
rf,lime,789,50,655,mean,0.06038732454662865,-0.3161880184973642,5.0
rf,lime,789,50,655,marginal,0.20740958139628077,-0.026379128377622765,5.0
rf,lime,789,50,655,grouped_mean,0.020498385813836506,-0.5890197696267814,40.0
rf,lime,789,50,831,zero,0.053863113209591584,-0.4124360621956149,5.0
rf,lime,789,50,831,mean,0.053863113209591584,-0.41243606219561535,5.0
rf,lime,789,50,831,marginal,0.0635289273742821,-0.38003381875368003,5.0
rf,lime,789,50,831,grouped_mean,0.30009493125520165,-0.014274304057516845,41.0
rf,lime,789,50,846,zero,0.6685319760129835,0.7947153377916848,5.0
rf,lime,789,50,846,mean,0.6685319760129835,0.7971466546211672,5.0
rf,lime,789,50,846,marginal,0.6701498949926717,0.7887923616434105,5.0
rf,lime,789,50,846,grouped_mean,0.5697672934931612,0.7442051107642704,57.0
rf,lime,789,50,858,zero,0.052777367589025403,-0.2829625111561562,5.0
rf,lime,789,50,858,mean,0.052777367589025403,-0.2829625111561564,5.0
rf,lime,789,50,858,marginal,0.03640516591837036,-0.5262364273377585,5.0
rf,lime,789,50,858,grouped_mean,0.012395303394224566,-0.4551586608538946,43.0
rf,lime,789,50,882,zero,0.5977195116898986,0.0950304436812716,5.0
rf,lime,789,50,882,mean,0.5977195116898986,0.09503044368127112,5.0
rf,lime,789,50,882,marginal,0.4763339707396071,0.0036557433674891428,5.0
rf,lime,789,50,882,grouped_mean,0.5977195116898986,-0.3311612278453009,33.0
rf,lime,789,50,893,zero,0.43223966020915694,0.3371266037199399,5.0
rf,lime,789,50,893,mean,0.43223966020915694,0.34628930040321,5.0
rf,lime,789,50,893,marginal,0.2420055795724547,-0.42503347631899063,5.0
rf,lime,789,50,893,grouped_mean,0.408503179558002,-0.244542402476945,57.0
rf,lime,789,50,1015,zero,0.5389195576673187,0.22852826308859192,5.0
rf,lime,789,50,1015,mean,0.5389195576673186,0.3467956357283201,5.0
rf,lime,789,50,1015,marginal,0.2648376774055222,0.16742987205916007,5.0
rf,lime,789,50,1015,grouped_mean,0.5389195576673189,-0.3251242876509018,40.0
rf,lime,789,50,1029,zero,0.3030310671416509,0.09341709362780491,5.0
rf,lime,789,50,1029,mean,0.3030310671416508,0.0934170936278036,5.0
rf,lime,789,50,1029,marginal,0.04509424844639265,0.08922460444224106,5.0
rf,lime,789,50,1029,grouped_mean,0.5115370257991881,-0.36059894252284697,41.0
rf,lime,789,50,1130,zero,0.45600300244828396,0.06778583184825232,5.0
rf,lime,789,50,1130,mean,0.456003002448284,0.09395343170927006,5.0
rf,lime,789,50,1130,marginal,0.15909444025886552,-0.11158463764525063,5.0
rf,lime,789,50,1130,grouped_mean,0.45600300244828396,-0.32889964075505496,40.0
rf,lime,789,50,1190,zero,0.6225249316319755,0.3441866041793775,5.0
rf,lime,789,50,1190,mean,0.6225249316319752,0.34418660417937713,5.0
rf,lime,789,50,1190,marginal,0.6035554678210819,0.3487323224803709,5.0
rf,lime,789,50,1190,grouped_mean,0.6225249316319752,-0.2784728166565848,41.0
rf,lime,789,50,1195,zero,0.5089942833008974,0.08992730804623661,5.0
rf,lime,789,50,1195,mean,0.5089942833008974,0.09800574227323827,5.0
rf,lime,789,50,1195,marginal,0.5041967730192392,0.3156690228719166,5.0
rf,lime,789,50,1195,grouped_mean,0.5089942833008974,-0.4214336895561698,57.0
rf,lime,789,50,1249,zero,0.33662347252415786,0.46509524335318914,5.0
rf,lime,789,50,1249,mean,0.33662347252415775,0.4650952433531891,5.0
rf,lime,789,50,1249,marginal,0.3878682932951722,0.3589281321877058,5.0
rf,lime,789,50,1249,grouped_mean,0.0412276892172011,0.567808817268272,57.0
rf,lime,789,50,1253,zero,0.4124566295405606,0.005367473515250708,5.0
rf,lime,789,50,1253,mean,0.41245662954056006,0.015512142090902889,5.0
rf,lime,789,50,1253,marginal,0.41871843799281355,-0.0657168810175641,5.0
rf,lime,789,50,1253,grouped_mean,0.5528677833886368,-0.36640795621390787,57.0
rf,lime,789,50,1289,zero,0.1582745478975428,0.29534180339914584,5.0
rf,lime,789,50,1289,mean,0.1582745478975427,0.29534180339914595,5.0
rf,lime,789,50,1289,marginal,0.08957026875579537,-0.010236576095982053,5.0
rf,lime,789,50,1289,grouped_mean,0.3183665158268767,-0.10300769333362257,58.0
rf,lime,789,50,1291,zero,0.07482698303303718,0.23848220180966714,5.0
rf,lime,789,50,1291,mean,0.0748269830330372,0.23848220180966728,5.0
rf,lime,789,50,1291,marginal,0.07846713113645205,-0.10984472291624477,5.0
rf,lime,789,50,1291,grouped_mean,0.15045287904721433,0.07548935181440314,57.0
rf,lime,789,50,1307,zero,0.2888114186221955,0.171525838216034,5.0
rf,lime,789,50,1307,mean,0.2888114186221955,0.17152583821603398,5.0
rf,lime,789,50,1307,marginal,0.20903177569840592,-0.14186830169468512,5.0
rf,lime,789,50,1307,grouped_mean,0.7214803724007227,-0.13326750188468642,58.0
rf,lime,789,50,1356,zero,0.08866383338643613,-0.1156777533539114,5.0
rf,lime,789,50,1356,mean,0.08866383338643635,-0.2508881956094041,5.0
rf,lime,789,50,1356,marginal,0.08866383338643602,0.2944482024981458,5.0
rf,lime,789,50,1356,grouped_mean,0.09878116431219319,-0.25090202919528,43.0
rf,lime,789,50,1365,zero,0.3885238465445299,0.6422641176154014,5.0
rf,lime,789,50,1365,mean,0.3885238465445299,0.5572616241036054,5.0
rf,lime,789,50,1365,marginal,0.3370263201284936,0.1866676226099053,5.0
rf,lime,789,50,1365,grouped_mean,0.26792869569976624,0.27032857394743404,57.0
rf,lime,789,50,1371,zero,0.4642367566565341,0.0,5.0
rf,lime,789,50,1371,mean,0.4418172929294597,0.0,5.0
rf,lime,789,50,1371,marginal,0.3075973501243638,0.0,5.0
rf,lime,789,50,1371,grouped_mean,0.33690123376813635,0.0,41.0
rf,lime,999,50,40,zero,0.04259618651521378,-0.08170365316938849,5.0
rf,lime,999,50,40,mean,0.04259618651521377,-0.08170365316938848,5.0
rf,lime,999,50,40,marginal,0.16036307961296067,-0.10046723509167052,5.0
rf,lime,999,50,40,grouped_mean,0.10633513411988062,-0.12567946900492272,41.0
rf,lime,999,50,87,zero,0.01772119216684631,-0.2133959264233199,5.0
rf,lime,999,50,87,mean,0.005442319243327831,-0.2407736907708483,5.0
rf,lime,999,50,87,marginal,0.009535276884500768,-0.166706371583411,5.0
rf,lime,999,50,87,grouped_mean,0.10978316096144858,-0.30388119851300477,44.0
rf,lime,999,50,220,zero,0.2538370657419663,-0.008455534356628762,5.0
rf,lime,999,50,220,mean,0.2538370657419662,-0.007764328424879119,5.0
rf,lime,999,50,220,marginal,0.1750410304291159,0.03287570765428903,5.0
rf,lime,999,50,220,grouped_mean,0.2538370657419664,-0.25865080462090984,43.0
rf,lime,999,50,320,zero,0.10349155419590213,0.06290384969188087,5.0
rf,lime,999,50,320,mean,0.10349155419590216,0.01955025268528139,5.0
rf,lime,999,50,320,marginal,0.16088528775266464,-0.42775297156879877,5.0
rf,lime,999,50,320,grouped_mean,0.18967346925043527,-0.4581066015678412,33.0
rf,lime,999,50,510,zero,0.4713854790984739,0.08871627686620787,5.0
rf,lime,999,50,510,mean,0.47138547909847395,0.1171270775159381,5.0
rf,lime,999,50,510,marginal,0.09568001694003699,-0.0004793181736937602,5.0
rf,lime,999,50,510,grouped_mean,0.4713854790984739,-0.3262687477157966,40.0
rf,lime,999,50,552,zero,0.07244525229843757,-0.09118692515992863,5.0
rf,lime,999,50,552,mean,0.07244525229843746,-0.09118692515992885,5.0
rf,lime,999,50,552,marginal,0.06711810856175242,-0.036762451348543126,5.0
rf,lime,999,50,552,grouped_mean,0.006448312153832347,-0.5002669232589826,42.0
rf,lime,999,50,582,zero,0.05397064600118906,-0.3107133833906357,5.0
rf,lime,999,50,582,mean,0.06731958792909765,-0.3239264298696097,5.0
rf,lime,999,50,582,marginal,0.06731958792909767,-0.3716917794601917,5.0
rf,lime,999,50,582,grouped_mean,0.07701784765246492,-0.487642425289191,27.0
rf,lime,999,50,598,zero,0.49349806183698636,0.02397797454473255,5.0
rf,lime,999,50,598,mean,0.4934980618369864,0.263252517266232,5.0
rf,lime,999,50,598,marginal,0.42368043642287034,0.3521269983499606,5.0
rf,lime,999,50,598,grouped_mean,0.6388344484171606,-0.523948196510318,57.0
rf,lime,999,50,601,zero,0.23104411463345664,-0.03328761748703203,5.0
rf,lime,999,50,601,mean,0.23104411463345675,-0.020209690497094007,5.0
rf,lime,999,50,601,marginal,0.20509006844938363,-0.16316305443024243,5.0
rf,lime,999,50,601,grouped_mean,0.39444108727096305,-0.28202953365916417,58.0
rf,lime,999,50,607,zero,0.5429720715281836,-0.00891287013264685,5.0
rf,lime,999,50,607,mean,0.5429720715281836,-0.008912870132647148,5.0
rf,lime,999,50,607,marginal,0.43670934320890425,-0.36602637249212877,5.0
rf,lime,999,50,607,grouped_mean,0.597906394765234,-0.3136354017984091,34.0
rf,lime,999,50,609,zero,0.2569296575779305,0.1973270438555384,5.0
rf,lime,999,50,609,mean,0.2471987239327721,0.1604952867523757,5.0
rf,lime,999,50,609,marginal,0.16606466990601895,0.08932745502427777,5.0
rf,lime,999,50,609,grouped_mean,0.21024808158874245,0.012145276363990504,57.0
rf,lime,999,50,661,zero,0.4129518467382982,0.13520785087917214,5.0
rf,lime,999,50,661,mean,0.4129518467382981,0.13520785087917256,5.0
rf,lime,999,50,661,marginal,0.27626416808091586,-0.2604751681165006,5.0
rf,lime,999,50,661,grouped_mean,0.5703966424389144,-0.33410550969426484,34.0
rf,lime,999,50,676,zero,0.03837025904386959,-0.12084204822741762,5.0
rf,lime,999,50,676,mean,0.05604605840480614,-0.1285471030148873,5.0
rf,lime,999,50,676,marginal,0.054477174466090315,-0.1074527032406387,5.0
rf,lime,999,50,676,grouped_mean,0.056046058404806476,-0.20877779269603225,26.0
rf,lime,999,50,837,zero,0.08592766306519489,-0.1776500842453484,5.0
rf,lime,999,50,837,mean,0.08592766306519486,-0.2529468912202317,5.0
rf,lime,999,50,837,marginal,0.17027128726405624,-0.13191928540327014,5.0
rf,lime,999,50,837,grouped_mean,0.09950860413521315,-0.48740604926938075,40.0
rf,lime,999,50,1030,zero,0.5419412919858074,-0.0017695386643169844,5.0
rf,lime,999,50,1030,mean,0.5419412919858072,0.09001324916032462,5.0
rf,lime,999,50,1030,marginal,0.3102136476314514,0.04838694055747965,5.0
rf,lime,999,50,1030,grouped_mean,0.5323455627626654,-0.28264769148921265,40.0
rf,lime,999,50,1067,zero,0.12556830415919934,-0.2364114007351098,5.0
rf,lime,999,50,1067,mean,0.12556830415919934,-0.36653137469010366,5.0
rf,lime,999,50,1067,marginal,0.12556830415919923,-0.2794690394320754,5.0
rf,lime,999,50,1067,grouped_mean,0.342184255744661,-0.1876855401850862,41.0
rf,lime,999,50,1182,zero,0.1201426202784918,-0.13424391391495394,5.0
rf,lime,999,50,1182,mean,0.12014262027849178,-0.13424391391495388,5.0
rf,lime,999,50,1182,marginal,0.2247215198549778,0.648618375659583,5.0
rf,lime,999,50,1182,grouped_mean,0.23916588340165792,-0.20734575524931767,34.0
rf,lime,999,50,1183,zero,0.5188144692424704,0.0744504270754311,5.0
rf,lime,999,50,1183,mean,0.5188144692424704,0.05381720751709057,5.0
rf,lime,999,50,1183,marginal,0.40058948811856415,-0.31718480276491856,5.0
rf,lime,999,50,1183,grouped_mean,0.4795173296697914,-0.1163774262375495,57.0
rf,lime,999,50,1266,zero,0.021585872018561658,-0.18993366815802387,5.0
rf,lime,999,50,1266,mean,0.03044133554716366,-0.2299268185905906,5.0
rf,lime,999,50,1266,marginal,0.030441335547163995,-0.10688291253550664,5.0
rf,lime,999,50,1266,grouped_mean,0.22763496536880667,-0.6513563864971477,42.0
rf,lime,999,50,1287,zero,0.5494854379173171,0.10052198238963835,5.0
rf,lime,999,50,1287,mean,0.5494854379173171,0.20768789617491729,5.0
rf,lime,999,50,1287,marginal,0.5062621192248169,-0.21385495825580123,5.0
rf,lime,999,50,1287,grouped_mean,0.5494854379173169,-0.3066710686381015,57.0
rf,lime,999,50,1418,zero,0.3261051588636096,-0.0739852647866855,5.0
rf,lime,999,50,1418,mean,0.3075587242291299,-0.07604689045123955,5.0
rf,lime,999,50,1418,marginal,0.2221614935699122,-0.1207436845931081,5.0
rf,lime,999,50,1418,grouped_mean,0.47174947047670546,-0.1549260455357345,42.0
rf,lime,999,50,1419,zero,0.48812677105301394,-0.02734098571114453,5.0
rf,lime,999,50,1419,mean,0.48812677105301405,-0.02705989094208649,5.0
rf,lime,999,50,1419,marginal,0.35310820027006073,-0.1840838262173191,5.0
rf,lime,999,50,1419,grouped_mean,0.48812677105301405,-0.28597081968241533,40.0
rf,lime,999,50,1546,zero,0.23552676401823563,-0.1685195172467744,5.0
rf,lime,999,50,1546,mean,0.23552676401823558,-0.16851951724677355,5.0
rf,lime,999,50,1546,marginal,0.24859921846346192,-0.027944140336829654,5.0
rf,lime,999,50,1546,grouped_mean,0.2721892375045721,-0.618480429152772,44.0
rf,lime,999,50,1581,zero,0.07936286918521543,-0.11019004086043795,5.0
rf,lime,999,50,1581,mean,0.0793628691852154,-0.12268013460736091,5.0
rf,lime,999,50,1581,marginal,0.25334991942290735,-0.36270751752804103,5.0
rf,lime,999,50,1581,grouped_mean,0.13325489530522114,-0.4542357933627948,42.0
rf,lime,999,50,1704,zero,0.3049771541384039,-0.22483948797137274,5.0
rf,lime,999,50,1704,mean,0.304977154138404,-0.22498392052771246,5.0
rf,lime,999,50,1704,marginal,0.12563875837603633,-0.3257741651283933,5.0
rf,lime,999,50,1704,grouped_mean,0.6090859012118884,-0.29061258017235514,57.0
rf,lime,999,50,1755,zero,0.4311755352277018,0.03746143069276228,5.0
rf,lime,999,50,1755,mean,0.4311755352277018,0.07403476826398682,5.0
rf,lime,999,50,1755,marginal,0.007689771959101403,0.012112590032296068,5.0
rf,lime,999,50,1755,grouped_mean,0.43117553522770163,-0.19781557255100893,57.0
rf,lime,999,50,1818,zero,0.33789527365995625,-0.09048372510911287,5.0
rf,lime,999,50,1818,mean,0.33789527365995614,-0.09048372510911377,5.0
rf,lime,999,50,1818,marginal,0.31197725316236125,-0.08237544233191788,5.0
rf,lime,999,50,1818,grouped_mean,0.33789527365995636,-0.108480745821065,43.0
rf,lime,999,50,1929,zero,0.03340222436396456,0.08492467274978782,5.0
rf,lime,999,50,1929,mean,0.03340222436396423,0.08783019407120354,5.0
rf,lime,999,50,1929,marginal,0.12676629905875905,0.11588522661349729,5.0
rf,lime,999,50,1929,grouped_mean,0.33558094080215406,0.026072161743582276,57.0
rf,lime,999,50,1998,zero,0.6328256828263389,0.011216787860269386,5.0
rf,lime,999,50,1998,mean,0.6328256828263384,0.007446003345865183,5.0
rf,lime,999,50,1998,marginal,0.37197119261185563,-0.025477398693980174,5.0
rf,lime,999,50,1998,grouped_mean,0.6328256828263389,-0.3117068496075052,33.0
rf,lime,999,50,2022,zero,0.19050803674389005,-0.17703417171404875,5.0
rf,lime,999,50,2022,mean,0.19050803674389,-0.14047383244932687,5.0
rf,lime,999,50,2022,marginal,0.0563781573323958,-0.3821514561405366,5.0
rf,lime,999,50,2022,grouped_mean,0.5030066612989799,-0.3949783707262339,41.0
rf,lime,999,50,2170,zero,0.5475262049472258,0.2695854742776683,5.0
rf,lime,999,50,2170,mean,0.5475262049472261,0.3354479277005289,5.0
rf,lime,999,50,2170,marginal,0.5478200146306557,0.08236756427604093,5.0
rf,lime,999,50,2170,grouped_mean,0.6803333990779896,-0.5659186599046954,57.0
rf,lime,999,50,2226,zero,0.06983591492333964,-0.19990242557070692,5.0
rf,lime,999,50,2226,mean,0.08687191457425734,-0.23795747512417115,5.0
rf,lime,999,50,2226,marginal,0.22815011965182053,0.10538766727388127,5.0
rf,lime,999,50,2226,grouped_mean,0.15219459738866664,-0.2752229743591901,16.0
rf,lime,999,50,2247,zero,0.5326216346829002,0.14903945219648873,5.0
rf,lime,999,50,2247,mean,0.5326216346829002,0.1490394521964884,5.0
rf,lime,999,50,2247,marginal,0.4056849427056453,0.17052459200651746,5.0
rf,lime,999,50,2247,grouped_mean,0.5157617270160253,-0.2554048306482315,57.0
rf,lime,999,50,2268,zero,0.2300738886013287,-0.13344796490743077,5.0
rf,lime,999,50,2268,mean,0.22536866378099152,-0.13464213341230724,5.0
rf,lime,999,50,2268,marginal,0.1736295583099583,-0.3228077696512833,5.0
rf,lime,999,50,2268,grouped_mean,0.22536866378099152,-0.04215163856700267,41.0
rf,lime,999,50,2328,zero,0.15996974359481492,0.6462933155990442,5.0
rf,lime,999,50,2328,mean,0.1599697435948148,0.744029376487426,5.0
rf,lime,999,50,2328,marginal,0.12109264207568697,0.45217868489831436,5.0
rf,lime,999,50,2328,grouped_mean,0.13253339456901353,0.6981910627667343,40.0
rf,lime,999,50,2455,zero,0.0033736137158404955,0.1652452985179355,5.0
rf,lime,999,50,2455,mean,0.0033736137158403845,0.0790448891940163,5.0
rf,lime,999,50,2455,marginal,0.12133630835775866,-0.11830948885645731,5.0
rf,lime,999,50,2455,grouped_mean,0.23241164677283077,-0.15743217937265022,40.0
rf,lime,999,50,2497,zero,0.21400799832900758,-0.4382043477289145,5.0
rf,lime,999,50,2497,mean,0.2140079983290074,-0.43820434772891464,5.0
rf,lime,999,50,2497,marginal,0.200766925154421,-0.469751410594776,5.0
rf,lime,999,50,2497,grouped_mean,0.1194511026653432,-0.632379754058263,58.0
rf,lime,999,50,2516,zero,0.15122284401195918,-0.3014790560661573,5.0
rf,lime,999,50,2516,mean,0.1512228440119593,-0.3014790560661561,5.0
rf,lime,999,50,2516,marginal,0.19688939339147815,-0.29718115922182997,5.0
rf,lime,999,50,2516,grouped_mean,0.15122284401195907,-0.4829087772627248,43.0
rf,lime,999,50,2522,zero,0.2156653730069822,-0.08231527099901795,5.0
rf,lime,999,50,2522,mean,0.2156653730069823,-0.027392403549181737,5.0
rf,lime,999,50,2522,marginal,0.13333862622555023,-0.07124182400252085,5.0
rf,lime,999,50,2522,grouped_mean,0.5585470482431998,-0.5254006968515951,57.0
rf,lime,999,50,2606,zero,0.07552374136019163,0.0,5.0
rf,lime,999,50,2606,mean,0.07966102510021372,0.0,5.0
rf,lime,999,50,2606,marginal,0.07689194320629546,0.0,5.0
rf,lime,999,50,2606,grouped_mean,0.0918018885765855,0.0,43.0
