{"instance_id": 1178, "quadrant": "TN", "true_label": 0, "prediction": 0, "prediction_correct": true, "metrics": {"cost": 310.9022530261427, "sparsity": 0.09259259259259259, "fidelity": 0.717934252570444, "faithfulness_gap": 0.0005423904067753193, "stability": 0.7145637551667907}, "explanation": {"top_features": ["age: -0.0911", "hours-per-week: -0.0683", "occupation_Other-service: -0.0563", "marital-status_Never-married: -0.0517", "race_White: 0.0469", "education_HS-grad: -0.0451", "sex_Female: -0.0342", "marital-status_Married-civ-spouse: -0.0311", "relationship_Husband: -0.0134", "capital-loss: -0.0069"], "raw_top": {"age": -0.09114174487575759, "hours-per-week": -0.06829159439953465, "occupation_Other-service": -0.056337285450755614, "marital-status_Never-married": -0.05173460519483638, "race_White": 0.04694234271241726, "education_HS-grad": -0.045070058404220056, "sex_Female": -0.03421082087536543, "marital-status_Married-civ-spouse": -0.031062046496787656, "relationship_Husband": -0.013433406016559638, "capital-loss": -0.006923515785619289}}}