{"instance_id": 1219, "quadrant": "FP", "true_label": 0, "prediction": 1, "prediction_correct": false, "metrics": {"cost": 518.8313850667328, "sparsity": 0.09259259259259259, "fidelity": 0.61132759983535, "faithfulness_gap": 0.13116522300697614, "stability": 0.1706841763944063}, "explanation": {"top_features": ["education_Assoc-acdm: -0.1557", "marital-status_Married-civ-spouse: 0.1399", "education_HS-grad: 0.0641", "age: -0.0472", "relationship_Husband: 0.0332", "fnlwgt: 0.0288", "marital-status_Never-married: 0.0281", "education_Bachelors: 0.0219", "hours-per-week: 0.0205", "sex_Female: 0.0190"], "raw_top": {"education_Assoc-acdm": -0.15573867755230725, "marital-status_Married-civ-spouse": 0.13991991530773423, "education_HS-grad": 0.06411621996863782, "age": -0.0471684601260868, "relationship_Husband": 0.03320362160432016, "fnlwgt": 0.028841079850725503, "marital-status_Never-married": 0.02806730765834393, "education_Bachelors": 0.02193782482848666, "hours-per-week": 0.02054071549192373, "sex_Female": 0.01902798909013028}}}