{"instance_id": 1252, "quadrant": "TP", "true_label": 1, "prediction": 1, "prediction_correct": true, "metrics": {"cost": 180.2809990476817, "sparsity": 0.09259259259259259, "fidelity": 0.7318666755032723, "faithfulness_gap": 0.8469339176839223, "stability": 0.2736468407708623}, "explanation": {"top_features": ["marital-status_Married-civ-spouse: 0.1566", "age: 0.1330", "hours-per-week: 0.0431", "marital-status_Never-married: 0.0387", "education_HS-grad: 0.0347", "occupation_Exec-managerial: 0.0305", "fnlwgt: 0.0280", "capital-gain: 0.0182", "relationship_Husband: 0.0162", "sex_Female: 0.0118"], "raw_top": {"marital-status_Married-civ-spouse": 0.15664944347730062, "age": 0.13295696187953823, "hours-per-week": 0.04306521988962992, "marital-status_Never-married": 0.03865554607933373, "education_HS-grad": 0.0346899552257408, "occupation_Exec-managerial": 0.030535909508868822, "fnlwgt": 0.02804668594351486, "capital-gain": 0.018213126721482658, "relationship_Husband": 0.01615512560467309, "sex_Female": 0.011808760166450105}}}