{"instance_id": 140, "quadrant": "FN", "true_label": 1, "prediction": 0, "prediction_correct": false, "metrics": {"cost": 479.6547789592296, "sparsity": 0.09259259259259259, "fidelity": 0.9220374073054501, "faithfulness_gap": 0.47036656455311876, "stability": 0.3913819127254105}, "explanation": {"top_features": ["occupation_Handlers-cleaners: -0.2925", "race_Black: -0.1640", "race_White: 0.1079", "marital-status_Married-civ-spouse: 0.1019", "education_Some-college: -0.0784", "education_HS-grad: 0.0319", "marital-status_Never-married: 0.0272", "capital-gain: -0.0213", "hours-per-week: -0.0157", "capital-loss: -0.0150"], "raw_top": {"occupation_Handlers-cleaners": -0.29249198451309616, "race_Black": -0.16396617960537038, "race_White": 0.10790730498953338, "marital-status_Married-civ-spouse": 0.10193264173328455, "education_Some-college": -0.07839767576254729, "education_HS-grad": 0.03187303822390363, "marital-status_Never-married": 0.027219075267267925, "capital-gain": -0.021327792629759094, "hours-per-week": -0.01570128379287558, "capital-loss": -0.015002048703511184}}}