{"instance_id": 1443, "quadrant": "TP", "true_label": 1, "prediction": 1, "prediction_correct": true, "metrics": {"cost": 198.1758289039135, "sparsity": 0.09259259259259259, "fidelity": 0.6453164561039307, "faithfulness_gap": 0.19762809409370397, "stability": 0.2454524733456286}, "explanation": {"top_features": ["workclass_Local-gov: -0.2501", "marital-status_Married-civ-spouse: 0.1314", "education_Masters: 0.1145", "workclass_Private: 0.0977", "age: 0.0950", "marital-status_Never-married: 0.0661", "education_HS-grad: 0.0635", "capital-gain: 0.0311", "occupation_Exec-managerial: 0.0309", "sex_Female: 0.0278"], "raw_top": {"workclass_Local-gov": -0.2500682264684344, "marital-status_Married-civ-spouse": 0.1314445448768939, "education_Masters": 0.11448512339745169, "workclass_Private": 0.0977079544658632, "age": 0.0950397390766382, "marital-status_Never-married": 0.06612960137034192, "education_HS-grad": 0.06349204086202168, "capital-gain": 0.0311101035545295, "occupation_Exec-managerial": 0.030926364532339986, "sex_Female": 0.02779481595594513}}}