{"instance_id": 1449, "quadrant": "FP", "true_label": 0, "prediction": 1, "prediction_correct": false, "metrics": {"cost": 481.1317858984694, "sparsity": 0.09259259259259259, "fidelity": 0.751788316048369, "faithfulness_gap": 0.47970437833171853, "stability": 0.1899218248755671}, "explanation": {"top_features": ["workclass_nan: -0.1904", "workclass_Private: 0.1155", "hours-per-week: 0.1077", "marital-status_Married-civ-spouse: 0.0979", "age: 0.0872", "education_HS-grad: -0.0699", "relationship_Husband: 0.0536", "marital-status_Never-married: 0.0278", "capital-gain: 0.0194", "education_Bachelors: 0.0145"], "raw_top": {"workclass_nan": -0.19037450167976788, "workclass_Private": 0.11553927889844273, "hours-per-week": 0.10770376404138615, "marital-status_Married-civ-spouse": 0.09785737999694882, "age": 0.08722560068684865, "education_HS-grad": -0.06989940178918409, "relationship_Husband": 0.05361750158610213, "marital-status_Never-married": 0.02784052119025455, "capital-gain": 0.01937941456774353, "education_Bachelors": 0.014543892668346143}}}