{"instance_id": 1603, "quadrant": "TP", "true_label": 1, "prediction": 1, "prediction_correct": true, "metrics": {"cost": 270.7016299245879, "sparsity": 0.09259259259259259, "fidelity": 0.8271358796595846, "faithfulness_gap": 0.26010261597232054, "stability": 0.20934168333781317}, "explanation": {"top_features": ["race_Asian-Pac-Islander: 0.1498", "race_White: 0.1375", "hours-per-week: 0.1031", "marital-status_Married-civ-spouse: 0.0792", "education_Some-college: -0.0751", "sex_Female: 0.0628", "education_HS-grad: 0.0576", "marital-status_Never-married: 0.0322", "age: 0.0317", "relationship_Husband: 0.0033"], "raw_top": {"race_Asian-Pac-Islander": 0.14977201462065035, "race_White": 0.13745340585668755, "hours-per-week": 0.10313027159695086, "marital-status_Married-civ-spouse": 0.07924761450776281, "education_Some-college": -0.07510621828918207, "sex_Female": 0.06279455997916567, "education_HS-grad": 0.057585046741451325, "marital-status_Never-married": 0.03218791714005142, "age": 0.0317111583162062, "relationship_Husband": 0.0032570305751236095}}}