{"instance_id": 1654, "quadrant": "FN", "true_label": 1, "prediction": 0, "prediction_correct": false, "metrics": {"cost": 518.2215829845518, "sparsity": 0.09259259259259259, "fidelity": 0.8977360481418609, "faithfulness_gap": 0.3452560572713043, "stability": 0.42148703707610424}, "explanation": {"top_features": ["workclass_Local-gov: -0.2551", "occupation_Transport-moving: -0.2111", "education_HS-grad: -0.0989", "workclass_Private: 0.0858", "race_White: 0.0846", "marital-status_Married-civ-spouse: 0.0775", "education-num: -0.0394", "relationship_Husband: 0.0387", "race_Black: -0.0380", "age: 0.0351"], "raw_top": {"workclass_Local-gov": -0.25505339823196593, "occupation_Transport-moving": -0.21105907088056197, "education_HS-grad": -0.09889914886257953, "workclass_Private": 0.085829009101692, "race_White": 0.08459561887870169, "marital-status_Married-civ-spouse": 0.07747169461304056, "education-num": -0.039388478096485546, "relationship_Husband": 0.03871222717351744, "race_Black": -0.03797896854445802, "age": 0.03509171951945539}}}