{"instance_id": 1673, "quadrant": "FN", "true_label": 1, "prediction": 0, "prediction_correct": false, "metrics": {"cost": 729.5600849902257, "sparsity": 0.09259259259259259, "fidelity": 0.6940789442993667, "faithfulness_gap": 0.5473329192185719, "stability": 0.1348027912239766}, "explanation": {"top_features": ["education_Assoc-acdm: -0.1240", "marital-status_Married-civ-spouse: -0.1153", "workclass_Private: 0.0840", "age: -0.0772", "workclass_Federal-gov: -0.0620", "education_HS-grad: 0.0584", "hours-per-week: 0.0502", "relationship_Unmarried: 0.0496", "marital-status_Divorced: -0.0436", "relationship_Husband: -0.0428"], "raw_top": {"education_Assoc-acdm": -0.1239545339660401, "marital-status_Married-civ-spouse": -0.11530126672140233, "workclass_Private": 0.08402867507853302, "age": -0.07719416288837803, "workclass_Federal-gov": -0.06201699268927834, "education_HS-grad": 0.05840438930028508, "hours-per-week": 0.050195224342507894, "relationship_Unmarried": 0.049592700181390385, "marital-status_Divorced": -0.04357366640627819, "relationship_Husband": -0.04277207571769575}}}