{"instance_id": 1733, "quadrant": "TP", "true_label": 1, "prediction": 1, "prediction_correct": true, "metrics": {"cost": 344.36381806153804, "sparsity": 0.09259259259259259, "fidelity": 0.6785366537677989, "faithfulness_gap": 0.5639832055665226, "stability": 0.12965352285061313}, "explanation": {"top_features": ["marital-status_Married-civ-spouse: 0.1725", "education-num: 0.0793", "occupation_Tech-support: 0.0602", "marital-status_Never-married: 0.0451", "age: 0.0398", "hours-per-week: -0.0324", "education_Assoc-voc: -0.0324", "sex_Female: 0.0285", "education_HS-grad: 0.0183", "relationship_Husband: 0.0114"], "raw_top": {"marital-status_Married-civ-spouse": 0.17254524314535963, "education-num": 0.07925922827283226, "occupation_Tech-support": 0.0601866790986854, "marital-status_Never-married": 0.04506595099459036, "age": 0.03979798433021057, "hours-per-week": -0.03242313817898041, "education_Assoc-voc": -0.032363914491049195, "sex_Female": 0.028464549250604564, "education_HS-grad": 0.018331546615202907, "relationship_Husband": 0.011428339659190193}}}