{"instance_id": 1741, "quadrant": "FP", "true_label": 0, "prediction": 1, "prediction_correct": false, "metrics": {"cost": 417.39897103980184, "sparsity": 0.09259259259259259, "fidelity": 0.8172411941463471, "faithfulness_gap": 0.639770572369155, "stability": 0.1295466464684573}, "explanation": {"top_features": ["education-num: 0.1925", "marital-status_Married-civ-spouse: 0.1897", "occupation_Sales: -0.0980", "education_HS-grad: 0.0900", "age: 0.0875", "marital-status_Never-married: 0.0794", "education_Bachelors: -0.0623", "hours-per-week: -0.0331", "fnlwgt: -0.0285", "relationship_Not-in-family: -0.0231"], "raw_top": {"education-num": 0.19253892353122978, "marital-status_Married-civ-spouse": 0.18970977890572596, "occupation_Sales": -0.09801670379644528, "education_HS-grad": 0.08996874622261367, "age": 0.08745444392803603, "marital-status_Never-married": 0.07940222901532953, "education_Bachelors": -0.06231813940365451, "hours-per-week": -0.03309356926241786, "fnlwgt": -0.02850382023488976, "relationship_Not-in-family": -0.02312618563120261}}}