{"instance_id": 175, "quadrant": "FN", "true_label": 1, "prediction": 0, "prediction_correct": false, "metrics": {"cost": 315.10659598279744, "sparsity": 0.09259259259259259, "fidelity": 0.7965006730459884, "faithfulness_gap": 0.4162311751726015, "stability": 0.1709200004561466}, "explanation": {"top_features": ["marital-status_Married-civ-spouse: 0.1814", "occupation_Sales: -0.0936", "age: 0.0641", "education_Some-college: -0.0586", "marital-status_Never-married: 0.0575", "sex_Female: 0.0296", "hours-per-week: -0.0251", "relationship_Own-child: -0.0249", "relationship_Not-in-family: -0.0214", "education_HS-grad: 0.0138"], "raw_top": {"marital-status_Married-civ-spouse": 0.181387760812573, "occupation_Sales": -0.09359786215573793, "age": 0.0641215910116348, "education_Some-college": -0.05858811619744695, "marital-status_Never-married": 0.05746323738881488, "sex_Female": 0.029571455839423597, "hours-per-week": -0.025067877013098296, "relationship_Own-child": -0.024859967146523537, "relationship_Not-in-family": -0.02135981398598662, "education_HS-grad": 0.013815354480457412}}}