{"instance_id": 1832, "quadrant": "FP", "true_label": 0, "prediction": 1, "prediction_correct": false, "metrics": {"cost": 453.3134460216388, "sparsity": 0.09259259259259259, "fidelity": 0.7898234213005955, "faithfulness_gap": 0.9589015427151165, "stability": 0.28618204112903045}, "explanation": {"top_features": ["relationship_Wife: 0.2341", "hours-per-week: -0.1582", "education_Masters: 0.1266", "marital-status_Married-civ-spouse: 0.1185", "marital-status_Never-married: 0.0848", "workclass_Private: 0.0642", "age: 0.0601", "fnlwgt: 0.0524", "sex_Male: 0.0410", "education_HS-grad: 0.0199"], "raw_top": {"relationship_Wife": 0.2340773009392712, "hours-per-week": -0.15815707459278425, "education_Masters": 0.1266197879183184, "marital-status_Married-civ-spouse": 0.11849358887344591, "marital-status_Never-married": 0.08481421040172071, "workclass_Private": 0.06420573013997063, "age": 0.060052919248074065, "fnlwgt": 0.05236985785163653, "sex_Male": 0.04097155560821082, "education_HS-grad": 0.01993183129814058}}}