{"instance_id": 2057, "quadrant": "TN", "true_label": 0, "prediction": 0, "prediction_correct": true, "metrics": {"cost": 244.23671304248273, "sparsity": 0.09259259259259259, "fidelity": 0.7496532336178034, "faithfulness_gap": 0.4846523222587714, "stability": 0.6038473472306338}, "explanation": {"top_features": ["marital-status_Never-married: -0.1046", "marital-status_Married-civ-spouse: -0.0816", "education_Assoc-acdm: -0.0757", "workclass_nan: -0.0673", "age: -0.0427", "relationship_Own-child: 0.0340", "occupation_nan: -0.0334", "workclass_Private: 0.0281", "relationship_Husband: -0.0269", "education_HS-grad: 0.0188"], "raw_top": {"marital-status_Never-married": -0.10462539984317272, "marital-status_Married-civ-spouse": -0.08162988016290129, "education_Assoc-acdm": -0.075699445679376, "workclass_nan": -0.067273311350409, "age": -0.042661644996685816, "relationship_Own-child": 0.0340464029514805, "occupation_nan": -0.03341477546538106, "workclass_Private": 0.02807909932720906, "relationship_Husband": -0.02687835336336531, "education_HS-grad": 0.01879515063839976}}}