{"instance_id": 2127, "quadrant": "TN", "true_label": 0, "prediction": 0, "prediction_correct": true, "metrics": {"cost": 1151.1653019115329, "sparsity": 0.09259259259259259, "fidelity": 0.7735360045932512, "faithfulness_gap": 0.1041792657472283, "stability": 0.7644671514163343}, "explanation": {"top_features": ["age: -0.1120", "marital-status_Never-married: -0.0729", "marital-status_Married-civ-spouse: -0.0583", "occupation_Adm-clerical: -0.0412", "hours-per-week: -0.0236", "relationship_Husband: -0.0158", "sex_Female: -0.0121", "education_Some-college: -0.0080", "education-num: -0.0049", "relationship_Not-in-family: -0.0025"], "raw_top": {"age": -0.11204380530712693, "marital-status_Never-married": -0.07294212369983101, "marital-status_Married-civ-spouse": -0.058256007769502446, "occupation_Adm-clerical": -0.04115769650419991, "hours-per-week": -0.02362394221563312, "relationship_Husband": -0.015786198585191587, "sex_Female": -0.012125615824585595, "education_Some-college": -0.007975254026286328, "education-num": -0.0048804918377207095, "relationship_Not-in-family": -0.002460931972656011}}}