{"instance_id": 2447, "quadrant": "TP", "true_label": 1, "prediction": 1, "prediction_correct": true, "metrics": {"cost": 273.16837501712143, "sparsity": 0.09259259259259259, "fidelity": 0.7760108875078702, "faithfulness_gap": 0.23775188972599803, "stability": 0.15215750466340255}, "explanation": {"top_features": ["workclass_State-gov: 0.1649", "marital-status_Married-civ-spouse: 0.1600", "occupation_Prof-specialty: -0.1332", "hours-per-week: -0.0895", "age: 0.0807", "race_White: 0.0663", "education_Masters: 0.0603", "marital-status_Never-married: 0.0544", "education-num: 0.0489", "sex_Female: 0.0330"], "raw_top": {"workclass_State-gov": 0.16486004337089344, "marital-status_Married-civ-spouse": 0.1599516748882623, "occupation_Prof-specialty": -0.13322398564847082, "hours-per-week": -0.08948105760014491, "age": 0.0807456614579781, "race_White": 0.06625871347940956, "education_Masters": 0.06027228278617937, "marital-status_Never-married": 0.05442997342393218, "education-num": 0.04886879130503405, "sex_Female": 0.03301827741285396}}}