{"instance_id": 2455, "quadrant": "FP", "true_label": 0, "prediction": 1, "prediction_correct": false, "metrics": {"cost": 575.5971149774268, "sparsity": 0.09259259259259259, "fidelity": 0.6352495289272397, "faithfulness_gap": 0.5103361380030422, "stability": 0.3592164190876483}, "explanation": {"top_features": ["marital-status_Married-civ-spouse: 0.1438", "education-num: 0.1245", "education_Bachelors: -0.0990", "hours-per-week: 0.0961", "age: 0.0532", "occupation_Tech-support: -0.0481", "marital-status_Never-married: 0.0480", "relationship_Not-in-family: -0.0344", "education_HS-grad: 0.0234", "relationship_Husband: 0.0178"], "raw_top": {"marital-status_Married-civ-spouse": 0.14375411019898732, "education-num": 0.12447329681414881, "education_Bachelors": -0.09903694151597082, "hours-per-week": 0.0960762674439905, "age": 0.05324284781078834, "occupation_Tech-support": -0.04812830110106628, "marital-status_Never-married": 0.04803003105223545, "relationship_Not-in-family": -0.03443276445912896, "education_HS-grad": 0.0234015046960111, "relationship_Husband": 0.01776293983709869}}}