{"instance_id": 2503, "quadrant": "TP", "true_label": 1, "prediction": 1, "prediction_correct": true, "metrics": {"cost": 275.4077969584614, "sparsity": 0.09259259259259259, "fidelity": 0.9882213378417828, "faithfulness_gap": 0.8471233830458254, "stability": 0.9705864350079846}, "explanation": {"top_features": ["capital-gain: 0.7967", "workclass_Self-emp-inc: -0.0608", "marital-status_Married-civ-spouse: 0.0566", "education_HS-grad: -0.0521", "fnlwgt: -0.0460", "workclass_Private: 0.0438", "age: -0.0361", "occupation_Craft-repair: -0.0283", "hours-per-week: -0.0159", "education-num: -0.0090"], "raw_top": {"capital-gain": 0.7966746527628262, "workclass_Self-emp-inc": -0.060781602793072674, "marital-status_Married-civ-spouse": 0.05662538193554051, "education_HS-grad": -0.0521176667415119, "fnlwgt": -0.04601187512167664, "workclass_Private": 0.043766367335486424, "age": -0.036112997083412264, "occupation_Craft-repair": -0.028341920074777382, "hours-per-week": -0.015929717913420877, "education-num": -0.009033412791690898}}}