{"instance_id": 2543, "quadrant": "TN", "true_label": 0, "prediction": 0, "prediction_correct": true, "metrics": {"cost": 260.18499699421227, "sparsity": 0.09259259259259259, "fidelity": 0.82647923290631, "faithfulness_gap": 0.23817325736395806, "stability": 0.594327516427799}, "explanation": {"top_features": ["occupation_Other-service: -0.0988", "hours-per-week: -0.0886", "marital-status_Married-civ-spouse: -0.0490", "education_HS-grad: -0.0382", "sex_Female: -0.0271", "relationship_Husband: -0.0259", "education-num: -0.0161", "capital-loss: -0.0042", "workclass_Private: -0.0018", "marital-status_Widowed: -0.0016"], "raw_top": {"occupation_Other-service": -0.09877000714571525, "hours-per-week": -0.08859370537178414, "marital-status_Married-civ-spouse": -0.049017434182041277, "education_HS-grad": -0.0382126051244544, "sex_Female": -0.02708626072530262, "relationship_Husband": -0.02586025327243555, "education-num": -0.016088003710672507, "capital-loss": -0.004172232253290549, "workclass_Private": -0.0017567254178718153, "marital-status_Widowed": -0.0016070934589342833}}}