{"instance_id": 2564, "quadrant": "FN", "true_label": 1, "prediction": 0, "prediction_correct": false, "metrics": {"cost": 487.7800390822813, "sparsity": 0.09259259259259259, "fidelity": 0.6952847170262939, "faithfulness_gap": 0.23089053265396234, "stability": 0.09947385080418698}, "explanation": {"top_features": ["education_HS-grad: -0.1441", "age: -0.1233", "hours-per-week: 0.1202", "marital-status_Married-civ-spouse: 0.0913", "relationship_Husband: 0.0437", "marital-status_Never-married: 0.0408", "occupation_Exec-managerial: -0.0367", "sex_Female: 0.0248", "education_Bachelors: 0.0230", "capital-gain: 0.0190"], "raw_top": {"education_HS-grad": -0.14413168207098176, "age": -0.12334614859293903, "hours-per-week": 0.12019991795817843, "marital-status_Married-civ-spouse": 0.09126851176741532, "relationship_Husband": 0.04367068363346628, "marital-status_Never-married": 0.04080201484381821, "occupation_Exec-managerial": -0.036719167565261834, "sex_Female": 0.02475665763363519, "education_Bachelors": 0.022961094673041353, "capital-gain": 0.01904539891778534}}}