{"instance_id": 2569, "quadrant": "FP", "true_label": 0, "prediction": 1, "prediction_correct": false, "metrics": {"cost": 465.0530129438266, "sparsity": 0.09259259259259259, "fidelity": 0.8618314037485293, "faithfulness_gap": 0.5340347410505364, "stability": 0.2013964569957391}, "explanation": {"top_features": ["marital-status_Married-civ-spouse: 0.1964", "education-num: 0.1398", "education_Bachelors: -0.1051", "education_HS-grad: 0.0649", "hours-per-week: 0.0582", "marital-status_Never-married: 0.0551", "relationship_Husband: 0.0427", "capital-gain: 0.0370", "occupation_Exec-managerial: -0.0366", "fnlwgt: 0.0287"], "raw_top": {"marital-status_Married-civ-spouse": 0.19639254995885289, "education-num": 0.13975875573202043, "education_Bachelors": -0.10513209486712026, "education_HS-grad": 0.06486152876771924, "hours-per-week": 0.05823574333110264, "marital-status_Never-married": 0.05509429779046066, "relationship_Husband": 0.04272655747599077, "capital-gain": 0.036988010372423705, "occupation_Exec-managerial": -0.036636484498488664, "fnlwgt": 0.028742132508558154}}}