{"instance_id": 2786, "quadrant": "FP", "true_label": 0, "prediction": 1, "prediction_correct": false, "metrics": {"cost": 447.08000402897596, "sparsity": 0.09259259259259259, "fidelity": 0.6357987580755112, "faithfulness_gap": 0.03742248711438889, "stability": 0.08318238011595139}, "explanation": {"top_features": ["workclass_Self-emp-not-inc: -0.2121", "marital-status_Married-civ-spouse: 0.0890", "education_HS-grad: 0.0687", "age: 0.0492", "education-num: 0.0467", "capital-gain: 0.0362", "relationship_Husband: 0.0346", "sex_Female: 0.0263", "relationship_Own-child: 0.0211", "occupation_Exec-managerial: 0.0200"], "raw_top": {"workclass_Self-emp-not-inc": -0.2120696019819211, "marital-status_Married-civ-spouse": 0.08901145835886727, "education_HS-grad": 0.06870921493090923, "age": 0.04921309932143124, "education-num": 0.04668972301375153, "capital-gain": 0.03624864913645683, "relationship_Husband": 0.034608996036516654, "sex_Female": 0.026349200359049446, "relationship_Own-child": 0.02109576535603258, "occupation_Exec-managerial": 0.01996265227519753}}}