{"instance_id": 2799, "quadrant": "FP", "true_label": 0, "prediction": 1, "prediction_correct": false, "metrics": {"cost": 731.2930199550465, "sparsity": 0.09259259259259259, "fidelity": 0.7498560874626011, "faithfulness_gap": 0.11269027115344915, "stability": 0.17760891971276824}, "explanation": {"top_features": ["education_11th: -0.2184", "hours-per-week: 0.1447", "marital-status_Married-civ-spouse: 0.0839", "education-num: -0.0725", "education_HS-grad: 0.0602", "marital-status_Never-married: 0.0475", "sex_Female: 0.0426", "relationship_Husband: 0.0411", "age: 0.0306", "fnlwgt: 0.0145"], "raw_top": {"education_11th": -0.21838181464499282, "hours-per-week": 0.1446730602030542, "marital-status_Married-civ-spouse": 0.08394239414952885, "education-num": -0.07253394678952776, "education_HS-grad": 0.06019018482250765, "marital-status_Never-married": 0.04748024189336919, "sex_Female": 0.04263980362909376, "relationship_Husband": 0.04113988128858164, "age": 0.030634109646910924, "fnlwgt": 0.014488676980688453}}}