{"instance_id": 2807, "quadrant": "FN", "true_label": 1, "prediction": 0, "prediction_correct": false, "metrics": {"cost": 640.0571779813617, "sparsity": 0.09259259259259259, "fidelity": 0.1925219784489401, "faithfulness_gap": 0.5449417982509394, "stability": 0.3397351366753431}, "explanation": {"top_features": ["marital-status_Never-married: -0.1663", "sex_Female: -0.1200", "workclass_Self-emp-inc: -0.1162", "hours-per-week: 0.0834", "workclass_Private: 0.0750", "marital-status_Married-civ-spouse: -0.0704", "native-country_United-States: 0.0611", "native-country_Canada: -0.0393", "education_Bachelors: -0.0331", "relationship_Husband: -0.0229"], "raw_top": {"marital-status_Never-married": -0.1663203427302363, "sex_Female": -0.11999697778614889, "workclass_Self-emp-inc": -0.1161939460616091, "hours-per-week": 0.0833577501415672, "workclass_Private": 0.07500451072513528, "marital-status_Married-civ-spouse": -0.07044383234857499, "native-country_United-States": 0.06114580936583709, "native-country_Canada": -0.039258972463127755, "education_Bachelors": -0.03309587990303469, "relationship_Husband": -0.022910221288033827}}}