{"instance_id": 2858, "quadrant": "TP", "true_label": 1, "prediction": 1, "prediction_correct": true, "metrics": {"cost": 348.1834209524095, "sparsity": 0.09259259259259259, "fidelity": 0.7827040553749711, "faithfulness_gap": 0.31484033229936814, "stability": 0.1281040668183312}, "explanation": {"top_features": ["marital-status_Married-civ-spouse: 0.1490", "education_Some-college: -0.1197", "age: 0.0727", "occupation_Craft-repair: -0.0678", "education_HS-grad: 0.0650", "marital-status_Never-married: 0.0358", "sex_Female: 0.0316", "education_Bachelors: 0.0228", "relationship_Husband: 0.0124", "hours-per-week: 0.0049"], "raw_top": {"marital-status_Married-civ-spouse": 0.14903859792808968, "education_Some-college": -0.11966411296400918, "age": 0.07267886302106791, "occupation_Craft-repair": -0.06778565611995518, "education_HS-grad": 0.0649905146261155, "marital-status_Never-married": 0.03583351601914882, "sex_Female": 0.031607322128627144, "education_Bachelors": 0.02282692296005994, "relationship_Husband": 0.012399516172601682, "hours-per-week": 0.004924010131933804}}}