{"instance_id": 2896, "quadrant": "TN", "true_label": 0, "prediction": 0, "prediction_correct": true, "metrics": {"cost": 570.2884179772809, "sparsity": 0.09259259259259259, "fidelity": 0.577433902008739, "faithfulness_gap": 0.25538161133160653, "stability": 0.7888886553851523}, "explanation": {"top_features": ["occupation_Farming-fishing: -0.0866", "native-country_Mexico: -0.0794", "age: -0.0567", "marital-status_Married-civ-spouse: -0.0479", "relationship_Husband: -0.0336", "relationship_Own-child: 0.0276", "education_HS-grad: -0.0258", "sex_Female: -0.0209", "hours-per-week: -0.0175", "education-num: -0.0106"], "raw_top": {"occupation_Farming-fishing": -0.0866067751488849, "native-country_Mexico": -0.07937869310853275, "age": -0.056708865119582216, "marital-status_Married-civ-spouse": -0.047873003613154254, "relationship_Husband": -0.03356862932376844, "relationship_Own-child": 0.02759987999187552, "education_HS-grad": -0.02578733827466606, "sex_Female": -0.020890573584470922, "hours-per-week": -0.01749022545379633, "education-num": -0.010558534434733128}}}