{"instance_id": 2948, "quadrant": "TP", "true_label": 1, "prediction": 1, "prediction_correct": true, "metrics": {"cost": 400.3707739757374, "sparsity": 0.09259259259259259, "fidelity": 0.6968324143853784, "faithfulness_gap": 0.4452514014399693, "stability": 0.15995428143619522}, "explanation": {"top_features": ["marital-status_Married-civ-spouse: 0.1568", "education_Assoc-voc: -0.1477", "fnlwgt: -0.1211", "hours-per-week: 0.0783", "marital-status_Never-married: 0.0420", "education-num: 0.0402", "occupation_Tech-support: 0.0390", "sex_Female: 0.0252", "education_Bachelors: 0.0216", "age: 0.0205"], "raw_top": {"marital-status_Married-civ-spouse": 0.1568086799639291, "education_Assoc-voc": -0.1477141182291955, "fnlwgt": -0.12109873297718995, "hours-per-week": 0.0782934526264924, "marital-status_Never-married": 0.041968530114652985, "education-num": 0.04018292187267345, "occupation_Tech-support": 0.03898951938320175, "sex_Female": 0.02520832676454382, "education_Bachelors": 0.021554246123017096, "age": 0.020522888826978683}}}