{"instance_id": 3072, "quadrant": "FN", "true_label": 1, "prediction": 0, "prediction_correct": false, "metrics": {"cost": 407.297485973686, "sparsity": 0.09259259259259259, "fidelity": 0.9180353043375225, "faithfulness_gap": 0.5708968029169588, "stability": 0.43168388874112346}, "explanation": {"top_features": ["workclass_Local-gov: -0.3649", "marital-status_Married-civ-spouse: 0.1233", "workclass_Private: 0.0705", "education_Some-college: -0.0700", "occupation_Tech-support: -0.0634", "marital-status_Never-married: 0.0388", "education-num: -0.0197", "hours-per-week: -0.0192", "capital-loss: -0.0188", "sex_Male: -0.0136"], "raw_top": {"workclass_Local-gov": -0.36486579068335445, "marital-status_Married-civ-spouse": 0.12331734148446301, "workclass_Private": 0.07054273266000148, "education_Some-college": -0.06998257255705186, "occupation_Tech-support": -0.06338780033546956, "marital-status_Never-married": 0.03882429517131948, "education-num": -0.019695567705417794, "hours-per-week": -0.019242909439398354, "capital-loss": -0.018811300505318422, "sex_Male": -0.013572283951253372}}}