{"instance_id": 3077, "quadrant": "TN", "true_label": 0, "prediction": 0, "prediction_correct": true, "metrics": {"cost": 211.74521697685122, "sparsity": 0.09259259259259259, "fidelity": 0.6362206428728658, "faithfulness_gap": 0.1685423329353745, "stability": 0.46114796619571574}, "explanation": {"top_features": ["marital-status_Never-married: -0.0975", "education_HS-grad: -0.0895", "marital-status_Married-civ-spouse: -0.0503", "occupation_Craft-repair: -0.0320", "hours-per-week: -0.0214", "relationship_Husband: -0.0189", "age: -0.0113", "capital-loss: -0.0102", "sex_Male: -0.0098", "workclass_Private: -0.0093"], "raw_top": {"marital-status_Never-married": -0.09750228945357434, "education_HS-grad": -0.0895408112491895, "marital-status_Married-civ-spouse": -0.05033673157119661, "occupation_Craft-repair": -0.03203634517717456, "hours-per-week": -0.02138766396119987, "relationship_Husband": -0.018859042842954317, "age": -0.011286024117702265, "capital-loss": -0.010159567513794605, "sex_Male": -0.009829954909107763, "workclass_Private": -0.009258442640717792}}}