{"instance_id": 3095, "quadrant": "FN", "true_label": 1, "prediction": 0, "prediction_correct": false, "metrics": {"cost": 496.92549696192145, "sparsity": 0.09259259259259259, "fidelity": 0.7686201576094032, "faithfulness_gap": 0.2963827467250238, "stability": 0.6922294274957168}, "explanation": {"top_features": ["education_5th-6th: -0.2823", "occupation_Machine-op-inspct: -0.1087", "native-country_United-States: 0.0526", "marital-status_Married-civ-spouse: 0.0443", "native-country_Portugal: -0.0370", "age: -0.0365", "education-num: 0.0345", "hours-per-week: -0.0245", "sex_Female: 0.0226", "relationship_Husband: -0.0158"], "raw_top": {"education_5th-6th": -0.28231912929896785, "occupation_Machine-op-inspct": -0.10873425179607173, "native-country_United-States": 0.05258432689043782, "marital-status_Married-civ-spouse": 0.044349611440730095, "native-country_Portugal": -0.03701292767155107, "age": -0.03648144888514602, "education-num": 0.0344998014536813, "hours-per-week": -0.024513928960411834, "sex_Female": 0.022586737356301068, "relationship_Husband": -0.015781810930340312}}}