{"instance_id": 3194, "quadrant": "TP", "true_label": 1, "prediction": 1, "prediction_correct": true, "metrics": {"cost": 415.6759049510583, "sparsity": 0.09259259259259259, "fidelity": 0.7766327575493244, "faithfulness_gap": 0.5074629192704503, "stability": 0.2970989005565016}, "explanation": {"top_features": ["relationship_Wife: 0.2617", "race_White: 0.1408", "marital-status_Married-civ-spouse: 0.1346", "education_Some-college: -0.1145", "race_Asian-Pac-Islander: -0.0971", "marital-status_Never-married: 0.0580", "education_HS-grad: 0.0561", "occupation_Exec-managerial: -0.0552", "sex_Female: -0.0529", "sex_Male: 0.0240"], "raw_top": {"relationship_Wife": 0.2617338158029567, "race_White": 0.14079775196594316, "marital-status_Married-civ-spouse": 0.13462940901482537, "education_Some-college": -0.11450424667333735, "race_Asian-Pac-Islander": -0.09709183527955736, "marital-status_Never-married": 0.05800164981879743, "education_HS-grad": 0.056054157176729257, "occupation_Exec-managerial": -0.05516880820717509, "sex_Female": -0.0529050650103543, "sex_Male": 0.023965550961225657}}}