{"instance_id": 3201, "quadrant": "FN", "true_label": 1, "prediction": 0, "prediction_correct": false, "metrics": {"cost": 460.6929520377889, "sparsity": 0.09259259259259259, "fidelity": 0.6662087810842309, "faithfulness_gap": 0.16737514809208415, "stability": 0.07496012094620873}, "explanation": {"top_features": ["marital-status_Married-civ-spouse: 0.1512", "education_Some-college: -0.1106", "age: 0.0545", "marital-status_Never-married: 0.0506", "fnlwgt: -0.0464", "occupation_Sales: -0.0305", "relationship_Own-child: -0.0215", "education_HS-grad: -0.0202", "education_Bachelors: -0.0168", "relationship_Not-in-family: -0.0164"], "raw_top": {"marital-status_Married-civ-spouse": 0.1512244815876559, "education_Some-college": -0.11061592217659473, "age": 0.05452362463340992, "marital-status_Never-married": 0.050594302300238314, "fnlwgt": -0.046426734977989256, "occupation_Sales": -0.030517435946536667, "relationship_Own-child": -0.021455533307441745, "education_HS-grad": -0.020150744221523204, "education_Bachelors": -0.016772444012614567, "relationship_Not-in-family": -0.016416018830932185}}}