{"instance_id": 326, "quadrant": "TN", "true_label": 0, "prediction": 0, "prediction_correct": true, "metrics": {"cost": 402.85712794866413, "sparsity": 0.09259259259259259, "fidelity": 0.8479067435306309, "faithfulness_gap": 0.06305865596692478, "stability": 0.23344449136165624}, "explanation": {"top_features": ["occupation_Transport-moving: -0.2343", "education_HS-grad: -0.1257", "marital-status_Married-civ-spouse: 0.0938", "relationship_Husband: 0.0389", "marital-status_Never-married: 0.0278", "education_Bachelors: 0.0256", "age: 0.0165", "education-num: -0.0147", "capital-loss: -0.0131", "workclass_Private: -0.0128"], "raw_top": {"occupation_Transport-moving": -0.23431653646666473, "education_HS-grad": -0.1257166178070441, "marital-status_Married-civ-spouse": 0.09378813224682038, "relationship_Husband": 0.03894031664230972, "marital-status_Never-married": 0.027786676737895206, "education_Bachelors": 0.025567381030846315, "age": 0.01645680816757852, "education-num": -0.014677513959470456, "capital-loss": -0.013062149429746138, "workclass_Private": -0.012827816012762783}}}