{"instance_id": 3261, "quadrant": "FN", "true_label": 1, "prediction": 0, "prediction_correct": false, "metrics": {"cost": 580.7390270056203, "sparsity": 0.09259259259259259, "fidelity": 0.7334726060589314, "faithfulness_gap": 0.0685173729415152, "stability": 0.4582497436226099}, "explanation": {"top_features": ["occupation_Machine-op-inspct: -0.1044", "marital-status_Married-civ-spouse: -0.0913", "marital-status_Divorced: -0.0821", "age: 0.0413", "education_Some-college: -0.0341", "relationship_Husband: -0.0242", "hours-per-week: -0.0230", "education-num: -0.0203", "sex_Male: -0.0100", "fnlwgt: -0.0022"], "raw_top": {"occupation_Machine-op-inspct": -0.10443590040987925, "marital-status_Married-civ-spouse": -0.0913265426174066, "marital-status_Divorced": -0.08213777074221097, "age": 0.04128097832965611, "education_Some-college": -0.034100205997574566, "relationship_Husband": -0.024201276414880065, "hours-per-week": -0.022959636425881013, "education-num": -0.020331883221736135, "sex_Male": -0.010024055681116124, "fnlwgt": -0.0022478850349805235}}}