{"instance_id": 3325, "quadrant": "TN", "true_label": 0, "prediction": 0, "prediction_correct": true, "metrics": {"cost": 463.7951949844137, "sparsity": 0.09259259259259259, "fidelity": 0.647724606509163, "faithfulness_gap": 0.8018914265316517, "stability": 0.22226829661769867}, "explanation": {"top_features": ["workclass_Self-emp-not-inc: -0.1567", "occupation_Exec-managerial: -0.1496", "marital-status_Married-civ-spouse: -0.1023", "marital-status_Divorced: -0.0750", "hours-per-week: 0.0710", "education_HS-grad: 0.0612", "education_Bachelors: -0.0611", "capital-gain: 0.0558", "workclass_Private: 0.0540", "relationship_Husband: -0.0415"], "raw_top": {"workclass_Self-emp-not-inc": -0.15674449368970736, "occupation_Exec-managerial": -0.14956446499827594, "marital-status_Married-civ-spouse": -0.102322929288115, "marital-status_Divorced": -0.07496909653201345, "hours-per-week": 0.07101639324533808, "education_HS-grad": 0.06121343815975241, "education_Bachelors": -0.061062701944798396, "capital-gain": 0.05580940236574614, "workclass_Private": 0.05400783661522057, "relationship_Husband": -0.04149504992338813}}}