{"instance_id": 3340, "quadrant": "TN", "true_label": 0, "prediction": 0, "prediction_correct": true, "metrics": {"cost": 614.4071110757068, "sparsity": 0.09259259259259259, "fidelity": 0.7342787861608315, "faithfulness_gap": 0.05323775730976451, "stability": 0.6205833881285504}, "explanation": {"top_features": ["age: -0.0996", "marital-status_Never-married: -0.0728", "hours-per-week: -0.0589", "marital-status_Married-civ-spouse: -0.0502", "education_Some-college: -0.0174", "occupation_Sales: -0.0161", "relationship_Husband: -0.0115", "education-num: -0.0097", "sex_Female: -0.0080", "capital-loss: -0.0071"], "raw_top": {"age": -0.09957614125045303, "marital-status_Never-married": -0.07283598519665103, "hours-per-week": -0.058877393906810814, "marital-status_Married-civ-spouse": -0.05024928858087589, "education_Some-college": -0.01737394856940064, "occupation_Sales": -0.016057647074365387, "relationship_Husband": -0.01153229001388686, "education-num": -0.00969749514294617, "sex_Female": -0.007989408118318754, "capital-loss": -0.0070702788284691676}}}