{"instance_id": 3344, "quadrant": "TP", "true_label": 1, "prediction": 1, "prediction_correct": true, "metrics": {"cost": 268.4401529841125, "sparsity": 0.09259259259259259, "fidelity": 0.8000759109159243, "faithfulness_gap": 0.14204097842485197, "stability": 0.08333305436556032}, "explanation": {"top_features": ["marital-status_Married-civ-spouse: 0.1245", "hours-per-week: -0.1133", "education_Bachelors: -0.0800", "education_HS-grad: 0.0754", "age: 0.0723", "education-num: -0.0672", "occupation_Exec-managerial: 0.0594", "relationship_Husband: 0.0417", "marital-status_Never-married: 0.0376", "sex_Female: 0.0186"], "raw_top": {"marital-status_Married-civ-spouse": 0.12454326406925492, "hours-per-week": -0.11334095957775357, "education_Bachelors": -0.08001463486718426, "education_HS-grad": 0.07541018058707785, "age": 0.0723420612662747, "education-num": -0.06722290576718684, "occupation_Exec-managerial": 0.05940718445778682, "relationship_Husband": 0.04168006761154655, "marital-status_Never-married": 0.0375524662137464, "sex_Female": 0.018648243288913346}}}