{"instance_id": 3403, "quadrant": "FN", "true_label": 1, "prediction": 0, "prediction_correct": false, "metrics": {"cost": 551.9036860205233, "sparsity": 0.09259259259259259, "fidelity": 0.6736194907253257, "faithfulness_gap": 0.0016671004680941862, "stability": 0.30876783459668056}, "explanation": {"top_features": ["capital-gain: 0.1832", "education_Assoc-acdm: -0.1456", "marital-status_Married-civ-spouse: -0.1112", "marital-status_Never-married: -0.1050", "education-num: -0.0897", "age: -0.0758", "education_HS-grad: 0.0705", "hours-per-week: 0.0686", "occupation_Craft-repair: -0.0483", "relationship_Husband: -0.0392"], "raw_top": {"capital-gain": 0.1831952647884511, "education_Assoc-acdm": -0.1455826174004267, "marital-status_Married-civ-spouse": -0.11123480686401455, "marital-status_Never-married": -0.10496121621825212, "education-num": -0.08971393782359487, "age": -0.07579794110564946, "education_HS-grad": 0.07051558310822931, "hours-per-week": 0.06860367422904495, "occupation_Craft-repair": -0.048284247274555187, "relationship_Husband": -0.039192981578167745}}}