{"instance_id": 3450, "quadrant": "FP", "true_label": 0, "prediction": 1, "prediction_correct": false, "metrics": {"cost": 728.6709999898449, "sparsity": 0.09259259259259259, "fidelity": 0.6226095822597584, "faithfulness_gap": 0.7540801377490512, "stability": 0.24954752112408554}, "explanation": {"top_features": ["age: 0.1206", "education_HS-grad: 0.0762", "marital-status_Married-civ-spouse: 0.0718", "workclass_Private: 0.0651", "education-num: 0.0614", "marital-status_Never-married: 0.0527", "sex_Female: 0.0292", "education_Masters: 0.0276", "capital-gain: 0.0140", "hours-per-week: 0.0096"], "raw_top": {"age": 0.12058214942366481, "education_HS-grad": 0.07615444334676486, "marital-status_Married-civ-spouse": 0.07179369144941737, "workclass_Private": 0.06512034067392504, "education-num": 0.061416938311606946, "marital-status_Never-married": 0.05265878604005754, "sex_Female": 0.02915474170262871, "education_Masters": 0.027633454926231316, "capital-gain": 0.013992905545904358, "hours-per-week": 0.009587620796235763}}}