{"instance_id": 3511, "quadrant": "FP", "true_label": 0, "prediction": 1, "prediction_correct": false, "metrics": {"cost": 462.3242289526388, "sparsity": 0.09259259259259259, "fidelity": 0.3099946869338456, "faithfulness_gap": 0.7778012855223184, "stability": 0.10930122659590433}, "explanation": {"top_features": ["capital-gain: 0.1915", "marital-status_Married-civ-spouse: 0.1480", "marital-status_Never-married: 0.0505", "sex_Female: 0.0422", "relationship_Husband: 0.0354", "hours-per-week: -0.0347", "education-num: 0.0279", "relationship_Own-child: 0.0172", "occupation_Tech-support: 0.0083", "education_HS-grad: 0.0080"], "raw_top": {"capital-gain": 0.19147456212449832, "marital-status_Married-civ-spouse": 0.1480113886064644, "marital-status_Never-married": 0.050457104331547736, "sex_Female": 0.042241716563087964, "relationship_Husband": 0.03537219352026345, "hours-per-week": -0.03469173601029596, "education-num": 0.027936345209309023, "relationship_Own-child": 0.01719822523585028, "occupation_Tech-support": 0.008276559978370962, "education_HS-grad": 0.008013698256518704}}}