{"instance_id": 3571, "quadrant": "TN", "true_label": 0, "prediction": 0, "prediction_correct": true, "metrics": {"cost": 464.59504996892065, "sparsity": 0.09259259259259259, "fidelity": 0.774408370559788, "faithfulness_gap": 0.31260359688721223, "stability": 0.7244393034984544}, "explanation": {"top_features": ["age: -0.1119", "marital-status_Never-married: -0.0566", "occupation_Other-service: -0.0468", "marital-status_Married-civ-spouse: -0.0430", "workclass_State-gov: -0.0422", "sex_Female: -0.0278", "relationship_Husband: -0.0097", "hours-per-week: -0.0080", "education-num: -0.0036", "education_Some-college: -0.0015"], "raw_top": {"age": -0.11191872153772237, "marital-status_Never-married": -0.05658987943697642, "occupation_Other-service": -0.046817194991923376, "marital-status_Married-civ-spouse": -0.04304202008734811, "workclass_State-gov": -0.04223270004656051, "sex_Female": -0.027806842890281912, "relationship_Husband": -0.009713317770261182, "hours-per-week": -0.008009902552723876, "education-num": -0.003592496870008627, "education_Some-college": -0.0015044029378792345}}}