{"instance_id": 3591, "quadrant": "TN", "true_label": 0, "prediction": 0, "prediction_correct": true, "metrics": {"cost": 172.08644899073988, "sparsity": 0.09259259259259259, "fidelity": 0.8303732199359208, "faithfulness_gap": 0.8524339121720157, "stability": 0.45764033010335264}, "explanation": {"top_features": ["sex_Female: -0.1129", "workclass_Self-emp-not-inc: -0.1069", "occupation_Adm-clerical: -0.0617", "education_Assoc-voc: -0.0570", "marital-status_Married-civ-spouse: -0.0526", "workclass_Private: 0.0492", "age: 0.0438", "marital-status_Never-married: -0.0416", "hours-per-week: 0.0344", "fnlwgt: -0.0181"], "raw_top": {"sex_Female": -0.11291674097874334, "workclass_Self-emp-not-inc": -0.10689423265112795, "occupation_Adm-clerical": -0.06169755709528578, "education_Assoc-voc": -0.056973072183970255, "marital-status_Married-civ-spouse": -0.052565032223061726, "workclass_Private": 0.049245264885611116, "age": 0.04378796810065677, "marital-status_Never-married": -0.04156480308112107, "hours-per-week": 0.034430899983798835, "fnlwgt": -0.018056559400188736}}}