{"instance_id": 3593, "quadrant": "TN", "true_label": 0, "prediction": 0, "prediction_correct": true, "metrics": {"cost": 303.51371807046235, "sparsity": 0.09259259259259259, "fidelity": 0.7887161062224152, "faithfulness_gap": 0.26210994285832534, "stability": 0.11971892720508409}, "explanation": {"top_features": ["sex_Female: -0.1356", "relationship_Unmarried: -0.1286", "education_HS-grad: 0.0892", "age: 0.0865", "marital-status_Divorced: 0.0794", "marital-status_Married-civ-spouse: -0.0592", "relationship_Husband: -0.0586", "occupation_Exec-managerial: 0.0533", "hours-per-week: 0.0522", "sex_Male: 0.0475"], "raw_top": {"sex_Female": -0.13557994624994457, "relationship_Unmarried": -0.12864445258549503, "education_HS-grad": 0.089233485526919, "age": 0.08653819023444892, "marital-status_Divorced": 0.07939380073645771, "marital-status_Married-civ-spouse": -0.05915542780964386, "relationship_Husband": -0.058646682892822675, "occupation_Exec-managerial": 0.05331134255425105, "hours-per-week": 0.05223099829861303, "sex_Male": 0.04751311626825062}}}