{"instance_id": 3689, "quadrant": "TN", "true_label": 0, "prediction": 0, "prediction_correct": true, "metrics": {"cost": 260.7182500651106, "sparsity": 0.09259259259259259, "fidelity": 0.6022057456966572, "faithfulness_gap": 0.019635093844360425, "stability": 0.4708040563025583}, "explanation": {"top_features": ["marital-status_Never-married: -0.0766", "occupation_Adm-clerical: -0.0537", "education_HS-grad: -0.0463", "marital-status_Married-civ-spouse: -0.0459", "sex_Female: -0.0287", "relationship_Unmarried: -0.0286", "age: -0.0227", "relationship_Husband: -0.0191", "hours-per-week: -0.0161", "capital-loss: -0.0134"], "raw_top": {"marital-status_Never-married": -0.07658768663985598, "occupation_Adm-clerical": -0.05373726525341138, "education_HS-grad": -0.04634856229478274, "marital-status_Married-civ-spouse": -0.04588819192118878, "sex_Female": -0.028730289795194826, "relationship_Unmarried": -0.028574854797506852, "age": -0.022711308984348744, "relationship_Husband": -0.019146866121109794, "hours-per-week": -0.016056853883885416, "capital-loss": -0.013431412217406735}}}