{"instance_id": 3749, "quadrant": "FP", "true_label": 0, "prediction": 1, "prediction_correct": false, "metrics": {"cost": 922.476458013989, "sparsity": 0.09259259259259259, "fidelity": 0.609778427330405, "faithfulness_gap": 0.7901007367290277, "stability": 0.2515041547077385}, "explanation": {"top_features": ["occupation_Other-service: -0.1980", "native-country_United-States: 0.1639", "sex_Female: -0.1455", "capital-loss: 0.1319", "relationship_Wife: 0.1198", "marital-status_Married-civ-spouse: 0.1020", "education_HS-grad: 0.0852", "hours-per-week: 0.0743", "sex_Male: 0.0604", "marital-status_Never-married: 0.0501"], "raw_top": {"occupation_Other-service": -0.1979868334537754, "native-country_United-States": 0.16391901032478626, "sex_Female": -0.14551960227766159, "capital-loss": 0.13194935471030747, "relationship_Wife": 0.11981089088798674, "marital-status_Married-civ-spouse": 0.10203494243848152, "education_HS-grad": 0.08522804492011436, "hours-per-week": 0.07426295445602239, "sex_Male": 0.06040025507989878, "marital-status_Never-married": 0.05011036882180836}}}