{"instance_id": 40, "quadrant": "TN", "true_label": 0, "prediction": 0, "prediction_correct": true, "metrics": {"cost": 231.66077199857682, "sparsity": 0.09259259259259259, "fidelity": 0.8414512619822977, "faithfulness_gap": 0.028754909724914877, "stability": 0.8808984328615773}, "explanation": {"top_features": ["education_Preschool: -0.3061", "education-num: 0.1065", "occupation_Farming-fishing: -0.1005", "marital-status_Never-married: -0.0803", "native-country_Mexico: -0.0681", "native-country_United-States: 0.0639", "marital-status_Married-civ-spouse: -0.0373", "sex_Female: 0.0267", "education_Bachelors: 0.0235", "relationship_Not-in-family: 0.0204"], "raw_top": {"education_Preschool": -0.30613888866243594, "education-num": 0.10647356969085377, "occupation_Farming-fishing": -0.10050137629866902, "marital-status_Never-married": -0.0802531108420855, "native-country_Mexico": -0.06806233950373815, "native-country_United-States": 0.06392539468504997, "marital-status_Married-civ-spouse": -0.03731089728419233, "sex_Female": 0.02674718944890959, "education_Bachelors": 0.02345074662978021, "relationship_Not-in-family": 0.020407914998918697}}}