{"instance_id": 4015, "quadrant": "TN", "true_label": 0, "prediction": 0, "prediction_correct": true, "metrics": {"cost": 449.39281104598194, "sparsity": 0.09259259259259259, "fidelity": 0.7054780300479921, "faithfulness_gap": 0.23391248416717053, "stability": 0.7778884399590703}, "explanation": {"top_features": ["education_10th: -0.1585", "occupation_Other-service: -0.1152", "native-country_Mexico: -0.1011", "marital-status_Married-civ-spouse: 0.0442", "native-country_United-States: 0.0382", "education-num: -0.0310", "fnlwgt: -0.0081", "capital-loss: -0.0078", "workclass_Private: -0.0077", "age: -0.0044"], "raw_top": {"education_10th": -0.15852575078187536, "occupation_Other-service": -0.11515939548519756, "native-country_Mexico": -0.10109899593344263, "marital-status_Married-civ-spouse": 0.0442294335589107, "native-country_United-States": 0.038232576264051514, "education-num": -0.031026523988704414, "fnlwgt": -0.008060760333488117, "capital-loss": -0.007807486151807253, "workclass_Private": -0.0076563274330738035, "age": -0.004384761133002624}}}