{"instance_id": 4075, "quadrant": "FN", "true_label": 1, "prediction": 0, "prediction_correct": false, "metrics": {"cost": 300.04160304088145, "sparsity": 0.09259259259259259, "fidelity": 0.7188780648072166, "faithfulness_gap": 0.8112780851907779, "stability": 0.8138261918031243}, "explanation": {"top_features": ["capital-gain: 0.3603", "education_5th-6th: -0.3580", "workclass_nan: -0.2503", "occupation_nan: -0.1871", "fnlwgt: -0.1275", "workclass_Private: 0.1183", "age: 0.0945", "hours-per-week: 0.0849", "education_HS-grad: 0.0317", "marital-status_Married-civ-spouse: 0.0316"], "raw_top": {"capital-gain": 0.36028841234128334, "education_5th-6th": -0.35799495078666926, "workclass_nan": -0.25029580453053346, "occupation_nan": -0.18712953385897504, "fnlwgt": -0.12751595084107825, "workclass_Private": 0.11830355025615293, "age": 0.09453525697065945, "hours-per-week": 0.08490474958768014, "education_HS-grad": 0.03172754236379985, "marital-status_Married-civ-spouse": 0.031627107801508826}}}