{"instance_id": 4097, "quadrant": "TP", "true_label": 1, "prediction": 1, "prediction_correct": true, "metrics": {"cost": 480.0228390377015, "sparsity": 0.09259259259259259, "fidelity": 0.7312220492080916, "faithfulness_gap": 0.7401691854180811, "stability": 0.2019003523640411}, "explanation": {"top_features": ["marital-status_Married-civ-spouse: 0.2247", "education_Masters: 0.1028", "age: 0.0919", "marital-status_Never-married: 0.0777", "education_HS-grad: 0.0773", "education-num: -0.0702", "hours-per-week: 0.0492", "relationship_Own-child: -0.0394", "relationship_Not-in-family: -0.0333", "sex_Male: 0.0174"], "raw_top": {"marital-status_Married-civ-spouse": 0.22467357520352307, "education_Masters": 0.10283146677867692, "age": 0.09189262266521168, "marital-status_Never-married": 0.07771372758646196, "education_HS-grad": 0.07732512408192356, "education-num": -0.07024501044250372, "hours-per-week": 0.04920527736515796, "relationship_Own-child": -0.03942741981487321, "relationship_Not-in-family": -0.03332993867611411, "sex_Male": 0.017389161877149013}}}