{"instance_id": 4255, "quadrant": "TP", "true_label": 1, "prediction": 1, "prediction_correct": true, "metrics": {"cost": 334.86650802660733, "sparsity": 0.09259259259259259, "fidelity": 0.7157773106462384, "faithfulness_gap": 0.6560714349656859, "stability": 0.14352831425502993}, "explanation": {"top_features": ["marital-status_Married-civ-spouse: 0.1260", "age: 0.1007", "occupation_Transport-moving: -0.0728", "education_HS-grad: 0.0656", "marital-status_Never-married: 0.0539", "relationship_Husband: 0.0387", "hours-per-week: 0.0266", "sex_Male: -0.0135", "capital-gain: 0.0127", "education_Some-college: 0.0104"], "raw_top": {"marital-status_Married-civ-spouse": 0.12599730176099225, "age": 0.10067404005783752, "occupation_Transport-moving": -0.07275803800816216, "education_HS-grad": 0.06560071528607216, "marital-status_Never-married": 0.05386465164596247, "relationship_Husband": 0.03870302136971936, "hours-per-week": 0.026572740138418326, "sex_Male": -0.013509999992267596, "capital-gain": 0.01268302121968396, "education_Some-college": 0.010356822078239313}}}