{"instance_id": 4424, "quadrant": "TN", "true_label": 0, "prediction": 0, "prediction_correct": true, "metrics": {"cost": 274.6052370639518, "sparsity": 0.09259259259259259, "fidelity": 0.7518326545308202, "faithfulness_gap": 0.039229981411915256, "stability": 0.4838866334321788}, "explanation": {"top_features": ["age: -0.1276", "marital-status_Never-married: -0.1066", "marital-status_Married-civ-spouse: -0.0411", "education_HS-grad: 0.0392", "occupation_Exec-managerial: -0.0292", "hours-per-week: -0.0266", "relationship_Husband: -0.0232", "education_Bachelors: -0.0204", "capital-loss: -0.0074", "sex_Male: -0.0047"], "raw_top": {"age": -0.12761471207994973, "marital-status_Never-married": -0.1065749365163339, "marital-status_Married-civ-spouse": -0.041069709862253584, "education_HS-grad": 0.03921838679681892, "occupation_Exec-managerial": -0.029211426370018983, "hours-per-week": -0.026598225366198668, "relationship_Husband": -0.023215766734919333, "education_Bachelors": -0.020377164023186085, "capital-loss": -0.0073959159328668075, "sex_Male": -0.004661195482820513}}}