{"instance_id": 4487, "quadrant": "FN", "true_label": 1, "prediction": 0, "prediction_correct": false, "metrics": {"cost": 230.03410000819713, "sparsity": 0.09259259259259259, "fidelity": 0.9714329363192619, "faithfulness_gap": 0.3752652493061105, "stability": 0.44059994209603537}, "explanation": {"top_features": ["education_7th-8th: -0.3459", "occupation_Transport-moving: -0.0632", "marital-status_Married-civ-spouse: 0.0412", "fnlwgt: -0.0348", "age: 0.0335", "hours-per-week: 0.0214", "relationship_Own-child: -0.0191", "sex_Female: 0.0183", "education_Bachelors: 0.0150", "education_HS-grad: 0.0121"], "raw_top": {"education_7th-8th": -0.3459427484396048, "occupation_Transport-moving": -0.06323741377065706, "marital-status_Married-civ-spouse": 0.04117955615127432, "fnlwgt": -0.034768512253893484, "age": 0.033539672198359106, "hours-per-week": 0.021374687012620124, "relationship_Own-child": -0.019123774166778018, "sex_Female": 0.018299118326846334, "education_Bachelors": 0.015021916655867546, "education_HS-grad": 0.0120624300142502}}}