{"instance_id": 4530, "quadrant": "TP", "true_label": 1, "prediction": 1, "prediction_correct": true, "metrics": {"cost": 515.3830329654738, "sparsity": 0.09259259259259259, "fidelity": 0.5646289085220608, "faithfulness_gap": 0.9278407074265567, "stability": 0.7517290054605362}, "explanation": {"top_features": ["capital-gain: 0.3161", "education_Prof-school: 0.1273", "marital-status_Married-civ-spouse: 0.0766", "hours-per-week: 0.0277", "occupation_Prof-specialty: 0.0239", "relationship_Husband: 0.0227", "age: 0.0190", "sex_Female: 0.0138", "workclass_Private: 0.0115", "relationship_Own-child: 0.0088"], "raw_top": {"capital-gain": 0.31614999749767775, "education_Prof-school": 0.12733846266461438, "marital-status_Married-civ-spouse": 0.07662267661989612, "hours-per-week": 0.02774937587331807, "occupation_Prof-specialty": 0.023851610921766343, "relationship_Husband": 0.02269900147799989, "age": 0.01897588257146795, "sex_Female": 0.013818862416694012, "workclass_Private": 0.011490040268747701, "relationship_Own-child": 0.008774267516157064}}}