{"instance_id": 4630, "quadrant": "TP", "true_label": 1, "prediction": 1, "prediction_correct": true, "metrics": {"cost": 364.70010899938643, "sparsity": 0.09259259259259259, "fidelity": 0.745938710302129, "faithfulness_gap": 0.47173186834625197, "stability": 0.19805627129383693}, "explanation": {"top_features": ["workclass_Self-emp-not-inc: -0.1525", "marital-status_Married-civ-spouse: 0.1505", "age: 0.0989", "education-num: 0.0964", "education_HS-grad: 0.0761", "sex_Female: 0.0514", "marital-status_Never-married: 0.0476", "capital-gain: 0.0226", "hours-per-week: 0.0222", "relationship_Own-child: 0.0167"], "raw_top": {"workclass_Self-emp-not-inc": -0.15247291078741856, "marital-status_Married-civ-spouse": 0.15051522247681123, "age": 0.09894023061832039, "education-num": 0.09642232006834937, "education_HS-grad": 0.07611748113925368, "sex_Female": 0.05137959388706925, "marital-status_Never-married": 0.04762079462019213, "capital-gain": 0.022612177243878106, "hours-per-week": 0.022234322110059133, "relationship_Own-child": 0.016691166301919025}}}