{"instance_id": 4635, "quadrant": "TN", "true_label": 0, "prediction": 0, "prediction_correct": true, "metrics": {"cost": 388.19636299740523, "sparsity": 0.09259259259259259, "fidelity": 0.7855564548480267, "faithfulness_gap": 0.01614491414599673, "stability": 0.7662881600323236}, "explanation": {"top_features": ["education_9th: -0.0931", "occupation_Other-service: -0.0745", "hours-per-week: -0.0642", "marital-status_Never-married: -0.0590", "relationship_Not-in-family: 0.0355", "marital-status_Married-civ-spouse: -0.0332", "education-num: -0.0249", "relationship_Husband: -0.0142", "capital-loss: -0.0130", "fnlwgt: -0.0105"], "raw_top": {"education_9th": -0.09312286450371209, "occupation_Other-service": -0.07454871257852788, "hours-per-week": -0.06421389023610043, "marital-status_Never-married": -0.059019780146193926, "relationship_Not-in-family": 0.03553820886915604, "marital-status_Married-civ-spouse": -0.03323622096222994, "education-num": -0.024939902989051476, "relationship_Husband": -0.014203952943190165, "capital-loss": -0.012961751190057838, "fnlwgt": -0.010474311081029287}}}