{"instance_id": 4691, "quadrant": "FN", "true_label": 1, "prediction": 0, "prediction_correct": false, "metrics": {"cost": 216.1077270284295, "sparsity": 0.09259259259259259, "fidelity": 0.697064211900098, "faithfulness_gap": 0.4253959027154537, "stability": 0.12909395622227254}, "explanation": {"top_features": ["workclass_Self-emp-not-inc: -0.1816", "education_HS-grad: -0.1192", "occupation_Craft-repair: -0.1185", "hours-per-week: 0.1029", "age: 0.1021", "marital-status_Married-civ-spouse: 0.0958", "workclass_Private: 0.0952", "sex_Female: 0.0394", "marital-status_Never-married: 0.0325", "capital-gain: 0.0319"], "raw_top": {"workclass_Self-emp-not-inc": -0.18157443295566697, "education_HS-grad": -0.11916946045134157, "occupation_Craft-repair": -0.1184624147331436, "hours-per-week": 0.10294282861523361, "age": 0.1021083023293057, "marital-status_Married-civ-spouse": 0.09575075475261896, "workclass_Private": 0.0951502767909606, "sex_Female": 0.039388782686031604, "marital-status_Never-married": 0.03249000635464082, "capital-gain": 0.03191396234250342}}}