{"instance_id": 4843, "quadrant": "FP", "true_label": 0, "prediction": 1, "prediction_correct": false, "metrics": {"cost": 322.5132169900462, "sparsity": 0.09259259259259259, "fidelity": 0.6282858575202223, "faithfulness_gap": 0.509669509098577, "stability": 0.05158885488004516}, "explanation": {"top_features": ["marital-status_Married-civ-spouse: 0.1399", "age: 0.1058", "education_Some-college: -0.1011", "occupation_Adm-clerical: -0.0965", "marital-status_Never-married: 0.0368", "education_Bachelors: 0.0303", "education_HS-grad: 0.0249", "sex_Female: 0.0218", "capital-gain: 0.0193", "relationship_Husband: 0.0113"], "raw_top": {"marital-status_Married-civ-spouse": 0.13993045962678202, "age": 0.10584756028519693, "education_Some-college": -0.10107010656800716, "occupation_Adm-clerical": -0.0965232055998899, "marital-status_Never-married": 0.03683855610829137, "education_Bachelors": 0.03034630461308978, "education_HS-grad": 0.024857327283881334, "sex_Female": 0.02175711825515761, "capital-gain": 0.01928163409296485, "relationship_Husband": 0.01131754748076716}}}