{"instance_id": 4898, "quadrant": "TP", "true_label": 1, "prediction": 1, "prediction_correct": true, "metrics": {"cost": 575.944034033455, "sparsity": 0.09259259259259259, "fidelity": 0.7156241228404581, "faithfulness_gap": 0.8335701879220242, "stability": 0.16819561943346859}, "explanation": {"top_features": ["workclass_Private: 0.1502", "education_HS-grad: 0.0776", "marital-status_Married-civ-spouse: 0.0774", "occupation_Exec-managerial: 0.0515", "marital-status_Never-married: 0.0397", "relationship_Husband: 0.0333", "hours-per-week: 0.0285", "relationship_Own-child: 0.0260", "sex_Female: 0.0157", "education_Bachelors: 0.0083"], "raw_top": {"workclass_Private": 0.15020181267719893, "education_HS-grad": 0.07756349554155773, "marital-status_Married-civ-spouse": 0.07741941315062703, "occupation_Exec-managerial": 0.05145721725188525, "marital-status_Never-married": 0.0396561317856522, "relationship_Husband": 0.033256678183702613, "hours-per-week": 0.028536792322192934, "relationship_Own-child": 0.025959721668459144, "sex_Female": 0.01572490111516863, "education_Bachelors": 0.008339938127561286}}}