{"instance_id": 49, "quadrant": "FN", "true_label": 1, "prediction": 0, "prediction_correct": false, "metrics": {"cost": 626.2061160523444, "sparsity": 0.09259259259259259, "fidelity": 0.8116528660178206, "faithfulness_gap": 0.216478401180254, "stability": 0.3424840265592259}, "explanation": {"top_features": ["workclass_State-gov: -0.1737", "education_Assoc-acdm: -0.1401", "marital-status_Married-civ-spouse: 0.1004", "occupation_Tech-support: -0.0902", "workclass_Private: 0.0851", "age: -0.0761", "hours-per-week: -0.0312", "education_HS-grad: 0.0309", "fnlwgt: -0.0264", "capital-loss: -0.0236"], "raw_top": {"workclass_State-gov": -0.17373922989178303, "education_Assoc-acdm": -0.14011115518815423, "marital-status_Married-civ-spouse": 0.10035214658031617, "occupation_Tech-support": -0.09018514881262475, "workclass_Private": 0.08509068443169791, "age": -0.07613052390043645, "hours-per-week": -0.031217852478084465, "education_HS-grad": 0.030941736772218564, "fnlwgt": -0.026400900827592676, "capital-loss": -0.02355323184107043}}}