{"instance_id": 4963, "quadrant": "FP", "true_label": 0, "prediction": 1, "prediction_correct": false, "metrics": {"cost": 330.64616098999977, "sparsity": 0.09259259259259259, "fidelity": 0.7189103876016352, "faithfulness_gap": 0.37156811814212987, "stability": 0.13648452402850614}, "explanation": {"top_features": ["education-num: 0.2158", "marital-status_Married-civ-spouse: 0.1378", "education_Doctorate: -0.1314", "occupation_Prof-specialty: -0.1037", "education_HS-grad: 0.1018", "marital-status_Never-married: 0.0781", "relationship_Husband: 0.0618", "fnlwgt: -0.0411", "relationship_Not-in-family: -0.0249", "education_Bachelors: -0.0232"], "raw_top": {"education-num": 0.21579895422795373, "marital-status_Married-civ-spouse": 0.137825480028794, "education_Doctorate": -0.13139795608865534, "occupation_Prof-specialty": -0.10368230719497402, "education_HS-grad": 0.1018075536773334, "marital-status_Never-married": 0.07807839084002395, "relationship_Husband": 0.06182468851497033, "fnlwgt": -0.04106756128430158, "relationship_Not-in-family": -0.02491185519023849, "education_Bachelors": -0.023227390240646628}}}