{"instance_id": 5039, "quadrant": "TN", "true_label": 0, "prediction": 0, "prediction_correct": true, "metrics": {"cost": 211.69264207128435, "sparsity": 0.09259259259259259, "fidelity": 0.7833086188988685, "faithfulness_gap": 0.5733060356693799, "stability": 0.30876574054040784}, "explanation": {"top_features": ["marital-status_Never-married: -0.1678", "marital-status_Married-civ-spouse: -0.1255", "age: -0.1218", "education_Masters: 0.1059", "relationship_Not-in-family: 0.0886", "sex_Female: -0.0611", "education_HS-grad: 0.0486", "education-num: -0.0461", "relationship_Husband: -0.0311", "hours-per-week: -0.0223"], "raw_top": {"marital-status_Never-married": -0.16781642242971134, "marital-status_Married-civ-spouse": -0.12546855037205112, "age": -0.1218364266986072, "education_Masters": 0.10588556372165707, "relationship_Not-in-family": 0.08859385526964988, "sex_Female": -0.06111677794355235, "education_HS-grad": 0.048550118934276076, "education-num": -0.046135534674195865, "relationship_Husband": -0.03111612336204805, "hours-per-week": -0.022309021403427057}}}