{"instance_id": 5065, "quadrant": "FN", "true_label": 1, "prediction": 0, "prediction_correct": false, "metrics": {"cost": 313.19521891418844, "sparsity": 0.09259259259259259, "fidelity": 0.5209177239089215, "faithfulness_gap": 0.22157964685404813, "stability": 0.05428410057009526}, "explanation": {"top_features": ["marital-status_Married-civ-spouse: 0.1248", "occupation_Prof-specialty: -0.1099", "education_Some-college: -0.0985", "relationship_Husband: 0.0456", "marital-status_Never-married: 0.0322", "sex_Female: 0.0246", "age: -0.0216", "relationship_Own-child: -0.0208", "education_Bachelors: -0.0138", "capital-loss: -0.0134"], "raw_top": {"marital-status_Married-civ-spouse": 0.12484539351556766, "occupation_Prof-specialty": -0.10987584852404352, "education_Some-college": -0.09852630261359925, "relationship_Husband": 0.045611804692031965, "marital-status_Never-married": 0.032177692411435484, "sex_Female": 0.02463342322722486, "age": -0.02164137819782304, "relationship_Own-child": -0.020816766829052626, "education_Bachelors": -0.013779148897073495, "capital-loss": -0.013436649795098968}}}