{"instance_id": 507, "quadrant": "TN", "true_label": 0, "prediction": 0, "prediction_correct": true, "metrics": {"cost": 521.4014819357544, "sparsity": 0.09259259259259259, "fidelity": 0.6696735082571623, "faithfulness_gap": 0.023059096442536623, "stability": 0.8021416785336141}, "explanation": {"top_features": ["age: -0.0896", "marital-status_Never-married: -0.0636", "occupation_Other-service: -0.0621", "hours-per-week: -0.0459", "marital-status_Married-civ-spouse: -0.0440", "education_HS-grad: -0.0391", "relationship_Own-child: 0.0361", "relationship_Husband: -0.0262", "education-num: -0.0091", "sex_Male: -0.0077"], "raw_top": {"age": -0.08957676587083035, "marital-status_Never-married": -0.06363742494735779, "occupation_Other-service": -0.062132321234596354, "hours-per-week": -0.04592535365609665, "marital-status_Married-civ-spouse": -0.043975834454817196, "education_HS-grad": -0.03907903739049037, "relationship_Own-child": 0.03614286677718653, "relationship_Husband": -0.02624949388005352, "education-num": -0.00914000053224253, "sex_Male": -0.007660457820276487}}}