{"instance_id": 5072, "quadrant": "FP", "true_label": 0, "prediction": 1, "prediction_correct": false, "metrics": {"cost": 486.67999100871384, "sparsity": 0.09259259259259259, "fidelity": 0.7646976453691102, "faithfulness_gap": 0.5731153469829282, "stability": 0.22840249105170246}, "explanation": {"top_features": ["marital-status_Married-civ-spouse: 0.1434", "education_HS-grad: -0.1405", "occupation_Exec-managerial: 0.1081", "relationship_Husband: 0.0843", "age: 0.0648", "hours-per-week: 0.0579", "marital-status_Never-married: 0.0565", "education_Bachelors: 0.0309", "sex_Female: 0.0259", "sex_Male: 0.0133"], "raw_top": {"marital-status_Married-civ-spouse": 0.14344541238503047, "education_HS-grad": -0.14048591892637285, "occupation_Exec-managerial": 0.10807484322864337, "relationship_Husband": 0.08428041229198839, "age": 0.06481469105010852, "hours-per-week": 0.057913237698805464, "marital-status_Never-married": 0.056512842363710514, "education_Bachelors": 0.030938436511082138, "sex_Female": 0.025917578910870428, "sex_Male": 0.013342494721056752}}}