{"instance_id": 5151, "quadrant": "TP", "true_label": 1, "prediction": 1, "prediction_correct": true, "metrics": {"cost": 456.848674104549, "sparsity": 0.09259259259259259, "fidelity": 0.8478257425933586, "faithfulness_gap": 0.46566499350976487, "stability": 0.2872759941297557}, "explanation": {"top_features": ["capital-gain: 0.2755", "workclass_Self-emp-not-inc: -0.1873", "marital-status_Married-civ-spouse: 0.1595", "education_Some-college: -0.0935", "education_HS-grad: 0.0867", "workclass_Private: 0.0587", "sex_Female: 0.0569", "age: 0.0547", "relationship_Husband: 0.0405", "marital-status_Never-married: 0.0237"], "raw_top": {"capital-gain": 0.27547957828927483, "workclass_Self-emp-not-inc": -0.18732473221073528, "marital-status_Married-civ-spouse": 0.1595349979011818, "education_Some-college": -0.0935183478002764, "education_HS-grad": 0.08670200178141789, "workclass_Private": 0.05865459904403422, "sex_Female": 0.05690408626322874, "age": 0.05467903123258712, "relationship_Husband": 0.040536055845642883, "marital-status_Never-married": 0.023717327056345827}}}