{"instance_id": 5156, "quadrant": "TN", "true_label": 0, "prediction": 0, "prediction_correct": true, "metrics": {"cost": 442.74017692077905, "sparsity": 0.09259259259259259, "fidelity": 0.5531208070599347, "faithfulness_gap": 0.15709319804933475, "stability": 0.22324086449818561}, "explanation": {"top_features": ["education_Assoc-voc: -0.1256", "occupation_Craft-repair: -0.0978", "marital-status_Married-civ-spouse: 0.0957", "fnlwgt: -0.0605", "age: -0.0366", "hours-per-week: -0.0281", "native-country_England: -0.0273", "native-country_United-States: -0.0255", "capital-loss: -0.0144", "sex_Male: -0.0103"], "raw_top": {"education_Assoc-voc": -0.1255945492922609, "occupation_Craft-repair": -0.09777774098911415, "marital-status_Married-civ-spouse": 0.09566651827735134, "fnlwgt": -0.060513173147606944, "age": -0.03664867498589721, "hours-per-week": -0.028082014441992945, "native-country_England": -0.027273521092321475, "native-country_United-States": -0.025475671984197378, "capital-loss": -0.014434754704794927, "sex_Male": -0.010318262676665468}}}