{"instance_id": 5166, "quadrant": "FN", "true_label": 1, "prediction": 0, "prediction_correct": false, "metrics": {"cost": 629.1998050874099, "sparsity": 0.09259259259259259, "fidelity": 0.7769674230335253, "faithfulness_gap": 0.29528555342002316, "stability": 0.2715917299523032}, "explanation": {"top_features": ["marital-status_Never-married: -0.2033", "relationship_Not-in-family: 0.1681", "marital-status_Married-civ-spouse: -0.1414", "education-num: -0.1103", "hours-per-week: 0.0950", "occupation_Sales: -0.0724", "age: 0.0643", "education_Masters: 0.0571", "education_HS-grad: 0.0562", "relationship_Own-child: -0.0477"], "raw_top": {"marital-status_Never-married": -0.20328433780900834, "relationship_Not-in-family": 0.16808946540705874, "marital-status_Married-civ-spouse": -0.14138983774143868, "education-num": -0.1102970187462919, "hours-per-week": 0.09495287871477542, "occupation_Sales": -0.07242691533181672, "age": 0.06429465957180895, "education_Masters": 0.05708202350178258, "education_HS-grad": 0.05616499104912666, "relationship_Own-child": -0.04770449805169079}}}