{"instance_id": 5207, "quadrant": "TP", "true_label": 1, "prediction": 1, "prediction_correct": true, "metrics": {"cost": 336.71816100832075, "sparsity": 0.09259259259259259, "fidelity": 0.7409939984060702, "faithfulness_gap": 0.9898010606947953, "stability": 0.16562289047808956}, "explanation": {"top_features": ["education-num: 0.1328", "education_HS-grad: 0.1104", "hours-per-week: 0.1002", "age: 0.0668", "marital-status_Never-married: 0.0542", "marital-status_Married-civ-spouse: 0.0462", "relationship_Own-child: 0.0434", "workclass_Private: 0.0394", "occupation_Exec-managerial: 0.0245", "relationship_Husband: 0.0231"], "raw_top": {"education-num": 0.13275749754778596, "education_HS-grad": 0.11037792222316305, "hours-per-week": 0.10023462049604141, "age": 0.0667726444737978, "marital-status_Never-married": 0.05416188135977529, "marital-status_Married-civ-spouse": 0.04623482135965682, "relationship_Own-child": 0.043418375899094495, "workclass_Private": 0.03936528222878001, "occupation_Exec-managerial": 0.024498537248855076, "relationship_Husband": 0.02306406207340761}}}