{"instance_id": 5247, "quadrant": "TN", "true_label": 0, "prediction": 0, "prediction_correct": true, "metrics": {"cost": 251.55313895083964, "sparsity": 0.09259259259259259, "fidelity": 0.5543531880184546, "faithfulness_gap": 0.14288880612922825, "stability": 0.2480018966978473}, "explanation": {"top_features": ["marital-status_Never-married: -0.1440", "sex_Female: -0.1152", "marital-status_Married-civ-spouse: -0.0757", "race_White: 0.0726", "relationship_Not-in-family: 0.0650", "race_Asian-Pac-Islander: -0.0566", "education-num: -0.0290", "hours-per-week: -0.0248", "relationship_Husband: -0.0230", "age: -0.0166"], "raw_top": {"marital-status_Never-married": -0.14401078655657226, "sex_Female": -0.11515705512967205, "marital-status_Married-civ-spouse": -0.07572263093276776, "race_White": 0.07260688246048534, "relationship_Not-in-family": 0.06500813812398898, "race_Asian-Pac-Islander": -0.05658134466428965, "education-num": -0.028992704122653052, "hours-per-week": -0.024823305959090183, "relationship_Husband": -0.02302208735761147, "age": -0.016613181446418792}}}