{"instance_id": 5288, "quadrant": "TP", "true_label": 1, "prediction": 1, "prediction_correct": true, "metrics": {"cost": 568.739554961212, "sparsity": 0.09259259259259259, "fidelity": 0.7035745782557576, "faithfulness_gap": 0.7915870239214041, "stability": 0.19461624020846235}, "explanation": {"top_features": ["occupation_Exec-managerial: 0.1715", "education_Masters: 0.1357", "marital-status_Married-civ-spouse: 0.1284", "marital-status_Never-married: 0.0660", "education-num: -0.0629", "education_HS-grad: 0.0572", "sex_Female: 0.0257", "hours-per-week: 0.0173", "relationship_Husband: 0.0156", "capital-gain: 0.0134"], "raw_top": {"occupation_Exec-managerial": 0.1714887544486421, "education_Masters": 0.13571926718957822, "marital-status_Married-civ-spouse": 0.12839941246180295, "marital-status_Never-married": 0.06601783135616793, "education-num": -0.06292807656925103, "education_HS-grad": 0.05724668411855282, "sex_Female": 0.02566374995538807, "hours-per-week": 0.017308142194282335, "relationship_Husband": 0.015555653259539412, "capital-gain": 0.013441302576672183}}}