{"instance_id": 5388, "quadrant": "FN", "true_label": 1, "prediction": 0, "prediction_correct": false, "metrics": {"cost": 436.76069797948, "sparsity": 0.09259259259259259, "fidelity": 0.7831646496516214, "faithfulness_gap": 0.02249550070413952, "stability": 0.4049083281296353}, "explanation": {"top_features": ["occupation_Transport-moving: -0.1804", "native-country_Philippines: -0.1674", "education_HS-grad: -0.0914", "race_White: 0.0834", "marital-status_Married-civ-spouse: 0.0720", "age: -0.0662", "native-country_United-States: 0.0367", "hours-per-week: -0.0341", "relationship_Husband: 0.0270", "capital-loss: -0.0262"], "raw_top": {"occupation_Transport-moving": -0.18035796258101788, "native-country_Philippines": -0.16739779446981964, "education_HS-grad": -0.09141450088175401, "race_White": 0.08336009389114846, "marital-status_Married-civ-spouse": 0.07204541935284223, "age": -0.06616083407028539, "native-country_United-States": 0.036721868883838285, "hours-per-week": -0.03412688509636114, "relationship_Husband": 0.027031399058081662, "capital-loss": -0.026226590594932393}}}