{"instance_id": 5426, "quadrant": "FN", "true_label": 1, "prediction": 0, "prediction_correct": false, "metrics": {"cost": 415.84919998422265, "sparsity": 0.09259259259259259, "fidelity": 0.7716442064474369, "faithfulness_gap": 0.05126439497361923, "stability": 0.05659459363745805}, "explanation": {"top_features": ["education_Assoc-voc: -0.2079", "age: 0.1041", "marital-status_Married-civ-spouse: 0.0876", "sex_Female: 0.0395", "fnlwgt: -0.0360", "education-num: 0.0360", "education_HS-grad: 0.0268", "relationship_Husband: 0.0267", "education_Bachelors: 0.0205", "capital-gain: 0.0077"], "raw_top": {"education_Assoc-voc": -0.20792016703050895, "age": 0.10413497977200162, "marital-status_Married-civ-spouse": 0.08757442816040995, "sex_Female": 0.03945007071718079, "fnlwgt": -0.03604400671303019, "education-num": 0.03597086647597867, "education_HS-grad": 0.026823424893896698, "relationship_Husband": 0.026723530726733717, "education_Bachelors": 0.020506083274620116, "capital-gain": 0.007714670142166369}}}