{"instance_id": 5558, "quadrant": "TP", "true_label": 1, "prediction": 1, "prediction_correct": true, "metrics": {"cost": 451.0312470374629, "sparsity": 0.09259259259259259, "fidelity": 0.43998476514116125, "faithfulness_gap": 0.3406881812602691, "stability": 0.29979090246842105}, "explanation": {"top_features": ["race_Black: -0.2311", "native-country_Haiti: 0.1895", "marital-status_Married-civ-spouse: 0.1189", "native-country_United-States: 0.1161", "education_HS-grad: 0.1114", "age: 0.0964", "relationship_Wife: 0.0685", "race_White: 0.0665", "education-num: 0.0443", "marital-status_Never-married: 0.0373"], "raw_top": {"race_Black": -0.23108373946009075, "native-country_Haiti": 0.18947229138146848, "marital-status_Married-civ-spouse": 0.11890304277929367, "native-country_United-States": 0.11610655347248515, "education_HS-grad": 0.11142525265091294, "age": 0.09638486494645288, "relationship_Wife": 0.06845793274169389, "race_White": 0.06649809142053695, "education-num": 0.044277298454246515, "marital-status_Never-married": 0.03727341268141654}}}