{"instance_id": 5597, "quadrant": "TP", "true_label": 1, "prediction": 1, "prediction_correct": true, "metrics": {"cost": 500.50629395991564, "sparsity": 0.09259259259259259, "fidelity": 0.6520188156423085, "faithfulness_gap": 0.46803164078964493, "stability": 0.20865368070359339}, "explanation": {"top_features": ["native-country_United-States: 0.1934", "marital-status_Married-civ-spouse: 0.1548", "education_Assoc-acdm: -0.1414", "workclass_Private: 0.1344", "occupation_Prof-specialty: -0.0739", "marital-status_Never-married: 0.0625", "native-country_Canada: -0.0466", "fnlwgt: 0.0452", "age: -0.0328", "sex_Female: 0.0238"], "raw_top": {"native-country_United-States": 0.19336875105408685, "marital-status_Married-civ-spouse": 0.15477660789403103, "education_Assoc-acdm": -0.14143647844186125, "workclass_Private": 0.13444173118280872, "occupation_Prof-specialty": -0.07393868522201912, "marital-status_Never-married": 0.06248945799255885, "native-country_Canada": -0.04662771146879649, "fnlwgt": 0.04517384247467116, "age": -0.03276029965599012, "sex_Female": 0.023797175560645645}}}