{"instance_id": 5648, "quadrant": "TN", "true_label": 0, "prediction": 0, "prediction_correct": true, "metrics": {"cost": 580.8318129274994, "sparsity": 0.09259259259259259, "fidelity": 0.4875332460622548, "faithfulness_gap": 0.791818138914439, "stability": 0.2607562045564299}, "explanation": {"top_features": ["marital-status_Never-married: -0.1324", "workclass_Local-gov: -0.1257", "sex_Female: -0.1069", "relationship_Not-in-family: 0.1008", "education_Masters: -0.0780", "education_HS-grad: 0.0737", "age: 0.0716", "marital-status_Married-civ-spouse: -0.0613", "hours-per-week: 0.0533", "occupation_Prof-specialty: -0.0441"], "raw_top": {"marital-status_Never-married": -0.13244425746728922, "workclass_Local-gov": -0.12565598844536155, "sex_Female": -0.1068846206886629, "relationship_Not-in-family": 0.10080223123607543, "education_Masters": -0.07803298673530198, "education_HS-grad": 0.07365272250673498, "age": 0.07160018387460435, "marital-status_Married-civ-spouse": -0.06129905973926941, "hours-per-week": 0.053332303038653106, "occupation_Prof-specialty": -0.04405625852649316}}}