{"instance_id": 5674, "quadrant": "TP", "true_label": 1, "prediction": 1, "prediction_correct": true, "metrics": {"cost": 460.2735049556941, "sparsity": 0.09259259259259259, "fidelity": 0.9456274516629476, "faithfulness_gap": 0.3988328645191255, "stability": 0.7182436593546981}, "explanation": {"top_features": ["capital-loss: 0.3221", "marital-status_Married-civ-spouse: 0.0653", "marital-status_Never-married: 0.0570", "education_Masters: 0.0498", "age: 0.0462", "workclass_Private: 0.0374", "education_HS-grad: 0.0318", "hours-per-week: 0.0142", "sex_Female: 0.0136", "relationship_Husband: 0.0102"], "raw_top": {"capital-loss": 0.3220954157606422, "marital-status_Married-civ-spouse": 0.06531588501905305, "marital-status_Never-married": 0.057039633945413885, "education_Masters": 0.049789946147438924, "age": 0.04620368304366663, "workclass_Private": 0.03737378570927798, "education_HS-grad": 0.03175966153983694, "hours-per-week": 0.014221850028798446, "sex_Female": 0.013587221181795965, "relationship_Husband": 0.010229362107860185}}}