{"instance_id": 5696, "quadrant": "TP", "true_label": 1, "prediction": 1, "prediction_correct": true, "metrics": {"cost": 639.8225730517879, "sparsity": 0.09259259259259259, "fidelity": 0.9652367058174037, "faithfulness_gap": 0.7054074094881857, "stability": 0.9294346020130518}, "explanation": {"top_features": ["capital-gain: 0.6599", "marital-status_Never-married: -0.1113", "education_Masters: 0.0863", "relationship_Not-in-family: 0.0633", "sex_Female: -0.0524", "workclass_Federal-gov: -0.0499", "marital-status_Married-civ-spouse: -0.0487", "hours-per-week: 0.0389", "age: 0.0339", "sex_Male: 0.0273"], "raw_top": {"capital-gain": 0.6599178798022272, "marital-status_Never-married": -0.11125998992295791, "education_Masters": 0.08634402706019989, "relationship_Not-in-family": 0.0632854080638411, "sex_Female": -0.05243908089872325, "workclass_Federal-gov": -0.049946038796506796, "marital-status_Married-civ-spouse": -0.048743274029086237, "hours-per-week": 0.038897397411286935, "age": 0.033893675259630385, "sex_Male": 0.027270759855682922}}}