{"instance_id": 5968, "quadrant": "FP", "true_label": 0, "prediction": 1, "prediction_correct": false, "metrics": {"cost": 858.9231669902802, "sparsity": 0.09259259259259259, "fidelity": 0.6786284785668375, "faithfulness_gap": 0.3812869104164011, "stability": 0.11245558641595849}, "explanation": {"top_features": ["marital-status_Married-civ-spouse: 0.1564", "age: 0.0715", "occupation_Prof-specialty: -0.0563", "education_Some-college: -0.0554", "education_HS-grad: 0.0516", "marital-status_Never-married: 0.0499", "sex_Female: 0.0432", "relationship_Husband: 0.0332", "education-num: 0.0199", "hours-per-week: 0.0099"], "raw_top": {"marital-status_Married-civ-spouse": 0.15640633418357391, "age": 0.07150447548952994, "occupation_Prof-specialty": -0.05629585005905843, "education_Some-college": -0.05541539442131023, "education_HS-grad": 0.05157671837876374, "marital-status_Never-married": 0.04989760552063969, "sex_Female": 0.04319162014883624, "relationship_Husband": 0.03322034092799458, "education-num": 0.019855577351895186, "hours-per-week": 0.0099031244555855}}}