{"instance_id": 5977, "quadrant": "FP", "true_label": 0, "prediction": 1, "prediction_correct": false, "metrics": {"cost": 227.09150693845004, "sparsity": 0.09259259259259259, "fidelity": 0.7749525382210961, "faithfulness_gap": 0.2725173491847955, "stability": 0.13967943745941366}, "explanation": {"top_features": ["education_Bachelors: -0.1451", "education-num: 0.1392", "marital-status_Married-civ-spouse: 0.1187", "occupation_Prof-specialty: -0.1166", "workclass_Private: 0.1041", "fnlwgt: -0.0846", "relationship_Husband: 0.0733", "age: 0.0710", "education_HS-grad: 0.0487", "marital-status_Never-married: 0.0484"], "raw_top": {"education_Bachelors": -0.14507397785346268, "education-num": 0.13916349072675463, "marital-status_Married-civ-spouse": 0.11870319982502356, "occupation_Prof-specialty": -0.11660333826051746, "workclass_Private": 0.10410317711302314, "fnlwgt": -0.08464685330018584, "relationship_Husband": 0.07329350922661325, "age": 0.07102141206551103, "education_HS-grad": 0.048684143764974576, "marital-status_Never-married": 0.04837831725349763}}}