{"instance_id": 6056, "quadrant": "FP", "true_label": 0, "prediction": 1, "prediction_correct": false, "metrics": {"cost": 457.33449701219797, "sparsity": 0.09259259259259259, "fidelity": 0.7276114016577393, "faithfulness_gap": 0.7641648536559997, "stability": 0.22178355063596206}, "explanation": {"top_features": ["marital-status_Married-civ-spouse: 0.1475", "age: 0.1225", "occupation_Adm-clerical: -0.1116", "workclass_Private: 0.1112", "hours-per-week: 0.0930", "sex_Female: 0.0571", "marital-status_Never-married: 0.0470", "capital-gain: 0.0428", "education_Bachelors: 0.0321", "relationship_Husband: 0.0301"], "raw_top": {"marital-status_Married-civ-spouse": 0.1475381329962228, "age": 0.12253188098393158, "occupation_Adm-clerical": -0.11157309932508142, "workclass_Private": 0.11120701843950485, "hours-per-week": 0.09296960218939168, "sex_Female": 0.05710419138367466, "marital-status_Never-married": 0.047023037574912684, "capital-gain": 0.04276492271059584, "education_Bachelors": 0.03205875672049902, "relationship_Husband": 0.030088448034876553}}}