{"instance_id": 6135, "quadrant": "TP", "true_label": 1, "prediction": 1, "prediction_correct": true, "metrics": {"cost": 529.5937380287796, "sparsity": 0.09259259259259259, "fidelity": 0.9751482742318764, "faithfulness_gap": 0.8081755004023843, "stability": 0.9459153748441641}, "explanation": {"top_features": ["capital-gain: 0.6388", "occupation_Transport-moving: -0.0816", "race_Black: -0.0761", "marital-status_Married-civ-spouse: 0.0654", "race_White: 0.0463", "education_Prof-school: -0.0327", "education_HS-grad: 0.0298", "marital-status_Never-married: 0.0261", "fnlwgt: 0.0169", "education-num: 0.0159"], "raw_top": {"capital-gain": 0.6388148086883794, "occupation_Transport-moving": -0.08163233099881177, "race_Black": -0.0761393147403238, "marital-status_Married-civ-spouse": 0.06538270693704984, "race_White": 0.04630485400600842, "education_Prof-school": -0.03271940603899948, "education_HS-grad": 0.029823053246700416, "marital-status_Never-married": 0.026118612920930182, "fnlwgt": 0.0169219240894118, "education-num": 0.01586230093386813}}}