{"instance_id": 614, "quadrant": "TN", "true_label": 0, "prediction": 0, "prediction_correct": true, "metrics": {"cost": 302.1437959978357, "sparsity": 0.09259259259259259, "fidelity": 0.6954110290386761, "faithfulness_gap": 0.0809761481046079, "stability": 0.6251580849021598}, "explanation": {"top_features": ["age: -0.1267", "marital-status_Never-married: -0.0835", "capital-loss: 0.0585", "education_HS-grad: -0.0543", "occupation_Craft-repair: -0.0408", "marital-status_Married-civ-spouse: -0.0308", "fnlwgt: -0.0284", "relationship_Husband: -0.0231", "sex_Male: -0.0121", "hours-per-week: -0.0099"], "raw_top": {"age": -0.12672581673144562, "marital-status_Never-married": -0.08351948485776253, "capital-loss": 0.05845166597609158, "education_HS-grad": -0.054262320913953645, "occupation_Craft-repair": -0.040841115613212846, "marital-status_Married-civ-spouse": -0.030789277197190032, "fnlwgt": -0.02835008090780661, "relationship_Husband": -0.023110449909377776, "sex_Male": -0.012104374232721652, "hours-per-week": -0.009850525445027559}}}