{"instance_id": 6142, "quadrant": "FN", "true_label": 1, "prediction": 0, "prediction_correct": false, "metrics": {"cost": 343.9963080454618, "sparsity": 0.09259259259259259, "fidelity": 0.7538486366953717, "faithfulness_gap": 0.10848058778502787, "stability": 0.47205705831087413}, "explanation": {"top_features": ["capital-gain: 0.3604", "hours-per-week: -0.2157", "education_Assoc-voc: -0.2091", "occupation_Prof-specialty: -0.1798", "marital-status_Married-civ-spouse: 0.1222", "sex_Male: 0.0935", "relationship_Own-child: -0.0904", "age: -0.0724", "education_HS-grad: 0.0671", "relationship_Husband: -0.0459"], "raw_top": {"capital-gain": 0.3603944396253894, "hours-per-week": -0.21571076818766807, "education_Assoc-voc": -0.2090814485083981, "occupation_Prof-specialty": -0.17976406748283846, "marital-status_Married-civ-spouse": 0.12222477617212768, "sex_Male": 0.09345367878937076, "relationship_Own-child": -0.09041950834643467, "age": -0.07236620103079969, "education_HS-grad": 0.06710117264096423, "relationship_Husband": -0.0459371809236324}}}