{"instance_id": 6177, "quadrant": "FN", "true_label": 1, "prediction": 0, "prediction_correct": false, "metrics": {"cost": 594.1470760153607, "sparsity": 0.09259259259259259, "fidelity": 0.5706730601671266, "faithfulness_gap": 0.3592983310733912, "stability": 0.19046911514371156}, "explanation": {"top_features": ["marital-status_Married-civ-spouse: 0.1612", "education_Assoc-acdm: -0.1148", "occupation_Craft-repair: -0.1126", "education_HS-grad: 0.0846", "marital-status_Never-married: 0.0408", "age: 0.0379", "sex_Male: -0.0212", "education_Bachelors: 0.0198", "sex_Female: 0.0174", "education-num: 0.0085"], "raw_top": {"marital-status_Married-civ-spouse": 0.16117080891203023, "education_Assoc-acdm": -0.1148494852028406, "occupation_Craft-repair": -0.1125525258766984, "education_HS-grad": 0.08455074663542933, "marital-status_Never-married": 0.04075472820789721, "age": 0.037923622122271655, "sex_Male": -0.021185419056462484, "education_Bachelors": 0.019773966897736077, "sex_Female": 0.017362545751699713, "education-num": 0.008532520380279367}}}