{"instance_id": 6224, "quadrant": "FP", "true_label": 0, "prediction": 1, "prediction_correct": false, "metrics": {"cost": 581.7660120083019, "sparsity": 0.09259259259259259, "fidelity": 0.9647253544168968, "faithfulness_gap": 0.9146840219178768, "stability": 0.8817380916930976}, "explanation": {"top_features": ["capital-loss: 0.6228", "education_9th: -0.1337", "age: 0.0653", "relationship_Own-child: 0.0482", "workclass_Private: 0.0455", "education-num: -0.0360", "workclass_State-gov: -0.0339", "sex_Female: 0.0334", "education_Bachelors: 0.0185", "marital-status_Never-married: 0.0177"], "raw_top": {"capital-loss": 0.6227941660429949, "education_9th": -0.13366651825326553, "age": 0.0652909835252434, "relationship_Own-child": 0.0482379113152244, "workclass_Private": 0.045489062582856114, "education-num": -0.035974935629567176, "workclass_State-gov": -0.033886644254361054, "sex_Female": 0.03337780049329602, "education_Bachelors": 0.01846418912764623, "marital-status_Never-married": 0.01765246383582252}}}