{"instance_id": 6297, "quadrant": "TN", "true_label": 0, "prediction": 0, "prediction_correct": true, "metrics": {"cost": 399.40352202393115, "sparsity": 0.09259259259259259, "fidelity": 0.8111904674244699, "faithfulness_gap": 0.1652627773506264, "stability": 0.12032969078958244}, "explanation": {"top_features": ["marital-status_Married-civ-spouse: -0.1590", "education_Some-college: -0.1312", "marital-status_Divorced: -0.0649", "relationship_Not-in-family: 0.0641", "education_HS-grad: 0.0608", "relationship_Husband: -0.0496", "age: 0.0407", "hours-per-week: 0.0401", "education-num: -0.0397", "sex_Male: -0.0322"], "raw_top": {"marital-status_Married-civ-spouse": -0.15897669550071156, "education_Some-college": -0.13115784252775226, "marital-status_Divorced": -0.06486472273730567, "relationship_Not-in-family": 0.06412622313997708, "education_HS-grad": 0.06075890073133605, "relationship_Husband": -0.04957956183211364, "age": 0.040742710369211045, "hours-per-week": 0.04010668133876727, "education-num": -0.03971658673615716, "sex_Male": -0.03216322025275748}}}