{"instance_id": 631, "quadrant": "TP", "true_label": 1, "prediction": 1, "prediction_correct": true, "metrics": {"cost": 260.95212204381824, "sparsity": 0.09259259259259259, "fidelity": 0.8099773973425808, "faithfulness_gap": 0.6507219223025161, "stability": 0.2482516223091847}, "explanation": {"top_features": ["marital-status_Married-civ-spouse: 0.1903", "education-num: 0.1344", "education_HS-grad: 0.0823", "marital-status_Never-married: 0.0730", "occupation_Sales: -0.0724", "education_Bachelors: -0.0699", "hours-per-week: 0.0607", "relationship_Not-in-family: -0.0212", "fnlwgt: -0.0190", "age: -0.0172"], "raw_top": {"marital-status_Married-civ-spouse": 0.1903194879475497, "education-num": 0.13443781492500745, "education_HS-grad": 0.08232656148971901, "marital-status_Never-married": 0.07300241272655653, "occupation_Sales": -0.07237072145929042, "education_Bachelors": -0.06994092307622937, "hours-per-week": 0.060695100355542896, "relationship_Not-in-family": -0.021246683396679875, "fnlwgt": -0.019032066949071266, "age": -0.017152177976745897}}}