{"instance_id": 6343, "quadrant": "FP", "true_label": 0, "prediction": 1, "prediction_correct": false, "metrics": {"cost": 435.5507850414142, "sparsity": 0.09259259259259259, "fidelity": 0.7214661647410415, "faithfulness_gap": 0.35473561117893965, "stability": 0.1561135796684011}, "explanation": {"top_features": ["workclass_Local-gov: -0.1599", "hours-per-week: 0.1549", "workclass_Private: 0.1256", "fnlwgt: -0.1246", "marital-status_Married-civ-spouse: 0.1099", "sex_Female: 0.0518", "marital-status_Never-married: 0.0500", "occupation_Protective-serv: 0.0482", "capital-gain: 0.0463", "education_Bachelors: 0.0368"], "raw_top": {"workclass_Local-gov": -0.15993240519161453, "hours-per-week": 0.15493366450821291, "workclass_Private": 0.12560518763519857, "fnlwgt": -0.12457077082115603, "marital-status_Married-civ-spouse": 0.10994229314359032, "sex_Female": 0.05178926976555572, "marital-status_Never-married": 0.05001814690162991, "occupation_Protective-serv": 0.048163731031512856, "capital-gain": 0.046285019453645285, "education_Bachelors": 0.03683050034614022}}}