{"instance_id": 6404, "quadrant": "TP", "true_label": 1, "prediction": 1, "prediction_correct": true, "metrics": {"cost": 249.94793499354273, "sparsity": 0.09259259259259259, "fidelity": 0.7003936920571849, "faithfulness_gap": 0.6005181720462353, "stability": 0.14896494344783237}, "explanation": {"top_features": ["marital-status_Married-civ-spouse: 0.1651", "education-num: 0.1186", "age: 0.0818", "marital-status_Never-married: 0.0664", "education_HS-grad: 0.0644", "fnlwgt: -0.0640", "education_Bachelors: -0.0402", "relationship_Not-in-family: -0.0328", "hours-per-week: 0.0241", "capital-gain: 0.0193"], "raw_top": {"marital-status_Married-civ-spouse": 0.16507747610705822, "education-num": 0.11863206826162159, "age": 0.08183292451001035, "marital-status_Never-married": 0.06636848176205933, "education_HS-grad": 0.06437877638782681, "fnlwgt": -0.06398974339795167, "education_Bachelors": -0.040240870975587144, "relationship_Not-in-family": -0.032841710122312684, "hours-per-week": 0.024081648284896003, "capital-gain": 0.019274428955435827}}}