{"instance_id": 642, "quadrant": "TP", "true_label": 1, "prediction": 1, "prediction_correct": true, "metrics": {"cost": 402.4947310099378, "sparsity": 0.09259259259259259, "fidelity": 0.47742341011517886, "faithfulness_gap": 0.9327812941721878, "stability": 0.11001933443721466}, "explanation": {"top_features": ["marital-status_Married-civ-spouse: 0.1481", "workclass_Federal-gov: 0.0936", "workclass_Private: 0.0838", "marital-status_Never-married: 0.0688", "age: 0.0572", "fnlwgt: 0.0419", "sex_Female: 0.0371", "hours-per-week: 0.0356", "education_HS-grad: 0.0328", "education-num: 0.0261"], "raw_top": {"marital-status_Married-civ-spouse": 0.14810820819138448, "workclass_Federal-gov": 0.09355583570438675, "workclass_Private": 0.08379506593496645, "marital-status_Never-married": 0.06882462575688247, "age": 0.05719352559292621, "fnlwgt": 0.041878665143835966, "sex_Female": 0.03708332424681231, "hours-per-week": 0.03558804086642284, "education_HS-grad": 0.03275616192368155, "education-num": 0.026141402711932438}}}