{"instance_id": 6477, "quadrant": "TN", "true_label": 0, "prediction": 0, "prediction_correct": true, "metrics": {"cost": 412.51322790049016, "sparsity": 0.09259259259259259, "fidelity": 0.6463996454983104, "faithfulness_gap": 0.03961787562209109, "stability": 0.35986338920183447}, "explanation": {"top_features": ["marital-status_Never-married: -0.0857", "occupation_Machine-op-inspct: -0.0705", "education_HS-grad: -0.0668", "marital-status_Married-civ-spouse: -0.0611", "relationship_Husband: -0.0242", "hours-per-week: -0.0178", "education-num: -0.0134", "workclass_Private: -0.0041", "fnlwgt: -0.0016", "relationship_Own-child: -0.0015"], "raw_top": {"marital-status_Never-married": -0.08574037818630252, "occupation_Machine-op-inspct": -0.07051733190827707, "education_HS-grad": -0.06683016457614356, "marital-status_Married-civ-spouse": -0.061126356741055536, "relationship_Husband": -0.024209938400641194, "hours-per-week": -0.017832795726285124, "education-num": -0.01338268160844165, "workclass_Private": -0.00405859377682699, "fnlwgt": -0.0016019481509687672, "relationship_Own-child": -0.0015080774440313638}}}