{"instance_id": 648, "quadrant": "FN", "true_label": 1, "prediction": 0, "prediction_correct": false, "metrics": {"cost": 257.84448499325663, "sparsity": 0.09259259259259259, "fidelity": 0.674396182746338, "faithfulness_gap": 0.24735382534686373, "stability": 0.5558161778612839}, "explanation": {"top_features": ["capital-gain: 0.3606", "workclass_Self-emp-not-inc: -0.2858", "fnlwgt: -0.1441", "education_HS-grad: -0.1365", "occupation_Sales: -0.1059", "relationship_Husband: -0.0908", "marital-status_Married-civ-spouse: 0.0756", "relationship_Wife: 0.0475", "hours-per-week: -0.0187", "education-num: -0.0174"], "raw_top": {"capital-gain": 0.360636305495863, "workclass_Self-emp-not-inc": -0.2857778258474155, "fnlwgt": -0.14407904404992633, "education_HS-grad": -0.13647982528995778, "occupation_Sales": -0.10587741940954742, "relationship_Husband": -0.09076918722610436, "marital-status_Married-civ-spouse": 0.07562705962084428, "relationship_Wife": 0.047517052545639975, "hours-per-week": -0.01872422275808694, "education-num": -0.017357655030794183}}}