{"instance_id": 6513, "quadrant": "TN", "true_label": 0, "prediction": 0, "prediction_correct": true, "metrics": {"cost": 595.2492879005149, "sparsity": 0.09259259259259259, "fidelity": 0.7325147945154081, "faithfulness_gap": 0.020056253660120486, "stability": 0.7418330789623773}, "explanation": {"top_features": ["age: -0.1236", "marital-status_Never-married: -0.0746", "workclass_nan: -0.0583", "marital-status_Married-civ-spouse: -0.0536", "workclass_Private: 0.0356", "occupation_nan: -0.0328", "education_Some-college: -0.0143", "relationship_Husband: -0.0142", "hours-per-week: -0.0095", "education-num: -0.0058"], "raw_top": {"age": -0.12358665306377492, "marital-status_Never-married": -0.07464074919427224, "workclass_nan": -0.05830792218963318, "marital-status_Married-civ-spouse": -0.05364091498328908, "workclass_Private": 0.03563900975133816, "occupation_nan": -0.032773432686856396, "education_Some-college": -0.014321726145992902, "relationship_Husband": -0.014225860687887098, "hours-per-week": -0.009547845103665378, "education-num": -0.005814325691640069}}}