{"instance_id": 6522, "quadrant": "TN", "true_label": 0, "prediction": 0, "prediction_correct": true, "metrics": {"cost": 447.7406470105052, "sparsity": 0.09259259259259259, "fidelity": 0.6143696078604235, "faithfulness_gap": 0.09617910153717092, "stability": 0.6049761789493185}, "explanation": {"top_features": ["age: -0.0710", "hours-per-week: -0.0671", "marital-status_Never-married: -0.0566", "marital-status_Married-civ-spouse: -0.0438", "occupation_Machine-op-inspct: -0.0431", "education_HS-grad: -0.0292", "relationship_Husband: -0.0159", "education-num: -0.0141", "sex_Female: -0.0079", "workclass_Private: -0.0024"], "raw_top": {"age": -0.07104826136002605, "hours-per-week": -0.06713674101514006, "marital-status_Never-married": -0.05656099750463516, "marital-status_Married-civ-spouse": -0.0438054835996098, "occupation_Machine-op-inspct": -0.04310223823454943, "education_HS-grad": -0.029197374753472304, "relationship_Husband": -0.015946829596574914, "education-num": -0.014132687544528658, "sex_Female": -0.007910378340047137, "workclass_Private": -0.0024216940226508}}}