{"instance_id": 6535, "quadrant": "TP", "true_label": 1, "prediction": 1, "prediction_correct": true, "metrics": {"cost": 334.8247630055994, "sparsity": 0.09259259259259259, "fidelity": 0.8160902040336302, "faithfulness_gap": 0.11681143143469663, "stability": 0.7568692696931496}, "explanation": {"top_features": ["capital-gain: 0.5329", "workclass_Self-emp-inc: -0.1153", "hours-per-week: -0.0932", "marital-status_Married-civ-spouse: 0.0830", "education_Bachelors: -0.0724", "occupation_Exec-managerial: -0.0603", "education_HS-grad: 0.0488", "marital-status_Never-married: 0.0326", "education-num: 0.0291", "sex_Female: 0.0274"], "raw_top": {"capital-gain": 0.5328812889748841, "workclass_Self-emp-inc": -0.11532149741675513, "hours-per-week": -0.09317419056154626, "marital-status_Married-civ-spouse": 0.08297624545084185, "education_Bachelors": -0.07243484772896659, "occupation_Exec-managerial": -0.06034850308780003, "education_HS-grad": 0.0488211323736767, "marital-status_Never-married": 0.032583928232777754, "education-num": 0.02905808623243584, "sex_Female": 0.027428550845330135}}}