{"instance_id": 6627, "quadrant": "TN", "true_label": 0, "prediction": 0, "prediction_correct": true, "metrics": {"cost": 1040.7174600986764, "sparsity": 0.09259259259259259, "fidelity": 0.765859866468231, "faithfulness_gap": 0.28949350842626886, "stability": 0.5982699512788583}, "explanation": {"top_features": ["occupation_Other-service: -0.1172", "education_HS-grad: -0.0485", "sex_Female: -0.0462", "marital-status_Married-civ-spouse: -0.0437", "relationship_Husband: -0.0309", "relationship_Unmarried: -0.0233", "hours-per-week: -0.0230", "capital-loss: -0.0064", "marital-status_Divorced: -0.0063", "workclass_Private: -0.0051"], "raw_top": {"occupation_Other-service": -0.11723482673469435, "education_HS-grad": -0.04851281640655783, "sex_Female": -0.04617216383052655, "marital-status_Married-civ-spouse": -0.04370412961192084, "relationship_Husband": -0.030857458272555035, "relationship_Unmarried": -0.023259458348745942, "hours-per-week": -0.023031907033806226, "capital-loss": -0.00636697437589351, "marital-status_Divorced": -0.006295170743188059, "workclass_Private": -0.005140170396375543}}}