{"instance_id": 6696, "quadrant": "FP", "true_label": 0, "prediction": 1, "prediction_correct": false, "metrics": {"cost": 325.46295097563416, "sparsity": 0.09259259259259259, "fidelity": 0.6844379439704057, "faithfulness_gap": 0.779334364682992, "stability": 0.560329824640359}, "explanation": {"top_features": ["capital-loss: 0.3229", "workclass_Local-gov: -0.2198", "marital-status_Never-married: -0.1641", "education-num: 0.1252", "sex_Male: 0.0840", "education_HS-grad: 0.0715", "fnlwgt: 0.0668", "occupation_Prof-specialty: 0.0554", "workclass_Private: 0.0511", "hours-per-week: 0.0355"], "raw_top": {"capital-loss": 0.32294686542355117, "workclass_Local-gov": -0.21979079467961005, "marital-status_Never-married": -0.16407026070917963, "education-num": 0.125221382367682, "sex_Male": 0.08402242580629367, "education_HS-grad": 0.07151437780161493, "fnlwgt": 0.06678489183468597, "occupation_Prof-specialty": 0.0554458066330187, "workclass_Private": 0.051134008606390315, "hours-per-week": 0.03554406356843515}}}