{"instance_id": 6737, "quadrant": "TN", "true_label": 0, "prediction": 0, "prediction_correct": true, "metrics": {"cost": 278.1405739951879, "sparsity": 0.09259259259259259, "fidelity": 0.9267861498469436, "faithfulness_gap": 0.572969301318553, "stability": 0.36862859600850933}, "explanation": {"top_features": ["occupation_Farming-fishing: -0.3284", "marital-status_Married-civ-spouse: 0.0825", "hours-per-week: -0.0589", "education_Bachelors: -0.0583", "age: 0.0521", "education_HS-grad: 0.0431", "relationship_Husband: 0.0290", "capital-loss: -0.0253", "marital-status_Never-married: 0.0238", "fnlwgt: -0.0186"], "raw_top": {"occupation_Farming-fishing": -0.32840043960315946, "marital-status_Married-civ-spouse": 0.08248812549687681, "hours-per-week": -0.05886362671985543, "education_Bachelors": -0.05828917703766585, "age": 0.052076630867538345, "education_HS-grad": 0.043118898253007264, "relationship_Husband": 0.029002310836965875, "capital-loss": -0.02534457808242729, "marital-status_Never-married": 0.02380604137011486, "fnlwgt": -0.018610839002579843}}}