{"instance_id": 6775, "quadrant": "FN", "true_label": 1, "prediction": 0, "prediction_correct": false, "metrics": {"cost": 352.8464009286836, "sparsity": 0.09259259259259259, "fidelity": 0.856346720367052, "faithfulness_gap": 0.03834141825049997, "stability": 0.1309760132581409}, "explanation": {"top_features": ["education_10th: -0.1939", "education-num: -0.1025", "age: 0.0872", "marital-status_Married-civ-spouse: 0.0761", "fnlwgt: -0.0452", "hours-per-week: -0.0280", "sex_Female: 0.0266", "education_Bachelors: 0.0258", "capital-loss: -0.0216", "relationship_Own-child: -0.0194"], "raw_top": {"education_10th": -0.19391402258393978, "education-num": -0.10252403752783609, "age": 0.08721687856597626, "marital-status_Married-civ-spouse": 0.07605462847996235, "fnlwgt": -0.04515168993106467, "hours-per-week": -0.02802896432701874, "sex_Female": 0.026573056575525934, "education_Bachelors": 0.025754772596279313, "capital-loss": -0.021631930844490166, "relationship_Own-child": -0.019425482866041583}}}