{"instance_id": 685, "quadrant": "FP", "true_label": 0, "prediction": 1, "prediction_correct": false, "metrics": {"cost": 401.56209596898407, "sparsity": 0.09259259259259259, "fidelity": 0.8330339799694154, "faithfulness_gap": 0.11569328641010201, "stability": 0.05317805012284585}, "explanation": {"top_features": ["education_Some-college: -0.1446", "hours-per-week: 0.1386", "workclass_Self-emp-inc: -0.1070", "education_HS-grad: 0.0714", "marital-status_Married-civ-spouse: 0.0636", "sex_Female: 0.0630", "relationship_Husband: 0.0612", "marital-status_Never-married: 0.0595", "workclass_Private: 0.0484", "relationship_Own-child: 0.0362"], "raw_top": {"education_Some-college": -0.14458427660285067, "hours-per-week": 0.13861420235190586, "workclass_Self-emp-inc": -0.10699558709949736, "education_HS-grad": 0.07137884714249211, "marital-status_Married-civ-spouse": 0.06363038449297584, "sex_Female": 0.06299478947113409, "relationship_Husband": 0.06122529756420818, "marital-status_Never-married": 0.05949935139712317, "workclass_Private": 0.04840373510579955, "relationship_Own-child": 0.03620278196477693}}}