{"instance_id": 686, "quadrant": "FN", "true_label": 1, "prediction": 0, "prediction_correct": false, "metrics": {"cost": 357.27464291267097, "sparsity": 0.09259259259259259, "fidelity": 0.9460248109312266, "faithfulness_gap": 0.10460870190219136, "stability": 0.7758353100725884}, "explanation": {"top_features": ["education_9th: -0.5157", "native-country_Yugoslavia: 0.0875", "occupation_Other-service: -0.0805", "workclass_Private: 0.0677", "native-country_United-States: 0.0594", "relationship_Wife: 0.0581", "workclass_Local-gov: -0.0506", "marital-status_Married-civ-spouse: 0.0499", "sex_Female: -0.0477", "marital-status_Never-married: 0.0223"], "raw_top": {"education_9th": -0.5157191395997566, "native-country_Yugoslavia": 0.08754242143555778, "occupation_Other-service": -0.08046984704131212, "workclass_Private": 0.06766021560783264, "native-country_United-States": 0.05941626869856034, "relationship_Wife": 0.058056695456130104, "workclass_Local-gov": -0.0505976205184109, "marital-status_Married-civ-spouse": 0.04992337514109493, "sex_Female": -0.0476560848742723, "marital-status_Never-married": 0.022312806156334686}}}