{"instance_id": 7011, "quadrant": "FP", "true_label": 0, "prediction": 1, "prediction_correct": false, "metrics": {"cost": 747.0925089437515, "sparsity": 0.09259259259259259, "fidelity": 0.711975067202054, "faithfulness_gap": 0.628567072605206, "stability": 0.05185469041441599}, "explanation": {"top_features": ["relationship_Wife: 0.1549", "marital-status_Married-civ-spouse: 0.1462", "education-num: -0.0768", "relationship_Husband: -0.0628", "hours-per-week: -0.0481", "sex_Female: 0.0447", "age: 0.0436", "education_Bachelors: 0.0419", "sex_Male: 0.0328", "marital-status_Never-married: 0.0235"], "raw_top": {"relationship_Wife": 0.15486246315543023, "marital-status_Married-civ-spouse": 0.1462445740580122, "education-num": -0.07679723471769878, "relationship_Husband": -0.06278141346748115, "hours-per-week": -0.048108398040449196, "sex_Female": 0.04471641511896278, "age": 0.043600150707952895, "education_Bachelors": 0.04189234877483701, "sex_Male": 0.032785847324529604, "marital-status_Never-married": 0.023529372106911396}}}