{"instance_id": 7017, "quadrant": "FP", "true_label": 0, "prediction": 1, "prediction_correct": false, "metrics": {"cost": 571.2432560976595, "sparsity": 0.09259259259259259, "fidelity": 0.6685932939622615, "faithfulness_gap": 0.304579069520971, "stability": 0.4559090853394123}, "explanation": {"top_features": ["education_7th-8th: -0.3974", "hours-per-week: 0.1758", "workclass_Private: 0.1626", "education-num: 0.1548", "sex_Female: 0.0629", "age: 0.0579", "workclass_Self-emp-not-inc: 0.0447", "occupation_Tech-support: 0.0314", "education_Bachelors: 0.0248", "marital-status_Married-civ-spouse: 0.0153"], "raw_top": {"education_7th-8th": -0.39742607328040463, "hours-per-week": 0.1758393332643926, "workclass_Private": 0.16264051209506505, "education-num": 0.15477341089146796, "sex_Female": 0.06285549702355321, "age": 0.057907879105583475, "workclass_Self-emp-not-inc": 0.04469096751316354, "occupation_Tech-support": 0.03143287388623302, "education_Bachelors": 0.024755456048333103, "marital-status_Married-civ-spouse": 0.015297459556993687}}}