{"instance_id": 7027, "quadrant": "TN", "true_label": 0, "prediction": 0, "prediction_correct": true, "metrics": {"cost": 447.93668796774, "sparsity": 0.09259259259259259, "fidelity": 0.6935774105321147, "faithfulness_gap": 0.006675793622669314, "stability": 0.782971239973344}, "explanation": {"top_features": ["age: -0.0937", "hours-per-week: -0.0548", "marital-status_Never-married: -0.0491", "marital-status_Married-civ-spouse: -0.0405", "education_HS-grad: -0.0371", "race_Black: -0.0300", "relationship_Husband: -0.0182", "occupation_Adm-clerical: -0.0134", "workclass_State-gov: -0.0117", "education-num: -0.0028"], "raw_top": {"age": -0.09366816484652468, "hours-per-week": -0.05484313836286816, "marital-status_Never-married": -0.04909375551391352, "marital-status_Married-civ-spouse": -0.04051289631415718, "education_HS-grad": -0.037067984286225125, "race_Black": -0.030017770181037042, "relationship_Husband": -0.018153316584121577, "occupation_Adm-clerical": -0.013361695621369692, "workclass_State-gov": -0.011720405313215101, "education-num": -0.0028236615101008278}}}