{"instance_id": 7061, "quadrant": "TP", "true_label": 1, "prediction": 1, "prediction_correct": true, "metrics": {"cost": 214.50914803426713, "sparsity": 0.09259259259259259, "fidelity": 0.9888781341964511, "faithfulness_gap": 0.7368507268341573, "stability": 0.9351175592245882}, "explanation": {"top_features": ["capital-gain: 0.5424", "marital-status_Married-civ-spouse: 0.0616", "education_Some-college: -0.0310", "education_HS-grad: 0.0239", "occupation_Exec-managerial: 0.0226", "fnlwgt: -0.0215", "marital-status_Never-married: 0.0159", "education_Bachelors: 0.0127", "hours-per-week: 0.0112", "relationship_Husband: 0.0109"], "raw_top": {"capital-gain": 0.5423759771748443, "marital-status_Married-civ-spouse": 0.06164390452936944, "education_Some-college": -0.030989483635139564, "education_HS-grad": 0.02391667136587837, "occupation_Exec-managerial": 0.022561721599307853, "fnlwgt": -0.021498027531374087, "marital-status_Never-married": 0.015879179160704415, "education_Bachelors": 0.012685706956938235, "hours-per-week": 0.011217544923562485, "relationship_Husband": 0.010943977955954826}}}