{"instance_id": 7137, "quadrant": "FN", "true_label": 1, "prediction": 0, "prediction_correct": false, "metrics": {"cost": 592.4084570724517, "sparsity": 0.09259259259259259, "fidelity": 0.605650291251318, "faithfulness_gap": 0.535197815049925, "stability": 0.5112176461551905}, "explanation": {"top_features": ["native-country_Japan: -0.1924", "education-num: -0.1371", "race_White: 0.0861", "education_Prof-school: -0.0757", "marital-status_Married-civ-spouse: 0.0672", "education_HS-grad: 0.0484", "age: -0.0393", "capital-loss: -0.0301", "education_Bachelors: -0.0253", "occupation_Exec-managerial: -0.0204"], "raw_top": {"native-country_Japan": -0.1923881072671404, "education-num": -0.13709180372792712, "race_White": 0.08605841439029396, "education_Prof-school": -0.0756674091683498, "marital-status_Married-civ-spouse": 0.06718573786688652, "education_HS-grad": 0.04835261317047942, "age": -0.039270151581386095, "capital-loss": -0.030139920018039393, "education_Bachelors": -0.025340928816508127, "occupation_Exec-managerial": -0.020384550332828155}}}