{"instance_id": 7244, "quadrant": "TP", "true_label": 1, "prediction": 1, "prediction_correct": true, "metrics": {"cost": 405.9456700924784, "sparsity": 0.09259259259259259, "fidelity": 0.9645288811808332, "faithfulness_gap": 0.7803972768804023, "stability": 0.9052539387179133}, "explanation": {"top_features": ["capital-gain: 0.3770", "education_Prof-school: 0.0645", "marital-status_Married-civ-spouse: 0.0499", "age: 0.0407", "workclass_Private: 0.0402", "sex_Female: 0.0168", "education-num: 0.0165", "education_HS-grad: 0.0157", "relationship_Husband: 0.0147", "occupation_Prof-specialty: 0.0127"], "raw_top": {"capital-gain": 0.3770194877990428, "education_Prof-school": 0.06446192915881413, "marital-status_Married-civ-spouse": 0.04994340299523462, "age": 0.04065096874401962, "workclass_Private": 0.04020230151276472, "sex_Female": 0.016812219804620155, "education-num": 0.016486718123752585, "education_HS-grad": 0.015711383342943305, "relationship_Husband": 0.014737754520829965, "occupation_Prof-specialty": 0.012711040993996003}}}