{"instance_id": 7345, "quadrant": "TN", "true_label": 0, "prediction": 0, "prediction_correct": true, "metrics": {"cost": 947.931503993459, "sparsity": 0.09259259259259259, "fidelity": 0.6565334668632556, "faithfulness_gap": 0.0488252533750405, "stability": 0.7994043643728342}, "explanation": {"top_features": ["age: -0.0991", "marital-status_Never-married: -0.0579", "education_10th: -0.0503", "workclass_nan: -0.0479", "hours-per-week: -0.0422", "marital-status_Married-civ-spouse: -0.0420", "relationship_Own-child: 0.0417", "occupation_nan: -0.0244", "education-num: -0.0215", "relationship_Husband: -0.0077"], "raw_top": {"age": -0.09911248669664952, "marital-status_Never-married": -0.05788710332843056, "education_10th": -0.050320155315445765, "workclass_nan": -0.04786880725019179, "hours-per-week": -0.042211991978439896, "marital-status_Married-civ-spouse": -0.042039443289073, "relationship_Own-child": 0.041740928278594935, "occupation_nan": -0.024430954247728596, "education-num": -0.021475588134902916, "relationship_Husband": -0.007657174765170012}}}