{"instance_id": 7365, "quadrant": "FN", "true_label": 1, "prediction": 0, "prediction_correct": false, "metrics": {"cost": 525.2702250145376, "sparsity": 0.09259259259259259, "fidelity": 0.9175172624559856, "faithfulness_gap": 0.5051805656539962, "stability": 0.5932175922329915}, "explanation": {"top_features": ["marital-status_Never-married: -0.0864", "age: -0.0807", "marital-status_Married-civ-spouse: -0.0696", "fnlwgt: -0.0484", "education_Bachelors: -0.0320", "relationship_Husband: -0.0156", "occupation_Craft-repair: -0.0062", "hours-per-week: -0.0052", "sex_Male: -0.0035", "capital-loss: -0.0033"], "raw_top": {"marital-status_Never-married": -0.08638739656546449, "age": -0.08067167655507503, "marital-status_Married-civ-spouse": -0.06959041114495255, "fnlwgt": -0.04838667482038998, "education_Bachelors": -0.031957787507466105, "relationship_Husband": -0.015623520973230068, "occupation_Craft-repair": -0.006246927126516827, "hours-per-week": -0.005222738869686289, "sex_Male": -0.003459258110216412, "capital-loss": -0.0033375218001540437}}}