{"instance_id": 7374, "quadrant": "FP", "true_label": 0, "prediction": 1, "prediction_correct": false, "metrics": {"cost": 369.04077196959406, "sparsity": 0.09259259259259259, "fidelity": 0.6362388983245367, "faithfulness_gap": 0.5088300627090485, "stability": 0.13787280632579074}, "explanation": {"top_features": ["marital-status_Married-civ-spouse: 0.1709", "education_Some-college: -0.0952", "age: 0.0770", "marital-status_Never-married: 0.0594", "hours-per-week: 0.0359", "relationship_Own-child: -0.0259", "education_Bachelors: -0.0163", "capital-gain: 0.0132", "occupation_Sales: -0.0119", "relationship_Not-in-family: -0.0114"], "raw_top": {"marital-status_Married-civ-spouse": 0.17086144805310052, "education_Some-college": -0.09515493679645991, "age": 0.07699878254618298, "marital-status_Never-married": 0.059439998025217815, "hours-per-week": 0.03586669181771581, "relationship_Own-child": -0.02591235698680623, "education_Bachelors": -0.01632144350996968, "capital-gain": 0.013157931465853102, "occupation_Sales": -0.01193634519943914, "relationship_Not-in-family": -0.011358725726665964}}}