{"instance_id": 7615, "quadrant": "TP", "true_label": 1, "prediction": 1, "prediction_correct": true, "metrics": {"cost": 250.43389096390456, "sparsity": 0.09259259259259259, "fidelity": 0.8602884474745621, "faithfulness_gap": 0.07179234262157641, "stability": 0.26357893533188503}, "explanation": {"top_features": ["education_Prof-school: 0.2300", "marital-status_Married-civ-spouse: 0.1718", "workclass_Private: 0.1289", "workclass_Self-emp-not-inc: -0.0812", "hours-per-week: -0.0741", "fnlwgt: 0.0557", "marital-status_Never-married: 0.0362", "occupation_Prof-specialty: 0.0164", "capital-gain: 0.0158", "sex_Female: 0.0128"], "raw_top": {"education_Prof-school": 0.22997079074123103, "marital-status_Married-civ-spouse": 0.17178130412576484, "workclass_Private": 0.12888520562090577, "workclass_Self-emp-not-inc": -0.08120508908486299, "hours-per-week": -0.07411655387064685, "fnlwgt": 0.05567401539224859, "marital-status_Never-married": 0.036151126798241194, "occupation_Prof-specialty": 0.016435303340237847, "capital-gain": 0.01584846148104084, "sex_Female": 0.012787061642311692}}}