{"instance_id": 7632, "quadrant": "TP", "true_label": 1, "prediction": 1, "prediction_correct": true, "metrics": {"cost": 334.8233220167458, "sparsity": 0.09259259259259259, "fidelity": 0.7897179004772279, "faithfulness_gap": 0.7325523162059004, "stability": 0.2958401955436462}, "explanation": {"top_features": ["occupation_Exec-managerial: 0.1938", "native-country_Japan: -0.1913", "age: 0.1411", "marital-status_Married-civ-spouse: 0.1370", "education_HS-grad: 0.0908", "education_Masters: 0.0667", "fnlwgt: 0.0658", "marital-status_Never-married: 0.0536", "native-country_United-States: 0.0188", "sex_Female: 0.0182"], "raw_top": {"occupation_Exec-managerial": 0.1937795862313962, "native-country_Japan": -0.19132540185671457, "age": 0.14108753045307498, "marital-status_Married-civ-spouse": 0.1370187468517809, "education_HS-grad": 0.09081943988212841, "education_Masters": 0.06671743068272089, "fnlwgt": 0.065773133411751, "marital-status_Never-married": 0.05357707113841939, "native-country_United-States": 0.018846884235529493, "sex_Female": 0.018243352589881797}}}