{"instance_id": 7635, "quadrant": "FN", "true_label": 1, "prediction": 0, "prediction_correct": false, "metrics": {"cost": 329.44045995827764, "sparsity": 0.09259259259259259, "fidelity": 0.9391653040217335, "faithfulness_gap": 0.002978427254315002, "stability": 0.42886268633639435}, "explanation": {"top_features": ["hours-per-week: -0.2735", "marital-status_Married-civ-spouse: 0.0894", "occupation_Prof-specialty: -0.0650", "education_Some-college: -0.0462", "marital-status_Never-married: 0.0247", "capital-loss: -0.0232", "sex_Female: 0.0167", "fnlwgt: -0.0167", "relationship_Own-child: -0.0142", "education-num: -0.0141"], "raw_top": {"hours-per-week": -0.2734770210913981, "marital-status_Married-civ-spouse": 0.08942043834813923, "occupation_Prof-specialty": -0.06497964390443269, "education_Some-college": -0.04615236628068384, "marital-status_Never-married": 0.024733775905404168, "capital-loss": -0.023163423027626622, "sex_Female": 0.016744276782186207, "fnlwgt": -0.016676380294536705, "relationship_Own-child": -0.014161169727677635, "education-num": -0.014089781480595484}}}