{"instance_id": 7883, "quadrant": "FN", "true_label": 1, "prediction": 0, "prediction_correct": false, "metrics": {"cost": 349.9133379664272, "sparsity": 0.09259259259259259, "fidelity": 0.5427413081288913, "faithfulness_gap": 0.21889878239766702, "stability": 0.15976821041774447}, "explanation": {"top_features": ["marital-status_Married-civ-spouse: 0.1502", "occupation_Prof-specialty: -0.1165", "fnlwgt: -0.0900", "marital-status_Never-married: 0.0439", "education_Masters: 0.0425", "relationship_Husband: 0.0347", "education_HS-grad: 0.0315", "age: 0.0214", "sex_Female: 0.0147", "hours-per-week: 0.0103"], "raw_top": {"marital-status_Married-civ-spouse": 0.15016822168259283, "occupation_Prof-specialty": -0.11646848256337651, "fnlwgt": -0.08999473814043436, "marital-status_Never-married": 0.0438815759770753, "education_Masters": 0.04250964877131503, "relationship_Husband": 0.03472988537587295, "education_HS-grad": 0.03152735831377665, "age": 0.02135973080633886, "sex_Female": 0.014676994990719894, "hours-per-week": 0.010264100512077073}}}