{"instance_id": 7942, "quadrant": "FP", "true_label": 0, "prediction": 1, "prediction_correct": false, "metrics": {"cost": 490.09704403579235, "sparsity": 0.09259259259259259, "fidelity": 0.7640867244422677, "faithfulness_gap": 0.3306265642224311, "stability": 0.14616789201260982}, "explanation": {"top_features": ["education_HS-grad: -0.1352", "marital-status_Married-civ-spouse: 0.1085", "age: 0.0938", "relationship_Husband: 0.0912", "hours-per-week: 0.0865", "occupation_Exec-managerial: -0.0484", "marital-status_Never-married: 0.0379", "sex_Female: 0.0300", "education_Bachelors: 0.0195", "capital-gain: 0.0109"], "raw_top": {"education_HS-grad": -0.13517136905738508, "marital-status_Married-civ-spouse": 0.10845909232181854, "age": 0.09375119396478586, "relationship_Husband": 0.0911967705795234, "hours-per-week": 0.08654228677427725, "occupation_Exec-managerial": -0.04842419873609371, "marital-status_Never-married": 0.037878539186802646, "sex_Female": 0.029981684057807365, "education_Bachelors": 0.019475935008388026, "capital-gain": 0.010866128658687413}}}