{"instance_id": 7996, "quadrant": "TN", "true_label": 0, "prediction": 0, "prediction_correct": true, "metrics": {"cost": 559.7401430131868, "sparsity": 0.09259259259259259, "fidelity": 0.6197316937003136, "faithfulness_gap": 0.3867335816386438, "stability": 0.7272598523929121}, "explanation": {"top_features": ["age: -0.0911", "workclass_Local-gov: -0.0686", "marital-status_Never-married: -0.0618", "marital-status_Married-civ-spouse: -0.0432", "hours-per-week: -0.0402", "workclass_Private: 0.0402", "occupation_Other-service: -0.0399", "sex_Female: -0.0207", "relationship_Husband: -0.0171", "education-num: -0.0088"], "raw_top": {"age": -0.09109898357181433, "workclass_Local-gov": -0.06857326088726834, "marital-status_Never-married": -0.06177114903106201, "marital-status_Married-civ-spouse": -0.043225517240670815, "hours-per-week": -0.040248871200192285, "workclass_Private": 0.04015636343600426, "occupation_Other-service": -0.039879438371387396, "sex_Female": -0.020709527057308726, "relationship_Husband": -0.0171136557983678, "education-num": -0.008789036814436714}}}