{"instance_id": 8009, "quadrant": "TP", "true_label": 1, "prediction": 1, "prediction_correct": true, "metrics": {"cost": 390.06785000674427, "sparsity": 0.09259259259259259, "fidelity": 0.5653284365634965, "faithfulness_gap": 0.6312273868725284, "stability": 0.20866862572846478}, "explanation": {"top_features": ["workclass_Local-gov: -0.2117", "marital-status_Married-civ-spouse: 0.1414", "age: 0.0820", "marital-status_Never-married: 0.0674", "occupation_Prof-specialty: 0.0653", "education_HS-grad: 0.0541", "education-num: 0.0536", "workclass_Private: 0.0437", "education_Masters: 0.0320", "capital-gain: 0.0254"], "raw_top": {"workclass_Local-gov": -0.21171143917178928, "marital-status_Married-civ-spouse": 0.14135277555503262, "age": 0.08203535788432995, "marital-status_Never-married": 0.06736977055574966, "occupation_Prof-specialty": 0.06531385300952942, "education_HS-grad": 0.05409994042714436, "education-num": 0.053559949755817016, "workclass_Private": 0.04373534846769299, "education_Masters": 0.031981216429293594, "capital-gain": 0.025422383175516206}}}