{"instance_id": 8072, "quadrant": "FP", "true_label": 0, "prediction": 1, "prediction_correct": false, "metrics": {"cost": 297.66880499664694, "sparsity": 0.09259259259259259, "fidelity": 0.6593527781259534, "faithfulness_gap": 0.0019388505902115938, "stability": 0.17008948531152404}, "explanation": {"top_features": ["education_Bachelors: -0.1723", "marital-status_Married-civ-spouse: 0.1358", "age: 0.1220", "workclass_Federal-gov: -0.1072", "workclass_Private: 0.0843", "education-num: 0.0814", "education_HS-grad: 0.0526", "marital-status_Never-married: 0.0511", "sex_Female: 0.0476", "capital-gain: 0.0429"], "raw_top": {"education_Bachelors": -0.17231611355471305, "marital-status_Married-civ-spouse": 0.13581427143852512, "age": 0.12200993067894104, "workclass_Federal-gov": -0.1071861671533974, "workclass_Private": 0.08426450876239669, "education-num": 0.0814116929675419, "education_HS-grad": 0.05257522292891491, "marital-status_Never-married": 0.05111295076058975, "sex_Female": 0.0475520714497173, "capital-gain": 0.042936407966202045}}}