{"instance_id": 8094, "quadrant": "FP", "true_label": 0, "prediction": 1, "prediction_correct": false, "metrics": {"cost": 738.0842110142112, "sparsity": 0.09259259259259259, "fidelity": 0.6726480250595608, "faithfulness_gap": 0.3309847112216295, "stability": 0.14276297863836152}, "explanation": {"top_features": ["age: -0.2200", "marital-status_Married-civ-spouse: 0.1224", "race_White: 0.0630", "relationship_Husband: 0.0422", "education_HS-grad: 0.0382", "marital-status_Never-married: 0.0306", "hours-per-week: 0.0252", "sex_Female: 0.0232", "occupation_Exec-managerial: 0.0214", "fnlwgt: 0.0072"], "raw_top": {"age": -0.2200374694958441, "marital-status_Married-civ-spouse": 0.12243417822420048, "race_White": 0.06300838062737181, "relationship_Husband": 0.04216495504005648, "education_HS-grad": 0.03817754626440935, "marital-status_Never-married": 0.030587682227064865, "hours-per-week": 0.025177937155843853, "sex_Female": 0.023225481714761763, "occupation_Exec-managerial": 0.02139890917514959, "fnlwgt": 0.007245490785299125}}}