{"instance_id": 8177, "quadrant": "FP", "true_label": 0, "prediction": 1, "prediction_correct": false, "metrics": {"cost": 614.0937700401992, "sparsity": 0.09259259259259259, "fidelity": 0.6855222470494688, "faithfulness_gap": 0.24005213031901268, "stability": 0.14115040946629795}, "explanation": {"top_features": ["workclass_Self-emp-not-inc: -0.1305", "marital-status_Married-civ-spouse: 0.0917", "hours-per-week: 0.0727", "workclass_Private: 0.0633", "age: 0.0585", "sex_Female: 0.0504", "education_Some-college: -0.0447", "relationship_Husband: 0.0412", "education_Bachelors: 0.0164", "marital-status_Never-married: 0.0158"], "raw_top": {"workclass_Self-emp-not-inc": -0.1304640105135782, "marital-status_Married-civ-spouse": 0.09170718899041952, "hours-per-week": 0.07265284326958128, "workclass_Private": 0.06329956722322481, "age": 0.05851021530485898, "sex_Female": 0.050445197273068454, "education_Some-college": -0.044735090206304284, "relationship_Husband": 0.04121650705477201, "education_Bachelors": 0.016387408717147115, "marital-status_Never-married": 0.015810909383966634}}}