{"instance_id": 8282, "quadrant": "TP", "true_label": 1, "prediction": 1, "prediction_correct": true, "metrics": {"cost": 378.99499002378434, "sparsity": 0.09259259259259259, "fidelity": 0.7306400996537548, "faithfulness_gap": 0.4943063350466226, "stability": 0.2108680809715654}, "explanation": {"top_features": ["marital-status_Married-civ-spouse: 0.1537", "education-num: -0.1081", "education_Masters: 0.1003", "occupation_Exec-managerial: 0.0916", "age: 0.0873", "education_HS-grad: 0.0756", "marital-status_Never-married: 0.0738", "capital-gain: 0.0125", "relationship_Husband: 0.0120", "education_Bachelors: 0.0112"], "raw_top": {"marital-status_Married-civ-spouse": 0.15366430371243361, "education-num": -0.1080770765551063, "education_Masters": 0.10031647447669916, "occupation_Exec-managerial": 0.09163772336169795, "age": 0.08730043365961287, "education_HS-grad": 0.07563778596361809, "marital-status_Never-married": 0.07384634404861584, "capital-gain": 0.012532337785245826, "relationship_Husband": 0.011992443035495516, "education_Bachelors": 0.011188337903199397}}}