{"instance_id": 8291, "quadrant": "TN", "true_label": 0, "prediction": 0, "prediction_correct": true, "metrics": {"cost": 423.00050507765263, "sparsity": 0.09259259259259259, "fidelity": 0.8403002767105494, "faithfulness_gap": 0.19417554487917374, "stability": 0.738715076790434}, "explanation": {"top_features": ["age: -0.1165", "marital-status_Married-civ-spouse: -0.0578", "education_HS-grad: -0.0330", "relationship_Husband: -0.0326", "race_Black: -0.0278", "education-num: -0.0223", "sex_Female: -0.0158", "occupation_Sales: -0.0154", "hours-per-week: -0.0154", "marital-status_Divorced: -0.0146"], "raw_top": {"age": -0.11646837524439997, "marital-status_Married-civ-spouse": -0.05783971343334702, "education_HS-grad": -0.03300237484905516, "relationship_Husband": -0.03260721432289489, "race_Black": -0.02780526312851961, "education-num": -0.022267112454908214, "sex_Female": -0.015792274250572863, "occupation_Sales": -0.015427732886081501, "hours-per-week": -0.01542561417673372, "marital-status_Divorced": -0.014625564867265572}}}