{"instance_id": 8369, "quadrant": "FP", "true_label": 0, "prediction": 1, "prediction_correct": false, "metrics": {"cost": 417.01839899178594, "sparsity": 0.09259259259259259, "fidelity": 0.8464605776849731, "faithfulness_gap": 0.8115623642002235, "stability": 0.21773959044795152}, "explanation": {"top_features": ["marital-status_Married-civ-spouse: 0.1750", "occupation_Exec-managerial: 0.0873", "age: 0.0802", "marital-status_Never-married: 0.0785", "education_HS-grad: 0.0640", "sex_Male: -0.0383", "relationship_Husband: 0.0224", "sex_Female: 0.0187", "relationship_Own-child: 0.0081", "education_Bachelors: 0.0079"], "raw_top": {"marital-status_Married-civ-spouse": 0.1749878456779838, "occupation_Exec-managerial": 0.08730624122035309, "age": 0.08019340547554783, "marital-status_Never-married": 0.07853682822879253, "education_HS-grad": 0.06403011635773674, "sex_Male": -0.03828781962118599, "relationship_Husband": 0.022405716590997514, "sex_Female": 0.018748071040979596, "relationship_Own-child": 0.008132446682303746, "education_Bachelors": 0.007880238359465443}}}