{"instance_id": 8582, "quadrant": "TP", "true_label": 1, "prediction": 1, "prediction_correct": true, "metrics": {"cost": 238.94503491465002, "sparsity": 0.09259259259259259, "fidelity": 0.6355815533185382, "faithfulness_gap": 0.15915321951118977, "stability": 0.113806311131317}, "explanation": {"top_features": ["age: -0.1705", "marital-status_Married-civ-spouse: 0.1353", "education_HS-grad: 0.0942", "education-num: 0.0878", "education_Bachelors: -0.0812", "relationship_Husband: 0.0561", "marital-status_Never-married: 0.0418", "capital-gain: 0.0246", "occupation_Exec-managerial: 0.0171", "sex_Female: 0.0132"], "raw_top": {"age": -0.17054687370513333, "marital-status_Married-civ-spouse": 0.135332572172616, "education_HS-grad": 0.0941718651104717, "education-num": 0.08781774499686368, "education_Bachelors": -0.08124559770833678, "relationship_Husband": 0.05614169037890217, "marital-status_Never-married": 0.04184970018598687, "capital-gain": 0.024570590405523254, "occupation_Exec-managerial": 0.017145468023932183, "sex_Female": 0.013181558098868673}}}