{"instance_id": 8656, "quadrant": "TP", "true_label": 1, "prediction": 1, "prediction_correct": true, "metrics": {"cost": 477.4822910549119, "sparsity": 0.09259259259259259, "fidelity": 0.930746066370101, "faithfulness_gap": 0.27666583579835635, "stability": 0.683060797024044}, "explanation": {"top_features": ["capital-gain: 0.3968", "marital-status_Married-civ-spouse: 0.1065", "education_Masters: 0.1033", "relationship_Husband: -0.0417", "education_HS-grad: 0.0386", "marital-status_Never-married: 0.0369", "age: 0.0331", "occupation_Prof-specialty: -0.0243", "sex_Male: -0.0206", "sex_Female: 0.0074"], "raw_top": {"capital-gain": 0.3967989066086505, "marital-status_Married-civ-spouse": 0.10647727853018683, "education_Masters": 0.10331695660834021, "relationship_Husband": -0.041729033202101175, "education_HS-grad": 0.03864911394586207, "marital-status_Never-married": 0.03691809312129397, "age": 0.03306675989864042, "occupation_Prof-specialty": -0.024332971576440744, "sex_Male": -0.020636855993748485, "sex_Female": 0.0073969305050520795}}}