{"instance_id": 9007, "quadrant": "FN", "true_label": 1, "prediction": 0, "prediction_correct": false, "metrics": {"cost": 673.4041470335796, "sparsity": 0.09259259259259259, "fidelity": 0.78222792737854, "faithfulness_gap": 0.1950286696669537, "stability": 0.12364189092774878}, "explanation": {"top_features": ["education-num: -0.1448", "marital-status_Married-civ-spouse: 0.1272", "occupation_Prof-specialty: 0.0947", "native-country_nan: -0.0915", "fnlwgt: -0.0914", "education_Masters: -0.0794", "relationship_Own-child: -0.0629", "education_HS-grad: 0.0600", "sex_Female: 0.0294", "age: 0.0239"], "raw_top": {"education-num": -0.14481306512778624, "marital-status_Married-civ-spouse": 0.1271835827080053, "occupation_Prof-specialty": 0.09465047906744656, "native-country_nan": -0.091522217352681, "fnlwgt": -0.09140469996559404, "education_Masters": -0.07935841485846666, "relationship_Own-child": -0.06292505231305988, "education_HS-grad": 0.05996952799079383, "sex_Female": 0.029400889723475657, "age": 0.023879655123525606}}}