{"instance_id": 9072, "quadrant": "TN", "true_label": 0, "prediction": 0, "prediction_correct": true, "metrics": {"cost": 650.2645299769938, "sparsity": 0.09259259259259259, "fidelity": 0.5956587377425141, "faithfulness_gap": 0.02442121484934044, "stability": 0.8036445412765321}, "explanation": {"top_features": ["age: -0.0817", "marital-status_Never-married: -0.0540", "hours-per-week: -0.0485", "occupation_Other-service: -0.0475", "marital-status_Married-civ-spouse: -0.0396", "education-num: -0.0323", "education_11th: -0.0182", "sex_Female: -0.0142", "relationship_Husband: -0.0111", "capital-gain: -0.0041"], "raw_top": {"age": -0.08174447638967856, "marital-status_Never-married": -0.05400929285549328, "hours-per-week": -0.04852801230884529, "occupation_Other-service": -0.047455833330147384, "marital-status_Married-civ-spouse": -0.03956836176002142, "education-num": -0.03228489198912706, "education_11th": -0.018239052561777276, "sex_Female": -0.014163313673694831, "relationship_Husband": -0.01113629128742684, "capital-gain": -0.004133050242607794}}}