{"instance_id": 9083, "quadrant": "TN", "true_label": 0, "prediction": 0, "prediction_correct": true, "metrics": {"cost": 652.871688012965, "sparsity": 0.09259259259259259, "fidelity": 0.7388908335605426, "faithfulness_gap": 0.061867970382258095, "stability": 0.5450423736984364}, "explanation": {"top_features": ["age: -0.1143", "hours-per-week: -0.0890", "race_White: 0.0753", "marital-status_Never-married: -0.0661", "marital-status_Married-civ-spouse: -0.0546", "education_Some-college: -0.0341", "fnlwgt: -0.0199", "education-num: -0.0183", "occupation_Machine-op-inspct: -0.0162", "relationship_Own-child: -0.0100"], "raw_top": {"age": -0.1142581380139391, "hours-per-week": -0.0890122021521634, "race_White": 0.07534278459939481, "marital-status_Never-married": -0.0660760893113249, "marital-status_Married-civ-spouse": -0.05458064372561021, "education_Some-college": -0.03406936247540147, "fnlwgt": -0.019868641558779414, "education-num": -0.018340231067989734, "occupation_Machine-op-inspct": -0.01622005214309613, "relationship_Own-child": -0.00996640455051373}}}