{"instance_id": 9298, "quadrant": "FN", "true_label": 1, "prediction": 0, "prediction_correct": false, "metrics": {"cost": 626.4313540887088, "sparsity": 0.09259259259259259, "fidelity": 0.5410681964165693, "faithfulness_gap": 0.05258872444669571, "stability": 0.14101755678783384}, "explanation": {"top_features": ["education_HS-grad: -0.1057", "occupation_Transport-moving: -0.0904", "marital-status_Married-civ-spouse: 0.0814", "relationship_Husband: 0.0652", "age: 0.0596", "marital-status_Never-married: 0.0413", "fnlwgt: -0.0373", "hours-per-week: 0.0269", "education-num: -0.0186", "education_Bachelors: 0.0146"], "raw_top": {"education_HS-grad": -0.10568279444681089, "occupation_Transport-moving": -0.09039585571602844, "marital-status_Married-civ-spouse": 0.08140613245315771, "relationship_Husband": 0.06519434012356269, "age": 0.059638488906283815, "marital-status_Never-married": 0.041329214135303244, "fnlwgt": -0.03725871733651762, "hours-per-week": 0.026943225457974274, "education-num": -0.018619914153743575, "education_Bachelors": 0.014590566886670483}}}