{"instance_id": 9343, "quadrant": "TP", "true_label": 1, "prediction": 1, "prediction_correct": true, "metrics": {"cost": 429.00001094676554, "sparsity": 0.09259259259259259, "fidelity": 0.46829596548495045, "faithfulness_gap": 0.634758994183044, "stability": 0.11192971267156077}, "explanation": {"top_features": ["age: 0.1225", "marital-status_Married-civ-spouse: 0.1103", "education_HS-grad: 0.0564", "marital-status_Never-married: 0.0545", "relationship_Husband: 0.0501", "occupation_Prof-specialty: 0.0276", "sex_Female: 0.0222", "education_Bachelors: 0.0212", "education_Masters: 0.0146", "hours-per-week: 0.0077"], "raw_top": {"age": 0.12254364302585966, "marital-status_Married-civ-spouse": 0.1102933911727923, "education_HS-grad": 0.056421211139196015, "marital-status_Never-married": 0.05447249578045592, "relationship_Husband": 0.050146747352229216, "occupation_Prof-specialty": 0.027553562116732367, "sex_Female": 0.022220927624491314, "education_Bachelors": 0.02122175921893347, "education_Masters": 0.01464321177260984, "hours-per-week": 0.007662426625988705}}}