{"instance_id": 9476, "quadrant": "FN", "true_label": 1, "prediction": 0, "prediction_correct": false, "metrics": {"cost": 433.8425040477887, "sparsity": 0.09259259259259259, "fidelity": 0.8802801099917232, "faithfulness_gap": 0.029916140269886482, "stability": 0.20965296927785573}, "explanation": {"top_features": ["occupation_Transport-moving: -0.2542", "education_HS-grad: -0.1630", "marital-status_Married-civ-spouse: 0.1088", "hours-per-week: 0.0692", "relationship_Husband: 0.0477", "marital-status_Never-married: 0.0369", "education_Bachelors: 0.0271", "fnlwgt: -0.0247", "age: 0.0139", "workclass_Private: -0.0102"], "raw_top": {"occupation_Transport-moving": -0.2541639228369049, "education_HS-grad": -0.16298404294971058, "marital-status_Married-civ-spouse": 0.10883633871462363, "hours-per-week": 0.06920424409152362, "relationship_Husband": 0.04773414363179635, "marital-status_Never-married": 0.036863419661246684, "education_Bachelors": 0.027112523548752474, "fnlwgt": -0.02466759584570301, "age": 0.013893108385997641, "workclass_Private": -0.010238177651083036}}}