{"instance_id": 9644, "quadrant": "FP", "true_label": 0, "prediction": 1, "prediction_correct": false, "metrics": {"cost": 349.77909503504634, "sparsity": 0.09259259259259259, "fidelity": 0.8090982481651463, "faithfulness_gap": 0.11137292288648548, "stability": 0.14316038299191394}, "explanation": {"top_features": ["marital-status_Married-civ-spouse: 0.1568", "education-num: 0.1299", "workclass_Self-emp-not-inc: -0.1299", "education_Bachelors: -0.0793", "education_HS-grad: 0.0763", "relationship_Husband: 0.0748", "occupation_Exec-managerial: -0.0723", "capital-gain: 0.0433", "marital-status_Never-married: 0.0343", "sex_Female: 0.0283"], "raw_top": {"marital-status_Married-civ-spouse": 0.15683760342502762, "education-num": 0.12994597574841668, "workclass_Self-emp-not-inc": -0.12988937502095882, "education_Bachelors": -0.0793375457489256, "education_HS-grad": 0.07626644868743561, "relationship_Husband": 0.07479586504525572, "occupation_Exec-managerial": -0.07230104765890599, "capital-gain": 0.043349018538513695, "marital-status_Never-married": 0.034272351151242296, "sex_Female": 0.028327430364950834}}}