{"instance_id": 9683, "quadrant": "TN", "true_label": 0, "prediction": 0, "prediction_correct": true, "metrics": {"cost": 380.9168000007048, "sparsity": 0.09259259259259259, "fidelity": 0.8681551642382632, "faithfulness_gap": 0.10759078776858569, "stability": 0.17954568627325132}, "explanation": {"top_features": ["education_HS-grad: -0.1895", "marital-status_Married-civ-spouse: 0.1297", "occupation_Craft-repair: -0.1012", "age: 0.0450", "marital-status_Never-married: 0.0349", "fnlwgt: -0.0277", "relationship_Husband: 0.0275", "hours-per-week: -0.0246", "relationship_Own-child: -0.0239", "education-num: -0.0169"], "raw_top": {"education_HS-grad": -0.18950557634711132, "marital-status_Married-civ-spouse": 0.12974948947731713, "occupation_Craft-repair": -0.10118607871072549, "age": 0.045020043954790166, "marital-status_Never-married": 0.03488232850559797, "fnlwgt": -0.027730331163778238, "relationship_Husband": 0.02752457960558194, "hours-per-week": -0.02462377785233095, "relationship_Own-child": -0.02393108599061459, "education-num": -0.01692933016131897}}}