{"instance_id": 9723, "quadrant": "FN", "true_label": 1, "prediction": 0, "prediction_correct": false, "metrics": {"cost": 326.0783740552142, "sparsity": 0.09259259259259259, "fidelity": 0.8318765555496102, "faithfulness_gap": 0.014468738586093433, "stability": 0.37059321841095816}, "explanation": {"top_features": ["occupation_Other-service: -0.2310", "race_Black: -0.1856", "race_White: 0.1477", "marital-status_Married-civ-spouse: 0.1231", "age: 0.0734", "hours-per-week: -0.0631", "relationship_Not-in-family: -0.0279", "sex_Male: -0.0252", "marital-status_Never-married: 0.0242", "sex_Female: 0.0237"], "raw_top": {"occupation_Other-service": -0.23101138841456864, "race_Black": -0.18556652614066677, "race_White": 0.1476843881939419, "marital-status_Married-civ-spouse": 0.12309220957756256, "age": 0.0734414834573071, "hours-per-week": -0.06307213454660915, "relationship_Not-in-family": -0.027887243008260454, "sex_Male": -0.025179622933303992, "marital-status_Never-married": 0.024182816022905885, "sex_Female": 0.023704826649821015}}}