{"instance_id": 1014, "quadrant": "FN", "true_label": 1, "prediction": 0, "prediction_correct": false, "metrics": {"cost": 1570.3362990025198, "sparsity": 0.09259259259259259, "fidelity": 0.8216516085629495, "faithfulness_gap": 0.1629658634485593, "stability": 0.11201707026488768}, "explanation": {"top_features": ["education_HS-grad: -0.1244", "occupation_Craft-repair: -0.0859", "fnlwgt: 0.0462", "marital-status_Married-civ-spouse: 0.0422", "marital-status_Never-married: 0.0267", "relationship_Husband: 0.0166", "education_Some-college: 0.0147", "workclass_State-gov: 0.0146", "race_Black: 0.0143", "education_Bachelors: 0.0095"], "raw_top": {"education_HS-grad": -0.12438237287347617, "occupation_Craft-repair": -0.08590413483884766, "fnlwgt": 0.04618375261771927, "marital-status_Married-civ-spouse": 0.04224649848159193, "marital-status_Never-married": 0.02667314624804516, "relationship_Husband": 0.01655752756590623, "education_Some-college": 0.014654323741642668, "workclass_State-gov": 0.014600459767535462, "race_Black": 0.014256313975666741, "education_Bachelors": 0.00945654849845997}}}