{"instance_id": 1230, "quadrant": "TP", "true_label": 1, "prediction": 1, "prediction_correct": true, "metrics": {"cost": 1278.6465389945079, "sparsity": 0.09259259259259259, "fidelity": 0.976011418736938, "faithfulness_gap": 0.9858220636119625, "stability": 0.8417113450218691}, "explanation": {"top_features": ["capital-gain: 0.6260", "hours-per-week: 0.0950", "education_HS-grad: 0.0577", "fnlwgt: 0.0562", "marital-status_Never-married: -0.0514", "occupation_Adm-clerical: -0.0509", "marital-status_Married-civ-spouse: -0.0507", "education-num: 0.0460", "sex_Female: 0.0258", "education_1st-4th: 0.0134"], "raw_top": {"capital-gain": 0.6260089096347706, "hours-per-week": 0.09498035998435725, "education_HS-grad": 0.05769275364967194, "fnlwgt": 0.05616105826814228, "marital-status_Never-married": -0.05143828591348729, "occupation_Adm-clerical": -0.05088567221354876, "marital-status_Married-civ-spouse": -0.05070582591094673, "education-num": 0.0459771510806075, "sex_Female": 0.025773007489514384, "education_1st-4th": 0.013372742510697977}}}