{"instance_id": 1506, "quadrant": "TP", "true_label": 1, "prediction": 1, "prediction_correct": true, "metrics": {"cost": 1442.752985007246, "sparsity": 0.09259259259259259, "fidelity": 0.5070495501807946, "faithfulness_gap": 0.9882655185694087, "stability": 0.2131745240799673}, "explanation": {"top_features": ["occupation_Prof-specialty: 0.1214", "fnlwgt: 0.1007", "hours-per-week: 0.0897", "native-country_United-States: 0.0854", "marital-status_Never-married: 0.0782", "relationship_Husband: 0.0705", "marital-status_Married-civ-spouse: 0.0649", "age: 0.0605", "occupation_Adm-clerical: 0.0517", "relationship_Own-child: 0.0451"], "raw_top": {"occupation_Prof-specialty": 0.12141588533438193, "fnlwgt": 0.1006522577123505, "hours-per-week": 0.08969888961826156, "native-country_United-States": 0.0854369825218924, "marital-status_Never-married": 0.07816160303622714, "relationship_Husband": 0.07047048793305159, "marital-status_Married-civ-spouse": 0.06494379079270297, "age": 0.06050546813706517, "occupation_Adm-clerical": 0.0516713747764677, "relationship_Own-child": 0.04505383141956365}}}