{"instance_id": 2040, "quadrant": "TN", "true_label": 0, "prediction": 0, "prediction_correct": true, "metrics": {"cost": 1548.3424409903819, "sparsity": 0.09259259259259259, "fidelity": 0.785582045164416, "faithfulness_gap": 0.7529638624184045, "stability": 0.7502419039870648}, "explanation": {"top_features": ["education_10th: -0.0933", "age: -0.0772", "occupation_Handlers-cleaners: -0.0566", "education-num: -0.0318", "education_HS-grad: 0.0154", "marital-status_Married-civ-spouse: 0.0128", "marital-status_Never-married: 0.0128", "sex_Female: 0.0112", "capital-gain: -0.0098", "workclass_Private: -0.0078"], "raw_top": {"education_10th": -0.09328941031616024, "age": -0.0772063235865036, "occupation_Handlers-cleaners": -0.056641129414452096, "education-num": -0.03182936953398176, "education_HS-grad": 0.01539108945116541, "marital-status_Married-civ-spouse": 0.012775365322089553, "marital-status_Never-married": 0.012765625509312447, "sex_Female": 0.011159977556891326, "capital-gain": -0.009806470621074669, "workclass_Private": -0.00783408126198124}}}