{"instance_id": 2273, "quadrant": "FN", "true_label": 1, "prediction": 0, "prediction_correct": false, "metrics": {"cost": 1278.9597910013981, "sparsity": 0.09259259259259259, "fidelity": 0.7103669813674537, "faithfulness_gap": 0.4547388404333015, "stability": 0.21357778802985483}, "explanation": {"top_features": ["workclass_Self-emp-not-inc: -0.1733", "age: 0.1279", "marital-status_Married-civ-spouse: 0.0604", "workclass_Private: 0.0551", "sex_Female: 0.0461", "education_HS-grad: 0.0431", "hours-per-week: 0.0298", "marital-status_Never-married: 0.0277", "workclass_State-gov: 0.0237", "race_Amer-Indian-Eskimo: 0.0160"], "raw_top": {"workclass_Self-emp-not-inc": -0.17330504880859934, "age": 0.1279148784804151, "marital-status_Married-civ-spouse": 0.06043977784575488, "workclass_Private": 0.05514501868204684, "sex_Female": 0.046099827191432755, "education_HS-grad": 0.0431151854422117, "hours-per-week": 0.029845182110109027, "marital-status_Never-married": 0.027671135276308562, "workclass_State-gov": 0.023667875780079835, "race_Amer-Indian-Eskimo": 0.016006334611236045}}}