{"instance_id": 2550, "quadrant": "FP", "true_label": 0, "prediction": 1, "prediction_correct": false, "metrics": {"cost": 1386.3542030012468, "sparsity": 0.09259259259259259, "fidelity": 0.890835723121441, "faithfulness_gap": 0.8631187026745603, "stability": 0.4181674278419906}, "explanation": {"top_features": ["native-country_Germany: 0.2056", "age: 0.1346", "marital-status_Married-civ-spouse: 0.0915", "marital-status_Never-married: 0.0680", "sex_Female: 0.0551", "occupation_Adm-clerical: 0.0271", "native-country_United-States: 0.0204", "fnlwgt: 0.0193", "education_HS-grad: 0.0163", "relationship_Unmarried: 0.0136"], "raw_top": {"native-country_Germany": 0.20560877962528992, "age": 0.13463812683080717, "marital-status_Married-civ-spouse": 0.09147918191281645, "marital-status_Never-married": 0.06803415678324273, "sex_Female": 0.055113034179576484, "occupation_Adm-clerical": 0.027132151894334582, "native-country_United-States": 0.02038013012333603, "fnlwgt": 0.019307504999100156, "education_HS-grad": 0.016265374000753494, "relationship_Unmarried": 0.013574717994879082}}}