{"instance_id": 3158, "quadrant": "FP", "true_label": 0, "prediction": 1, "prediction_correct": false, "metrics": {"cost": 1160.832923007547, "sparsity": 0.09259259259259259, "fidelity": 0.9226359967900405, "faithfulness_gap": 0.9411653637082688, "stability": 0.19008500153485686}, "explanation": {"top_features": ["education-num: 0.1370", "age: 0.1341", "marital-status_Married-civ-spouse: 0.0989", "education_HS-grad: 0.0859", "marital-status_Never-married: 0.0775", "workclass_Private: 0.0573", "sex_Female: 0.0401", "workclass_State-gov: 0.0296", "fnlwgt: 0.0296", "occupation_Adm-clerical: 0.0270"], "raw_top": {"education-num": 0.13700706421856124, "age": 0.13414899189228013, "marital-status_Married-civ-spouse": 0.09888971993877373, "education_HS-grad": 0.08591480489801934, "marital-status_Never-married": 0.07751704889557581, "workclass_Private": 0.05730900093299012, "sex_Female": 0.040068500255580196, "workclass_State-gov": 0.029598649979775682, "fnlwgt": 0.029551878858240573, "occupation_Adm-clerical": 0.027022753160061874}}}