{"instance_id": 319, "quadrant": "TP", "true_label": 1, "prediction": 1, "prediction_correct": true, "metrics": {"cost": 1638.3502380049322, "sparsity": 0.09259259259259259, "fidelity": 0.7988211015148934, "faithfulness_gap": 0.7313232996968109, "stability": 0.14294101522494682}, "explanation": {"top_features": ["age: 0.1071", "marital-status_Married-civ-spouse: 0.1014", "hours-per-week: 0.0857", "marital-status_Never-married: 0.0756", "occupation_Tech-support: 0.0556", "relationship_Husband: 0.0436", "occupation_Prof-specialty: 0.0282", "workclass_State-gov: 0.0266", "education-num: 0.0190", "fnlwgt: 0.0189"], "raw_top": {"age": 0.10712767944768335, "marital-status_Married-civ-spouse": 0.10143698162505023, "hours-per-week": 0.08566961770713624, "marital-status_Never-married": 0.07562227919241277, "occupation_Tech-support": 0.05558165086851516, "relationship_Husband": 0.043565272725238656, "occupation_Prof-specialty": 0.02818484241838448, "workclass_State-gov": 0.026632882849510826, "education-num": 0.018962995827935036, "fnlwgt": 0.018859248748269036}}}