{"instance_id": 3898, "quadrant": "FP", "true_label": 0, "prediction": 1, "prediction_correct": false, "metrics": {"cost": 1288.3138850011164, "sparsity": 0.09259259259259259, "fidelity": 0.7438342910633295, "faithfulness_gap": 0.7913994119746411, "stability": 0.21031957642406274}, "explanation": {"top_features": ["native-country_Canada: 0.1289", "age: 0.1167", "marital-status_Married-civ-spouse: 0.0881", "marital-status_Never-married: 0.0710", "education_HS-grad: 0.0703", "native-country_United-States: 0.0470", "sex_Female: 0.0308", "occupation_Craft-repair: 0.0228", "relationship_Unmarried: 0.0194", "education_Bachelors: 0.0148"], "raw_top": {"native-country_Canada": 0.1288600782862264, "age": 0.1166738731011064, "marital-status_Married-civ-spouse": 0.08811108479734765, "marital-status_Never-married": 0.07103229382223532, "education_HS-grad": 0.07028643817415374, "native-country_United-States": 0.04703583097767596, "sex_Female": 0.030770368261978064, "occupation_Craft-repair": 0.022827102381977122, "relationship_Unmarried": 0.01940791086511039, "education_Bachelors": 0.014808252828843682}}}