{"instance_id": 4047, "quadrant": "FP", "true_label": 0, "prediction": 1, "prediction_correct": false, "metrics": {"cost": 1999.6131069929106, "sparsity": 0.09259259259259259, "fidelity": 0.6805538495994359, "faithfulness_gap": 0.5463701995400027, "stability": 0.11057312108233704}, "explanation": {"top_features": ["hours-per-week: 0.0879", "workclass_Private: 0.0731", "relationship_Husband: 0.0522", "age: 0.0490", "marital-status_Never-married: 0.0483", "marital-status_Married-civ-spouse: 0.0313", "occupation_Prof-specialty: 0.0161", "education_Bachelors: 0.0119", "occupation_Handlers-cleaners: 0.0068", "occupation_Craft-repair: 0.0067"], "raw_top": {"hours-per-week": 0.0879062026419959, "workclass_Private": 0.07311949085649254, "relationship_Husband": 0.05224745660090415, "age": 0.04902255885274171, "marital-status_Never-married": 0.04828351125019159, "marital-status_Married-civ-spouse": 0.03134155957257594, "occupation_Prof-specialty": 0.016117490770089112, "education_Bachelors": 0.011863970004623909, "occupation_Handlers-cleaners": 0.006813297601300947, "occupation_Craft-repair": 0.0066675389472795055}}}