{"instance_id": 4125, "quadrant": "FP", "true_label": 0, "prediction": 1, "prediction_correct": false, "metrics": {"cost": 1363.3540290029487, "sparsity": 0.09259259259259259, "fidelity": 0.7093583524598093, "faithfulness_gap": 0.6151152219332063, "stability": 0.25507448974369956}, "explanation": {"top_features": ["occupation_Machine-op-inspct: -0.1311", "age: 0.1284", "education-num: 0.1075", "marital-status_Married-civ-spouse: 0.0798", "marital-status_Never-married: 0.0721", "education_HS-grad: 0.0511", "occupation_Craft-repair: 0.0397", "sex_Female: 0.0268", "occupation_Handlers-cleaners: 0.0216", "capital-loss: 0.0187"], "raw_top": {"occupation_Machine-op-inspct": -0.13113115821124888, "age": 0.12838817404685957, "education-num": 0.10747209432296795, "marital-status_Married-civ-spouse": 0.07975662484570152, "marital-status_Never-married": 0.072149951013063, "education_HS-grad": 0.05108431995804261, "occupation_Craft-repair": 0.03974123252296391, "sex_Female": 0.026776638475094604, "occupation_Handlers-cleaners": 0.021569101426433937, "capital-loss": 0.018726960195562838}}}