{"instance_id": 4239, "quadrant": "TP", "true_label": 1, "prediction": 1, "prediction_correct": true, "metrics": {"cost": 1091.6484879999189, "sparsity": 0.09259259259259259, "fidelity": 0.47190032883269184, "faithfulness_gap": 0.43744271777150856, "stability": 0.09539124385161454}, "explanation": {"top_features": ["marital-status_Married-civ-spouse: 0.0568", "education_HS-grad: 0.0466", "marital-status_Never-married: 0.0404", "hours-per-week: 0.0344", "age: 0.0331", "education-num: 0.0164", "occupation_Other-service: 0.0151", "occupation_Adm-clerical: 0.0114", "education_Bachelors: 0.0111", "relationship_Husband: 0.0100"], "raw_top": {"marital-status_Married-civ-spouse": 0.05681380869133858, "education_HS-grad": 0.046553369709360685, "marital-status_Never-married": 0.04036090564928354, "hours-per-week": 0.03444388689900553, "age": 0.03309437609398005, "education-num": 0.016434360574206306, "occupation_Other-service": 0.015119794154632233, "occupation_Adm-clerical": 0.011396154270189402, "education_Bachelors": 0.011067892011944795, "relationship_Husband": 0.009969187893931586}}}