{"instance_id": 4469, "quadrant": "TN", "true_label": 0, "prediction": 0, "prediction_correct": true, "metrics": {"cost": 1035.12660600245, "sparsity": 0.09259259259259259, "fidelity": 0.6128895694058787, "faithfulness_gap": 0.01731245552695939, "stability": 0.5161950523677441}, "explanation": {"top_features": ["capital-gain: 0.2558", "education_HS-grad: -0.1414", "relationship_Unmarried: -0.1009", "relationship_Husband: -0.0510", "fnlwgt: -0.0510", "marital-status_Married-civ-spouse: -0.0433", "occupation_Transport-moving: -0.0320", "sex_Male: -0.0097", "race_White: -0.0058", "age: -0.0049"], "raw_top": {"capital-gain": 0.2558274097843806, "education_HS-grad": -0.14137228792677892, "relationship_Unmarried": -0.100910983190077, "relationship_Husband": -0.051003776239165216, "fnlwgt": -0.050979382770392725, "marital-status_Married-civ-spouse": -0.043273417591698234, "occupation_Transport-moving": -0.031985667954241806, "sex_Male": -0.009724219587715147, "race_White": -0.005753623964439375, "age": -0.00486901115537654}}}