{"instance_id": 4539, "quadrant": "TN", "true_label": 0, "prediction": 0, "prediction_correct": true, "metrics": {"cost": 1353.077610998298, "sparsity": 0.09259259259259259, "fidelity": 0.7709948282906938, "faithfulness_gap": 0.19442043686231414, "stability": 0.7003000349309022}, "explanation": {"top_features": ["age: -0.1160", "occupation_Handlers-cleaners: -0.0987", "education-num: -0.0371", "marital-status_Married-civ-spouse: 0.0190", "relationship_Own-child: 0.0187", "relationship_Husband: -0.0171", "education_HS-grad: 0.0162", "education_12th: -0.0141", "sex_Female: 0.0133", "education_Masters: -0.0096"], "raw_top": {"age": -0.11597498415777115, "occupation_Handlers-cleaners": -0.09871190595049877, "education-num": -0.037050386722284084, "marital-status_Married-civ-spouse": 0.018983738567798582, "relationship_Own-child": 0.018739136709776272, "relationship_Husband": -0.017063651261680777, "education_HS-grad": 0.016186708068383154, "education_12th": -0.0141222466999758, "sex_Female": 0.013283196489340066, "education_Masters": -0.009572496812424839}}}