{"instance_id": 4565, "quadrant": "FN", "true_label": 1, "prediction": 0, "prediction_correct": false, "metrics": {"cost": 1261.4361199957784, "sparsity": 0.09259259259259259, "fidelity": 0.8817046199325831, "faithfulness_gap": 0.18257167929043985, "stability": 0.7185672512027826}, "explanation": {"top_features": ["native-country_Nicaragua: -0.1089", "occupation_Machine-op-inspct: -0.0502", "education_HS-grad: -0.0280", "age: -0.0139", "capital-gain: -0.0059", "workclass_Private: -0.0051", "education-num: -0.0037", "capital-loss: -0.0034", "relationship_Wife: -0.0033", "hours-per-week: -0.0030"], "raw_top": {"native-country_Nicaragua": -0.1089429349208846, "occupation_Machine-op-inspct": -0.05017021575761087, "education_HS-grad": -0.02804969957220785, "age": -0.01389633451619504, "capital-gain": -0.005912094058906869, "workclass_Private": -0.005073164953490227, "education-num": -0.0037362056505974594, "capital-loss": -0.0033829336006581897, "relationship_Wife": -0.003260032140536818, "hours-per-week": -0.0029711951353992294}}}