{"instance_id": 460, "quadrant": "FP", "true_label": 0, "prediction": 1, "prediction_correct": false, "metrics": {"cost": 878.2134089997271, "sparsity": 0.09259259259259259, "fidelity": 0.7556604403280626, "faithfulness_gap": 0.5859808262638785, "stability": 0.1830085708687595}, "explanation": {"top_features": ["age: 0.1338", "occupation_Exec-managerial: 0.0889", "marital-status_Never-married: 0.0476", "marital-status_Married-civ-spouse: 0.0453", "relationship_Husband: 0.0392", "fnlwgt: 0.0126", "sex_Female: 0.0112", "occupation_Prof-specialty: 0.0076", "education_Bachelors: 0.0059", "occupation_Craft-repair: 0.0059"], "raw_top": {"age": 0.1337607422886064, "occupation_Exec-managerial": 0.08891670253240133, "marital-status_Never-married": 0.0475611814312245, "marital-status_Married-civ-spouse": 0.04533806625445251, "relationship_Husband": 0.03917612622820071, "fnlwgt": 0.012617385270327838, "sex_Female": 0.011179402713285644, "occupation_Prof-specialty": 0.007571120333341998, "education_Bachelors": 0.005891251103172938, "occupation_Craft-repair": 0.005890026313277674}}}