{"instance_id": 4607, "quadrant": "TN", "true_label": 0, "prediction": 0, "prediction_correct": true, "metrics": {"cost": 1760.8545850089286, "sparsity": 0.09259259259259259, "fidelity": 0.47951864241313386, "faithfulness_gap": 0.09671536992580111, "stability": 0.3321656252272566}, "explanation": {"top_features": ["race_Other: -0.0782", "native-country_Ecuador: -0.0781", "education_HS-grad: -0.0778", "age: 0.0701", "hours-per-week: 0.0687", "marital-status_Married-civ-spouse: -0.0369", "workclass_Private: -0.0303", "occupation_Craft-repair: -0.0230", "relationship_Husband: -0.0220", "capital-gain: -0.0169"], "raw_top": {"race_Other": -0.07823149687152536, "native-country_Ecuador": -0.07806100245472239, "education_HS-grad": -0.07784885756498172, "age": 0.07011033196605825, "hours-per-week": 0.0686860390213445, "marital-status_Married-civ-spouse": -0.03687048776082083, "workclass_Private": -0.030335934663702373, "occupation_Craft-repair": -0.02300583247375366, "relationship_Husband": -0.022035020313041078, "capital-gain": -0.01688331349545172}}}