{"instance_id": 4927, "quadrant": "TN", "true_label": 0, "prediction": 0, "prediction_correct": true, "metrics": {"cost": 1483.2971249998081, "sparsity": 0.09259259259259259, "fidelity": 0.7253526144103799, "faithfulness_gap": 0.15894176064308704, "stability": 0.02816745346937155}, "explanation": {"top_features": ["age: -0.0649", "marital-status_Married-civ-spouse: 0.0491", "education-num: -0.0404", "marital-status_Never-married: 0.0319", "workclass_Private: -0.0318", "relationship_Husband: 0.0276", "occupation_Adm-clerical: -0.0213", "education_HS-grad: 0.0213", "capital-gain: -0.0203", "sex_Female: 0.0173"], "raw_top": {"age": -0.06491965835172349, "marital-status_Married-civ-spouse": 0.04914962246730707, "education-num": -0.04038044938476945, "marital-status_Never-married": 0.03193469180300615, "workclass_Private": -0.031835239030273084, "relationship_Husband": 0.027552239912311757, "occupation_Adm-clerical": -0.02130507090640513, "education_HS-grad": 0.0212990867742763, "capital-gain": -0.0203141482953817, "sex_Female": 0.017285813384500588}}}