{"instance_id": 5600, "quadrant": "FP", "true_label": 0, "prediction": 1, "prediction_correct": false, "metrics": {"cost": 1391.6405479976675, "sparsity": 0.09259259259259259, "fidelity": 0.79973856262104, "faithfulness_gap": 0.4969088502812845, "stability": 0.14883740500616258}, "explanation": {"top_features": ["occupation_Tech-support: 0.1529", "age: 0.0913", "marital-status_Married-civ-spouse: 0.0604", "marital-status_Never-married: 0.0479", "education-num: -0.0446", "workclass_Private: -0.0404", "sex_Female: 0.0207", "education_Bachelors: 0.0154", "relationship_Husband: 0.0141", "workclass_State-gov: 0.0138"], "raw_top": {"occupation_Tech-support": 0.15285507155063235, "age": 0.09128909140531806, "marital-status_Married-civ-spouse": 0.060357202385984125, "marital-status_Never-married": 0.047899952553362296, "education-num": -0.044586447621289625, "workclass_Private": -0.04041275927197179, "sex_Female": 0.02068892126240144, "education_Bachelors": 0.015381374927268812, "relationship_Husband": 0.014114441030696827, "workclass_State-gov": 0.013776153409052083}}}