{"instance_id": 57, "quadrant": "FP", "true_label": 0, "prediction": 1, "prediction_correct": false, "metrics": {"cost": 1481.9461050065001, "sparsity": 0.09259259259259259, "fidelity": 0.7468062710157146, "faithfulness_gap": 0.5919514564229353, "stability": 0.19921687988769532}, "explanation": {"top_features": ["age: 0.1226", "occupation_Exec-managerial: 0.0851", "marital-status_Married-civ-spouse: 0.0548", "relationship_Husband: 0.0381", "marital-status_Never-married: 0.0361", "fnlwgt: 0.0292", "education_Some-college: 0.0102", "sex_Female: 0.0098", "education_1st-4th: 0.0075", "occupation_Craft-repair: 0.0073"], "raw_top": {"age": 0.122616155253861, "occupation_Exec-managerial": 0.0851061028674935, "marital-status_Married-civ-spouse": 0.05476748701892147, "relationship_Husband": 0.038138659604408216, "marital-status_Never-married": 0.03610510248930825, "fnlwgt": 0.02922001584170908, "education_Some-college": 0.01024016110944902, "sex_Female": 0.009793980724781487, "education_1st-4th": 0.007548630288003566, "occupation_Craft-repair": 0.007339039765141548}}}