{"instance_id": 5769, "quadrant": "FP", "true_label": 0, "prediction": 1, "prediction_correct": false, "metrics": {"cost": 1401.3623659993755, "sparsity": 0.09259259259259259, "fidelity": 0.5443987581916728, "faithfulness_gap": 0.5373164523471117, "stability": 0.20314432120185116}, "explanation": {"top_features": ["age: 0.1085", "marital-status_Married-civ-spouse: 0.0815", "marital-status_Never-married: 0.0489", "hours-per-week: 0.0378", "fnlwgt: 0.0159", "relationship_Husband: 0.0129", "workclass_State-gov: 0.0074", "occupation_Adm-clerical: 0.0055", "education_HS-grad: 0.0045", "education_5th-6th: 0.0035"], "raw_top": {"age": 0.1084548155413378, "marital-status_Married-civ-spouse": 0.08148322909017161, "marital-status_Never-married": 0.04887297093479152, "hours-per-week": 0.0378068149221177, "fnlwgt": 0.015929658919812913, "relationship_Husband": 0.012930819695897678, "workclass_State-gov": 0.007394153414316879, "occupation_Adm-clerical": 0.0054542093710863845, "education_HS-grad": 0.004471109053631023, "education_5th-6th": 0.0034624465048458397}}}