{"instance_id": 5883, "quadrant": "FP", "true_label": 0, "prediction": 1, "prediction_correct": false, "metrics": {"cost": 1880.5394450027961, "sparsity": 0.09259259259259259, "fidelity": 0.6722036311212787, "faithfulness_gap": 0.5130663785721217, "stability": 0.2976738051368188}, "explanation": {"top_features": ["capital-loss: 0.2126", "occupation_Craft-repair: -0.0902", "education_HS-grad: 0.0737", "education_Some-college: -0.0725", "marital-status_Never-married: 0.0624", "marital-status_Married-civ-spouse: 0.0466", "sex_Female: 0.0433", "occupation_Adm-clerical: 0.0244", "age: 0.0186", "occupation_Other-service: 0.0133"], "raw_top": {"capital-loss": 0.2126013658874429, "occupation_Craft-repair": -0.09024788746322188, "education_HS-grad": 0.07368717415072462, "education_Some-college": -0.0725063129857713, "marital-status_Never-married": 0.06238416078355159, "marital-status_Married-civ-spouse": 0.04657494824977725, "sex_Female": 0.043273722734827325, "occupation_Adm-clerical": 0.024353163886523917, "age": 0.018629042489599682, "occupation_Other-service": 0.013302751399287438}}}