{"instance_id": 5894, "quadrant": "FP", "true_label": 0, "prediction": 1, "prediction_correct": false, "metrics": {"cost": 1306.116188003216, "sparsity": 0.09259259259259259, "fidelity": 0.824020380876189, "faithfulness_gap": 0.666610708827405, "stability": 0.23969893573628123}, "explanation": {"top_features": ["age: 0.1228", "fnlwgt: 0.0808", "marital-status_Never-married: 0.0499", "marital-status_Married-civ-spouse: 0.0422", "sex_Female: 0.0322", "relationship_Husband: 0.0304", "workclass_Local-gov: 0.0286", "hours-per-week: 0.0214", "education_Bachelors: 0.0188", "education_11th: 0.0176"], "raw_top": {"age": 0.12281765059147381, "fnlwgt": 0.08078979926747791, "marital-status_Never-married": 0.0498728068939709, "marital-status_Married-civ-spouse": 0.042183742854763735, "sex_Female": 0.03221984415964322, "relationship_Husband": 0.030449168494522956, "workclass_Local-gov": 0.028557621848190686, "hours-per-week": 0.02138162117823611, "education_Bachelors": 0.01875138151753782, "education_11th": 0.01764992695146918}}}