{"instance_id": 6251, "quadrant": "TP", "true_label": 1, "prediction": 1, "prediction_correct": true, "metrics": {"cost": 1957.7946329955012, "sparsity": 0.09259259259259259, "fidelity": 0.7395482506693769, "faithfulness_gap": 0.6977376406059567, "stability": 0.15150843672591252}, "explanation": {"top_features": ["hours-per-week: 0.1140", "age: 0.1102", "marital-status_Married-civ-spouse: 0.0645", "education_HS-grad: 0.0603", "fnlwgt: 0.0541", "education-num: 0.0528", "sex_Female: 0.0375", "marital-status_Never-married: 0.0166", "education_11th: 0.0161", "sex_Male: 0.0070"], "raw_top": {"hours-per-week": 0.11398551756967173, "age": 0.11023349680245663, "marital-status_Married-civ-spouse": 0.06451256480314466, "education_HS-grad": 0.06028487791991191, "fnlwgt": 0.054093653820204854, "education-num": 0.052829357646328255, "sex_Female": 0.03752133528744682, "marital-status_Never-married": 0.016602201645343834, "education_11th": 0.01614895012157229, "sex_Male": 0.007033971185950616}}}