{"instance_id": 6295, "quadrant": "TN", "true_label": 0, "prediction": 0, "prediction_correct": true, "metrics": {"cost": 2038.1722949969117, "sparsity": 0.09259259259259259, "fidelity": 0.6394072696729786, "faithfulness_gap": 0.08378265604181706, "stability": 0.16738165441655603}, "explanation": {"top_features": ["marital-status_Married-civ-spouse: -0.1194", "age: 0.0723", "race_White: 0.0658", "marital-status_Married-spouse-absent: 0.0610", "sex_Female: -0.0498", "education_HS-grad: -0.0486", "education-num: -0.0412", "hours-per-week: -0.0379", "relationship_Husband: -0.0282", "capital-gain: -0.0142"], "raw_top": {"marital-status_Married-civ-spouse": -0.11942458516295189, "age": 0.0723241379083495, "race_White": 0.0657726896953849, "marital-status_Married-spouse-absent": 0.06100667009875637, "sex_Female": -0.04982563913840384, "education_HS-grad": -0.04860515385694468, "education-num": -0.041215106725256356, "hours-per-week": -0.037885461283371565, "relationship_Husband": -0.02824651231414567, "capital-gain": -0.014248289232044797}}}