{"instance_id": 717, "quadrant": "FP", "true_label": 0, "prediction": 1, "prediction_correct": false, "metrics": {"cost": 1414.9354039982427, "sparsity": 0.09259259259259259, "fidelity": 0.4650316062153435, "faithfulness_gap": 0.5267374955966047, "stability": 0.13569153495218525}, "explanation": {"top_features": ["age: 0.0732", "marital-status_Married-civ-spouse: 0.0523", "relationship_Husband: 0.0491", "sex_Female: 0.0417", "marital-status_Never-married: 0.0334", "education_HS-grad: 0.0271", "occupation_Exec-managerial: 0.0211", "occupation_Prof-specialty: 0.0175", "occupation_Machine-op-inspct: 0.0136", "workclass_Private: 0.0134"], "raw_top": {"age": 0.07315332200961076, "marital-status_Married-civ-spouse": 0.05232282787768177, "relationship_Husband": 0.049061768699201036, "sex_Female": 0.041740121117801864, "marital-status_Never-married": 0.03344720764656321, "education_HS-grad": 0.027098012675575264, "occupation_Exec-managerial": 0.021138747505625177, "occupation_Prof-specialty": 0.017541619361905923, "occupation_Machine-op-inspct": 0.013604403319912846, "workclass_Private": 0.013371137219580442}}}