{"instance_id": 7247, "quadrant": "FP", "true_label": 0, "prediction": 1, "prediction_correct": false, "metrics": {"cost": 1342.1621119923657, "sparsity": 0.09259259259259259, "fidelity": 0.4996598361915291, "faithfulness_gap": 0.5210337163438001, "stability": 0.1308481298999438}, "explanation": {"top_features": ["hours-per-week: 0.0984", "age: 0.0541", "marital-status_Married-civ-spouse: 0.0503", "marital-status_Never-married: 0.0329", "relationship_Husband: 0.0273", "occupation_Craft-repair: 0.0144", "occupation_Machine-op-inspct: 0.0111", "education_Bachelors: 0.0105", "occupation_Prof-specialty: 0.0089", "education_11th: 0.0060"], "raw_top": {"hours-per-week": 0.09840529540505186, "age": 0.054080679501365574, "marital-status_Married-civ-spouse": 0.050299822073203826, "marital-status_Never-married": 0.03291080270387732, "relationship_Husband": 0.02727590562732051, "occupation_Craft-repair": 0.014365424797791534, "occupation_Machine-op-inspct": 0.011089209504624406, "education_Bachelors": 0.010507905843425886, "occupation_Prof-specialty": 0.008865810801782104, "education_11th": 0.006024092305372597}}}