{"instance_id": 8595, "quadrant": "FN", "true_label": 1, "prediction": 0, "prediction_correct": false, "metrics": {"cost": 975.911711997469, "sparsity": 0.09259259259259259, "fidelity": 0.5136920292097662, "faithfulness_gap": 0.2386566116647024, "stability": 0.39923269954647517}, "explanation": {"top_features": ["occupation_Handlers-cleaners: -0.1576", "marital-status_Married-civ-spouse: 0.0361", "marital-status_Never-married: 0.0304", "education_HS-grad: 0.0296", "fnlwgt: 0.0228", "sex_Female: 0.0187", "relationship_Husband: 0.0185", "workclass_State-gov: 0.0142", "occupation_Machine-op-inspct: 0.0130", "education_Bachelors: 0.0110"], "raw_top": {"occupation_Handlers-cleaners": -0.15760104039826023, "marital-status_Married-civ-spouse": 0.036105310398106646, "marital-status_Never-married": 0.0303948823339856, "education_HS-grad": 0.02963626097759423, "fnlwgt": 0.022808013702537343, "sex_Female": 0.018742097953640582, "relationship_Husband": 0.01845444638159342, "workclass_State-gov": 0.014157288952774441, "occupation_Machine-op-inspct": 0.013019670460368176, "education_Bachelors": 0.010952233005986339}}}