{"instance_id": 9042, "quadrant": "TN", "true_label": 0, "prediction": 0, "prediction_correct": true, "metrics": {"cost": 1826.9946350046666, "sparsity": 0.09259259259259259, "fidelity": 0.7584230835498075, "faithfulness_gap": 0.047253091981188274, "stability": 0.23416303088907278}, "explanation": {"top_features": ["workclass_Local-gov: -0.0771", "sex_Female: -0.0587", "relationship_Unmarried: -0.0572", "marital-status_Married-civ-spouse: -0.0411", "education-num: 0.0349", "occupation_Prof-specialty: -0.0322", "workclass_Private: 0.0283", "marital-status_Divorced: -0.0278", "education_HS-grad: 0.0252", "capital-gain: -0.0177"], "raw_top": {"workclass_Local-gov": -0.07709072204811086, "sex_Female": -0.05868602215420368, "relationship_Unmarried": -0.05717943901432845, "marital-status_Married-civ-spouse": -0.041080069517991126, "education-num": 0.034876269107049135, "occupation_Prof-specialty": -0.032233073891482125, "workclass_Private": 0.02828324917114967, "marital-status_Divorced": -0.027834943082884905, "education_HS-grad": 0.02522798863360165, "capital-gain": -0.017712835218964496}}}