{"instance_id": 9144, "quadrant": "FN", "true_label": 1, "prediction": 0, "prediction_correct": false, "metrics": {"cost": 2382.052771994495, "sparsity": 0.09259259259259259, "fidelity": 0.7491427791349194, "faithfulness_gap": 0.45351244647789085, "stability": 0.08292858774454384}, "explanation": {"top_features": ["education-num: 0.1005", "age: -0.0606", "marital-status_Married-civ-spouse: 0.0479", "education_HS-grad: 0.0441", "marital-status_Never-married: 0.0417", "relationship_Husband: 0.0312", "sex_Female: 0.0149", "workclass_State-gov: 0.0122", "hours-per-week: 0.0114", "occupation_Machine-op-inspct: 0.0093"], "raw_top": {"education-num": 0.10049170438465624, "age": -0.060565291048795156, "marital-status_Married-civ-spouse": 0.047897714853410336, "education_HS-grad": 0.044095102505875755, "marital-status_Never-married": 0.04172498394155856, "relationship_Husband": 0.031216527608656182, "sex_Female": 0.014864613469677618, "workclass_State-gov": 0.012212827956027227, "hours-per-week": 0.011420317624552418, "occupation_Machine-op-inspct": 0.00932299871266351}}}