{"instance_id": 9468, "quadrant": "FN", "true_label": 1, "prediction": 0, "prediction_correct": false, "metrics": {"cost": 1080.754586000694, "sparsity": 0.09259259259259259, "fidelity": 0.5772875495652929, "faithfulness_gap": 0.07057432381539286, "stability": 0.14099357598539167}, "explanation": {"top_features": ["workclass_Local-gov: -0.1790", "hours-per-week: 0.0807", "workclass_Private: 0.0629", "education_Bachelors: -0.0595", "relationship_Husband: 0.0521", "education_HS-grad: 0.0474", "marital-status_Never-married: 0.0438", "sex_Female: 0.0253", "age: 0.0241", "education_Assoc-acdm: 0.0165"], "raw_top": {"workclass_Local-gov": -0.1789875938668528, "hours-per-week": 0.08065268197897714, "workclass_Private": 0.06289550166365956, "education_Bachelors": -0.05953363511896202, "relationship_Husband": 0.052124842755552604, "education_HS-grad": 0.04741375846192207, "marital-status_Never-married": 0.04377311613382946, "sex_Female": 0.0253272575415395, "age": 0.024148719473753986, "education_Assoc-acdm": 0.016475308175009848}}}