{"instance_id": 9735, "quadrant": "FN", "true_label": 1, "prediction": 0, "prediction_correct": false, "metrics": {"cost": 1373.5123060032493, "sparsity": 0.09259259259259259, "fidelity": 0.5969977472210894, "faithfulness_gap": 0.48414008725110447, "stability": 0.055491372486677466}, "explanation": {"top_features": ["age: 0.0919", "marital-status_Married-civ-spouse: 0.0688", "marital-status_Never-married: 0.0430", "fnlwgt: 0.0171", "sex_Female: 0.0125", "workclass_State-gov: 0.0095", "relationship_Own-child: 0.0082", "workclass_Federal-gov: 0.0068", "occupation_Prof-specialty: 0.0066", "education_Bachelors: 0.0062"], "raw_top": {"age": 0.09186892511587039, "marital-status_Married-civ-spouse": 0.06879663708842317, "marital-status_Never-married": 0.042961716660625746, "fnlwgt": 0.017116114092295975, "sex_Female": 0.01252912218291207, "workclass_State-gov": 0.009476686512680355, "relationship_Own-child": 0.008238960899718914, "workclass_Federal-gov": 0.006760173818991912, "occupation_Prof-specialty": 0.006589440147365956, "education_Bachelors": 0.00624247480861867}}}