{"instance_id": 1074, "quadrant": "TP", "true_label": 1, "prediction": 1, "prediction_correct": true, "metrics": {"cost": 45269.19142900442, "sparsity": 0.09259259259259259, "fidelity": 0.934463353814192, "faithfulness_gap": 0.7900147508078004, "stability": 0.9833711366587661}, "explanation": {"top_features": ["capital-loss: 0.2055", "education-num: 0.1617", "occupation_Exec-managerial: 0.1159", "marital-status_Married-civ-spouse: 0.1134", "age: 0.0459", "relationship_Husband: 0.0449", "marital-status_Never-married: 0.0149", "relationship_Not-in-family: 0.0119", "relationship_Own-child: 0.0089", "education_HS-grad: 0.0078"], "raw_top": {"capital-loss": 0.20554495097976064, "education-num": 0.16171593057263728, "occupation_Exec-managerial": 0.1158685216132451, "marital-status_Married-civ-spouse": 0.11335499017665267, "age": 0.04591032014330079, "relationship_Husband": 0.0448601963397267, "marital-status_Never-married": 0.014882227464060488, "relationship_Not-in-family": 0.011880362888650318, "relationship_Own-child": 0.00893760820287862, "education_HS-grad": 0.0077852058533850466}}}