{"instance_id": 1200, "quadrant": "TP", "true_label": 1, "prediction": 1, "prediction_correct": true, "metrics": {"cost": 37512.48834299622, "sparsity": 0.09259259259259259, "fidelity": 0.9735530020456702, "faithfulness_gap": 0.7519586636748826, "stability": 0.9647112744438903}, "explanation": {"top_features": ["education-num: 0.1918", "relationship_Wife: 0.1687", "occupation_Exec-managerial: 0.1511", "marital-status_Married-civ-spouse: 0.1148", "workclass_Federal-gov: 0.0667", "relationship_Husband: -0.0415", "race_White: -0.0332", "capital-gain: -0.0251", "education_HS-grad: 0.0185", "marital-status_Never-married: 0.0164"], "raw_top": {"education-num": 0.19184584051053574, "relationship_Wife": 0.16871198966585374, "occupation_Exec-managerial": 0.1510989383746005, "marital-status_Married-civ-spouse": 0.11481250106530462, "workclass_Federal-gov": 0.06671842955976283, "relationship_Husband": -0.041479245076271966, "race_White": -0.03318853562057951, "capital-gain": -0.025058789901274525, "education_HS-grad": 0.018523012840069058, "marital-status_Never-married": 0.0163688966253557}}}