{"instance_id": 1273, "quadrant": "TN", "true_label": 0, "prediction": 0, "prediction_correct": true, "metrics": {"cost": 48618.78918198636, "sparsity": 0.09259259259259259, "fidelity": 0.3118628114958314, "faithfulness_gap": 0.03686426182864269, "stability": 0.8927723161846817}, "explanation": {"top_features": ["marital-status_Married-civ-spouse: -0.0290", "age: -0.0250", "relationship_Husband: -0.0186", "capital-gain: -0.0169", "education-num: -0.0157", "marital-status_Separated: -0.0138", "relationship_Own-child: -0.0095", "fnlwgt: -0.0059", "capital-loss: -0.0051", "hours-per-week: -0.0021"], "raw_top": {"marital-status_Married-civ-spouse": -0.028970705315244805, "age": -0.024989958393460722, "relationship_Husband": -0.018610367718709876, "capital-gain": -0.01685803448846354, "education-num": -0.015682817877479303, "marital-status_Separated": -0.013780031819615119, "relationship_Own-child": -0.009474042075251375, "fnlwgt": -0.005855112187160333, "capital-loss": -0.00509858765638937, "hours-per-week": -0.0021291273470895877}}}