{"instance_id": 1292, "quadrant": "FN", "true_label": 1, "prediction": 0, "prediction_correct": false, "metrics": {"cost": 35950.30210103141, "sparsity": 0.09259259259259259, "fidelity": 0.8542594832852347, "faithfulness_gap": 0.008937650191550656, "stability": 0.6854386232011884}, "explanation": {"top_features": ["marital-status_Married-civ-spouse: 0.0439", "capital-gain: -0.0343", "occupation_nan: -0.0303", "workclass_nan: -0.0303", "hours-per-week: 0.0268", "relationship_Husband: 0.0247", "fnlwgt: 0.0196", "capital-loss: -0.0187", "education_Some-college: 0.0133", "education-num: -0.0129"], "raw_top": {"marital-status_Married-civ-spouse": 0.04391518512058496, "capital-gain": -0.034253513882630655, "occupation_nan": -0.03032989744887254, "workclass_nan": -0.030267398926717533, "hours-per-week": 0.026840885133234772, "relationship_Husband": 0.024724576457784118, "fnlwgt": 0.019557436390095145, "capital-loss": -0.01871293859831546, "education_Some-college": 0.01334560114929852, "education-num": -0.01288260776634028}}}