{"instance_id": 1305, "quadrant": "TN", "true_label": 0, "prediction": 0, "prediction_correct": true, "metrics": {"cost": 43904.685289016925, "sparsity": 0.09259259259259259, "fidelity": 0.5844467586073647, "faithfulness_gap": 0.03899013148328052, "stability": 0.960241294776459}, "explanation": {"top_features": ["age: -0.0537", "marital-status_Married-civ-spouse: -0.0309", "capital-gain: -0.0171", "relationship_Husband: -0.0161", "hours-per-week: -0.0153", "workclass_Private: -0.0119", "capital-loss: -0.0115", "marital-status_Never-married: -0.0095", "relationship_Own-child: -0.0087", "education-num: -0.0075"], "raw_top": {"age": -0.053722385004749566, "marital-status_Married-civ-spouse": -0.03093530962464118, "capital-gain": -0.017130977479997773, "relationship_Husband": -0.016110851832178624, "hours-per-week": -0.015256386033969917, "workclass_Private": -0.011945147451517663, "capital-loss": -0.01145901073068993, "marital-status_Never-married": -0.009476375834725492, "relationship_Own-child": -0.008682987220583624, "education-num": -0.007483973577790182}}}