{"instance_id": 1345, "quadrant": "TN", "true_label": 0, "prediction": 0, "prediction_correct": true, "metrics": {"cost": 60437.8896690032, "sparsity": 0.09259259259259259, "fidelity": 0.6689411395303403, "faithfulness_gap": 0.07646554909282505, "stability": 0.9230901024624776}, "explanation": {"top_features": ["marital-status_Married-civ-spouse: -0.0374", "occupation_Handlers-cleaners: -0.0316", "relationship_Husband: -0.0240", "capital-gain: -0.0179", "education-num: -0.0173", "capital-loss: -0.0120", "education_HS-grad: 0.0096", "marital-status_Divorced: -0.0066", "fnlwgt: -0.0025", "relationship_Unmarried: -0.0025"], "raw_top": {"marital-status_Married-civ-spouse": -0.037369890638600904, "occupation_Handlers-cleaners": -0.0316287857387672, "relationship_Husband": -0.023973117646135272, "capital-gain": -0.017925456677142605, "education-num": -0.017263390656429674, "capital-loss": -0.01202675460705982, "education_HS-grad": 0.009648036177330455, "marital-status_Divorced": -0.006628432504785758, "fnlwgt": -0.0024690389251915933, "relationship_Unmarried": -0.0024519487163409868}}}