{"instance_id": 140, "quadrant": "FP", "true_label": 0, "prediction": 1, "prediction_correct": false, "metrics": {"cost": 35005.36717596697, "sparsity": 0.09259259259259259, "fidelity": 0.9795777103997896, "faithfulness_gap": 0.7200025341809765, "stability": 0.9844680761299764}, "explanation": {"top_features": ["education-num: 0.3401", "occupation_Prof-specialty: 0.0900", "marital-status_Married-civ-spouse: 0.0874", "relationship_Husband: 0.0535", "workclass_Self-emp-inc: 0.0256", "hours-per-week: 0.0221", "marital-status_Never-married: 0.0215", "workclass_Private: 0.0187", "education_Doctorate: 0.0106", "education_HS-grad: 0.0098"], "raw_top": {"education-num": 0.3400609989402253, "occupation_Prof-specialty": 0.09003351447637381, "marital-status_Married-civ-spouse": 0.08735952302772279, "relationship_Husband": 0.05349745889436445, "workclass_Self-emp-inc": 0.02561330137463956, "hours-per-week": 0.0220845122613413, "marital-status_Never-married": 0.021538286073550628, "workclass_Private": 0.01869698208350053, "education_Doctorate": 0.0106225347901702, "education_HS-grad": 0.009755421671355125}}}