{"instance_id": 1446, "quadrant": "TN", "true_label": 0, "prediction": 0, "prediction_correct": true, "metrics": {"cost": 39163.65180598223, "sparsity": 0.09259259259259259, "fidelity": 0.4037770937865537, "faithfulness_gap": 0.04227946390264088, "stability": 0.8638542507820169}, "explanation": {"top_features": ["hours-per-week: -0.0325", "marital-status_Married-civ-spouse: -0.0291", "education-num: -0.0144", "workclass_Private: -0.0137", "capital-gain: -0.0136", "education_HS-grad: 0.0127", "relationship_Husband: -0.0114", "capital-loss: -0.0061", "marital-status_Divorced: -0.0036", "fnlwgt: -0.0012"], "raw_top": {"hours-per-week": -0.03250851141051611, "marital-status_Married-civ-spouse": -0.029119590956766993, "education-num": -0.01442298768096624, "workclass_Private": -0.013693784894225907, "capital-gain": -0.013630165068833956, "education_HS-grad": 0.012720548009276059, "relationship_Husband": -0.01142575835355539, "capital-loss": -0.006117492534333092, "marital-status_Divorced": -0.003595892317624448, "fnlwgt": -0.001203258086851719}}}