{"instance_id": 1519, "quadrant": "TP", "true_label": 1, "prediction": 1, "prediction_correct": true, "metrics": {"cost": 48392.491620004876, "sparsity": 0.09259259259259259, "fidelity": 0.9613783309455706, "faithfulness_gap": 0.5140137751254001, "stability": 0.9462296570178808}, "explanation": {"top_features": ["education-num: 0.1730", "occupation_Sales: 0.1166", "hours-per-week: 0.0754", "marital-status_Married-civ-spouse: 0.0661", "native-country_Columbia: -0.0648", "relationship_Husband: 0.0544", "education_Bachelors: 0.0450", "native-country_United-States: -0.0334", "capital-gain: -0.0276", "marital-status_Never-married: 0.0170"], "raw_top": {"education-num": 0.17298863101271308, "occupation_Sales": 0.11657441080028724, "hours-per-week": 0.07538924277820265, "marital-status_Married-civ-spouse": 0.06611286791246969, "native-country_Columbia": -0.06478724606065935, "relationship_Husband": 0.05437537200374136, "education_Bachelors": 0.044987694443396994, "native-country_United-States": -0.03339851864345685, "capital-gain": -0.027587279096748463, "marital-status_Never-married": 0.01696715864272692}}}