{"instance_id": 1594, "quadrant": "FP", "true_label": 0, "prediction": 1, "prediction_correct": false, "metrics": {"cost": 59095.767470949795, "sparsity": 0.09259259259259259, "fidelity": 0.9592005805412334, "faithfulness_gap": 0.33207659138088486, "stability": 0.9291179960029933}, "explanation": {"top_features": ["occupation_Exec-managerial: 0.1827", "relationship_Wife: 0.1054", "marital-status_Married-civ-spouse: 0.0786", "age: -0.0671", "relationship_Husband: -0.0419", "capital-gain: -0.0366", "education_HS-grad: 0.0279", "hours-per-week: 0.0128", "marital-status_Never-married: 0.0098", "fnlwgt: 0.0095"], "raw_top": {"occupation_Exec-managerial": 0.18266209716673187, "relationship_Wife": 0.10539387864301973, "marital-status_Married-civ-spouse": 0.07857528645827386, "age": -0.06714792725205432, "relationship_Husband": -0.041933116480804465, "capital-gain": -0.036620485326413835, "education_HS-grad": 0.02787849554860353, "hours-per-week": 0.012824924818698302, "marital-status_Never-married": 0.00982106083538681, "fnlwgt": 0.009512125252804149}}}