{"instance_id": 1610, "quadrant": "FN", "true_label": 1, "prediction": 0, "prediction_correct": false, "metrics": {"cost": 60338.26712501468, "sparsity": 0.09259259259259259, "fidelity": 0.9217035583968063, "faithfulness_gap": 0.0077815739657971505, "stability": 0.8153282381199082}, "explanation": {"top_features": ["occupation_Machine-op-inspct: -0.0488", "education-num: -0.0466", "native-country_Italy: 0.0463", "marital-status_Married-civ-spouse: 0.0380", "capital-gain: -0.0302", "age: 0.0234", "capital-loss: -0.0187", "relationship_Husband: 0.0166", "native-country_United-States: -0.0158", "education_HS-grad: -0.0086"], "raw_top": {"occupation_Machine-op-inspct": -0.048796348116564976, "education-num": -0.04661642692012015, "native-country_Italy": 0.04632882216598564, "marital-status_Married-civ-spouse": 0.037952517557274634, "capital-gain": -0.03020117767629448, "age": 0.0234295226955414, "capital-loss": -0.018677087760857542, "relationship_Husband": 0.016589209530652106, "native-country_United-States": -0.01579703217832397, "education_HS-grad": -0.008640668641566408}}}