{"instance_id": 1679, "quadrant": "FP", "true_label": 0, "prediction": 1, "prediction_correct": false, "metrics": {"cost": 35754.96057595592, "sparsity": 0.09259259259259259, "fidelity": 0.6956786994065656, "faithfulness_gap": 0.3163595446615797, "stability": 0.9405469138631561}, "explanation": {"top_features": ["occupation_Exec-managerial: 0.1320", "education-num: 0.1275", "marital-status_Married-civ-spouse: 0.1089", "native-country_United-States: -0.0571", "relationship_Husband: 0.0531", "hours-per-week: -0.0525", "race_Other: -0.0373", "capital-gain: -0.0208", "marital-status_Never-married: 0.0152", "age: 0.0122"], "raw_top": {"occupation_Exec-managerial": 0.13196081219286226, "education-num": 0.1274713259242873, "marital-status_Married-civ-spouse": 0.10887418210419345, "native-country_United-States": -0.057108343261137624, "relationship_Husband": 0.053052646788264796, "hours-per-week": -0.05252269172272185, "race_Other": -0.037347930612288645, "capital-gain": -0.020779698534963448, "marital-status_Never-married": 0.015156296502071304, "age": 0.01220974028367805}}}