{"instance_id": 1727, "quadrant": "FN", "true_label": 1, "prediction": 0, "prediction_correct": false, "metrics": {"cost": 43127.21664895071, "sparsity": 0.09259259259259259, "fidelity": 0.86013469882266, "faithfulness_gap": 0.06256012297868521, "stability": 0.8540340183014886}, "explanation": {"top_features": ["occupation_Other-service: -0.0612", "education-num: -0.0364", "capital-gain: -0.0315", "marital-status_Married-civ-spouse: 0.0272", "capital-loss: -0.0238", "relationship_Husband: 0.0180", "age: 0.0111", "education_Bachelors: -0.0045", "hours-per-week: -0.0039", "marital-status_Never-married: 0.0035"], "raw_top": {"occupation_Other-service": -0.061245116707219355, "education-num": -0.03644906100614125, "capital-gain": -0.03151390817917619, "marital-status_Married-civ-spouse": 0.02721165859936747, "capital-loss": -0.02384644514514232, "relationship_Husband": 0.017977869848457683, "age": 0.011071139911802912, "education_Bachelors": -0.004479346546735613, "hours-per-week": -0.003908589341104402, "marital-status_Never-married": 0.0034714758790322653}}}