{"instance_id": 1747, "quadrant": "TN", "true_label": 0, "prediction": 0, "prediction_correct": true, "metrics": {"cost": 49090.342369978316, "sparsity": 0.09259259259259259, "fidelity": 0.5501376663523299, "faithfulness_gap": 0.06526829305270973, "stability": 0.9091562066073359}, "explanation": {"top_features": ["marital-status_Married-civ-spouse: -0.0398", "age: -0.0302", "relationship_Husband: -0.0206", "marital-status_Never-married: -0.0180", "capital-gain: -0.0160", "relationship_Own-child: -0.0106", "capital-loss: -0.0096", "education_Assoc-acdm: -0.0083", "workclass_Private: -0.0039", "workclass_nan: -0.0018"], "raw_top": {"marital-status_Married-civ-spouse": -0.039763534836598884, "age": -0.03018875212430571, "relationship_Husband": -0.020563194690511453, "marital-status_Never-married": -0.01801097553929752, "capital-gain": -0.01601850292165247, "relationship_Own-child": -0.01055382790293784, "capital-loss": -0.009570063547851459, "education_Assoc-acdm": -0.008349452044855828, "workclass_Private": -0.0038732480670322185, "workclass_nan": -0.0017956127920568665}}}