{"instance_id": 176, "quadrant": "FP", "true_label": 0, "prediction": 1, "prediction_correct": false, "metrics": {"cost": 35381.04511599522, "sparsity": 0.09259259259259259, "fidelity": 0.9865147007642071, "faithfulness_gap": 0.5300605693552455, "stability": 0.9591568498073381}, "explanation": {"top_features": ["occupation_Exec-managerial: 0.2542", "marital-status_Married-civ-spouse: 0.0977", "education-num: 0.0654", "capital-gain: -0.0403", "relationship_Husband: 0.0364", "age: 0.0310", "education_HS-grad: 0.0243", "marital-status_Never-married: 0.0124", "fnlwgt: 0.0057", "relationship_Not-in-family: 0.0052"], "raw_top": {"occupation_Exec-managerial": 0.25422419031493926, "marital-status_Married-civ-spouse": 0.09772818438586696, "education-num": 0.06538649587306307, "capital-gain": -0.04030651740172033, "relationship_Husband": 0.03637751095879368, "age": 0.030967463475778893, "education_HS-grad": 0.024270693473791714, "marital-status_Never-married": 0.01235294841916321, "fnlwgt": 0.005720262118588615, "relationship_Not-in-family": 0.005216581283789493}}}