{"instance_id": 1829, "quadrant": "FP", "true_label": 0, "prediction": 1, "prediction_correct": false, "metrics": {"cost": 37295.122162031475, "sparsity": 0.09259259259259259, "fidelity": 0.9830105461473386, "faithfulness_gap": 0.465252252947319, "stability": 0.9669870527361062}, "explanation": {"top_features": ["occupation_Exec-managerial: 0.1883", "education-num: 0.1638", "age: -0.1303", "marital-status_Married-civ-spouse: 0.0879", "relationship_Husband: 0.0550", "education_Bachelors: 0.0357", "capital-gain: -0.0317", "education_HS-grad: 0.0147", "marital-status_Never-married: 0.0111", "relationship_Not-in-family: 0.0053"], "raw_top": {"occupation_Exec-managerial": 0.18834444558476274, "education-num": 0.1638085008236556, "age": -0.13027132006068678, "marital-status_Married-civ-spouse": 0.08788059167195796, "relationship_Husband": 0.05498625897939838, "education_Bachelors": 0.03570676716719311, "capital-gain": -0.03173001818010863, "education_HS-grad": 0.01467758930927921, "marital-status_Never-married": 0.011098248110296733, "relationship_Not-in-family": 0.0053188585003693944}}}