{"instance_id": 1933, "quadrant": "FN", "true_label": 1, "prediction": 0, "prediction_correct": false, "metrics": {"cost": 60879.793148022145, "sparsity": 0.09259259259259259, "fidelity": 0.8280725572034995, "faithfulness_gap": 0.11812400526939798, "stability": 0.6858738150198744}, "explanation": {"top_features": ["marital-status_Married-civ-spouse: 0.0481", "age: 0.0468", "capital-gain: -0.0357", "occupation_Sales: 0.0287", "relationship_Husband: 0.0264", "capital-loss: -0.0248", "native-country_United-States: -0.0245", "education_Bachelors: -0.0224", "education-num: -0.0179", "education_HS-grad: 0.0157"], "raw_top": {"marital-status_Married-civ-spouse": 0.048106009280486334, "age": 0.046829523774312494, "capital-gain": -0.035725861785614516, "occupation_Sales": 0.02869265522000107, "relationship_Husband": 0.026379837902151152, "capital-loss": -0.02479097190997563, "native-country_United-States": -0.0245189500784061, "education_Bachelors": -0.02240959507341051, "education-num": -0.017943774130422755, "education_HS-grad": 0.015723612338966197}}}