{"instance_id": 2027, "quadrant": "FN", "true_label": 1, "prediction": 0, "prediction_correct": false, "metrics": {"cost": 39474.91337393876, "sparsity": 0.09259259259259259, "fidelity": 0.8260920964612708, "faithfulness_gap": 0.042935467038511865, "stability": 0.7688139829466443}, "explanation": {"top_features": ["education-num: -0.0402", "occupation_Transport-moving: -0.0331", "capital-gain: -0.0327", "marital-status_Married-civ-spouse: 0.0280", "capital-loss: -0.0238", "age: -0.0195", "relationship_Husband: 0.0174", "hours-per-week: 0.0152", "education_Bachelors: -0.0069", "marital-status_Never-married: 0.0055"], "raw_top": {"education-num": -0.04019017167118236, "occupation_Transport-moving": -0.033101094601319485, "capital-gain": -0.0327163252810711, "marital-status_Married-civ-spouse": 0.027986862489925525, "capital-loss": -0.023825850647838712, "age": -0.019539292246121068, "relationship_Husband": 0.017381692291466938, "hours-per-week": 0.015228649388614969, "education_Bachelors": -0.006875337459970607, "marital-status_Never-married": 0.00549319443715926}}}