{"instance_id": 2038, "quadrant": "FP", "true_label": 0, "prediction": 1, "prediction_correct": false, "metrics": {"cost": 34462.18685799977, "sparsity": 0.09259259259259259, "fidelity": 0.986305884728117, "faithfulness_gap": 0.7102805416147548, "stability": 0.9689376896501914}, "explanation": {"top_features": ["occupation_Exec-managerial: 0.2085", "education-num: 0.1762", "marital-status_Married-civ-spouse: 0.1075", "relationship_Husband: 0.0592", "age: 0.0306", "education_Bachelors: 0.0245", "education_HS-grad: 0.0161", "marital-status_Never-married: 0.0116", "relationship_Not-in-family: 0.0071", "relationship_Own-child: 0.0045"], "raw_top": {"occupation_Exec-managerial": 0.20851294908422546, "education-num": 0.17620027373798972, "marital-status_Married-civ-spouse": 0.10747891228218871, "relationship_Husband": 0.05921749868153822, "age": 0.030572930710982434, "education_Bachelors": 0.024511412300724247, "education_HS-grad": 0.016091175703276252, "marital-status_Never-married": 0.011561427416535888, "relationship_Not-in-family": 0.007053096351260593, "relationship_Own-child": 0.004496382781059682}}}