{"instance_id": 2113, "quadrant": "TN", "true_label": 0, "prediction": 0, "prediction_correct": true, "metrics": {"cost": 44222.511847969145, "sparsity": 0.09259259259259259, "fidelity": 0.6950654019318404, "faithfulness_gap": 0.0750652391462993, "stability": 0.9588820541406097}, "explanation": {"top_features": ["age: -0.0572", "marital-status_Married-civ-spouse: -0.0317", "hours-per-week: -0.0237", "relationship_Husband: -0.0134", "capital-gain: -0.0130", "capital-loss: -0.0056", "marital-status_Never-married: -0.0056", "education-num: -0.0055", "education_Bachelors: -0.0027", "education_HS-grad: -0.0012"], "raw_top": {"age": -0.05723586250809718, "marital-status_Married-civ-spouse": -0.03169022779880025, "hours-per-week": -0.023717615971378166, "relationship_Husband": -0.013385901464145514, "capital-gain": -0.012993995478204734, "capital-loss": -0.005639295199518602, "marital-status_Never-married": -0.005627934861202481, "education-num": -0.005483788537561167, "education_Bachelors": -0.0027068209788936896, "education_HS-grad": -0.0012072977988304978}}}