{"instance_id": 2124, "quadrant": "TP", "true_label": 1, "prediction": 1, "prediction_correct": true, "metrics": {"cost": 43152.81083899026, "sparsity": 0.09259259259259259, "fidelity": 0.9918644568532821, "faithfulness_gap": 0.7638448888164466, "stability": 0.9965029559720213}, "explanation": {"top_features": ["capital-loss: 0.5335", "education-num: 0.1427", "occupation_Exec-managerial: 0.0987", "marital-status_Married-civ-spouse: -0.0645", "marital-status_Never-married: -0.0378", "relationship_Husband: -0.0298", "relationship_Not-in-family: -0.0285", "relationship_Own-child: 0.0134", "age: 0.0104", "capital-gain: -0.0095"], "raw_top": {"capital-loss": 0.5334532917215269, "education-num": 0.14272296100026796, "occupation_Exec-managerial": 0.09867581466262484, "marital-status_Married-civ-spouse": -0.0645456964368981, "marital-status_Never-married": -0.0378300705724383, "relationship_Husband": -0.029839091527335347, "relationship_Not-in-family": -0.028527560075155646, "relationship_Own-child": 0.013398519707909768, "age": 0.010352427883442927, "capital-gain": -0.009483108023623168}}}