{"instance_id": 213, "quadrant": "TN", "true_label": 0, "prediction": 0, "prediction_correct": true, "metrics": {"cost": 36017.15312700253, "sparsity": 0.09259259259259259, "fidelity": 0.5986159870443211, "faithfulness_gap": 0.05918617625635082, "stability": 0.8871534411211233}, "explanation": {"top_features": ["marital-status_Married-civ-spouse: -0.0410", "occupation_Other-service: -0.0226", "relationship_Husband: -0.0206", "capital-gain: -0.0199", "education-num: -0.0165", "education_HS-grad: 0.0109", "capital-loss: -0.0104", "hours-per-week: -0.0048", "age: 0.0042", "marital-status_Divorced: -0.0030"], "raw_top": {"marital-status_Married-civ-spouse": -0.04098963941701475, "occupation_Other-service": -0.022582203641770195, "relationship_Husband": -0.02061106246739975, "capital-gain": -0.019876932020433374, "education-num": -0.016469360040109342, "education_HS-grad": 0.010947690813387909, "capital-loss": -0.010353975819769276, "hours-per-week": -0.004767165240748399, "age": 0.004242447818201309, "marital-status_Divorced": -0.003045005733992565}}}