{"instance_id": 2298, "quadrant": "FP", "true_label": 0, "prediction": 1, "prediction_correct": false, "metrics": {"cost": 35882.48737400863, "sparsity": 0.09259259259259259, "fidelity": 0.9699662431558976, "faithfulness_gap": 0.363881769678543, "stability": 0.9442040725780194}, "explanation": {"top_features": ["education-num: 0.2413", "marital-status_Married-civ-spouse: 0.0847", "relationship_Husband: 0.0503", "capital-gain: -0.0308", "occupation_nan: -0.0262", "workclass_nan: -0.0258", "workclass_Private: 0.0207", "marital-status_Never-married: 0.0196", "age: -0.0166", "capital-loss: -0.0146"], "raw_top": {"education-num": 0.2412589202292354, "marital-status_Married-civ-spouse": 0.0847442303625261, "relationship_Husband": 0.050260632486167016, "capital-gain": -0.03080678953609991, "occupation_nan": -0.026178628753877213, "workclass_nan": -0.02583379805251359, "workclass_Private": 0.020715462408119372, "marital-status_Never-married": 0.019627774359612157, "age": -0.016611092894173042, "capital-loss": -0.014625988587490535}}}