{"instance_id": 2418, "quadrant": "FP", "true_label": 0, "prediction": 1, "prediction_correct": false, "metrics": {"cost": 45313.10109101469, "sparsity": 0.09259259259259259, "fidelity": 0.9854369007048644, "faithfulness_gap": 0.6605171330547863, "stability": 0.9372587274043329}, "explanation": {"top_features": ["education-num: 0.2020", "occupation_Sales: 0.1287", "marital-status_Married-civ-spouse: 0.0943", "education_Bachelors: 0.0616", "relationship_Husband: 0.0598", "capital-gain: -0.0333", "education_HS-grad: 0.0161", "marital-status_Never-married: 0.0123", "relationship_Not-in-family: 0.0061", "relationship_Own-child: 0.0043"], "raw_top": {"education-num": 0.20202535674948432, "occupation_Sales": 0.12865375395190862, "marital-status_Married-civ-spouse": 0.09427096924603307, "education_Bachelors": 0.061599337772753344, "relationship_Husband": 0.05984132744680543, "capital-gain": -0.033313144760601036, "education_HS-grad": 0.01610708783261479, "marital-status_Never-married": 0.012259112988611163, "relationship_Not-in-family": 0.006137712568570398, "relationship_Own-child": 0.004307038698747934}}}