{"instance_id": 2590, "quadrant": "TP", "true_label": 1, "prediction": 1, "prediction_correct": true, "metrics": {"cost": 38284.65758499806, "sparsity": 0.09259259259259259, "fidelity": 0.9873685111213907, "faithfulness_gap": 0.6306309378987589, "stability": 0.973638586994644}, "explanation": {"top_features": ["education-num: 0.2801", "occupation_Prof-specialty: 0.1637", "marital-status_Married-civ-spouse: 0.0797", "relationship_Husband: 0.0610", "native-country_United-States: -0.0511", "age: 0.0332", "capital-gain: -0.0262", "race_Asian-Pac-Islander: 0.0225", "marital-status_Never-married: 0.0172", "education_HS-grad: 0.0069"], "raw_top": {"education-num": 0.28005428008559435, "occupation_Prof-specialty": 0.16367798026342023, "marital-status_Married-civ-spouse": 0.07966238208152077, "relationship_Husband": 0.06096116446946607, "native-country_United-States": -0.05112990150776468, "age": 0.03315421499918135, "capital-gain": -0.026212523488194885, "race_Asian-Pac-Islander": 0.022500687455490633, "marital-status_Never-married": 0.01723031891340003, "education_HS-grad": 0.0068753073659241215}}}