{"instance_id": 2764, "quadrant": "TN", "true_label": 0, "prediction": 0, "prediction_correct": true, "metrics": {"cost": 46035.182332998374, "sparsity": 0.09259259259259259, "fidelity": 0.6104237400274806, "faithfulness_gap": 0.03303086735962428, "stability": 0.9065416274405247}, "explanation": {"top_features": ["age: -0.0381", "marital-status_Married-civ-spouse: -0.0361", "occupation_Sales: 0.0247", "education-num: -0.0232", "relationship_Husband: -0.0216", "capital-gain: -0.0177", "marital-status_Never-married: -0.0134", "capital-loss: -0.0096", "education_Bachelors: -0.0052", "sex_Female: -0.0023"], "raw_top": {"age": -0.0380879197212468, "marital-status_Married-civ-spouse": -0.036121447224186885, "occupation_Sales": 0.024746289461720555, "education-num": -0.023151770377052922, "relationship_Husband": -0.021557690325394393, "capital-gain": -0.01766934055948932, "marital-status_Never-married": -0.013409229633982648, "capital-loss": -0.009600417634726181, "education_Bachelors": -0.005248372940751789, "sex_Female": -0.002318060258241217}}}