{"instance_id": 2877, "quadrant": "FP", "true_label": 0, "prediction": 1, "prediction_correct": false, "metrics": {"cost": 42732.239348988514, "sparsity": 0.09259259259259259, "fidelity": 0.9773441261873911, "faithfulness_gap": 0.7379161896526167, "stability": 0.979244348728157}, "explanation": {"top_features": ["education-num: 0.2507", "occupation_Exec-managerial: 0.1523", "marital-status_Married-civ-spouse: 0.1042", "relationship_Husband: 0.0554", "age: 0.0468", "workclass_Self-emp-inc: 0.0330", "marital-status_Never-married: 0.0206", "education_HS-grad: 0.0134", "relationship_Own-child: 0.0076", "sex_Female: 0.0034"], "raw_top": {"education-num": 0.25071842022176094, "occupation_Exec-managerial": 0.15229866332672204, "marital-status_Married-civ-spouse": 0.10424108841887078, "relationship_Husband": 0.05542923253337844, "age": 0.04678101057844295, "workclass_Self-emp-inc": 0.033002583231972304, "marital-status_Never-married": 0.02062613225385618, "education_HS-grad": 0.013417732425647767, "relationship_Own-child": 0.007562330437879021, "sex_Female": 0.003448309339947331}}}