{"instance_id": 2909, "quadrant": "FN", "true_label": 1, "prediction": 0, "prediction_correct": false, "metrics": {"cost": 35755.22556796204, "sparsity": 0.09259259259259259, "fidelity": 0.9438771923339222, "faithfulness_gap": 0.017430068214423278, "stability": 0.9038158039769357}, "explanation": {"top_features": ["education-num: -0.0638", "fnlwgt: -0.0474", "occupation_Protective-serv: 0.0389", "marital-status_Married-civ-spouse: 0.0351", "capital-gain: -0.0296", "workclass_Local-gov: 0.0269", "relationship_Husband: 0.0215", "capital-loss: -0.0186", "education_Bachelors: -0.0120", "hours-per-week: -0.0050"], "raw_top": {"education-num": -0.06377053105049099, "fnlwgt": -0.04739377849901718, "occupation_Protective-serv": 0.0388814831501911, "marital-status_Married-civ-spouse": 0.03513262075731098, "capital-gain": -0.02959632819409163, "workclass_Local-gov": 0.026902283363250783, "relationship_Husband": 0.02146767532771738, "capital-loss": -0.018621256990725185, "education_Bachelors": -0.012000071506703637, "hours-per-week": -0.005043247806207643}}}