{"instance_id": 2914, "quadrant": "FP", "true_label": 0, "prediction": 1, "prediction_correct": false, "metrics": {"cost": 34033.210387977306, "sparsity": 0.09259259259259259, "fidelity": 0.9837977338729722, "faithfulness_gap": 0.5434858752274393, "stability": 0.9248836467577874}, "explanation": {"top_features": ["occupation_Exec-managerial: 0.2054", "capital-gain: 0.1723", "marital-status_Married-civ-spouse: 0.0931", "age: -0.0648", "relationship_Husband: 0.0452", "education_HS-grad: 0.0240", "education-num: 0.0147", "marital-status_Never-married: 0.0126", "fnlwgt: 0.0085", "relationship_Not-in-family: 0.0045"], "raw_top": {"occupation_Exec-managerial": 0.20538997841131384, "capital-gain": 0.17234990920203425, "marital-status_Married-civ-spouse": 0.09313615729487941, "age": -0.06477832096148527, "relationship_Husband": 0.04515507645285245, "education_HS-grad": 0.024037405035140874, "education-num": 0.014745145604782895, "marital-status_Never-married": 0.01262560253485266, "fnlwgt": 0.00850308764579735, "relationship_Not-in-family": 0.004469129170781239}}}