{"instance_id": 304, "quadrant": "TN", "true_label": 0, "prediction": 0, "prediction_correct": true, "metrics": {"cost": 38501.06706802035, "sparsity": 0.09259259259259259, "fidelity": 0.9443323471118786, "faithfulness_gap": 0.03443566049501892, "stability": 0.9563998915369336}, "explanation": {"top_features": ["marital-status_Married-civ-spouse: -0.1105", "occupation_Exec-managerial: 0.1091", "education-num: 0.0915", "relationship_Husband: -0.0588", "marital-status_Divorced: -0.0330", "relationship_Not-in-family: -0.0324", "hours-per-week: 0.0304", "capital-gain: -0.0257", "capital-loss: -0.0080", "sex_Male: -0.0052"], "raw_top": {"marital-status_Married-civ-spouse": -0.11054494089744049, "occupation_Exec-managerial": 0.1090962529873047, "education-num": 0.09146470877360234, "relationship_Husband": -0.05875809671195426, "marital-status_Divorced": -0.03299058472937826, "relationship_Not-in-family": -0.032427588264362414, "hours-per-week": 0.030411289373430576, "capital-gain": -0.025732303896043262, "capital-loss": -0.007983667610940699, "sex_Male": -0.005190691227811649}}}