{"instance_id": 3081, "quadrant": "FP", "true_label": 0, "prediction": 1, "prediction_correct": false, "metrics": {"cost": 38414.72416301258, "sparsity": 0.09259259259259259, "fidelity": 0.8402926326120105, "faithfulness_gap": 0.7146967533748758, "stability": 0.9817692699765299}, "explanation": {"top_features": ["capital-loss: 0.2217", "education-num: 0.1606", "marital-status_Married-civ-spouse: 0.1142", "relationship_Husband: 0.0576", "occupation_Sales: 0.0558", "age: 0.0357", "hours-per-week: 0.0201", "marital-status_Never-married: 0.0178", "education_Bachelors: 0.0142", "relationship_Own-child: 0.0083"], "raw_top": {"capital-loss": 0.22168476155065017, "education-num": 0.16057211752823336, "marital-status_Married-civ-spouse": 0.11421151565679764, "relationship_Husband": 0.05757247697520576, "occupation_Sales": 0.055815968316591094, "age": 0.035680784646606206, "hours-per-week": 0.020136678396432704, "marital-status_Never-married": 0.01782491752785135, "education_Bachelors": 0.014150843382972414, "relationship_Own-child": 0.008298910416007943}}}