{"instance_id": 3133, "quadrant": "FN", "true_label": 1, "prediction": 0, "prediction_correct": false, "metrics": {"cost": 44546.1405570386, "sparsity": 0.09259259259259259, "fidelity": 0.7612147769426465, "faithfulness_gap": 0.02175163202614304, "stability": 0.7740723423036556}, "explanation": {"top_features": ["education-num: -0.0426", "capital-gain: -0.0282", "marital-status_Married-civ-spouse: 0.0246", "capital-loss: -0.0177", "age: -0.0134", "workclass_Private: -0.0106", "education_Bachelors: -0.0060", "workclass_Self-emp-not-inc: -0.0045", "fnlwgt: -0.0030", "hours-per-week: -0.0025"], "raw_top": {"education-num": -0.042602310629524666, "capital-gain": -0.02822058260744203, "marital-status_Married-civ-spouse": 0.024617871434941797, "capital-loss": -0.017667550797865774, "age": -0.013377518976301352, "workclass_Private": -0.01056993914457688, "education_Bachelors": -0.005960360750598796, "workclass_Self-emp-not-inc": -0.004526319409080057, "fnlwgt": -0.0029542497351792833, "hours-per-week": -0.0024722670273420733}}}