{"instance_id": 3190, "quadrant": "TN", "true_label": 0, "prediction": 0, "prediction_correct": true, "metrics": {"cost": 42367.92631400749, "sparsity": 0.09259259259259259, "fidelity": 0.8650640291161165, "faithfulness_gap": 0.05798502300684241, "stability": 0.9616843711601788}, "explanation": {"top_features": ["hours-per-week: -0.0935", "education-num: -0.0758", "occupation_Exec-managerial: 0.0684", "marital-status_Married-civ-spouse: 0.0319", "workclass_Private: -0.0310", "age: 0.0277", "workclass_Self-emp-not-inc: -0.0268", "capital-gain: -0.0214", "education_11th: 0.0185", "capital-loss: -0.0132"], "raw_top": {"hours-per-week": -0.09347199935099798, "education-num": -0.07575142710529355, "occupation_Exec-managerial": 0.06843247675242829, "marital-status_Married-civ-spouse": 0.031947296640212085, "workclass_Private": -0.030972009496339686, "age": 0.027695836995346636, "workclass_Self-emp-not-inc": -0.02676009943812814, "capital-gain": -0.021424777430867695, "education_11th": 0.01850700690763562, "capital-loss": -0.013160436889984695}}}