{"instance_id": 3197, "quadrant": "TN", "true_label": 0, "prediction": 0, "prediction_correct": true, "metrics": {"cost": 52065.741261001676, "sparsity": 0.09259259259259259, "fidelity": 0.828497444386894, "faithfulness_gap": 0.09525609921325767, "stability": 0.7942486291858446}, "explanation": {"top_features": ["education-num: -0.0563", "capital-gain: -0.0344", "marital-status_Married-civ-spouse: 0.0272", "capital-loss: -0.0227", "occupation_Craft-repair: -0.0191", "relationship_Husband: 0.0184", "fnlwgt: -0.0179", "hours-per-week: 0.0114", "age: 0.0111", "education_Bachelors: -0.0088"], "raw_top": {"education-num": -0.05628391935045007, "capital-gain": -0.03439483871171817, "marital-status_Married-civ-spouse": 0.027212650755867485, "capital-loss": -0.022707590144510754, "occupation_Craft-repair": -0.019079459754598422, "relationship_Husband": 0.018369593685969843, "fnlwgt": -0.017879597670964555, "hours-per-week": 0.011357956292897787, "age": 0.011086143356807424, "education_Bachelors": -0.008824974411444397}}}