{"instance_id": 3222, "quadrant": "FN", "true_label": 1, "prediction": 0, "prediction_correct": false, "metrics": {"cost": 49284.94616597891, "sparsity": 0.09259259259259259, "fidelity": 0.868950858107234, "faithfulness_gap": 0.08926187661377966, "stability": 0.8346317053450576}, "explanation": {"top_features": ["education-num: -0.0572", "capital-gain: -0.0332", "marital-status_Married-civ-spouse: 0.0319", "occupation_Craft-repair: -0.0222", "capital-loss: -0.0201", "relationship_Husband: 0.0201", "hours-per-week: 0.0169", "education_HS-grad: -0.0076", "fnlwgt: -0.0058", "age: -0.0049"], "raw_top": {"education-num": -0.0571795618732078, "capital-gain": -0.03320812631310804, "marital-status_Married-civ-spouse": 0.03190652416804896, "occupation_Craft-repair": -0.022185019105984128, "capital-loss": -0.020137766701136126, "relationship_Husband": 0.02011820915807951, "hours-per-week": 0.016883463327924505, "education_HS-grad": -0.007555051138176763, "fnlwgt": -0.00583266754637722, "age": -0.004949997487258481}}}