{"instance_id": 3281, "quadrant": "FN", "true_label": 1, "prediction": 0, "prediction_correct": false, "metrics": {"cost": 36905.60032700887, "sparsity": 0.09259259259259259, "fidelity": 0.9745695230811932, "faithfulness_gap": 0.08062381949482678, "stability": 0.9451618231947584}, "explanation": {"top_features": ["education-num: -0.1128", "marital-status_Married-civ-spouse: 0.0257", "capital-gain: -0.0230", "workclass_Self-emp-inc: 0.0225", "occupation_Machine-op-inspct: -0.0207", "relationship_Husband: 0.0200", "capital-loss: -0.0103", "age: 0.0090", "education_7th-8th: 0.0080", "fnlwgt: -0.0070"], "raw_top": {"education-num": -0.11277024013397623, "marital-status_Married-civ-spouse": 0.02569758026930365, "capital-gain": -0.022958204752626818, "workclass_Self-emp-inc": 0.022513961481535248, "occupation_Machine-op-inspct": -0.020742548817735327, "relationship_Husband": 0.01999424501607159, "capital-loss": -0.010256702055062121, "age": 0.009008373637563448, "education_7th-8th": 0.007983171704055386, "fnlwgt": -0.007024293613449681}}}