{"instance_id": 3333, "quadrant": "TN", "true_label": 0, "prediction": 0, "prediction_correct": true, "metrics": {"cost": 48832.30066701071, "sparsity": 0.09259259259259259, "fidelity": 0.9513825387094496, "faithfulness_gap": 0.0849544499959131, "stability": 0.9699366886759954}, "explanation": {"top_features": ["hours-per-week: -0.1615", "capital-gain: 0.0569", "education-num: -0.0364", "marital-status_Married-civ-spouse: 0.0242", "workclass_Self-emp-inc: 0.0219", "capital-loss: -0.0198", "workclass_Private: -0.0135", "age: 0.0096", "occupation_Craft-repair: -0.0068", "relationship_Husband: 0.0062"], "raw_top": {"hours-per-week": -0.1614689308677815, "capital-gain": 0.05690661291701443, "education-num": -0.03641401013063963, "marital-status_Married-civ-spouse": 0.024235947202313646, "workclass_Self-emp-inc": 0.02194558371923264, "capital-loss": -0.019774473307216253, "workclass_Private": -0.013450103109544758, "age": 0.009554673201793814, "occupation_Craft-repair": -0.006792439531966916, "relationship_Husband": 0.006171288905181829}}}