{"instance_id": 3392, "quadrant": "TP", "true_label": 1, "prediction": 1, "prediction_correct": true, "metrics": {"cost": 40776.42993100744, "sparsity": 0.09259259259259259, "fidelity": 0.9962110085787836, "faithfulness_gap": 0.7558026673936085, "stability": 0.9960233568053746}, "explanation": {"top_features": ["capital-gain: 0.5122", "marital-status_Married-civ-spouse: 0.0672", "hours-per-week: 0.0311", "relationship_Husband: 0.0275", "workclass_Self-emp-inc: 0.0123", "marital-status_Never-married: 0.0071", "education-num: 0.0057", "education_HS-grad: 0.0035", "sex_Female: 0.0030", "relationship_Own-child: 0.0029"], "raw_top": {"capital-gain": 0.5121943707850041, "marital-status_Married-civ-spouse": 0.06719714812152507, "hours-per-week": 0.03108493565304262, "relationship_Husband": 0.02753430840952605, "workclass_Self-emp-inc": 0.012321558590677788, "marital-status_Never-married": 0.00710828101255855, "education-num": 0.005690161602393203, "education_HS-grad": 0.003543599343808103, "sex_Female": 0.002974812185386644, "relationship_Own-child": 0.0029152061526757844}}}