{"instance_id": 3699, "quadrant": "FN", "true_label": 1, "prediction": 0, "prediction_correct": false, "metrics": {"cost": 44384.04759997502, "sparsity": 0.09259259259259259, "fidelity": 0.824254115039802, "faithfulness_gap": 0.017925512984521025, "stability": 0.6274699447335287}, "explanation": {"top_features": ["marital-status_Married-civ-spouse: 0.0362", "capital-gain: -0.0334", "age: -0.0242", "capital-loss: -0.0213", "education-num: -0.0165", "education_Bachelors: -0.0089", "occupation_Craft-repair: -0.0052", "hours-per-week: -0.0039", "fnlwgt: -0.0031", "education_Some-college: -0.0024"], "raw_top": {"marital-status_Married-civ-spouse": 0.036169870146877586, "capital-gain": -0.033383528658332474, "age": -0.024203030768463935, "capital-loss": -0.02128537037470975, "education-num": -0.016481299818189177, "education_Bachelors": -0.008891584317673857, "occupation_Craft-repair": -0.005207770241881143, "hours-per-week": -0.0039270160977806475, "fnlwgt": -0.003086578165203399, "education_Some-college": -0.002427863509392489}}}