{"instance_id": 3718, "quadrant": "FP", "true_label": 0, "prediction": 1, "prediction_correct": false, "metrics": {"cost": 47789.67503702734, "sparsity": 0.09259259259259259, "fidelity": 0.982908594058798, "faithfulness_gap": 0.6042207974105783, "stability": 0.9459832470536393}, "explanation": {"top_features": ["education-num: 0.2118", "relationship_Wife: 0.1500", "marital-status_Married-civ-spouse: 0.0926", "occupation_Sales: 0.0839", "relationship_Husband: -0.0447", "workclass_Self-emp-not-inc: -0.0417", "education_Bachelors: 0.0342", "capital-gain: -0.0303", "education_HS-grad: 0.0163", "age: 0.0120"], "raw_top": {"education-num": 0.21180672512366827, "relationship_Wife": 0.15002807259879467, "marital-status_Married-civ-spouse": 0.09255345578688204, "occupation_Sales": 0.083916475881645, "relationship_Husband": -0.04472386698172509, "workclass_Self-emp-not-inc": -0.04165387423332522, "education_Bachelors": 0.03415158426865329, "capital-gain": -0.030330858943448308, "education_HS-grad": 0.016330601002767474, "age": 0.011983642946882866}}}