{"instance_id": 3835, "quadrant": "TP", "true_label": 1, "prediction": 1, "prediction_correct": true, "metrics": {"cost": 44520.30937001109, "sparsity": 0.09259259259259259, "fidelity": 0.9826615285080647, "faithfulness_gap": 0.7144011727910192, "stability": 0.9600486872291228}, "explanation": {"top_features": ["education-num: 0.1966", "relationship_Wife: 0.1819", "occupation_Exec-managerial: 0.1650", "marital-status_Married-civ-spouse: 0.1073", "relationship_Husband: -0.0385", "age: -0.0345", "workclass_Private: -0.0305", "education_Bachelors: 0.0261", "education_HS-grad: 0.0207", "workclass_State-gov: 0.0180"], "raw_top": {"education-num": 0.1965966201834686, "relationship_Wife": 0.18186512026827112, "occupation_Exec-managerial": 0.16498599050219495, "marital-status_Married-civ-spouse": 0.10731900874488172, "relationship_Husband": -0.03852568683240419, "age": -0.03453506400310064, "workclass_Private": -0.03049348790826456, "education_Bachelors": 0.02608059565097132, "education_HS-grad": 0.02069133943690758, "workclass_State-gov": 0.018035300019555316}}}