{"instance_id": 4002, "quadrant": "TN", "true_label": 0, "prediction": 0, "prediction_correct": true, "metrics": {"cost": 39527.517580019776, "sparsity": 0.09259259259259259, "fidelity": 0.6808312192843571, "faithfulness_gap": 0.08500255844126552, "stability": 0.9023092314134064}, "explanation": {"top_features": ["marital-status_Married-civ-spouse: -0.0380", "occupation_Other-service: -0.0354", "relationship_Husband: -0.0233", "capital-gain: -0.0194", "marital-status_Separated: -0.0133", "capital-loss: -0.0125", "age: -0.0075", "education_HS-grad: -0.0062", "education-num: -0.0056", "fnlwgt: -0.0036"], "raw_top": {"marital-status_Married-civ-spouse": -0.0379814677093695, "occupation_Other-service": -0.03536914707524472, "relationship_Husband": -0.02329063434790737, "capital-gain": -0.019368954114828914, "marital-status_Separated": -0.013270020884657627, "capital-loss": -0.012542793774054388, "age": -0.007523268940016987, "education_HS-grad": -0.00616440839264991, "education-num": -0.005595106224113854, "fnlwgt": -0.003595431010798761}}}