{"instance_id": 4106, "quadrant": "TN", "true_label": 0, "prediction": 0, "prediction_correct": true, "metrics": {"cost": 38956.37887599878, "sparsity": 0.09259259259259259, "fidelity": 0.9059020954782049, "faithfulness_gap": 0.0283469988250645, "stability": 0.9614763564255524}, "explanation": {"top_features": ["occupation_Prof-specialty: 0.0792", "marital-status_Married-civ-spouse: -0.0791", "education-num: 0.0570", "age: -0.0511", "relationship_Husband: -0.0464", "marital-status_Never-married: -0.0351", "relationship_Own-child: -0.0348", "capital-gain: -0.0213", "education_Bachelors: 0.0133", "capital-loss: -0.0077"], "raw_top": {"occupation_Prof-specialty": 0.07916724766834365, "marital-status_Married-civ-spouse": -0.07907373192882487, "education-num": 0.056986259026026484, "age": -0.05109013911899226, "relationship_Husband": -0.04642098761742158, "marital-status_Never-married": -0.03505582492718585, "relationship_Own-child": -0.03484245028179777, "capital-gain": -0.021316963630908365, "education_Bachelors": 0.013315700167618821, "capital-loss": -0.007690253300940771}}}