{"instance_id": 4187, "quadrant": "FN", "true_label": 1, "prediction": 0, "prediction_correct": false, "metrics": {"cost": 38412.399405031465, "sparsity": 0.09259259259259259, "fidelity": 0.9161831180750066, "faithfulness_gap": 0.1385204393618404, "stability": 0.9033132987081348}, "explanation": {"top_features": ["occupation_Exec-managerial: 0.1421", "education-num: -0.0633", "marital-status_Married-civ-spouse: 0.0512", "fnlwgt: -0.0405", "hours-per-week: 0.0380", "relationship_Husband: 0.0378", "capital-gain: -0.0345", "education_HS-grad: -0.0237", "age: -0.0218", "capital-loss: -0.0191"], "raw_top": {"occupation_Exec-managerial": 0.14205276103111458, "education-num": -0.06325462269022428, "marital-status_Married-civ-spouse": 0.051154254716293604, "fnlwgt": -0.040499774803800806, "hours-per-week": 0.03795339420688463, "relationship_Husband": 0.037761710893766655, "capital-gain": -0.034466579079464786, "education_HS-grad": -0.023686971857947464, "age": -0.02177996469320659, "capital-loss": -0.019124849500237295}}}