{"instance_id": 4201, "quadrant": "TP", "true_label": 1, "prediction": 1, "prediction_correct": true, "metrics": {"cost": 36117.74521600455, "sparsity": 0.09259259259259259, "fidelity": 0.9623601955718598, "faithfulness_gap": 0.6855990546229263, "stability": 0.972455973256193}, "explanation": {"top_features": ["education-num: 0.2050", "occupation_Exec-managerial: 0.1683", "marital-status_Married-civ-spouse: 0.1099", "relationship_Husband: 0.0447", "age: 0.0234", "education_HS-grad: 0.0179", "marital-status_Never-married: 0.0147", "fnlwgt: 0.0115", "workclass_State-gov: 0.0111", "relationship_Not-in-family: 0.0028"], "raw_top": {"education-num": 0.20501896526179633, "occupation_Exec-managerial": 0.1683146367086284, "marital-status_Married-civ-spouse": 0.10994933514595723, "relationship_Husband": 0.04471680275255918, "age": 0.02339433739364118, "education_HS-grad": 0.017937503168575696, "marital-status_Never-married": 0.014748411298043525, "fnlwgt": 0.011537485034949673, "workclass_State-gov": 0.011099641795052788, "relationship_Not-in-family": 0.0028032005916982516}}}