{"instance_id": 4224, "quadrant": "TN", "true_label": 0, "prediction": 0, "prediction_correct": true, "metrics": {"cost": 39480.00218399102, "sparsity": 0.09259259259259259, "fidelity": 0.6335513752949515, "faithfulness_gap": 0.01309130719507294, "stability": 0.9213169841777055}, "explanation": {"top_features": ["age: -0.0437", "marital-status_Married-civ-spouse: -0.0242", "hours-per-week: -0.0196", "education_Some-college: 0.0167", "capital-gain: -0.0146", "capital-loss: -0.0108", "relationship_Husband: -0.0104", "occupation_Other-service: -0.0096", "education-num: -0.0067", "education_HS-grad: -0.0045"], "raw_top": {"age": -0.04374082649548253, "marital-status_Married-civ-spouse": -0.024248271476423763, "hours-per-week": -0.019551827189479468, "education_Some-college": 0.016693299287424912, "capital-gain": -0.014576192380549498, "capital-loss": -0.01079138218252344, "relationship_Husband": -0.010375751464476774, "occupation_Other-service": -0.009608759818602281, "education-num": -0.006662398968947, "education_HS-grad": -0.004503235914832472}}}