{"instance_id": 4265, "quadrant": "FP", "true_label": 0, "prediction": 1, "prediction_correct": false, "metrics": {"cost": 39228.87842101045, "sparsity": 0.09259259259259259, "fidelity": 0.9740571830269377, "faithfulness_gap": 0.6365470375339698, "stability": 0.9938681543033794}, "explanation": {"top_features": ["capital-loss: 0.4839", "marital-status_Married-civ-spouse: 0.0771", "occupation_nan: -0.0585", "workclass_nan: -0.0579", "relationship_Husband: 0.0317", "workclass_Private: -0.0299", "education_Some-college: 0.0240", "education-num: 0.0174", "sex_Male: 0.0090", "marital-status_Never-married: 0.0081"], "raw_top": {"capital-loss": 0.483888738057521, "marital-status_Married-civ-spouse": 0.07705492777323197, "occupation_nan": -0.05848904242624297, "workclass_nan": -0.05793665770244156, "relationship_Husband": 0.031725463583754575, "workclass_Private": -0.029931343528568737, "education_Some-college": 0.023975497948467567, "education-num": 0.017383026568205704, "sex_Male": 0.00902379019335181, "marital-status_Never-married": 0.00813215113989811}}}