{"instance_id": 429, "quadrant": "FP", "true_label": 0, "prediction": 1, "prediction_correct": false, "metrics": {"cost": 36327.68440799555, "sparsity": 0.09259259259259259, "fidelity": 0.9778298551369541, "faithfulness_gap": 0.5342994741245032, "stability": 0.926187931300258}, "explanation": {"top_features": ["education-num: 0.1975", "occupation_Sales: 0.1188", "marital-status_Married-civ-spouse: 0.0801", "workclass_Self-emp-not-inc: -0.0757", "relationship_Husband: 0.0529", "education_Bachelors: 0.0391", "hours-per-week: 0.0208", "marital-status_Never-married: 0.0120", "education_HS-grad: 0.0106", "age: 0.0104"], "raw_top": {"education-num": 0.19749265394984852, "occupation_Sales": 0.11880388649165541, "marital-status_Married-civ-spouse": 0.08014173172103256, "workclass_Self-emp-not-inc": -0.07569816230094781, "relationship_Husband": 0.052859244828751956, "education_Bachelors": 0.03914446701743262, "hours-per-week": 0.02083152909211562, "marital-status_Never-married": 0.01196928010728774, "education_HS-grad": 0.010578590339160532, "age": 0.010440027208367408}}}