{"instance_id": 4333, "quadrant": "FN", "true_label": 1, "prediction": 0, "prediction_correct": false, "metrics": {"cost": 57667.60724806227, "sparsity": 0.09259259259259259, "fidelity": 0.8221987196854155, "faithfulness_gap": 0.01748679553607034, "stability": 0.7221773282313543}, "explanation": {"top_features": ["education-num: -0.0493", "capital-gain: -0.0326", "marital-status_Married-civ-spouse: 0.0276", "capital-loss: -0.0217", "relationship_Husband: 0.0158", "occupation_Craft-repair: -0.0139", "education_HS-grad: -0.0075", "education_Bachelors: -0.0063", "fnlwgt: -0.0052", "hours-per-week: -0.0029"], "raw_top": {"education-num": -0.0493381304003679, "capital-gain": -0.0325963544516816, "marital-status_Married-civ-spouse": 0.027595738848926903, "capital-loss": -0.021669056938134614, "relationship_Husband": 0.015844006403319802, "occupation_Craft-repair": -0.013879768475613456, "education_HS-grad": -0.007543848697706326, "education_Bachelors": -0.0062905831570180095, "fnlwgt": -0.00519942860478737, "hours-per-week": -0.0028948768746149406}}}