{"instance_id": 4336, "quadrant": "FP", "true_label": 0, "prediction": 1, "prediction_correct": false, "metrics": {"cost": 42362.77187097585, "sparsity": 0.09259259259259259, "fidelity": 0.6121202005036264, "faithfulness_gap": 0.409608052272765, "stability": 0.969431394293809}, "explanation": {"top_features": ["education-num: 0.1422", "capital-loss: 0.1326", "marital-status_Married-civ-spouse: 0.0810", "occupation_Exec-managerial: 0.0604", "relationship_Husband: 0.0469", "fnlwgt: 0.0284", "marital-status_Never-married: 0.0153", "relationship_Own-child: 0.0083", "education_Bachelors: 0.0054", "relationship_Not-in-family: 0.0038"], "raw_top": {"education-num": 0.14217553739612834, "capital-loss": 0.13255335308766272, "marital-status_Married-civ-spouse": 0.08098004656734512, "occupation_Exec-managerial": 0.060447718518843584, "relationship_Husband": 0.04687627705727118, "fnlwgt": 0.02837118996010403, "marital-status_Never-married": 0.015287068897508395, "relationship_Own-child": 0.008261775043913493, "education_Bachelors": 0.0054294897158511735, "relationship_Not-in-family": 0.0037933879752900523}}}