{"instance_id": 437, "quadrant": "TP", "true_label": 1, "prediction": 1, "prediction_correct": true, "metrics": {"cost": 41867.609398999775, "sparsity": 0.09259259259259259, "fidelity": 0.9930583400478058, "faithfulness_gap": 0.804136657890102, "stability": 0.9906502658835158}, "explanation": {"top_features": ["capital-gain: 0.3422", "education-num: 0.1386", "marital-status_Married-civ-spouse: 0.0828", "occupation_Sales: 0.0642", "relationship_Husband: 0.0489", "age: 0.0400", "education_Bachelors: 0.0152", "workclass_Self-emp-inc: 0.0150", "marital-status_Never-married: 0.0087", "relationship_Own-child: 0.0078"], "raw_top": {"capital-gain": 0.34222681179772285, "education-num": 0.13860597618882164, "marital-status_Married-civ-spouse": 0.08282030601375273, "occupation_Sales": 0.06423352310187506, "relationship_Husband": 0.04890719447577524, "age": 0.040017775614695064, "education_Bachelors": 0.015165298168230142, "workclass_Self-emp-inc": 0.015033245770659186, "marital-status_Never-married": 0.00867399288444634, "relationship_Own-child": 0.00782752663192543}}}