{"instance_id": 4531, "quadrant": "FP", "true_label": 0, "prediction": 1, "prediction_correct": false, "metrics": {"cost": 58862.2072970029, "sparsity": 0.09259259259259259, "fidelity": 0.9365198008065204, "faithfulness_gap": 0.36654361625509524, "stability": 0.942198555267432}, "explanation": {"top_features": ["education-num: 0.1624", "occupation_Exec-managerial: 0.1262", "workclass_Self-emp-not-inc: -0.1037", "marital-status_Married-civ-spouse: 0.0879", "relationship_Husband: 0.0620", "hours-per-week: 0.0469", "workclass_Private: -0.0426", "native-country_United-States: -0.0423", "native-country_South: -0.0377", "education_Bachelors: 0.0220"], "raw_top": {"education-num": 0.162382731412717, "occupation_Exec-managerial": 0.12623093396154395, "workclass_Self-emp-not-inc": -0.10368454661960083, "marital-status_Married-civ-spouse": 0.08785606784751905, "relationship_Husband": 0.06198295108075931, "hours-per-week": 0.04686756849178924, "workclass_Private": -0.04262272994167571, "native-country_United-States": -0.0423169097759521, "native-country_South": -0.037684738390127426, "education_Bachelors": 0.0219550115972732}}}