{"instance_id": 4552, "quadrant": "FN", "true_label": 1, "prediction": 0, "prediction_correct": false, "metrics": {"cost": 37572.18848308548, "sparsity": 0.09259259259259259, "fidelity": 0.9362627124353102, "faithfulness_gap": 0.1632541416441143, "stability": 0.9389294580048146}, "explanation": {"top_features": ["occupation_Exec-managerial: 0.1321", "education-num: -0.0616", "workclass_Self-emp-inc: 0.0533", "marital-status_Married-civ-spouse: 0.0530", "age: -0.0481", "hours-per-week: 0.0459", "relationship_Husband: 0.0344", "capital-gain: -0.0338", "education_HS-grad: -0.0216", "capital-loss: -0.0209"], "raw_top": {"occupation_Exec-managerial": 0.1321159847617558, "education-num": -0.061598999084430554, "workclass_Self-emp-inc": 0.05329707553002674, "marital-status_Married-civ-spouse": 0.052955866143026574, "age": -0.048127482917113135, "hours-per-week": 0.04588443592399712, "relationship_Husband": 0.03438840703382221, "capital-gain": -0.03383537206644007, "education_HS-grad": -0.021614999624037363, "capital-loss": -0.02087292498386431}}}