{"instance_id": 4563, "quadrant": "FN", "true_label": 1, "prediction": 0, "prediction_correct": false, "metrics": {"cost": 60631.62594102323, "sparsity": 0.09259259259259259, "fidelity": 0.9139126733866222, "faithfulness_gap": 0.0016121033653632433, "stability": 0.7623865484411728}, "explanation": {"top_features": ["occupation_Transport-moving: -0.0739", "marital-status_Married-civ-spouse: 0.0434", "capital-gain: -0.0379", "capital-loss: -0.0263", "age: 0.0250", "relationship_Husband: 0.0206", "education-num: -0.0124", "hours-per-week: 0.0117", "education_Some-college: 0.0066", "education_HS-grad: 0.0059"], "raw_top": {"occupation_Transport-moving": -0.07393193235999455, "marital-status_Married-civ-spouse": 0.04342400151869301, "capital-gain": -0.03792528700908038, "capital-loss": -0.02634924312716994, "age": 0.025016018322349343, "relationship_Husband": 0.02057255609359423, "education-num": -0.01238268277395825, "hours-per-week": 0.011704055100155427, "education_Some-college": 0.0065849812868224444, "education_HS-grad": 0.005924050472884995}}}