{"instance_id": 4629, "quadrant": "TN", "true_label": 0, "prediction": 0, "prediction_correct": true, "metrics": {"cost": 36447.783009993145, "sparsity": 0.09259259259259259, "fidelity": 0.6699592188793937, "faithfulness_gap": 0.001400787098827183, "stability": 0.9539617649474846}, "explanation": {"top_features": ["age: -0.0420", "hours-per-week: -0.0214", "marital-status_Married-civ-spouse: -0.0198", "education-num: -0.0138", "capital-gain: -0.0104", "relationship_Husband: -0.0093", "occupation_Other-service: -0.0090", "capital-loss: -0.0063", "education_HS-grad: -0.0041", "fnlwgt: -0.0037"], "raw_top": {"age": -0.04199365279907087, "hours-per-week": -0.021372324316389166, "marital-status_Married-civ-spouse": -0.01984156472068396, "education-num": -0.01382720381272601, "capital-gain": -0.010385460833292937, "relationship_Husband": -0.009321322270430168, "occupation_Other-service": -0.009015910698850499, "capital-loss": -0.006252874025285508, "education_HS-grad": -0.004143849096939572, "fnlwgt": -0.003687976193012643}}}