{"instance_id": 4653, "quadrant": "FN", "true_label": 1, "prediction": 0, "prediction_correct": false, "metrics": {"cost": 44959.483155980706, "sparsity": 0.09259259259259259, "fidelity": 0.9345234161279439, "faithfulness_gap": 0.08524787814198376, "stability": 0.8817661301124665}, "explanation": {"top_features": ["occupation_Prof-specialty: 0.1111", "education-num: -0.0678", "marital-status_Married-civ-spouse: 0.0512", "capital-gain: -0.0363", "age: 0.0340", "relationship_Husband: 0.0290", "education_HS-grad: -0.0249", "capital-loss: -0.0216", "education_Bachelors: -0.0106", "marital-status_Never-married: 0.0084"], "raw_top": {"occupation_Prof-specialty": 0.11111321946727082, "education-num": -0.0678260251908228, "marital-status_Married-civ-spouse": 0.05123024495309143, "capital-gain": -0.0362824114851491, "age": 0.03403453041345377, "relationship_Husband": 0.028972465782253265, "education_HS-grad": -0.024903076035914438, "capital-loss": -0.021555701334894165, "education_Bachelors": -0.010621191172884188, "marital-status_Never-married": 0.008377733004342303}}}