{"instance_id": 4809, "quadrant": "TN", "true_label": 0, "prediction": 0, "prediction_correct": true, "metrics": {"cost": 35164.91581700393, "sparsity": 0.09259259259259259, "fidelity": 0.6471899921081865, "faithfulness_gap": 0.07011725011313683, "stability": 0.9384838284124553}, "explanation": {"top_features": ["age: -0.0485", "marital-status_Married-civ-spouse: -0.0305", "relationship_Husband: -0.0155", "education-num: -0.0154", "capital-gain: -0.0138", "capital-loss: -0.0078", "marital-status_Never-married: -0.0060", "education_Bachelors: -0.0051", "native-country_United-States: -0.0040", "relationship_Own-child: -0.0013"], "raw_top": {"age": -0.04850019545022653, "marital-status_Married-civ-spouse": -0.030475826072624234, "relationship_Husband": -0.015460707626057358, "education-num": -0.015398278310554847, "capital-gain": -0.013830725624179337, "capital-loss": -0.007766011595591794, "marital-status_Never-married": -0.006040259725879487, "education_Bachelors": -0.00510925926245773, "native-country_United-States": -0.00398083119386618, "relationship_Own-child": -0.0012778100104621215}}}