{"instance_id": 4840, "quadrant": "TN", "true_label": 0, "prediction": 0, "prediction_correct": true, "metrics": {"cost": 41562.72563099628, "sparsity": 0.09259259259259259, "fidelity": 0.45826466437326385, "faithfulness_gap": 0.07742258595123834, "stability": 0.8229049051649908}, "explanation": {"top_features": ["marital-status_Married-civ-spouse: -0.0318", "relationship_Husband: -0.0245", "capital-gain: -0.0213", "education-num: -0.0176", "occupation_Transport-moving: -0.0170", "education_HS-grad: 0.0143", "hours-per-week: 0.0119", "capital-loss: -0.0119", "marital-status_Never-married: 0.0047", "marital-status_Divorced: -0.0046"], "raw_top": {"marital-status_Married-civ-spouse": -0.03183621992653465, "relationship_Husband": -0.02445400260184388, "capital-gain": -0.02127554250433252, "education-num": -0.017636117843519213, "occupation_Transport-moving": -0.017044874303031105, "education_HS-grad": 0.014316262759930285, "hours-per-week": 0.011930625756359283, "capital-loss": -0.01189167967510508, "marital-status_Never-married": 0.004720346869378597, "marital-status_Divorced": -0.004628783165363089}}}