{"instance_id": 4879, "quadrant": "TN", "true_label": 0, "prediction": 0, "prediction_correct": true, "metrics": {"cost": 60501.041651994456, "sparsity": 0.09259259259259259, "fidelity": 0.9540914247733139, "faithfulness_gap": 0.004203968213480458, "stability": 0.9260788166230393}, "explanation": {"top_features": ["occupation_Other-service: -0.0884", "workclass_Federal-gov: 0.0877", "marital-status_Married-civ-spouse: 0.0416", "education-num: -0.0373", "capital-gain: -0.0307", "relationship_Husband: 0.0284", "age: 0.0283", "capital-loss: -0.0189", "fnlwgt: -0.0156", "workclass_Private: -0.0123"], "raw_top": {"occupation_Other-service": -0.08842103474261512, "workclass_Federal-gov": 0.08773760796662393, "marital-status_Married-civ-spouse": 0.04161628603884748, "education-num": -0.037281386392238186, "capital-gain": -0.03072199728956545, "relationship_Husband": 0.02842788383534333, "age": 0.028295816619969185, "capital-loss": -0.01887234444726829, "fnlwgt": -0.015636500061761583, "workclass_Private": -0.01234201000383716}}}