{"instance_id": 4882, "quadrant": "TN", "true_label": 0, "prediction": 0, "prediction_correct": true, "metrics": {"cost": 42341.01872998872, "sparsity": 0.09259259259259259, "fidelity": 0.49473984712432895, "faithfulness_gap": 0.030356059183916373, "stability": 0.9597359782123451}, "explanation": {"top_features": ["marital-status_Married-civ-spouse: -0.0303", "occupation_Handlers-cleaners: -0.0227", "education-num: -0.0183", "age: -0.0168", "native-country_Dominican-Republic: -0.0164", "capital-gain: -0.0157", "relationship_Husband: -0.0145", "marital-status_Never-married: -0.0121", "capital-loss: -0.0095", "native-country_United-States: -0.0068"], "raw_top": {"marital-status_Married-civ-spouse": -0.030275203057377166, "occupation_Handlers-cleaners": -0.022708586642470746, "education-num": -0.018296432379922793, "age": -0.016826459639804295, "native-country_Dominican-Republic": -0.01642424192254896, "capital-gain": -0.015741057220810956, "relationship_Husband": -0.014487414390726499, "marital-status_Never-married": -0.012139229836609986, "capital-loss": -0.009510747336872225, "native-country_United-States": -0.006836025703887305}}}