{"instance_id": 4914, "quadrant": "FP", "true_label": 0, "prediction": 1, "prediction_correct": false, "metrics": {"cost": 42547.03656799393, "sparsity": 0.09259259259259259, "fidelity": 0.976109368906847, "faithfulness_gap": 0.8513104436429537, "stability": 0.9921155577809915}, "explanation": {"top_features": ["capital-loss: 0.5361", "education-num: 0.1197", "occupation_Farming-fishing: -0.0837", "marital-status_Married-civ-spouse: 0.0718", "relationship_Husband: 0.0294", "age: 0.0275", "hours-per-week: 0.0164", "marital-status_Never-married: 0.0108", "relationship_Own-child: 0.0067", "relationship_Not-in-family: 0.0042"], "raw_top": {"capital-loss": 0.5360514442194202, "education-num": 0.11968721248544621, "occupation_Farming-fishing": -0.08372413754442103, "marital-status_Married-civ-spouse": 0.07175065179240507, "relationship_Husband": 0.02942629639344054, "age": 0.027474064993118184, "hours-per-week": 0.016424059924037275, "marital-status_Never-married": 0.010778398350503999, "relationship_Own-child": 0.006714820602982627, "relationship_Not-in-family": 0.004178246696267318}}}