{"instance_id": 499, "quadrant": "FP", "true_label": 0, "prediction": 1, "prediction_correct": false, "metrics": {"cost": 60247.39011598285, "sparsity": 0.09259259259259259, "fidelity": 0.9875488656545388, "faithfulness_gap": 0.5734213854772011, "stability": 0.9727197509775649}, "explanation": {"top_features": ["education-num: 0.3100", "occupation_Prof-specialty: 0.1185", "marital-status_Married-civ-spouse: 0.0737", "age: -0.0667", "relationship_Husband: 0.0599", "hours-per-week: 0.0577", "native-country_United-States: -0.0384", "race_Asian-Pac-Islander: 0.0315", "capital-gain: -0.0221", "marital-status_Never-married: 0.0220"], "raw_top": {"education-num": 0.31002564240991903, "occupation_Prof-specialty": 0.11851265054588775, "marital-status_Married-civ-spouse": 0.07370448499379251, "age": -0.06666251597443565, "relationship_Husband": 0.059947814891647494, "hours-per-week": 0.05767423140919638, "native-country_United-States": -0.03844831721534415, "race_Asian-Pac-Islander": 0.03150634592503316, "capital-gain": -0.022145457048437733, "marital-status_Never-married": 0.02198177209990645}}}