{"instance_id": 5061, "quadrant": "FP", "true_label": 0, "prediction": 1, "prediction_correct": false, "metrics": {"cost": 40688.00640699919, "sparsity": 0.09259259259259259, "fidelity": 0.9586891099912644, "faithfulness_gap": 0.6335214161567007, "stability": 0.9530703970870179}, "explanation": {"top_features": ["occupation_Exec-managerial: 0.2336", "marital-status_Married-civ-spouse: 0.0854", "relationship_Husband: 0.0454", "workclass_Self-emp-inc: 0.0450", "hours-per-week: 0.0438", "age: 0.0397", "education_HS-grad: 0.0152", "education_Some-college: 0.0128", "education-num: 0.0042", "marital-status_Never-married: 0.0039"], "raw_top": {"occupation_Exec-managerial": 0.23360346195236856, "marital-status_Married-civ-spouse": 0.08544931245712431, "relationship_Husband": 0.045373651080947146, "workclass_Self-emp-inc": 0.044957628069564604, "hours-per-week": 0.043831693347821624, "age": 0.03972528333469413, "education_HS-grad": 0.015200772530184429, "education_Some-college": 0.01281898325779297, "education-num": 0.0042449782936119, "marital-status_Never-married": 0.003868720713740559}}}