{"instance_id": 5207, "quadrant": "TN", "true_label": 0, "prediction": 0, "prediction_correct": true, "metrics": {"cost": 45463.31868998823, "sparsity": 0.09259259259259259, "fidelity": 0.5463848981984184, "faithfulness_gap": 0.031737057638752744, "stability": 0.8589413881525884}, "explanation": {"top_features": ["marital-status_Married-civ-spouse: -0.0339", "relationship_Husband: -0.0208", "capital-gain: -0.0200", "occupation_Other-service: -0.0171", "education-num: -0.0152", "education_HS-grad: 0.0125", "age: -0.0119", "capital-loss: -0.0086", "marital-status_Divorced: -0.0061", "hours-per-week: -0.0026"], "raw_top": {"marital-status_Married-civ-spouse": -0.03386307041980234, "relationship_Husband": -0.020796521525696415, "capital-gain": -0.02001801959360522, "occupation_Other-service": -0.017071433258409156, "education-num": -0.015181000750263962, "education_HS-grad": 0.012474317510330221, "age": -0.011925986245312659, "capital-loss": -0.00864256903553492, "marital-status_Divorced": -0.0061378124889481115, "hours-per-week": -0.002633792309323226}}}