{"instance_id": 5232, "quadrant": "FP", "true_label": 0, "prediction": 1, "prediction_correct": false, "metrics": {"cost": 58893.87914800318, "sparsity": 0.09259259259259259, "fidelity": 0.9836323941777004, "faithfulness_gap": 0.687094062067887, "stability": 0.9790082247672063}, "explanation": {"top_features": ["capital-loss: 0.3385", "marital-status_Married-civ-spouse: 0.1004", "relationship_Husband: 0.0382", "workclass_Federal-gov: 0.0301", "fnlwgt: 0.0156", "age: 0.0052", "education_HS-grad: 0.0045", "marital-status_Never-married: 0.0042", "relationship_Own-child: 0.0035", "relationship_Not-in-family: 0.0016"], "raw_top": {"capital-loss": 0.3384539613374828, "marital-status_Married-civ-spouse": 0.10041683731658303, "relationship_Husband": 0.03822811024448615, "workclass_Federal-gov": 0.030105982056410123, "fnlwgt": 0.01558841075580482, "age": 0.005233058697149371, "education_HS-grad": 0.004538215651636992, "marital-status_Never-married": 0.0041555725412427665, "relationship_Own-child": 0.0034692549393115597, "relationship_Not-in-family": 0.0015946947345881757}}}