{"instance_id": 5324, "quadrant": "TP", "true_label": 1, "prediction": 1, "prediction_correct": true, "metrics": {"cost": 37619.698407001124, "sparsity": 0.09259259259259259, "fidelity": 0.9828072423435313, "faithfulness_gap": 0.677478068693373, "stability": 0.957000622311922}, "explanation": {"top_features": ["education-num: 0.2085", "occupation_Sales: 0.1099", "marital-status_Married-civ-spouse: 0.0978", "relationship_Husband: 0.0623", "age: 0.0439", "hours-per-week: 0.0374", "education_Bachelors: 0.0358", "education_HS-grad: 0.0238", "marital-status_Never-married: 0.0179", "fnlwgt: 0.0173"], "raw_top": {"education-num": 0.20847363858254525, "occupation_Sales": 0.10993336042288797, "marital-status_Married-civ-spouse": 0.09780247861372973, "relationship_Husband": 0.062318307288471764, "age": 0.04388079669320089, "hours-per-week": 0.037359873774199616, "education_Bachelors": 0.03581494797739548, "education_HS-grad": 0.023830505498148403, "marital-status_Never-married": 0.017877327100716656, "fnlwgt": 0.01729621451091823}}}