{"instance_id": 5464, "quadrant": "FP", "true_label": 0, "prediction": 1, "prediction_correct": false, "metrics": {"cost": 59263.76692898339, "sparsity": 0.09259259259259259, "fidelity": 0.9250800014976117, "faithfulness_gap": 0.5250790232419867, "stability": 0.939243211869804}, "explanation": {"top_features": ["occupation_Exec-managerial: 0.1993", "education-num: 0.1584", "marital-status_Married-civ-spouse: 0.0860", "relationship_Husband: 0.0671", "age: -0.0513", "workclass_Self-emp-inc: 0.0424", "education_Bachelors: -0.0298", "capital-gain: -0.0293", "marital-status_Never-married: 0.0173", "education_HS-grad: 0.0161"], "raw_top": {"occupation_Exec-managerial": 0.19930271125799812, "education-num": 0.15835854358587484, "marital-status_Married-civ-spouse": 0.08602463850226798, "relationship_Husband": 0.0671279676401413, "age": -0.051336618181987786, "workclass_Self-emp-inc": 0.04243629604254439, "education_Bachelors": -0.0297724920625958, "capital-gain": -0.029342249716526048, "marital-status_Never-married": 0.01725154661248513, "education_HS-grad": 0.016111607925220397}}}