{"instance_id": 5602, "quadrant": "TP", "true_label": 1, "prediction": 1, "prediction_correct": true, "metrics": {"cost": 41475.40134101291, "sparsity": 0.09259259259259259, "fidelity": 0.9853090744458893, "faithfulness_gap": 0.6735287456108873, "stability": 0.9756764266597335}, "explanation": {"top_features": ["education-num: 0.2959", "occupation_Prof-specialty: 0.1531", "marital-status_Married-civ-spouse: 0.0945", "relationship_Husband: 0.0594", "capital-gain: -0.0305", "hours-per-week: 0.0270", "education_Prof-school: 0.0260", "marital-status_Never-married: 0.0233", "relationship_Own-child: 0.0056", "education_HS-grad: 0.0053"], "raw_top": {"education-num": 0.2958896347157758, "occupation_Prof-specialty": 0.15310781992585779, "marital-status_Married-civ-spouse": 0.09452102424806864, "relationship_Husband": 0.05942043900209763, "capital-gain": -0.030512622970150893, "hours-per-week": 0.027030176332547888, "education_Prof-school": 0.025976563773495026, "marital-status_Never-married": 0.023273498531096705, "relationship_Own-child": 0.00557485530935536, "education_HS-grad": 0.00534584726657519}}}