{"instance_id": 5613, "quadrant": "FN", "true_label": 1, "prediction": 0, "prediction_correct": false, "metrics": {"cost": 42515.51864610519, "sparsity": 0.09259259259259259, "fidelity": 0.8978148829783248, "faithfulness_gap": 0.019652052090854535, "stability": 0.9610159086059957}, "explanation": {"top_features": ["marital-status_Married-civ-spouse: -0.1003", "occupation_Prof-specialty: 0.0867", "education-num: 0.0837", "relationship_Husband: -0.0444", "marital-status_Never-married: -0.0393", "relationship_Not-in-family: -0.0325", "capital-gain: -0.0245", "age: -0.0139", "capital-loss: -0.0107", "sex_Female: -0.0041"], "raw_top": {"marital-status_Married-civ-spouse": -0.10028753922262053, "occupation_Prof-specialty": 0.0866968711135448, "education-num": 0.0837112476979897, "relationship_Husband": -0.04436595305082175, "marital-status_Never-married": -0.03930094255968885, "relationship_Not-in-family": -0.03254840364238477, "capital-gain": -0.024517869376817356, "age": -0.013916730534875701, "capital-loss": -0.010709419056371532, "sex_Female": -0.0041453617299303525}}}