{"instance_id": 5638, "quadrant": "TP", "true_label": 1, "prediction": 1, "prediction_correct": true, "metrics": {"cost": 38777.9106219823, "sparsity": 0.09259259259259259, "fidelity": 0.9896944063026605, "faithfulness_gap": 0.644281831641293, "stability": 0.9663496993718931}, "explanation": {"top_features": ["occupation_Exec-managerial: 0.2072", "education-num: 0.1818", "marital-status_Married-civ-spouse: 0.1036", "relationship_Husband: 0.0667", "age: -0.0638", "hours-per-week: 0.0573", "education_Bachelors: 0.0239", "education_HS-grad: 0.0178", "marital-status_Never-married: 0.0150", "relationship_Own-child: 0.0056"], "raw_top": {"occupation_Exec-managerial": 0.20719829341415857, "education-num": 0.18178986303498834, "marital-status_Married-civ-spouse": 0.10357814069824371, "relationship_Husband": 0.06674372248046058, "age": -0.06383588311895051, "hours-per-week": 0.0572636601131838, "education_Bachelors": 0.023913261728883247, "education_HS-grad": 0.01783083030773959, "marital-status_Never-married": 0.01499941094928151, "relationship_Own-child": 0.0055544249520117495}}}