{"instance_id": 5695, "quadrant": "TN", "true_label": 0, "prediction": 0, "prediction_correct": true, "metrics": {"cost": 60086.650864977855, "sparsity": 0.09259259259259259, "fidelity": 0.6744477007277442, "faithfulness_gap": 0.04113410428139666, "stability": 0.8333041930786806}, "explanation": {"top_features": ["marital-status_Married-civ-spouse: -0.0491", "relationship_Husband: -0.0198", "capital-gain: -0.0154", "marital-status_Divorced: -0.0113", "capital-loss: -0.0100", "fnlwgt: -0.0093", "relationship_Unmarried: -0.0088", "education_Assoc-voc: -0.0086", "education_Bachelors: -0.0034", "sex_Female: -0.0027"], "raw_top": {"marital-status_Married-civ-spouse": -0.04914038052998554, "relationship_Husband": -0.019775723547945018, "capital-gain": -0.015425351736351811, "marital-status_Divorced": -0.011315431318642244, "capital-loss": -0.010014143894451337, "fnlwgt": -0.00931078190929039, "relationship_Unmarried": -0.00876231175437503, "education_Assoc-voc": -0.00862382841649976, "education_Bachelors": -0.0034074147340852276, "sex_Female": -0.0026965971851586057}}}