{"instance_id": 5718, "quadrant": "FN", "true_label": 1, "prediction": 0, "prediction_correct": false, "metrics": {"cost": 50660.20658100024, "sparsity": 0.09259259259259259, "fidelity": 0.9066502179048227, "faithfulness_gap": 0.012912407021273387, "stability": 0.7559382660388839}, "explanation": {"top_features": ["occupation_Transport-moving: -0.0702", "marital-status_Married-civ-spouse: 0.0426", "capital-gain: -0.0379", "capital-loss: -0.0266", "relationship_Husband: 0.0230", "hours-per-week: 0.0211", "age: 0.0140", "education-num: -0.0127", "marital-status_Never-married: 0.0072", "education_Some-college: 0.0071"], "raw_top": {"occupation_Transport-moving": -0.07022779324552597, "marital-status_Married-civ-spouse": 0.04259978853455437, "capital-gain": -0.037898543389203385, "capital-loss": -0.02664345562021783, "relationship_Husband": 0.02295860379247332, "hours-per-week": 0.02114805920332272, "age": 0.01404473965123646, "education-num": -0.012725474909853082, "marital-status_Never-married": 0.007242910548381298, "education_Some-college": 0.00705226606273638}}}