{"instance_id": 5725, "quadrant": "FN", "true_label": 1, "prediction": 0, "prediction_correct": false, "metrics": {"cost": 40589.25492502749, "sparsity": 0.09259259259259259, "fidelity": 0.7725758193064817, "faithfulness_gap": 0.055485897528333335, "stability": 0.9066151492530156}, "explanation": {"top_features": ["marital-status_Married-civ-spouse: -0.0468", "relationship_Husband: -0.0246", "capital-gain: -0.0212", "workclass_Private: -0.0165", "marital-status_Divorced: -0.0112", "capital-loss: -0.0106", "education-num: -0.0106", "education_HS-grad: -0.0063", "fnlwgt: -0.0052", "hours-per-week: -0.0047"], "raw_top": {"marital-status_Married-civ-spouse": -0.046800535427593104, "relationship_Husband": -0.0246111783590097, "capital-gain": -0.021170448182947388, "workclass_Private": -0.01651053419333102, "marital-status_Divorced": -0.011194609571900308, "capital-loss": -0.01058812450215992, "education-num": -0.010585353658266522, "education_HS-grad": -0.0062807227905682175, "fnlwgt": -0.005197663247197427, "hours-per-week": -0.004667289317936391}}}