{"instance_id": 5809, "quadrant": "TN", "true_label": 0, "prediction": 0, "prediction_correct": true, "metrics": {"cost": 59875.82028200268, "sparsity": 0.09259259259259259, "fidelity": 0.8881392932687945, "faithfulness_gap": 0.01471201382166179, "stability": 0.9668157623034006}, "explanation": {"top_features": ["occupation_Prof-specialty: 0.0899", "marital-status_Married-civ-spouse: -0.0829", "education-num: 0.0589", "relationship_Husband: -0.0444", "relationship_Own-child: -0.0343", "marital-status_Never-married: -0.0273", "age: -0.0258", "capital-gain: -0.0189", "capital-loss: -0.0096", "fnlwgt: -0.0082"], "raw_top": {"occupation_Prof-specialty": 0.08990978786703636, "marital-status_Married-civ-spouse": -0.08286991596539754, "education-num": 0.0589397394204277, "relationship_Husband": -0.044351027855376375, "relationship_Own-child": -0.034341322243820374, "marital-status_Never-married": -0.0272708338856176, "age": -0.025750592274850888, "capital-gain": -0.018919458122917007, "capital-loss": -0.009596906664531743, "fnlwgt": -0.008227362719333178}}}