{"instance_id": 5826, "quadrant": "TP", "true_label": 1, "prediction": 1, "prediction_correct": true, "metrics": {"cost": 34898.408817993186, "sparsity": 0.09259259259259259, "fidelity": 0.9815371048024113, "faithfulness_gap": 0.6934364318255506, "stability": 0.9733466390501576}, "explanation": {"top_features": ["education-num: 0.2533", "occupation_Prof-specialty: 0.1435", "marital-status_Married-civ-spouse: 0.0945", "relationship_Husband: 0.0514", "hours-per-week: 0.0286", "age: 0.0206", "marital-status_Never-married: 0.0088", "education_Masters: 0.0073", "education_HS-grad: 0.0057", "relationship_Own-child: 0.0020"], "raw_top": {"education-num": 0.2532730111095545, "occupation_Prof-specialty": 0.14345523035513627, "marital-status_Married-civ-spouse": 0.09453644966364534, "relationship_Husband": 0.05139385096107994, "hours-per-week": 0.02858396622462213, "age": 0.02062297522858895, "marital-status_Never-married": 0.008832124308032999, "education_Masters": 0.007272621920254824, "education_HS-grad": 0.005651181217994949, "relationship_Own-child": 0.0019762498208441004}}}