{"instance_id": 5836, "quadrant": "TP", "true_label": 1, "prediction": 1, "prediction_correct": true, "metrics": {"cost": 40020.83141500043, "sparsity": 0.09259259259259259, "fidelity": 0.9814325669415843, "faithfulness_gap": 0.7060027181121202, "stability": 0.9736647278452997}, "explanation": {"top_features": ["education-num: 0.2006", "occupation_Prof-specialty: 0.1558", "marital-status_Married-civ-spouse: 0.1045", "relationship_Husband: 0.0683", "hours-per-week: 0.0269", "age: 0.0261", "workclass_Self-emp-inc: 0.0207", "education_HS-grad: 0.0146", "marital-status_Never-married: 0.0123", "relationship_Own-child: 0.0072"], "raw_top": {"education-num": 0.2005802445248568, "occupation_Prof-specialty": 0.1557784986784075, "marital-status_Married-civ-spouse": 0.10450642453735537, "relationship_Husband": 0.06828182959070993, "hours-per-week": 0.026851481138814675, "age": 0.02612889259883296, "workclass_Self-emp-inc": 0.020731651527449022, "education_HS-grad": 0.014612485112867016, "marital-status_Never-married": 0.012331896155632984, "relationship_Own-child": 0.007224403187710671}}}