{"instance_id": 5898, "quadrant": "FN", "true_label": 1, "prediction": 0, "prediction_correct": false, "metrics": {"cost": 33896.738025941886, "sparsity": 0.09259259259259259, "fidelity": 0.8617153039007877, "faithfulness_gap": 0.03553294700666923, "stability": 0.6399721482923655}, "explanation": {"top_features": ["marital-status_Married-civ-spouse: 0.0444", "capital-gain: -0.0378", "fnlwgt: 0.0246", "capital-loss: -0.0236", "age: -0.0189", "education-num: -0.0185", "relationship_Husband: 0.0106", "education_HS-grad: 0.0096", "education_Bachelors: -0.0088", "hours-per-week: -0.0059"], "raw_top": {"marital-status_Married-civ-spouse": 0.04438338835848039, "capital-gain": -0.03780056535222578, "fnlwgt": 0.024555187844763765, "capital-loss": -0.02364718052696775, "age": -0.018884190388765827, "education-num": -0.018473961879488722, "relationship_Husband": 0.010634419524087262, "education_HS-grad": 0.00961719259956514, "education_Bachelors": -0.008814998451815548, "hours-per-week": -0.0059065381181200236}}}