{"instance_id": 5899, "quadrant": "FP", "true_label": 0, "prediction": 1, "prediction_correct": false, "metrics": {"cost": 41616.47820100188, "sparsity": 0.09259259259259259, "fidelity": 0.9801030734429004, "faithfulness_gap": 0.5034929951882215, "stability": 0.9500979348097774}, "explanation": {"top_features": ["education-num: 0.1905", "occupation_Prof-specialty: 0.1411", "marital-status_Married-civ-spouse: 0.0847", "relationship_Husband: 0.0544", "workclass_Self-emp-not-inc: -0.0502", "capital-gain: -0.0337", "education_Bachelors: 0.0287", "age: -0.0212", "marital-status_Never-married: 0.0141", "relationship_Own-child: 0.0088"], "raw_top": {"education-num": 0.19049981514780048, "occupation_Prof-specialty": 0.14107244666498348, "marital-status_Married-civ-spouse": 0.08470855932230724, "relationship_Husband": 0.05437711090353393, "workclass_Self-emp-not-inc": -0.05019621864111133, "capital-gain": -0.03370203056456014, "education_Bachelors": 0.02871174540058095, "age": -0.021222595742465544, "marital-status_Never-married": 0.014084721179060218, "relationship_Own-child": 0.008836454009345521}}}