{"instance_id": 5982, "quadrant": "FP", "true_label": 0, "prediction": 1, "prediction_correct": false, "metrics": {"cost": 39208.23319099145, "sparsity": 0.09259259259259259, "fidelity": 0.9906716259754997, "faithfulness_gap": 0.7263071579158487, "stability": 0.9608825803715036}, "explanation": {"top_features": ["education-num: 0.2315", "occupation_Exec-managerial: 0.1904", "marital-status_Married-civ-spouse: 0.1143", "relationship_Husband: 0.0517", "age: 0.0478", "capital-gain: -0.0308", "workclass_Private: -0.0287", "marital-status_Never-married: 0.0188", "education_HS-grad: 0.0167", "relationship_Not-in-family: 0.0073"], "raw_top": {"education-num": 0.23146668596902759, "occupation_Exec-managerial": 0.1903965405751284, "marital-status_Married-civ-spouse": 0.11426944370823831, "relationship_Husband": 0.05166961765599257, "age": 0.04776244669630619, "capital-gain": -0.0308359296800718, "workclass_Private": -0.028713993004614538, "marital-status_Never-married": 0.018846891608329374, "education_HS-grad": 0.016716288983848148, "relationship_Not-in-family": 0.007330008728993365}}}