{"instance_id": 6002, "quadrant": "TP", "true_label": 1, "prediction": 1, "prediction_correct": true, "metrics": {"cost": 43227.23234099976, "sparsity": 0.09259259259259259, "fidelity": 0.992915977494111, "faithfulness_gap": 0.7042259621453002, "stability": 0.9978736945999186}, "explanation": {"top_features": ["capital-gain: 0.5944", "marital-status_Married-civ-spouse: -0.0418", "occupation_Craft-repair: 0.0225", "hours-per-week: 0.0224", "education-num: 0.0222", "relationship_Husband: -0.0221", "marital-status_Divorced: -0.0217", "fnlwgt: -0.0148", "education_Assoc-voc: -0.0120", "marital-status_Never-married: 0.0113"], "raw_top": {"capital-gain": 0.5943514467979435, "marital-status_Married-civ-spouse": -0.041794952968847124, "occupation_Craft-repair": 0.02246564996327558, "hours-per-week": 0.02244266489110593, "education-num": 0.02216517529257685, "relationship_Husband": -0.022146280097834828, "marital-status_Divorced": -0.021671031094879993, "fnlwgt": -0.014753821053178913, "education_Assoc-voc": -0.011954585951778509, "marital-status_Never-married": 0.01126307684171246}}}