{"instance_id": 6220, "quadrant": "FP", "true_label": 0, "prediction": 1, "prediction_correct": false, "metrics": {"cost": 44714.98850401258, "sparsity": 0.09259259259259259, "fidelity": 0.983107652573395, "faithfulness_gap": 0.6363085702140111, "stability": 0.9581250511961185}, "explanation": {"top_features": ["occupation_Exec-managerial: 0.1994", "education-num: 0.1779", "marital-status_Married-civ-spouse: 0.1009", "relationship_Husband: 0.0582", "fnlwgt: -0.0431", "education_Bachelors: 0.0322", "education_HS-grad: 0.0147", "marital-status_Never-married: 0.0122", "relationship_Not-in-family: 0.0061", "relationship_Own-child: 0.0056"], "raw_top": {"occupation_Exec-managerial": 0.1994043573335546, "education-num": 0.17793802850349863, "marital-status_Married-civ-spouse": 0.10092633567472009, "relationship_Husband": 0.05822698729288324, "fnlwgt": -0.04307608750161832, "education_Bachelors": 0.03218485304943219, "education_HS-grad": 0.014735766677356597, "marital-status_Never-married": 0.012222385794032125, "relationship_Not-in-family": 0.006138188454604694, "relationship_Own-child": 0.005564529378571992}}}