{"instance_id": 6225, "quadrant": "TN", "true_label": 0, "prediction": 0, "prediction_correct": true, "metrics": {"cost": 46872.28545601829, "sparsity": 0.09259259259259259, "fidelity": 0.722580128790211, "faithfulness_gap": 0.015359045235764666, "stability": 0.9864974815195855}, "explanation": {"top_features": ["capital-loss: 0.1393", "age: -0.1067", "marital-status_Married-civ-spouse: -0.0599", "relationship_Own-child: -0.0317", "relationship_Husband: -0.0287", "education-num: -0.0248", "occupation_Other-service: -0.0232", "marital-status_Never-married: -0.0209", "capital-gain: -0.0104", "hours-per-week: -0.0028"], "raw_top": {"capital-loss": 0.13927430844625183, "age": -0.10668543060735267, "marital-status_Married-civ-spouse": -0.05992214443730645, "relationship_Own-child": -0.03167386217391496, "relationship_Husband": -0.028657108552062414, "education-num": -0.024804987506282607, "occupation_Other-service": -0.023241995201295013, "marital-status_Never-married": -0.020858815766035, "capital-gain": -0.010387004390619386, "hours-per-week": -0.0027965560514512933}}}