{"instance_id": 6337, "quadrant": "TP", "true_label": 1, "prediction": 1, "prediction_correct": true, "metrics": {"cost": 47389.330641992274, "sparsity": 0.09259259259259259, "fidelity": 0.985584613286272, "faithfulness_gap": 0.7617656368710137, "stability": 0.9976885666479757}, "explanation": {"top_features": ["capital-gain: 0.5456", "education-num: 0.0768", "relationship_Wife: 0.0516", "marital-status_Married-civ-spouse: 0.0337", "relationship_Husband: -0.0225", "occupation_nan: -0.0210", "workclass_nan: -0.0207", "hours-per-week: 0.0072", "education_HS-grad: 0.0061", "marital-status_Never-married: 0.0030"], "raw_top": {"capital-gain": 0.5456101955653577, "education-num": 0.07677721854987665, "relationship_Wife": 0.05158849845351951, "marital-status_Married-civ-spouse": 0.03367060186216995, "relationship_Husband": -0.02254437305221622, "occupation_nan": -0.021020822177052326, "workclass_nan": -0.020730104167359962, "hours-per-week": 0.007203031267710475, "education_HS-grad": 0.006079783019126713, "marital-status_Never-married": 0.0030309127350969245}}}