{"instance_id": 6468, "quadrant": "TN", "true_label": 0, "prediction": 0, "prediction_correct": true, "metrics": {"cost": 46913.98750001099, "sparsity": 0.09259259259259259, "fidelity": 0.5636238725443676, "faithfulness_gap": 0.06987115609999477, "stability": 0.8723766348735146}, "explanation": {"top_features": ["marital-status_Married-civ-spouse: -0.0371", "relationship_Husband: -0.0246", "education-num: -0.0230", "capital-gain: -0.0216", "marital-status_Never-married: -0.0170", "occupation_Craft-repair: 0.0161", "race_White: -0.0111", "capital-loss: -0.0108", "age: 0.0090", "hours-per-week: -0.0027"], "raw_top": {"marital-status_Married-civ-spouse": -0.03713487168054236, "relationship_Husband": -0.024610842845949485, "education-num": -0.02300849143645909, "capital-gain": -0.0215610818187899, "marital-status_Never-married": -0.01700741216742259, "occupation_Craft-repair": 0.01614422940854907, "race_White": -0.011066315832005895, "capital-loss": -0.010763757718974592, "age": 0.009043543286376812, "hours-per-week": -0.002745486949085113}}}