{"instance_id": 6483, "quadrant": "FP", "true_label": 0, "prediction": 1, "prediction_correct": false, "metrics": {"cost": 39729.7912639915, "sparsity": 0.09259259259259259, "fidelity": 0.9878765713360356, "faithfulness_gap": 0.5097632776976381, "stability": 0.9525994671783267}, "explanation": {"top_features": ["occupation_Exec-managerial: 0.2360", "marital-status_Married-civ-spouse: 0.0836", "age: -0.0759", "hours-per-week: 0.0753", "education-num: 0.0628", "relationship_Husband: 0.0429", "capital-gain: -0.0377", "education_HS-grad: 0.0189", "marital-status_Never-married: 0.0150", "relationship_Not-in-family: 0.0068"], "raw_top": {"occupation_Exec-managerial": 0.23596260066992342, "marital-status_Married-civ-spouse": 0.08360274216422116, "age": -0.07591204746461745, "hours-per-week": 0.07526828077416114, "education-num": 0.06278077719935826, "relationship_Husband": 0.04294378516672319, "capital-gain": -0.037683349622388354, "education_HS-grad": 0.018928807457740122, "marital-status_Never-married": 0.015022823669058586, "relationship_Not-in-family": 0.006750008041597089}}}