{"instance_id": 6631, "quadrant": "FN", "true_label": 1, "prediction": 0, "prediction_correct": false, "metrics": {"cost": 34568.46003601095, "sparsity": 0.09259259259259259, "fidelity": 0.9642170648173144, "faithfulness_gap": 0.050860754728782556, "stability": 0.9901446413404333}, "explanation": {"top_features": ["hours-per-week: -0.2937", "workclass_Federal-gov: 0.0849", "marital-status_Married-civ-spouse: 0.0521", "age: 0.0311", "education-num: 0.0268", "fnlwgt: 0.0255", "education_Assoc-voc: -0.0217", "capital-gain: -0.0204", "capital-loss: -0.0195", "occupation_Adm-clerical: 0.0110"], "raw_top": {"hours-per-week": -0.2937337954626379, "workclass_Federal-gov": 0.08493498275251943, "marital-status_Married-civ-spouse": 0.052080372816026725, "age": 0.031056125646972237, "education-num": 0.026832625023946052, "fnlwgt": 0.02552237475211644, "education_Assoc-voc": -0.02170616952664956, "capital-gain": -0.02041016867189325, "capital-loss": -0.01945881738159104, "occupation_Adm-clerical": 0.01096270676381755}}}