{"instance_id": 6888, "quadrant": "TN", "true_label": 0, "prediction": 0, "prediction_correct": true, "metrics": {"cost": 38994.95045898948, "sparsity": 0.09259259259259259, "fidelity": 0.21346969502357804, "faithfulness_gap": 0.04313122987909444, "stability": 0.9230979656321414}, "explanation": {"top_features": ["age: -0.0301", "marital-status_Married-civ-spouse: -0.0282", "relationship_Husband: -0.0184", "capital-gain: -0.0162", "marital-status_Never-married: -0.0132", "education-num: -0.0109", "capital-loss: -0.0076", "hours-per-week: -0.0046", "occupation_Transport-moving: -0.0017", "fnlwgt: -0.0014"], "raw_top": {"age": -0.030073863715744203, "marital-status_Married-civ-spouse": -0.028167086118544078, "relationship_Husband": -0.018410656882742432, "capital-gain": -0.01616878558517341, "marital-status_Never-married": -0.013150609589524596, "education-num": -0.010928450880927896, "capital-loss": -0.007642789628979669, "hours-per-week": -0.004630349426693049, "occupation_Transport-moving": -0.0017149692332358952, "fnlwgt": -0.0014359361692588557}}}