{"instance_id": 7084, "quadrant": "TN", "true_label": 0, "prediction": 0, "prediction_correct": true, "metrics": {"cost": 49894.942726998124, "sparsity": 0.09259259259259259, "fidelity": 0.9195147706317364, "faithfulness_gap": 0.04467221794665392, "stability": 0.9393425902027647}, "explanation": {"top_features": ["marital-status_Married-civ-spouse: -0.0997", "education-num: 0.0657", "relationship_Husband: -0.0552", "occupation_Adm-clerical: 0.0518", "workclass_Federal-gov: 0.0514", "marital-status_Divorced: -0.0475", "relationship_Not-in-family: -0.0306", "capital-gain: -0.0228", "workclass_Private: -0.0119", "education_HS-grad: -0.0084"], "raw_top": {"marital-status_Married-civ-spouse": -0.09967765801332497, "education-num": 0.06566569005902329, "relationship_Husband": -0.05518863884545852, "occupation_Adm-clerical": 0.0518089424987377, "workclass_Federal-gov": 0.05137977653895058, "marital-status_Divorced": -0.04751661727105973, "relationship_Not-in-family": -0.030583980830866463, "capital-gain": -0.022771431094476737, "workclass_Private": -0.011889115035172834, "education_HS-grad": -0.008441989608659772}}}