{"instance_id": 7093, "quadrant": "TN", "true_label": 0, "prediction": 0, "prediction_correct": true, "metrics": {"cost": 34357.24687000038, "sparsity": 0.09259259259259259, "fidelity": 0.8590557526504248, "faithfulness_gap": 0.048522414301180886, "stability": 0.929250637689899}, "explanation": {"top_features": ["marital-status_Married-civ-spouse: -0.0500", "occupation_Exec-managerial: 0.0444", "age: -0.0425", "relationship_Husband: -0.0278", "education-num: -0.0251", "marital-status_Never-married: -0.0199", "capital-gain: -0.0198", "capital-loss: -0.0122", "relationship_Not-in-family: -0.0064", "hours-per-week: -0.0054"], "raw_top": {"marital-status_Married-civ-spouse": -0.05003196713213774, "occupation_Exec-managerial": 0.04444011213370221, "age": -0.04252121354433569, "relationship_Husband": -0.02779311160221944, "education-num": -0.025089536461644583, "marital-status_Never-married": -0.019925618301138266, "capital-gain": -0.01979855137059841, "capital-loss": -0.012152171194653484, "relationship_Not-in-family": -0.006388756295846671, "hours-per-week": -0.005431929180689327}}}