{"instance_id": 7167, "quadrant": "TN", "true_label": 0, "prediction": 0, "prediction_correct": true, "metrics": {"cost": 39246.651190012926, "sparsity": 0.09259259259259259, "fidelity": 0.9342867871822389, "faithfulness_gap": 0.08981127165128946, "stability": 0.8422582670583665}, "explanation": {"top_features": ["education-num: -0.0733", "marital-status_Married-civ-spouse: 0.0357", "capital-gain: -0.0329", "capital-loss: -0.0263", "education_HS-grad: -0.0204", "relationship_Husband: 0.0199", "education_Bachelors: -0.0180", "occupation_Sales: 0.0149", "age: 0.0113", "marital-status_Never-married: 0.0051"], "raw_top": {"education-num": -0.07325775743536231, "marital-status_Married-civ-spouse": 0.03574352246699993, "capital-gain": -0.032904461638818105, "capital-loss": -0.02625894652636013, "education_HS-grad": -0.020368205200156142, "relationship_Husband": 0.019923813328473098, "education_Bachelors": -0.01796556716511592, "occupation_Sales": 0.014910717457751256, "age": 0.011349102240007741, "marital-status_Never-married": 0.00514894156018407}}}