{"instance_id": 7203, "quadrant": "TP", "true_label": 1, "prediction": 1, "prediction_correct": true, "metrics": {"cost": 43215.418431995204, "sparsity": 0.09259259259259259, "fidelity": 0.9809627165758303, "faithfulness_gap": 0.6824730925532191, "stability": 0.9611928292036339}, "explanation": {"top_features": ["education-num: 0.1983", "occupation_Sales: 0.1306", "marital-status_Married-civ-spouse: 0.0820", "education_Bachelors: 0.0697", "relationship_Husband: 0.0618", "hours-per-week: 0.0384", "fnlwgt: -0.0347", "marital-status_Never-married: 0.0097", "education_HS-grad: 0.0065", "relationship_Not-in-family: 0.0057"], "raw_top": {"education-num": 0.19832100648349105, "occupation_Sales": 0.13062149283853436, "marital-status_Married-civ-spouse": 0.0819721037720149, "education_Bachelors": 0.06972182969678954, "relationship_Husband": 0.06178498204543662, "hours-per-week": 0.0383856773638151, "fnlwgt": -0.034662053850558205, "marital-status_Never-married": 0.009734254091753419, "education_HS-grad": 0.0065044106702791095, "relationship_Not-in-family": 0.005669361527729274}}}