{"instance_id": 7217, "quadrant": "FN", "true_label": 1, "prediction": 0, "prediction_correct": false, "metrics": {"cost": 39836.246820981614, "sparsity": 0.09259259259259259, "fidelity": 0.5941540732630961, "faithfulness_gap": 0.08494863473288501, "stability": 0.8277010471870024}, "explanation": {"top_features": ["marital-status_Married-civ-spouse: -0.0409", "education-num: -0.0244", "relationship_Husband: -0.0217", "capital-gain: -0.0204", "age: -0.0198", "occupation_Protective-serv: 0.0185", "marital-status_Separated: -0.0109", "capital-loss: -0.0103", "fnlwgt: 0.0079", "hours-per-week: -0.0035"], "raw_top": {"marital-status_Married-civ-spouse": -0.04091789919899927, "education-num": -0.024378023165324683, "relationship_Husband": -0.021704102388979827, "capital-gain": -0.0204474181038431, "age": -0.01976895096222845, "occupation_Protective-serv": 0.018494752479167997, "marital-status_Separated": -0.01090016374246708, "capital-loss": -0.01028971996753623, "fnlwgt": 0.007927975642327695, "hours-per-week": -0.0035118867165667925}}}