{"instance_id": 7237, "quadrant": "TN", "true_label": 0, "prediction": 0, "prediction_correct": true, "metrics": {"cost": 42338.6279749684, "sparsity": 0.09259259259259259, "fidelity": 0.49557335550252035, "faithfulness_gap": 0.02429380160274157, "stability": 0.8420818775621415}, "explanation": {"top_features": ["marital-status_Married-civ-spouse: -0.0369", "capital-gain: -0.0222", "relationship_Husband: -0.0202", "education-num: -0.0195", "occupation_Craft-repair: 0.0187", "marital-status_Never-married: -0.0144", "capital-loss: -0.0090", "hours-per-week: -0.0016", "education_Bachelors: -0.0015", "fnlwgt: -0.0013"], "raw_top": {"marital-status_Married-civ-spouse": -0.03689601530239989, "capital-gain": -0.02223462263740275, "relationship_Husband": -0.020162686443305065, "education-num": -0.01948932654025985, "occupation_Craft-repair": 0.01867539190092577, "marital-status_Never-married": -0.014424301173891088, "capital-loss": -0.00899112151497276, "hours-per-week": -0.0015928046828157668, "education_Bachelors": -0.0014671304750226242, "fnlwgt": -0.0012682361591285912}}}