{"instance_id": 7251, "quadrant": "TN", "true_label": 0, "prediction": 0, "prediction_correct": true, "metrics": {"cost": 44090.49471799517, "sparsity": 0.09259259259259259, "fidelity": 0.044122714231041936, "faithfulness_gap": 0.029785655449839576, "stability": 0.8723785459245867}, "explanation": {"top_features": ["marital-status_Married-civ-spouse: -0.0277", "age: -0.0231", "relationship_Husband: -0.0180", "education-num: -0.0178", "capital-gain: -0.0102", "marital-status_Never-married: -0.0100", "capital-loss: -0.0094", "workclass_Private: -0.0056", "relationship_Unmarried: -0.0038", "sex_Male: -0.0017"], "raw_top": {"marital-status_Married-civ-spouse": -0.027698360950640384, "age": -0.023077066769138146, "relationship_Husband": -0.01797598212153931, "education-num": -0.017767592010221447, "capital-gain": -0.010179667259119786, "marital-status_Never-married": -0.010004468043488045, "capital-loss": -0.009431325073812342, "workclass_Private": -0.005635478142022214, "relationship_Unmarried": -0.0037838635874899475, "sex_Male": -0.0017349293906219199}}}