{"instance_id": 7295, "quadrant": "FN", "true_label": 1, "prediction": 0, "prediction_correct": false, "metrics": {"cost": 45665.096499957144, "sparsity": 0.09259259259259259, "fidelity": 0.8442766100698091, "faithfulness_gap": 0.08329660655620397, "stability": 0.8000348875272822}, "explanation": {"top_features": ["education-num: -0.0570", "capital-gain: -0.0362", "marital-status_Married-civ-spouse: 0.0310", "capital-loss: -0.0237", "occupation_Craft-repair: -0.0200", "relationship_Husband: 0.0177", "hours-per-week: 0.0147", "age: 0.0146", "education_HS-grad: -0.0114", "education_Bachelors: -0.0089"], "raw_top": {"education-num": -0.056980719605501794, "capital-gain": -0.0361786658809073, "marital-status_Married-civ-spouse": 0.03100312066009379, "capital-loss": -0.02367063097687485, "occupation_Craft-repair": -0.020026801321946106, "relationship_Husband": 0.017678625000835394, "hours-per-week": 0.014738741098193215, "age": 0.01464779434023663, "education_HS-grad": -0.011389624202929343, "education_Bachelors": -0.00893043015388989}}}