{"instance_id": 7398, "quadrant": "TP", "true_label": 1, "prediction": 1, "prediction_correct": true, "metrics": {"cost": 43252.19677001587, "sparsity": 0.09259259259259259, "fidelity": 0.9598344540025208, "faithfulness_gap": 0.846764235904144, "stability": 0.9972287467748665}, "explanation": {"top_features": ["capital-gain: 0.4949", "education-num: 0.1205", "occupation_Prof-specialty: 0.0610", "relationship_Wife: 0.0584", "marital-status_Married-civ-spouse: 0.0382", "relationship_Husband: -0.0263", "hours-per-week: 0.0119", "race_Asian-Pac-Islander: 0.0118", "marital-status_Never-married: 0.0046", "relationship_Own-child: 0.0034"], "raw_top": {"capital-gain": 0.4948667368589529, "education-num": 0.12052425113385482, "occupation_Prof-specialty": 0.061034886514851686, "relationship_Wife": 0.05841469364726903, "marital-status_Married-civ-spouse": 0.03817210058786336, "relationship_Husband": -0.026302027035740916, "hours-per-week": 0.011873181831720524, "race_Asian-Pac-Islander": 0.011820838312335992, "marital-status_Never-married": 0.0046102684389626855, "relationship_Own-child": 0.0034033610035808814}}}