{"instance_id": 7440, "quadrant": "TP", "true_label": 1, "prediction": 1, "prediction_correct": true, "metrics": {"cost": 38298.574820000795, "sparsity": 0.09259259259259259, "fidelity": 0.9841473564950725, "faithfulness_gap": 0.7823451040081171, "stability": 0.9846276050371908}, "explanation": {"top_features": ["education-num: 0.3047", "relationship_Wife: 0.1406", "occupation_Prof-specialty: 0.1390", "marital-status_Married-civ-spouse: 0.0870", "relationship_Husband: -0.0371", "education_Prof-school: 0.0173", "marital-status_Never-married: 0.0152", "education_HS-grad: 0.0118", "relationship_Own-child: 0.0079", "workclass_Private: 0.0067"], "raw_top": {"education-num": 0.304729280077723, "relationship_Wife": 0.14061113511256362, "occupation_Prof-specialty": 0.13895559290029127, "marital-status_Married-civ-spouse": 0.08701445597793994, "relationship_Husband": -0.03712173478051284, "education_Prof-school": 0.017251396602668414, "marital-status_Never-married": 0.015202382852612823, "education_HS-grad": 0.011776194763061685, "relationship_Own-child": 0.0078895567586508, "workclass_Private": 0.006673002783517477}}}