{"instance_id": 7505, "quadrant": "FN", "true_label": 1, "prediction": 0, "prediction_correct": false, "metrics": {"cost": 48339.84982804395, "sparsity": 0.09259259259259259, "fidelity": 0.938773514737799, "faithfulness_gap": 0.06064109029148404, "stability": 0.9730130703091067}, "explanation": {"top_features": ["education-num: -0.1412", "native-country_Canada: 0.0608", "relationship_Wife: 0.0494", "marital-status_Married-civ-spouse: 0.0266", "relationship_Husband: -0.0218", "occupation_Machine-op-inspct: -0.0214", "capital-gain: -0.0204", "fnlwgt: -0.0080", "capital-loss: -0.0072", "hours-per-week: 0.0068"], "raw_top": {"education-num": -0.14118140308857727, "native-country_Canada": 0.060765164522006414, "relationship_Wife": 0.0493602400858423, "marital-status_Married-civ-spouse": 0.026641459718793028, "relationship_Husband": -0.02178100414088767, "occupation_Machine-op-inspct": -0.021404622952043605, "capital-gain": -0.020351464177226424, "fnlwgt": -0.008027436240041562, "capital-loss": -0.007187814012602352, "hours-per-week": 0.006785350128300616}}}