{"instance_id": 7565, "quadrant": "TN", "true_label": 0, "prediction": 0, "prediction_correct": true, "metrics": {"cost": 38656.04331198847, "sparsity": 0.09259259259259259, "fidelity": 0.5580688870565641, "faithfulness_gap": 0.006840074682796918, "stability": 0.9466836753491632}, "explanation": {"top_features": ["age: -0.0402", "hours-per-week: -0.0254", "marital-status_Married-civ-spouse: -0.0184", "education-num: -0.0151", "relationship_Husband: -0.0135", "capital-gain: -0.0110", "occupation_Other-service: -0.0091", "capital-loss: -0.0059", "marital-status_Never-married: -0.0049", "education_HS-grad: -0.0038"], "raw_top": {"age": -0.04016721014634969, "hours-per-week": -0.025438068243861526, "marital-status_Married-civ-spouse": -0.018416755064736955, "education-num": -0.015072971108405917, "relationship_Husband": -0.013466419737776703, "capital-gain": -0.01104823056707087, "occupation_Other-service": -0.009078774176022757, "capital-loss": -0.005905143072783201, "marital-status_Never-married": -0.004868948624601716, "education_HS-grad": -0.003835675097060537}}}