{"instance_id": 7630, "quadrant": "TN", "true_label": 0, "prediction": 0, "prediction_correct": true, "metrics": {"cost": 41857.17598401243, "sparsity": 0.09259259259259259, "fidelity": 0.9171931124294235, "faithfulness_gap": 0.02129063858587818, "stability": 0.9607864833632238}, "explanation": {"top_features": ["marital-status_Married-civ-spouse: -0.0898", "education-num: 0.0751", "occupation_Prof-specialty: 0.0705", "relationship_Husband: -0.0576", "marital-status_Never-married: -0.0293", "capital-gain: -0.0220", "relationship_Not-in-family: -0.0219", "workclass_Local-gov: 0.0181", "workclass_Private: -0.0144", "sex_Female: -0.0068"], "raw_top": {"marital-status_Married-civ-spouse": -0.08976067520410883, "education-num": 0.07509100531397735, "occupation_Prof-specialty": 0.07051899073131446, "relationship_Husband": -0.05764164063577194, "marital-status_Never-married": -0.0292662274646333, "capital-gain": -0.02199040915169358, "relationship_Not-in-family": -0.02186938638587478, "workclass_Local-gov": 0.018060817671842325, "workclass_Private": -0.014365340761423446, "sex_Female": -0.0067801914339860325}}}