{"instance_id": 7631, "quadrant": "FP", "true_label": 0, "prediction": 1, "prediction_correct": false, "metrics": {"cost": 36229.48822402395, "sparsity": 0.09259259259259259, "fidelity": 0.9849333345876465, "faithfulness_gap": 0.6898872080367539, "stability": 0.9749834333482091}, "explanation": {"top_features": ["education-num: 0.2879", "occupation_Prof-specialty: 0.1450", "marital-status_Married-civ-spouse: 0.1018", "relationship_Husband: 0.0623", "age: 0.0489", "race_Black: -0.0356", "race_White: -0.0350", "capital-gain: -0.0262", "marital-status_Never-married: 0.0211", "workclass_State-gov: -0.0209"], "raw_top": {"education-num": 0.28789593297456695, "occupation_Prof-specialty": 0.1449845188042581, "marital-status_Married-civ-spouse": 0.10184512145307059, "relationship_Husband": 0.06233335985933392, "age": 0.048943433670919245, "race_Black": -0.03563604597197272, "race_White": -0.03497149212739014, "capital-gain": -0.026206667564703624, "marital-status_Never-married": 0.021109178997852904, "workclass_State-gov": -0.02090540568241983}}}