{"instance_id": 772, "quadrant": "FN", "true_label": 1, "prediction": 0, "prediction_correct": false, "metrics": {"cost": 41171.68212705292, "sparsity": 0.09259259259259259, "fidelity": 0.7805917019131333, "faithfulness_gap": 0.013079085670320706, "stability": 0.9104514556370931}, "explanation": {"top_features": ["occupation_Exec-managerial: 0.0707", "marital-status_Married-civ-spouse: -0.0596", "workclass_Self-emp-not-inc: -0.0251", "relationship_Husband: -0.0247", "workclass_Private: -0.0224", "capital-gain: -0.0200", "hours-per-week: -0.0192", "marital-status_Never-married: -0.0181", "relationship_Not-in-family: -0.0151", "capital-loss: -0.0120"], "raw_top": {"occupation_Exec-managerial": 0.07065402055886805, "marital-status_Married-civ-spouse": -0.05963425221918289, "workclass_Self-emp-not-inc": -0.02506087760975029, "relationship_Husband": -0.02465843645935249, "workclass_Private": -0.022396099462002585, "capital-gain": -0.020010688135702236, "hours-per-week": -0.019242060642836647, "marital-status_Never-married": -0.018123357604310983, "relationship_Not-in-family": -0.015089734727422177, "capital-loss": -0.011961057444373393}}}