{"instance_id": 7759, "quadrant": "TP", "true_label": 1, "prediction": 1, "prediction_correct": true, "metrics": {"cost": 41232.42580200895, "sparsity": 0.09259259259259259, "fidelity": 0.9852527327964715, "faithfulness_gap": 0.6958505883498616, "stability": 0.9743425042204069}, "explanation": {"top_features": ["education-num: 0.1879", "occupation_Prof-specialty: 0.1819", "marital-status_Married-civ-spouse: 0.1024", "relationship_Husband: 0.0656", "age: 0.0289", "education_Bachelors: 0.0261", "education_HS-grad: 0.0144", "marital-status_Never-married: 0.0129", "relationship_Not-in-family: 0.0069", "relationship_Own-child: 0.0068"], "raw_top": {"education-num": 0.18792575648660248, "occupation_Prof-specialty": 0.18192452470820566, "marital-status_Married-civ-spouse": 0.10238488084398717, "relationship_Husband": 0.06556436282228673, "age": 0.028911573990680735, "education_Bachelors": 0.026114063412376473, "education_HS-grad": 0.014354535753711092, "marital-status_Never-married": 0.01288708223473934, "relationship_Not-in-family": 0.006865883142830434, "relationship_Own-child": 0.006823602657268668}}}