{"instance_id": 7768, "quadrant": "TP", "true_label": 1, "prediction": 1, "prediction_correct": true, "metrics": {"cost": 41918.92124697915, "sparsity": 0.09259259259259259, "fidelity": 0.9729730277530642, "faithfulness_gap": 0.7204377481899422, "stability": 0.974049423133774}, "explanation": {"top_features": ["occupation_Exec-managerial: 0.2215", "education-num: 0.1966", "marital-status_Married-civ-spouse: 0.1163", "relationship_Husband: 0.0531", "age: 0.0422", "capital-gain: -0.0299", "education_HS-grad: 0.0199", "marital-status_Never-married: 0.0184", "relationship_Own-child: 0.0107", "relationship_Not-in-family: 0.0047"], "raw_top": {"occupation_Exec-managerial": 0.22151668328063348, "education-num": 0.19658555385891632, "marital-status_Married-civ-spouse": 0.11634151529893479, "relationship_Husband": 0.053078920262748054, "age": 0.04220604321305813, "capital-gain": -0.029927016482597657, "education_HS-grad": 0.019928294546106475, "marital-status_Never-married": 0.018372419919965542, "relationship_Own-child": 0.010666829449099335, "relationship_Not-in-family": 0.00472256915968627}}}