{"instance_id": 7833, "quadrant": "FN", "true_label": 1, "prediction": 0, "prediction_correct": false, "metrics": {"cost": 37530.87257599691, "sparsity": 0.09259259259259259, "fidelity": 0.9423898759419557, "faithfulness_gap": 0.18966667848718224, "stability": 0.8520302737897921}, "explanation": {"top_features": ["education-num: 0.1309", "marital-status_Married-civ-spouse: 0.0701", "age: -0.0450", "relationship_Husband: 0.0385", "capital-gain: -0.0377", "education_Bachelors: 0.0337", "capital-loss: -0.0195", "occupation_Craft-repair: -0.0157", "marital-status_Never-married: 0.0079", "education_HS-grad: 0.0076"], "raw_top": {"education-num": 0.13092143212180268, "marital-status_Married-civ-spouse": 0.07011775383543477, "age": -0.04496057528625953, "relationship_Husband": 0.03851442122859978, "capital-gain": -0.037685892751267686, "education_Bachelors": 0.03373971748476966, "capital-loss": -0.019478962874497824, "occupation_Craft-repair": -0.015716345125063213, "marital-status_Never-married": 0.00792226644412308, "education_HS-grad": 0.007605693270270442}}}