{"instance_id": 7920, "quadrant": "FP", "true_label": 0, "prediction": 1, "prediction_correct": false, "metrics": {"cost": 60803.358581033535, "sparsity": 0.09259259259259259, "fidelity": 0.9809431338402634, "faithfulness_gap": 0.7023191078036903, "stability": 0.9578411119578869}, "explanation": {"top_features": ["education-num: 0.1897", "occupation_Prof-specialty: 0.1736", "marital-status_Married-civ-spouse: 0.1066", "age: 0.0491", "relationship_Husband: 0.0480", "education_Bachelors: 0.0206", "education_HS-grad: 0.0160", "marital-status_Never-married: 0.0106", "fnlwgt: 0.0029", "relationship_Own-child: 0.0020"], "raw_top": {"education-num": 0.18966833527629992, "occupation_Prof-specialty": 0.17360104985887548, "marital-status_Married-civ-spouse": 0.10655042324954694, "age": 0.049068494283540966, "relationship_Husband": 0.04803517622674364, "education_Bachelors": 0.020554436418445395, "education_HS-grad": 0.01599062656953212, "marital-status_Never-married": 0.010619431968296515, "fnlwgt": 0.0028619765267476637, "relationship_Own-child": 0.001961131173517261}}}