{"instance_id": 7937, "quadrant": "FP", "true_label": 0, "prediction": 1, "prediction_correct": false, "metrics": {"cost": 36006.44013902638, "sparsity": 0.09259259259259259, "fidelity": 0.9151716752857703, "faithfulness_gap": 0.39449946913908557, "stability": 0.9867828060703584}, "explanation": {"top_features": ["capital-loss: 0.4272", "marital-status_Married-civ-spouse: 0.0750", "workclass_nan: -0.0610", "occupation_nan: -0.0529", "education-num: -0.0480", "hours-per-week: -0.0398", "workclass_Private: -0.0361", "relationship_Husband: 0.0300", "fnlwgt: -0.0167", "education_HS-grad: -0.0150"], "raw_top": {"capital-loss": 0.4272030907774758, "marital-status_Married-civ-spouse": 0.07498160615806455, "workclass_nan": -0.061045873049196134, "occupation_nan": -0.05286922899514001, "education-num": -0.048049795752663216, "hours-per-week": -0.03977102656492284, "workclass_Private": -0.03605465435066879, "relationship_Husband": 0.029950847758523292, "fnlwgt": -0.01668304390797686, "education_HS-grad": -0.014981442174868409}}}