{"instance_id": 8071, "quadrant": "FN", "true_label": 1, "prediction": 0, "prediction_correct": false, "metrics": {"cost": 49306.04847200448, "sparsity": 0.09259259259259259, "fidelity": 0.9270194165988048, "faithfulness_gap": 0.07449852578824692, "stability": 0.8760876643402227}, "explanation": {"top_features": ["education-num: -0.0626", "hours-per-week: -0.0429", "marital-status_Married-civ-spouse: 0.0358", "capital-gain: -0.0288", "capital-loss: -0.0226", "age: 0.0220", "occupation_Adm-clerical: 0.0192", "relationship_Husband: 0.0146", "education_Bachelors: -0.0144", "education_HS-grad: -0.0074"], "raw_top": {"education-num": -0.06259378934949526, "hours-per-week": -0.042851065215341634, "marital-status_Married-civ-spouse": 0.035831831369962375, "capital-gain": -0.028793506962442223, "capital-loss": -0.022567898028488808, "age": 0.021978773698943053, "occupation_Adm-clerical": 0.019155015303661878, "relationship_Husband": 0.014605796494708972, "education_Bachelors": -0.01443940844506853, "education_HS-grad": -0.007423084718346101}}}