{"instance_id": 8215, "quadrant": "FN", "true_label": 1, "prediction": 0, "prediction_correct": false, "metrics": {"cost": 43801.215009065345, "sparsity": 0.09259259259259259, "fidelity": 0.9236721603325908, "faithfulness_gap": 0.07976041237268863, "stability": 0.8874972747241326}, "explanation": {"top_features": ["fnlwgt: 0.0711", "education-num: -0.0486", "marital-status_Married-civ-spouse: 0.0453", "education_HS-grad: -0.0265", "occupation_Transport-moving: -0.0247", "capital-gain: -0.0237", "workclass_State-gov: 0.0235", "age: 0.0217", "capital-loss: -0.0198", "hours-per-week: -0.0166"], "raw_top": {"fnlwgt": 0.07107238973585078, "education-num": -0.048584728330538236, "marital-status_Married-civ-spouse": 0.04530710158246525, "education_HS-grad": -0.026506823680577708, "occupation_Transport-moving": -0.02473525087074429, "capital-gain": -0.02366143233426174, "workclass_State-gov": 0.02351344386582733, "age": 0.021650925200223457, "capital-loss": -0.019758146680550936, "hours-per-week": -0.016578777758240015}}}