{"instance_id": 8229, "quadrant": "FN", "true_label": 1, "prediction": 0, "prediction_correct": false, "metrics": {"cost": 39558.030868996866, "sparsity": 0.09259259259259259, "fidelity": 0.9462832318360191, "faithfulness_gap": 0.011267748008511158, "stability": 0.8210959186413245}, "explanation": {"top_features": ["occupation_Transport-moving: -0.0742", "marital-status_Married-civ-spouse: 0.0465", "education_Some-college: 0.0376", "capital-gain: -0.0356", "fnlwgt: 0.0301", "relationship_Husband: 0.0248", "age: 0.0245", "capital-loss: -0.0231", "education_HS-grad: 0.0126", "marital-status_Never-married: 0.0101"], "raw_top": {"occupation_Transport-moving": -0.07420741429346411, "marital-status_Married-civ-spouse": 0.04650425026290721, "education_Some-college": 0.03761210552844587, "capital-gain": -0.035589587709866886, "fnlwgt": 0.030062816428983542, "relationship_Husband": 0.024823655911513604, "age": 0.02448135098260609, "capital-loss": -0.0230643184099894, "education_HS-grad": 0.012624378733431899, "marital-status_Never-married": 0.010071399394946244}}}