{"instance_id": 8243, "quadrant": "FN", "true_label": 1, "prediction": 0, "prediction_correct": false, "metrics": {"cost": 35543.8855009852, "sparsity": 0.09259259259259259, "fidelity": 0.9515782863623607, "faithfulness_gap": 0.005509882883968156, "stability": 0.9583306465803547}, "explanation": {"top_features": ["marital-status_Married-civ-spouse: -0.0999", "education-num: 0.0797", "occupation_Sales: 0.0592", "relationship_Husband: -0.0462", "marital-status_Divorced: -0.0381", "relationship_Not-in-family: -0.0300", "age: -0.0256", "capital-gain: -0.0167", "education_Bachelors: 0.0121", "hours-per-week: -0.0065"], "raw_top": {"marital-status_Married-civ-spouse": -0.09985626682441663, "education-num": 0.07972283054574152, "occupation_Sales": 0.059235940043151955, "relationship_Husband": -0.04615203143073396, "marital-status_Divorced": -0.03808827785060712, "relationship_Not-in-family": -0.030031445922870516, "age": -0.025622119151117433, "capital-gain": -0.016693983964126753, "education_Bachelors": 0.012061949495739258, "hours-per-week": -0.0065484851776457876}}}