{"instance_id": 8283, "quadrant": "TP", "true_label": 1, "prediction": 1, "prediction_correct": true, "metrics": {"cost": 41215.53229900019, "sparsity": 0.09259259259259259, "fidelity": 0.9831785421303563, "faithfulness_gap": 0.7561655121270193, "stability": 0.9806554446696449}, "explanation": {"top_features": ["occupation_Exec-managerial: 0.2202", "education-num: 0.2032", "marital-status_Married-civ-spouse: 0.0909", "hours-per-week: 0.0535", "relationship_Husband: 0.0521", "age: 0.0367", "marital-status_Never-married: 0.0147", "education_Masters: 0.0125", "education_HS-grad: 0.0119", "relationship_Own-child: 0.0079"], "raw_top": {"occupation_Exec-managerial": 0.2202428488248957, "education-num": 0.20317323937808757, "marital-status_Married-civ-spouse": 0.090865019323178, "hours-per-week": 0.0535234745888097, "relationship_Husband": 0.05205419612940426, "age": 0.03671783652900364, "marital-status_Never-married": 0.014663065667428721, "education_Masters": 0.012477933289081125, "education_HS-grad": 0.011936830132536562, "relationship_Own-child": 0.007923489851309196}}}