{"instance_id": 841, "quadrant": "TN", "true_label": 0, "prediction": 0, "prediction_correct": true, "metrics": {"cost": 35897.742011002265, "sparsity": 0.09259259259259259, "fidelity": 0.907416969520904, "faithfulness_gap": 0.21296009929100373, "stability": 0.8991994730507233}, "explanation": {"top_features": ["workclass_Federal-gov: 0.0971", "occupation_Tech-support: 0.0963", "marital-status_Married-civ-spouse: 0.0647", "age: -0.0488", "fnlwgt: -0.0388", "capital-gain: -0.0338", "workclass_Private: -0.0326", "relationship_Husband: 0.0283", "capital-loss: -0.0225", "native-country_Germany: 0.0211"], "raw_top": {"workclass_Federal-gov": 0.09714250152030876, "occupation_Tech-support": 0.0962993781731789, "marital-status_Married-civ-spouse": 0.06470996521859933, "age": -0.048786481666705524, "fnlwgt": -0.038814619869640105, "capital-gain": -0.033820617509159184, "workclass_Private": -0.03257365428192114, "relationship_Husband": 0.028277826124268383, "capital-loss": -0.02245020914301396, "native-country_Germany": 0.021095750652295638}}}