{"instance_id": 8414, "quadrant": "TN", "true_label": 0, "prediction": 0, "prediction_correct": true, "metrics": {"cost": 39052.47008198057, "sparsity": 0.09259259259259259, "fidelity": 0.4855099496191313, "faithfulness_gap": 0.038732321529417746, "stability": 0.8501616087031624}, "explanation": {"top_features": ["marital-status_Married-civ-spouse: -0.0338", "relationship_Husband: -0.0221", "capital-gain: -0.0179", "age: -0.0176", "education-num: -0.0143", "education_HS-grad: 0.0131", "capital-loss: -0.0097", "marital-status_Divorced: -0.0064", "occupation_Transport-moving: -0.0038", "hours-per-week: -0.0029"], "raw_top": {"marital-status_Married-civ-spouse": -0.033798582281499144, "relationship_Husband": -0.022083836846286925, "capital-gain": -0.017900031977047582, "age": -0.017604703805235787, "education-num": -0.014285518866727161, "education_HS-grad": 0.013090894184905638, "capital-loss": -0.009651875065118479, "marital-status_Divorced": -0.006420836653031965, "occupation_Transport-moving": -0.0038013915406215643, "hours-per-week": -0.002919291801249509}}}