{"instance_id": 8423, "quadrant": "TN", "true_label": 0, "prediction": 0, "prediction_correct": true, "metrics": {"cost": 45489.80227098218, "sparsity": 0.09259259259259259, "fidelity": 0.967131978205733, "faithfulness_gap": 0.10274867787605985, "stability": 0.9330765934476387}, "explanation": {"top_features": ["age: -0.1343", "marital-status_Married-civ-spouse: 0.0293", "capital-gain: -0.0287", "hours-per-week: 0.0264", "capital-loss: -0.0191", "education-num: -0.0150", "fnlwgt: 0.0138", "relationship_Husband: 0.0121", "education_Some-college: -0.0080", "education_Bachelors: -0.0071"], "raw_top": {"age": -0.13429851388769296, "marital-status_Married-civ-spouse": 0.029314623169487766, "capital-gain": -0.028749477160121356, "hours-per-week": 0.02641408041620723, "capital-loss": -0.019081304658889513, "education-num": -0.014985895541534316, "fnlwgt": 0.013819389944763014, "relationship_Husband": 0.012084191730239557, "education_Some-college": -0.007952203269758481, "education_Bachelors": -0.007116007155914706}}}