{"instance_id": 8468, "quadrant": "TP", "true_label": 1, "prediction": 1, "prediction_correct": true, "metrics": {"cost": 40613.67153200263, "sparsity": 0.09259259259259259, "fidelity": 0.968482884314058, "faithfulness_gap": 0.7282547403265103, "stability": 0.959514994294086}, "explanation": {"top_features": ["occupation_Exec-managerial: 0.1750", "education-num: 0.1586", "capital-gain: 0.1163", "marital-status_Married-civ-spouse: 0.1120", "relationship_Husband: 0.0620", "age: 0.0515", "marital-status_Never-married: 0.0181", "education_Bachelors: 0.0158", "education_HS-grad: 0.0153", "hours-per-week: 0.0103"], "raw_top": {"occupation_Exec-managerial": 0.17497692420698535, "education-num": 0.15857516085857778, "capital-gain": 0.11626284446686153, "marital-status_Married-civ-spouse": 0.11200365046936119, "relationship_Husband": 0.06195989125345098, "age": 0.05145481468427577, "marital-status_Never-married": 0.018149667955535444, "education_Bachelors": 0.015814104432291705, "education_HS-grad": 0.015296866390044394, "hours-per-week": 0.010345147492621942}}}