{"instance_id": 8520, "quadrant": "FP", "true_label": 0, "prediction": 1, "prediction_correct": false, "metrics": {"cost": 43616.29705800442, "sparsity": 0.09259259259259259, "fidelity": 0.9323790159094962, "faithfulness_gap": 0.6200171393350673, "stability": 0.9509352694713045}, "explanation": {"top_features": ["workclass_Federal-gov: 0.1263", "occupation_Prof-specialty: 0.1211", "marital-status_Married-civ-spouse: 0.1010", "education-num: 0.0694", "hours-per-week: 0.0344", "fnlwgt: 0.0329", "relationship_Husband: 0.0306", "marital-status_Never-married: 0.0112", "age: 0.0096", "education_HS-grad: 0.0089"], "raw_top": {"workclass_Federal-gov": 0.12631645260377541, "occupation_Prof-specialty": 0.12111836463565236, "marital-status_Married-civ-spouse": 0.10104244473843117, "education-num": 0.0694485458187932, "hours-per-week": 0.034421570973412016, "fnlwgt": 0.03287622352480111, "relationship_Husband": 0.03064375110306889, "marital-status_Never-married": 0.01116511764840612, "age": 0.009566122877424294, "education_HS-grad": 0.00887624853383473}}}