{"instance_id": 8794, "quadrant": "TP", "true_label": 1, "prediction": 1, "prediction_correct": true, "metrics": {"cost": 45469.543351995526, "sparsity": 0.09259259259259259, "fidelity": 0.9867612549711907, "faithfulness_gap": 0.8198622157880453, "stability": 0.9882520404232167}, "explanation": {"top_features": ["capital-gain: 0.3555", "occupation_Exec-managerial: 0.1223", "relationship_Wife: 0.0850", "marital-status_Married-civ-spouse: 0.0754", "education-num: 0.0647", "hours-per-week: 0.0331", "education_HS-grad: 0.0135", "marital-status_Never-married: 0.0079", "relationship_Not-in-family: 0.0019", "age: 0.0018"], "raw_top": {"capital-gain": 0.3554895692632089, "occupation_Exec-managerial": 0.1222838477364983, "relationship_Wife": 0.08499425691832174, "marital-status_Married-civ-spouse": 0.07538615389875955, "education-num": 0.06472351350247384, "hours-per-week": 0.033062309962214355, "education_HS-grad": 0.01348748482061687, "marital-status_Never-married": 0.007872911894008898, "relationship_Not-in-family": 0.0019057130508369578, "age": 0.0018405792734971227}}}