{"instance_id": 8813, "quadrant": "TP", "true_label": 1, "prediction": 1, "prediction_correct": true, "metrics": {"cost": 42529.09448900027, "sparsity": 0.09259259259259259, "fidelity": 0.9939135776892093, "faithfulness_gap": 0.6319280833411968, "stability": 0.9625154489656578}, "explanation": {"top_features": ["education-num: 0.2268", "occupation_Exec-managerial: 0.1989", "marital-status_Married-civ-spouse: 0.1079", "relationship_Husband: 0.0551", "age: -0.0503", "capital-gain: -0.0328", "education_HS-grad: 0.0191", "marital-status_Never-married: 0.0173", "education_Masters: 0.0166", "relationship_Not-in-family: 0.0099"], "raw_top": {"education-num": 0.22681512024458972, "occupation_Exec-managerial": 0.19887407979745023, "marital-status_Married-civ-spouse": 0.10788400940683816, "relationship_Husband": 0.05507631227253067, "age": -0.05028589465552491, "capital-gain": -0.03281510288522138, "education_HS-grad": 0.019093974753100002, "marital-status_Never-married": 0.017318747661246442, "education_Masters": 0.016603166088874712, "relationship_Not-in-family": 0.009851420033286071}}}