{"instance_id": 8815, "quadrant": "TN", "true_label": 0, "prediction": 0, "prediction_correct": true, "metrics": {"cost": 52352.530497999396, "sparsity": 0.09259259259259259, "fidelity": 0.6880378465964293, "faithfulness_gap": 0.06706022518841014, "stability": 0.9210346906895688}, "explanation": {"top_features": ["education-num: -0.0643", "age: -0.0394", "capital-gain: -0.0181", "marital-status_Married-civ-spouse: 0.0181", "relationship_Husband: -0.0169", "hours-per-week: 0.0150", "capital-loss: -0.0085", "workclass_nan: -0.0079", "occupation_nan: -0.0079", "relationship_Own-child: -0.0044"], "raw_top": {"education-num": -0.06426978055764535, "age": -0.03939111763642193, "capital-gain": -0.018106365474482383, "marital-status_Married-civ-spouse": 0.0180970578897367, "relationship_Husband": -0.016927790788003556, "hours-per-week": 0.01497377340520098, "capital-loss": -0.008494729085923134, "workclass_nan": -0.007942894631387327, "occupation_nan": -0.007878639704765746, "relationship_Own-child": -0.0043946012569803525}}}