{"instance_id": 8864, "quadrant": "TN", "true_label": 0, "prediction": 0, "prediction_correct": true, "metrics": {"cost": 60505.12136996258, "sparsity": 0.09259259259259259, "fidelity": 0.8586252420253284, "faithfulness_gap": 0.013227581428266966, "stability": 0.9353745073396069}, "explanation": {"top_features": ["occupation_Exec-managerial: 0.0726", "marital-status_Married-civ-spouse: -0.0651", "workclass_Federal-gov: 0.0521", "relationship_Other-relative: -0.0375", "relationship_Husband: -0.0374", "marital-status_Never-married: -0.0274", "workclass_Private: -0.0250", "education-num: -0.0248", "capital-gain: -0.0209", "capital-loss: -0.0154"], "raw_top": {"occupation_Exec-managerial": 0.07259593601718489, "marital-status_Married-civ-spouse": -0.06508908734954706, "workclass_Federal-gov": 0.052096427538439585, "relationship_Other-relative": -0.0374593656296132, "relationship_Husband": -0.03740026818457257, "marital-status_Never-married": -0.02743043716031285, "workclass_Private": -0.025043444473828336, "education-num": -0.02484736374556178, "capital-gain": -0.020938942377369187, "capital-loss": -0.01538955272502078}}}