{"instance_id": 8868, "quadrant": "TP", "true_label": 1, "prediction": 1, "prediction_correct": true, "metrics": {"cost": 47927.1381619983, "sparsity": 0.09259259259259259, "fidelity": 0.9773090684949282, "faithfulness_gap": 0.38356680144909383, "stability": 0.9724615887334765}, "explanation": {"top_features": ["capital-loss: 0.2397", "age: -0.0975", "marital-status_Married-civ-spouse: 0.0847", "fnlwgt: 0.0707", "education-num: -0.0571", "relationship_Husband: 0.0451", "occupation_Craft-repair: -0.0229", "education_HS-grad: 0.0222", "capital-gain: -0.0172", "marital-status_Never-married: 0.0133"], "raw_top": {"capital-loss": 0.23967916068159228, "age": -0.09749373657189314, "marital-status_Married-civ-spouse": 0.08474202104488487, "fnlwgt": 0.07072669940867479, "education-num": -0.05706747331298267, "relationship_Husband": 0.04507967188770214, "occupation_Craft-repair": -0.02293593956635087, "education_HS-grad": 0.02218001458798738, "capital-gain": -0.017234636302356776, "marital-status_Never-married": 0.013290557806987614}}}