{"instance_id": 8952, "quadrant": "FN", "true_label": 1, "prediction": 0, "prediction_correct": false, "metrics": {"cost": 44025.433740986045, "sparsity": 0.09259259259259259, "fidelity": 0.9155180573006385, "faithfulness_gap": 0.003892031843658328, "stability": 0.8029619793791983}, "explanation": {"top_features": ["education-num: -0.0748", "marital-status_Married-civ-spouse: 0.0364", "capital-gain: -0.0343", "relationship_Husband: 0.0256", "hours-per-week: 0.0253", "capital-loss: -0.0248", "occupation_Sales: 0.0213", "education_HS-grad: -0.0166", "education_Bachelors: -0.0159", "marital-status_Never-married: 0.0083"], "raw_top": {"education-num": -0.07478397336163667, "marital-status_Married-civ-spouse": 0.03637088361311274, "capital-gain": -0.03426285309356059, "relationship_Husband": 0.0256193252245675, "hours-per-week": 0.02531026736473314, "capital-loss": -0.024841134430413435, "occupation_Sales": 0.02130317577895971, "education_HS-grad": -0.016609865638169418, "education_Bachelors": -0.015908634443167445, "marital-status_Never-married": 0.008251082930765256}}}