{"instance_id": 9028, "quadrant": "TN", "true_label": 0, "prediction": 0, "prediction_correct": true, "metrics": {"cost": 48387.387246999424, "sparsity": 0.09259259259259259, "fidelity": 0.9101412115893871, "faithfulness_gap": 0.01522538570213404, "stability": 0.9469198710480057}, "explanation": {"top_features": ["age: -0.1094", "relationship_Wife: 0.0754", "marital-status_Married-civ-spouse: 0.0344", "capital-gain: -0.0252", "occupation_Adm-clerical: 0.0245", "relationship_Husband: -0.0221", "fnlwgt: -0.0216", "education-num: -0.0188", "capital-loss: -0.0169", "education_Bachelors: -0.0127"], "raw_top": {"age": -0.10935154049492762, "relationship_Wife": 0.07543467789234833, "marital-status_Married-civ-spouse": 0.03444250303844184, "capital-gain": -0.02521030442837686, "occupation_Adm-clerical": 0.024461653635193426, "relationship_Husband": -0.02212769646484204, "fnlwgt": -0.02162453589993298, "education-num": -0.018849617525019218, "capital-loss": -0.016944090085113318, "education_Bachelors": -0.012709061318997895}}}