{"instance_id": 9061, "quadrant": "FP", "true_label": 0, "prediction": 1, "prediction_correct": false, "metrics": {"cost": 58931.230947957374, "sparsity": 0.09259259259259259, "fidelity": 0.8765103673163389, "faithfulness_gap": 0.6620454531704134, "stability": 0.9654153777398243}, "explanation": {"top_features": ["capital-loss: 0.2083", "education-num: 0.1428", "marital-status_Married-civ-spouse: 0.1139", "occupation_Prof-specialty: 0.0941", "relationship_Husband: 0.0617", "native-country_United-States: -0.0448", "age: -0.0305", "workclass_Private: -0.0258", "workclass_Federal-gov: 0.0220", "marital-status_Never-married: 0.0179"], "raw_top": {"capital-loss": 0.20832363936446022, "education-num": 0.1428058234651344, "marital-status_Married-civ-spouse": 0.11387035262023322, "occupation_Prof-specialty": 0.09409124993790473, "relationship_Husband": 0.06168262297542282, "native-country_United-States": -0.0447748334081022, "age": -0.030514154016415742, "workclass_Private": -0.02584572476581437, "workclass_Federal-gov": 0.022001495230548142, "marital-status_Never-married": 0.017860931107055056}}}