{"instance_id": 9099, "quadrant": "FP", "true_label": 0, "prediction": 1, "prediction_correct": false, "metrics": {"cost": 60024.30247905431, "sparsity": 0.09259259259259259, "fidelity": 0.950188290405813, "faithfulness_gap": 0.6521481367770428, "stability": 0.9474126596718148}, "explanation": {"top_features": ["education-num: 0.1848", "occupation_Exec-managerial: 0.1578", "marital-status_Married-civ-spouse: 0.1112", "relationship_Husband: 0.0537", "age: 0.0269", "education_HS-grad: 0.0193", "marital-status_Never-married: 0.0121", "fnlwgt: 0.0084", "relationship_Own-child: 0.0045", "relationship_Not-in-family: 0.0018"], "raw_top": {"education-num": 0.18483168281491139, "occupation_Exec-managerial": 0.1578475118848712, "marital-status_Married-civ-spouse": 0.11115921072700806, "relationship_Husband": 0.053727111875252566, "age": 0.026850828404942944, "education_HS-grad": 0.019256510644045984, "marital-status_Never-married": 0.012123848059898558, "fnlwgt": 0.00835601662220832, "relationship_Own-child": 0.004525377141870277, "relationship_Not-in-family": 0.0018004672854899928}}}