{"instance_id": 9107, "quadrant": "TP", "true_label": 1, "prediction": 1, "prediction_correct": true, "metrics": {"cost": 37714.34889700322, "sparsity": 0.09259259259259259, "fidelity": 0.9516534038429931, "faithfulness_gap": 0.3660599695765592, "stability": 0.8681914423105151}, "explanation": {"top_features": ["education-num: 0.1530", "marital-status_Married-civ-spouse: 0.0776", "occupation_Craft-repair: -0.0574", "relationship_Husband: 0.0496", "hours-per-week: 0.0408", "capital-gain: -0.0406", "education_Bachelors: 0.0143", "education_HS-grad: 0.0103", "workclass_Self-emp-inc: 0.0099", "marital-status_Never-married: 0.0084"], "raw_top": {"education-num": 0.15298871098156444, "marital-status_Married-civ-spouse": 0.07763261442380329, "occupation_Craft-repair": -0.057350066947971214, "relationship_Husband": 0.049581110338444825, "hours-per-week": 0.04083004119510571, "capital-gain": -0.04060079366643425, "education_Bachelors": 0.014253809802416027, "education_HS-grad": 0.010289925321998523, "workclass_Self-emp-inc": 0.009937688135991381, "marital-status_Never-married": 0.008424874979383656}}}