{"instance_id": 9135, "quadrant": "TP", "true_label": 1, "prediction": 1, "prediction_correct": true, "metrics": {"cost": 43467.77860299335, "sparsity": 0.09259259259259259, "fidelity": 0.9661001415199639, "faithfulness_gap": 0.5140346054899698, "stability": 0.9257178784796423}, "explanation": {"top_features": ["relationship_Wife: 0.1583", "occupation_Tech-support: 0.1400", "marital-status_Married-civ-spouse: 0.0933", "education-num: 0.0684", "capital-gain: -0.0331", "relationship_Husband: -0.0286", "hours-per-week: -0.0213", "education_HS-grad: 0.0204", "fnlwgt: 0.0194", "marital-status_Never-married: 0.0099"], "raw_top": {"relationship_Wife": 0.1582512547598029, "occupation_Tech-support": 0.14003310152862297, "marital-status_Married-civ-spouse": 0.09326680506466441, "education-num": 0.06837033718298555, "capital-gain": -0.03310580137944007, "relationship_Husband": -0.028642846613226657, "hours-per-week": -0.021251598892788787, "education_HS-grad": 0.020367481930105943, "fnlwgt": 0.019377125572196743, "marital-status_Never-married": 0.009885461521964567}}}