{"instance_id": 9138, "quadrant": "FN", "true_label": 1, "prediction": 0, "prediction_correct": false, "metrics": {"cost": 38830.810270039365, "sparsity": 0.09259259259259259, "fidelity": 0.9699589156681839, "faithfulness_gap": 0.11304446064481741, "stability": 0.9485481535769786}, "explanation": {"top_features": ["age: -0.1076", "workclass_Federal-gov: 0.1031", "occupation_Adm-clerical: 0.0605", "fnlwgt: -0.0544", "marital-status_Married-civ-spouse: 0.0479", "capital-gain: -0.0295", "capital-loss: -0.0199", "relationship_Husband: 0.0198", "education_Some-college: 0.0152", "education-num: -0.0131"], "raw_top": {"age": -0.10758444628572203, "workclass_Federal-gov": 0.10306228098487029, "occupation_Adm-clerical": 0.06050804106238933, "fnlwgt": -0.054436618795762864, "marital-status_Married-civ-spouse": 0.04791825986893111, "capital-gain": -0.02947201351040461, "capital-loss": -0.01991654928213461, "relationship_Husband": 0.019816183135192234, "education_Some-college": 0.015216297009495576, "education-num": -0.01309756744672997}}}