{"instance_id": 9179, "quadrant": "TP", "true_label": 1, "prediction": 1, "prediction_correct": true, "metrics": {"cost": 40101.48180300166, "sparsity": 0.09259259259259259, "fidelity": 0.9870316053908095, "faithfulness_gap": 0.8603271458796843, "stability": 0.9825626506383723}, "explanation": {"top_features": ["capital-gain: 0.3139", "education-num: 0.1684", "relationship_Wife: 0.1122", "occupation_Prof-specialty: 0.0776", "marital-status_Married-civ-spouse: 0.0762", "education_Masters: 0.0106", "marital-status_Never-married: 0.0057", "sex_Female: 0.0030", "education_HS-grad: 0.0030", "relationship_Not-in-family: 0.0016"], "raw_top": {"capital-gain": 0.3138576481044297, "education-num": 0.16840718086476603, "relationship_Wife": 0.11222707350958962, "occupation_Prof-specialty": 0.07762662309948572, "marital-status_Married-civ-spouse": 0.07621262908646204, "education_Masters": 0.010647963468520516, "marital-status_Never-married": 0.005708531209574258, "sex_Female": 0.003042883735447955, "education_HS-grad": 0.00303079438322305, "relationship_Not-in-family": 0.0016101918693393058}}}