{"instance_id": 9235, "quadrant": "FN", "true_label": 1, "prediction": 0, "prediction_correct": false, "metrics": {"cost": 48576.67853299063, "sparsity": 0.09259259259259259, "fidelity": 0.9097727339383831, "faithfulness_gap": 0.02506219304457219, "stability": 0.794437686118718}, "explanation": {"top_features": ["education-num: -0.0635", "marital-status_Married-civ-spouse: 0.0344", "capital-gain: -0.0339", "capital-loss: -0.0196", "age: 0.0151", "relationship_Husband: 0.0142", "education_HS-grad: -0.0108", "occupation_Craft-repair: -0.0106", "workclass_Private: -0.0085", "education_Bachelors: -0.0057"], "raw_top": {"education-num": -0.06346569018649936, "marital-status_Married-civ-spouse": 0.03436142200306289, "capital-gain": -0.03390191904004988, "capital-loss": -0.019558759298013935, "age": 0.01511714436363309, "relationship_Husband": 0.014200980751619293, "education_HS-grad": -0.010817282407740651, "occupation_Craft-repair": -0.010571621517284977, "workclass_Private": -0.008507194867631022, "education_Bachelors": -0.005722507270070301}}}