{"instance_id": 9260, "quadrant": "FP", "true_label": 0, "prediction": 1, "prediction_correct": false, "metrics": {"cost": 33822.05184304621, "sparsity": 0.09259259259259259, "fidelity": 0.9829686568579319, "faithfulness_gap": 0.6983352146635002, "stability": 0.9657953858789237}, "explanation": {"top_features": ["education-num: 0.2135", "occupation_Prof-specialty: 0.1593", "marital-status_Married-civ-spouse: 0.1071", "relationship_Husband: 0.0640", "age: 0.0481", "capital-gain: -0.0310", "education_Bachelors: 0.0270", "workclass_Private: -0.0264", "education_HS-grad: 0.0148", "marital-status_Never-married: 0.0105"], "raw_top": {"education-num": 0.2135041712501904, "occupation_Prof-specialty": 0.15930917421177912, "marital-status_Married-civ-spouse": 0.1071254829066255, "relationship_Husband": 0.06395883709157978, "age": 0.04806464467743764, "capital-gain": -0.0309519965087662, "education_Bachelors": 0.02697165512596174, "workclass_Private": -0.0264396288071419, "education_HS-grad": 0.014774197367223919, "marital-status_Never-married": 0.010460757077908282}}}