{"instance_id": 9498, "quadrant": "TP", "true_label": 1, "prediction": 1, "prediction_correct": true, "metrics": {"cost": 42089.62739499111, "sparsity": 0.09259259259259259, "fidelity": 0.9988834795437503, "faithfulness_gap": 0.8071300735492859, "stability": 0.9996730367608784}, "explanation": {"top_features": ["capital-gain: 0.8297", "marital-status_Married-civ-spouse: -0.0323", "relationship_Husband: -0.0169", "marital-status_Divorced: -0.0105", "hours-per-week: 0.0069", "occupation_Craft-repair: 0.0063", "education-num: -0.0059", "age: 0.0037", "relationship_Not-in-family: -0.0036", "education_Some-college: 0.0036"], "raw_top": {"capital-gain": 0.829665239533843, "marital-status_Married-civ-spouse": -0.03225044060606071, "relationship_Husband": -0.016868476312271768, "marital-status_Divorced": -0.010522288016859671, "hours-per-week": 0.006869461273031989, "occupation_Craft-repair": 0.0063192585540808284, "education-num": -0.0059396862574553665, "age": 0.003742566535425654, "relationship_Not-in-family": -0.0036155513674012638, "education_Some-college": 0.0035659556556496552}}}