{"instance_id": 9558, "quadrant": "FN", "true_label": 1, "prediction": 0, "prediction_correct": false, "metrics": {"cost": 46696.503993996885, "sparsity": 0.09259259259259259, "fidelity": 0.8824081933560988, "faithfulness_gap": 0.036628463432089184, "stability": 0.9016570226945128}, "explanation": {"top_features": ["hours-per-week: -0.0841", "occupation_Sales: 0.0287", "capital-loss: -0.0236", "capital-gain: -0.0234", "marital-status_Married-civ-spouse: 0.0226", "education-num: -0.0172", "relationship_Husband: 0.0149", "age: -0.0115", "education_Bachelors: -0.0097", "fnlwgt: -0.0060"], "raw_top": {"hours-per-week": -0.08414541787355966, "occupation_Sales": 0.028748932198739016, "capital-loss": -0.023638641646479622, "capital-gain": -0.02336384151219061, "marital-status_Married-civ-spouse": 0.02264080181833665, "education-num": -0.01718847729966384, "relationship_Husband": 0.014899616831091067, "age": -0.011455743083222501, "education_Bachelors": -0.00965027790764708, "fnlwgt": -0.006039155214518227}}}