{"instance_id": 9580, "quadrant": "FP", "true_label": 0, "prediction": 1, "prediction_correct": false, "metrics": {"cost": 36437.91371502448, "sparsity": 0.09259259259259259, "fidelity": 0.984090563345071, "faithfulness_gap": 0.4922633573515241, "stability": 0.9444758988284195}, "explanation": {"top_features": ["occupation_Tech-support: 0.2212", "marital-status_Married-civ-spouse: 0.0868", "hours-per-week: 0.0655", "relationship_Husband: 0.0431", "capital-gain: -0.0412", "fnlwgt: 0.0340", "age: 0.0219", "education_HS-grad: 0.0179", "marital-status_Never-married: 0.0122", "education-num: 0.0068"], "raw_top": {"occupation_Tech-support": 0.22118156623517982, "marital-status_Married-civ-spouse": 0.0868172823827074, "hours-per-week": 0.0654668384313882, "relationship_Husband": 0.04308197820381029, "capital-gain": -0.04120520042154985, "fnlwgt": 0.03396173918310387, "age": 0.02189156728139109, "education_HS-grad": 0.017920981233427162, "marital-status_Never-married": 0.012178162453115348, "education-num": 0.006826781359524905}}}