{"instance_id": 971, "quadrant": "TP", "true_label": 1, "prediction": 1, "prediction_correct": true, "metrics": {"cost": 53135.24972801679, "sparsity": 0.09259259259259259, "fidelity": 0.9726532140206671, "faithfulness_gap": 0.7405390104774832, "stability": 0.9983421532931969}, "explanation": {"top_features": ["capital-gain: 0.5313", "education-num: 0.1327", "occupation_Prof-specialty: 0.0401", "marital-status_Married-civ-spouse: 0.0395", "relationship_Husband: 0.0210", "workclass_Self-emp-not-inc: -0.0170", "education_Prof-school: 0.0136", "marital-status_Never-married: 0.0119", "capital-loss: -0.0111", "relationship_Own-child: 0.0041"], "raw_top": {"capital-gain": 0.5313190801158227, "education-num": 0.13269332995670155, "occupation_Prof-specialty": 0.040127753965055954, "marital-status_Married-civ-spouse": 0.03951183710823005, "relationship_Husband": 0.020975713306567893, "workclass_Self-emp-not-inc": -0.016954975410975816, "education_Prof-school": 0.013577833273712515, "marital-status_Never-married": 0.011898484129692029, "capital-loss": -0.011065462087598177, "relationship_Own-child": 0.004056210843038776}}}