{"instance_id": 973, "quadrant": "TP", "true_label": 1, "prediction": 1, "prediction_correct": true, "metrics": {"cost": 42914.21448299661, "sparsity": 0.09259259259259259, "fidelity": 0.9685153436245852, "faithfulness_gap": 0.6804593212980837, "stability": 0.9757048527807937}, "explanation": {"top_features": ["education-num: 0.1668", "relationship_Wife: 0.1635", "marital-status_Married-civ-spouse: 0.0959", "occupation_Adm-clerical: 0.0580", "workclass_Local-gov: 0.0326", "workclass_Private: 0.0193", "sex_Female: 0.0151", "fnlwgt: 0.0113", "sex_Male: 0.0103", "education_Bachelors: 0.0083"], "raw_top": {"education-num": 0.16679558401703562, "relationship_Wife": 0.1634643022548896, "marital-status_Married-civ-spouse": 0.09591466657562192, "occupation_Adm-clerical": 0.05803711901357938, "workclass_Local-gov": 0.03264882107612351, "workclass_Private": 0.019265594664516328, "sex_Female": 0.01505731158090538, "fnlwgt": 0.011315460358454849, "sex_Male": 0.010331986738039804, "education_Bachelors": 0.008305171640619835}}}