{"instance_id": 9741, "quadrant": "FN", "true_label": 1, "prediction": 0, "prediction_correct": false, "metrics": {"cost": 43413.84103195742, "sparsity": 0.09259259259259259, "fidelity": 0.9596517405503928, "faithfulness_gap": 0.16380513736445895, "stability": 0.8922723236100644}, "explanation": {"top_features": ["capital-gain: 0.1278", "marital-status_Married-civ-spouse: 0.0549", "occupation_Machine-op-inspct: -0.0521", "relationship_Husband: 0.0257", "workclass_Self-emp-not-inc: -0.0231", "capital-loss: -0.0180", "education_Some-college: -0.0168", "fnlwgt: -0.0119", "workclass_Private: -0.0109", "education-num: -0.0102"], "raw_top": {"capital-gain": 0.1278407812470519, "marital-status_Married-civ-spouse": 0.054908720033182944, "occupation_Machine-op-inspct": -0.052107479473574164, "relationship_Husband": 0.02572517694908298, "workclass_Self-emp-not-inc": -0.023103690438350227, "capital-loss": -0.018035009204210535, "education_Some-college": -0.01680408985924693, "fnlwgt": -0.011857087834357514, "workclass_Private": -0.010882229930667687, "education-num": -0.010155177195147289}}}