{"instance_id": 1035, "quadrant": "TN", "true_label": 0, "prediction": 0, "prediction_correct": true, "metrics": {"cost": 49219.169243995566, "sparsity": 0.09259259259259259, "fidelity": 0.4008600543753536, "faithfulness_gap": 0.03472520793601297, "stability": 0.9011931926934247}, "explanation": {"top_features": ["age: -0.0360", "marital-status_Married-civ-spouse: -0.0338", "education-num: -0.0282", "occupation_Craft-repair: 0.0194", "capital-gain: -0.0153", "relationship_Husband: -0.0144", "marital-status_Never-married: -0.0107", "capital-loss: -0.0068", "fnlwgt: -0.0037", "education_Bachelors: -0.0029"], "raw_top": {"age": -0.03596933662215897, "marital-status_Married-civ-spouse": -0.03384978632862891, "education-num": -0.028224023432234707, "occupation_Craft-repair": 0.019445915065558598, "capital-gain": -0.015276778982489466, "relationship_Husband": -0.014449701241346513, "marital-status_Never-married": -0.010700305664070854, "capital-loss": -0.006783863977990023, "fnlwgt": -0.003651960487462274, "education_Bachelors": -0.002914308236061647}}}