{"instance_id": 1219, "quadrant": "FP", "true_label": 0, "prediction": 1, "prediction_correct": false, "metrics": {"cost": 42205.26588699431, "sparsity": 0.09259259259259259, "fidelity": 0.9741578514710985, "faithfulness_gap": 0.473529729007625, "stability": 0.9290938716693279}, "explanation": {"top_features": ["occupation_Prof-specialty: 0.1705", "education-num: 0.1281", "marital-status_Married-civ-spouse: 0.0922", "relationship_Husband: 0.0425", "capital-gain: -0.0346", "age: -0.0287", "hours-per-week: 0.0161", "education_HS-grad: 0.0140", "fnlwgt: 0.0124", "marital-status_Never-married: 0.0088"], "raw_top": {"occupation_Prof-specialty": 0.17047296837995882, "education-num": 0.12810959164571067, "marital-status_Married-civ-spouse": 0.09224388705717326, "relationship_Husband": 0.04245987838438919, "capital-gain": -0.03458888470780865, "age": -0.028732119425970284, "hours-per-week": 0.01605543399068303, "education_HS-grad": 0.013990451400975865, "fnlwgt": 0.012415194094648882, "marital-status_Never-married": 0.00878082042575995}}}