{"instance_id": 166, "quadrant": "FN", "true_label": 1, "prediction": 0, "prediction_correct": false, "metrics": {"cost": 47002.03179899836, "sparsity": 0.09259259259259259, "fidelity": 0.9516963826746809, "faithfulness_gap": 0.09568754967989943, "stability": 0.8106902637248536}, "explanation": {"top_features": ["occupation_Other-service: -0.0891", "marital-status_Married-civ-spouse: 0.0365", "capital-gain: -0.0301", "hours-per-week: -0.0281", "capital-loss: -0.0260", "age: 0.0249", "relationship_Husband: 0.0162", "education_Some-college: 0.0116", "education-num: -0.0105", "fnlwgt: 0.0050"], "raw_top": {"occupation_Other-service": -0.08913531545987519, "marital-status_Married-civ-spouse": 0.036541074555907146, "capital-gain": -0.030078749897027635, "hours-per-week": -0.028071376384988165, "capital-loss": -0.026011726874731037, "age": 0.024937645551038376, "relationship_Husband": 0.0162080765829926, "education_Some-college": 0.011587008150872775, "education-num": -0.010506164336102509, "fnlwgt": 0.005009905238678419}}}