{"instance_id": 1700, "quadrant": "FN", "true_label": 1, "prediction": 0, "prediction_correct": false, "metrics": {"cost": 36444.11135601695, "sparsity": 0.09259259259259259, "fidelity": 0.8448209876608861, "faithfulness_gap": 0.09134010661448569, "stability": 0.6382829678209622}, "explanation": {"top_features": ["workclass_Self-emp-not-inc: -0.0407", "marital-status_Married-civ-spouse: 0.0365", "capital-gain: -0.0310", "capital-loss: -0.0241", "fnlwgt: -0.0204", "hours-per-week: 0.0201", "age: 0.0190", "education-num: -0.0184", "occupation_Craft-repair: -0.0136", "workclass_Private: -0.0099"], "raw_top": {"workclass_Self-emp-not-inc": -0.04070432122665705, "marital-status_Married-civ-spouse": 0.036457554045705054, "capital-gain": -0.0310012604694743, "capital-loss": -0.024061871266898693, "fnlwgt": -0.020378501306249148, "hours-per-week": 0.0201475765064672, "age": 0.018957982339892585, "education-num": -0.018388585046734796, "occupation_Craft-repair": -0.013588585214378326, "workclass_Private": -0.0098964382153517}}}