{"instance_id": 18, "quadrant": "TN", "true_label": 0, "prediction": 0, "prediction_correct": true, "metrics": {"cost": 56017.90082399384, "sparsity": 0.09259259259259259, "fidelity": 0.31451333253105873, "faithfulness_gap": 0.018351329897803165, "stability": 0.913502007115742}, "explanation": {"top_features": ["age: -0.0314", "marital-status_Married-civ-spouse: -0.0248", "relationship_Husband: -0.0214", "capital-gain: -0.0160", "education-num: -0.0134", "workclass_Private: -0.0121", "marital-status_Never-married: -0.0110", "relationship_Own-child: -0.0090", "capital-loss: -0.0087", "occupation_Other-service: -0.0085"], "raw_top": {"age": -0.031367999987760825, "marital-status_Married-civ-spouse": -0.02475338060275981, "relationship_Husband": -0.021371019897964878, "capital-gain": -0.01603001754110071, "education-num": -0.013388707248189885, "workclass_Private": -0.012057906848653209, "marital-status_Never-married": -0.011021917237464252, "relationship_Own-child": -0.008952301780104869, "capital-loss": -0.008700503865939282, "occupation_Other-service": -0.008489100812114153}}}