{"instance_id": 1833, "quadrant": "FP", "true_label": 0, "prediction": 1, "prediction_correct": false, "metrics": {"cost": 83593.15609099576, "sparsity": 0.09259259259259259, "fidelity": 0.9648429489748833, "faithfulness_gap": 0.6484665650249996, "stability": 0.9645992001620045}, "explanation": {"top_features": ["capital-loss: 0.1958", "occupation_Exec-managerial: 0.1504", "marital-status_Married-civ-spouse: 0.0936", "hours-per-week: 0.0900", "relationship_Husband: 0.0577", "age: -0.0487", "education-num: -0.0444", "capital-gain: -0.0184", "marital-status_Never-married: 0.0148", "relationship_Not-in-family: 0.0094"], "raw_top": {"capital-loss": 0.195753781534638, "occupation_Exec-managerial": 0.15037420915324762, "marital-status_Married-civ-spouse": 0.09363940864095086, "hours-per-week": 0.0899874289417482, "relationship_Husband": 0.05767671697583273, "age": -0.04874891179341454, "education-num": -0.044391016557186476, "capital-gain": -0.01844920384789228, "marital-status_Never-married": 0.014836451784977278, "relationship_Not-in-family": 0.009442133965044473}}}