{"instance_id": 2146, "quadrant": "TP", "true_label": 1, "prediction": 1, "prediction_correct": true, "metrics": {"cost": 76124.14038799761, "sparsity": 0.09259259259259259, "fidelity": 0.9853674691942904, "faithfulness_gap": 0.7482716774737734, "stability": 0.9760373727267342}, "explanation": {"top_features": ["education-num: 0.1837", "occupation_Exec-managerial: 0.1800", "marital-status_Married-civ-spouse: 0.1037", "relationship_Husband: 0.0696", "hours-per-week: 0.0531", "workclass_Self-emp-inc: 0.0297", "education_HS-grad: 0.0200", "marital-status_Never-married: 0.0167", "age: 0.0146", "relationship_Not-in-family: 0.0063"], "raw_top": {"education-num": 0.1837327444800607, "occupation_Exec-managerial": 0.1799506709956606, "marital-status_Married-civ-spouse": 0.10367917599828924, "relationship_Husband": 0.06955721387373824, "hours-per-week": 0.05305959088952555, "workclass_Self-emp-inc": 0.02969405574931869, "education_HS-grad": 0.02004987251023452, "marital-status_Never-married": 0.01666222379436788, "age": 0.014550882615527075, "relationship_Not-in-family": 0.0062523208008137265}}}