{"instance_id": 2391, "quadrant": "FP", "true_label": 0, "prediction": 1, "prediction_correct": false, "metrics": {"cost": 63330.07503498811, "sparsity": 0.09259259259259259, "fidelity": 0.9836476369386928, "faithfulness_gap": 0.7438734822074478, "stability": 0.9749428242105344}, "explanation": {"top_features": ["occupation_Exec-managerial: 0.2103", "education-num: 0.1731", "marital-status_Married-civ-spouse: 0.1099", "relationship_Husband: 0.0655", "hours-per-week: 0.0470", "age: 0.0365", "education_HS-grad: 0.0186", "marital-status_Never-married: 0.0177", "education_Bachelors: 0.0166", "relationship_Own-child: 0.0084"], "raw_top": {"occupation_Exec-managerial": 0.2102617119915175, "education-num": 0.17312447272550888, "marital-status_Married-civ-spouse": 0.10994584610077056, "relationship_Husband": 0.06546370786297921, "hours-per-week": 0.04704110733503072, "age": 0.0364794259171422, "education_HS-grad": 0.018565330467886353, "marital-status_Never-married": 0.017664839803787427, "education_Bachelors": 0.016620681958429247, "relationship_Own-child": 0.008446604085784681}}}