{"instance_id": 320, "quadrant": "TN", "true_label": 0, "prediction": 0, "prediction_correct": true, "metrics": {"cost": 60821.55069099099, "sparsity": 0.09259259259259259, "fidelity": 0.9053793345693547, "faithfulness_gap": 0.05496643089086653, "stability": 0.9387674651034443}, "explanation": {"top_features": ["marital-status_Married-civ-spouse: -0.0842", "occupation_Exec-managerial: 0.0814", "relationship_Husband: -0.0363", "marital-status_Never-married: -0.0279", "relationship_Not-in-family: -0.0221", "capital-gain: -0.0216", "education_Some-college: 0.0195", "age: -0.0152", "capital-loss: -0.0093", "sex_Female: -0.0043"], "raw_top": {"marital-status_Married-civ-spouse": -0.0841738651125987, "occupation_Exec-managerial": 0.08142135640512191, "relationship_Husband": -0.03629382302793103, "marital-status_Never-married": -0.027919745855527908, "relationship_Not-in-family": -0.022051628887256213, "capital-gain": -0.021575821059859963, "education_Some-college": 0.019537007751291826, "age": -0.015165327513810448, "capital-loss": -0.009299701430731437, "sex_Female": -0.004297006967496159}}}