{"instance_id": 4078, "quadrant": "FP", "true_label": 0, "prediction": 1, "prediction_correct": false, "metrics": {"cost": 43658.060740999645, "sparsity": 0.09259259259259259, "fidelity": 0.984706528705135, "faithfulness_gap": 0.49827879660590607, "stability": 0.9635383463502356}, "explanation": {"top_features": ["capital-gain: 0.3251", "marital-status_Married-civ-spouse: 0.0736", "hours-per-week: 0.0608", "education-num: 0.0490", "education_Assoc-voc: -0.0443", "age: -0.0328", "fnlwgt: -0.0274", "relationship_Husband: 0.0272", "occupation_Craft-repair: -0.0169", "marital-status_Never-married: 0.0115"], "raw_top": {"capital-gain": 0.32512532129723026, "marital-status_Married-civ-spouse": 0.07360730099593882, "hours-per-week": 0.060764941560527835, "education-num": 0.04898081063074449, "education_Assoc-voc": -0.04431059153912298, "age": -0.032768416084003604, "fnlwgt": -0.027387828502910123, "relationship_Husband": 0.02724614387524862, "occupation_Craft-repair": -0.016901940293530388, "marital-status_Never-married": 0.01153090152262154}}}