{"instance_id": 4264, "quadrant": "TN", "true_label": 0, "prediction": 0, "prediction_correct": true, "metrics": {"cost": 52198.98546299373, "sparsity": 0.09259259259259259, "fidelity": 0.2789099486613481, "faithfulness_gap": 0.03755360787310897, "stability": 0.9555328887384009}, "explanation": {"top_features": ["hours-per-week: -0.0344", "marital-status_Married-civ-spouse: -0.0245", "age: -0.0229", "occupation_Handlers-cleaners: -0.0143", "capital-gain: -0.0134", "education-num: -0.0127", "relationship_Husband: -0.0111", "capital-loss: -0.0111", "marital-status_Never-married: -0.0082", "native-country_United-States: -0.0046"], "raw_top": {"hours-per-week": -0.03441992416554354, "marital-status_Married-civ-spouse": -0.024537239748373588, "age": -0.022947610256323095, "occupation_Handlers-cleaners": -0.014253441099116953, "capital-gain": -0.013358071786955436, "education-num": -0.01269308875771255, "relationship_Husband": -0.011145784598578295, "capital-loss": -0.011073686659509238, "marital-status_Never-married": -0.008173034685641008, "native-country_United-States": -0.004556819242788029}}}