{"instance_id": 427, "quadrant": "TP", "true_label": 1, "prediction": 1, "prediction_correct": true, "metrics": {"cost": 46391.804786995635, "sparsity": 0.09259259259259259, "fidelity": 0.9517542567310948, "faithfulness_gap": 0.6634784406639169, "stability": 0.9971097865399472}, "explanation": {"top_features": ["capital-gain: 0.4451", "education-num: 0.1001", "occupation_Exec-managerial: 0.0797", "marital-status_Married-civ-spouse: 0.0507", "hours-per-week: 0.0277", "relationship_Husband: 0.0254", "age: 0.0198", "workclass_Self-emp-inc: 0.0173", "marital-status_Never-married: 0.0087", "education_HS-grad: 0.0074"], "raw_top": {"capital-gain": 0.4450791664361275, "education-num": 0.10011119833295225, "occupation_Exec-managerial": 0.07968350220987684, "marital-status_Married-civ-spouse": 0.050704606521482586, "hours-per-week": 0.027652397755020302, "relationship_Husband": 0.02541776264603961, "age": 0.019783995959966712, "workclass_Self-emp-inc": 0.01732339195549653, "marital-status_Never-married": 0.008726141275901154, "education_HS-grad": 0.0073814287384249555}}}