{"instance_id": 4379, "quadrant": "FN", "true_label": 1, "prediction": 0, "prediction_correct": false, "metrics": {"cost": 36408.823942998424, "sparsity": 0.09259259259259259, "fidelity": 0.8881064998929108, "faithfulness_gap": 0.13081305184804004, "stability": 0.9563459590401668}, "explanation": {"top_features": ["occupation_Exec-managerial: 0.1362", "education-num: 0.0937", "marital-status_Married-civ-spouse: -0.0916", "relationship_Husband: -0.0615", "hours-per-week: 0.0455", "marital-status_Divorced: -0.0278", "relationship_Not-in-family: -0.0267", "education_Bachelors: -0.0248", "capital-gain: -0.0221", "capital-loss: -0.0084"], "raw_top": {"occupation_Exec-managerial": 0.13615138849104794, "education-num": 0.09373052814090439, "marital-status_Married-civ-spouse": -0.09160455897000302, "relationship_Husband": -0.06149895820092099, "hours-per-week": 0.04550599704145519, "marital-status_Divorced": -0.02783176052219827, "relationship_Not-in-family": -0.026709941825089737, "education_Bachelors": -0.024826492478802406, "capital-gain": -0.02214140906067604, "capital-loss": -0.008370717792337438}}}