{"instance_id": 4734, "quadrant": "FP", "true_label": 0, "prediction": 1, "prediction_correct": false, "metrics": {"cost": 41290.31755801407, "sparsity": 0.09259259259259259, "fidelity": 0.9853567542151678, "faithfulness_gap": 0.6154922299616863, "stability": 0.9562745853311891}, "explanation": {"top_features": ["occupation_Exec-managerial: 0.1961", "education-num: 0.1799", "marital-status_Married-civ-spouse: 0.0956", "age: -0.0817", "relationship_Husband: 0.0692", "hours-per-week: 0.0636", "education_Bachelors: 0.0220", "marital-status_Never-married: 0.0170", "education_HS-grad: 0.0147", "relationship_Own-child: 0.0065"], "raw_top": {"occupation_Exec-managerial": 0.196106884993974, "education-num": 0.17992808143259384, "marital-status_Married-civ-spouse": 0.09562857107741089, "age": -0.08165421163018732, "relationship_Husband": 0.06923281277129624, "hours-per-week": 0.06359019916312507, "education_Bachelors": 0.021984240063881694, "marital-status_Never-married": 0.017001198729387712, "education_HS-grad": 0.014658046931273495, "relationship_Own-child": 0.006488776749886571}}}