{"instance_id": 5194, "quadrant": "FN", "true_label": 1, "prediction": 0, "prediction_correct": false, "metrics": {"cost": 36570.321192004485, "sparsity": 0.09259259259259259, "fidelity": 0.9252533171310273, "faithfulness_gap": 0.34389189978629037, "stability": 0.9256464900792007}, "explanation": {"top_features": ["occupation_Tech-support: 0.1394", "workclass_Federal-gov: 0.1021", "age: 0.0590", "marital-status_Married-civ-spouse: 0.0587", "education-num: -0.0484", "relationship_Husband: 0.0455", "fnlwgt: -0.0428", "capital-gain: -0.0280", "workclass_Private: -0.0255", "capital-loss: -0.0155"], "raw_top": {"occupation_Tech-support": 0.13939455455597238, "workclass_Federal-gov": 0.10210996793523112, "age": 0.058986779029747465, "marital-status_Married-civ-spouse": 0.058689984799482856, "education-num": -0.0484074249603391, "relationship_Husband": 0.04549282089272152, "fnlwgt": -0.04282990671058356, "capital-gain": -0.028023862454819616, "workclass_Private": -0.025509982400679414, "capital-loss": -0.015471759454883133}}}