{"instance_id": 5674, "quadrant": "TP", "true_label": 1, "prediction": 1, "prediction_correct": true, "metrics": {"cost": 49517.70686599775, "sparsity": 0.09259259259259259, "fidelity": 0.9283796034228393, "faithfulness_gap": 0.7602025339521401, "stability": 0.9893451006373042}, "explanation": {"top_features": ["capital-loss: 0.2738", "education-num: 0.1487", "occupation_Exec-managerial: 0.0984", "marital-status_Married-civ-spouse: 0.0901", "relationship_Husband: 0.0409", "age: 0.0367", "hours-per-week: 0.0214", "marital-status_Never-married: 0.0194", "workclass_Self-emp-inc: 0.0140", "education_HS-grad: 0.0102"], "raw_top": {"capital-loss": 0.2737725847156593, "education-num": 0.14868777784397305, "occupation_Exec-managerial": 0.09843523705691076, "marital-status_Married-civ-spouse": 0.09013001398058193, "relationship_Husband": 0.040880589851353816, "age": 0.03668312011662958, "hours-per-week": 0.021374537585485544, "marital-status_Never-married": 0.019351266988295403, "workclass_Self-emp-inc": 0.01396134921227237, "education_HS-grad": 0.010206852643981468}}}