{"instance_id": 5871, "quadrant": "TN", "true_label": 0, "prediction": 0, "prediction_correct": true, "metrics": {"cost": 55931.53325300955, "sparsity": 0.09259259259259259, "fidelity": 0.7605641618123675, "faithfulness_gap": 0.06456749458433911, "stability": 0.930665236870364}, "explanation": {"top_features": ["age: -0.0558", "marital-status_Married-civ-spouse: -0.0376", "relationship_Husband: -0.0208", "occupation_Sales: 0.0205", "capital-gain: -0.0164", "capital-loss: -0.0116", "marital-status_Never-married: -0.0108", "relationship_Own-child: -0.0083", "education-num: -0.0079", "education_Bachelors: -0.0075"], "raw_top": {"age": -0.055835050509029316, "marital-status_Married-civ-spouse": -0.03764227081129583, "relationship_Husband": -0.020841742687777894, "occupation_Sales": 0.02054785191604605, "capital-gain": -0.01635027484813583, "capital-loss": -0.011632851245333791, "marital-status_Never-married": -0.01080488869415889, "relationship_Own-child": -0.008332070472583558, "education-num": -0.007904549459203375, "education_Bachelors": -0.007534985564591128}}}