{"instance_id": 6010, "quadrant": "TP", "true_label": 1, "prediction": 1, "prediction_correct": true, "metrics": {"cost": 46635.508056002436, "sparsity": 0.09259259259259259, "fidelity": 0.9670780621654277, "faithfulness_gap": 0.7387006298626321, "stability": 0.9881045494953733}, "explanation": {"top_features": ["education-num: 0.3111", "occupation_Prof-specialty: 0.1164", "marital-status_Married-civ-spouse: 0.0864", "relationship_Husband: 0.0567", "age: 0.0437", "education_Prof-school: 0.0277", "workclass_Self-emp-inc: 0.0232", "hours-per-week: 0.0231", "marital-status_Never-married: 0.0227", "education_HS-grad: 0.0104"], "raw_top": {"education-num": 0.3110930540959438, "occupation_Prof-specialty": 0.1163512044900037, "marital-status_Married-civ-spouse": 0.08644503366685331, "relationship_Husband": 0.05667009884517998, "age": 0.043680042289723824, "education_Prof-school": 0.027697628526192626, "workclass_Self-emp-inc": 0.023169955910582185, "hours-per-week": 0.023097236092959824, "marital-status_Never-married": 0.02272403525955889, "education_HS-grad": 0.010440431224866265}}}