{"instance_id": 6820, "quadrant": "FN", "true_label": 1, "prediction": 0, "prediction_correct": false, "metrics": {"cost": 62710.87984900805, "sparsity": 0.09259259259259259, "fidelity": 0.4507383159727997, "faithfulness_gap": 0.020313589725310915, "stability": 0.9194364950355445}, "explanation": {"top_features": ["education-num: -0.0626", "occupation_Farming-fishing: -0.0362", "capital-gain: -0.0196", "marital-status_Married-civ-spouse: 0.0178", "relationship_Husband: 0.0144", "capital-loss: -0.0121", "workclass_Private: -0.0100", "education_7th-8th: 0.0077", "age: -0.0065", "hours-per-week: -0.0027"], "raw_top": {"education-num": -0.06263749662781043, "occupation_Farming-fishing": -0.0362206467394515, "capital-gain": -0.019603568404733318, "marital-status_Married-civ-spouse": 0.017779576441839508, "relationship_Husband": 0.014357177378552657, "capital-loss": -0.012061244275982624, "workclass_Private": -0.009995873586901162, "education_7th-8th": 0.007691441603371292, "age": -0.006456583605962445, "hours-per-week": -0.0027483547455026264}}}