{"instance_id": 6955, "quadrant": "FN", "true_label": 1, "prediction": 0, "prediction_correct": false, "metrics": {"cost": 36736.508711008355, "sparsity": 0.09259259259259259, "fidelity": 0.9019565834484131, "faithfulness_gap": 0.12503146323180608, "stability": 0.971076349930872}, "explanation": {"top_features": ["education-num: 0.1739", "marital-status_Married-civ-spouse: -0.0876", "occupation_Prof-specialty: 0.0813", "marital-status_Never-married: -0.0598", "relationship_Husband: -0.0449", "relationship_Unmarried: -0.0434", "education_Doctorate: 0.0306", "capital-gain: -0.0202", "capital-loss: -0.0126", "sex_Male: -0.0090"], "raw_top": {"education-num": 0.17387625109969104, "marital-status_Married-civ-spouse": -0.08757568231004836, "occupation_Prof-specialty": 0.08127302998229448, "marital-status_Never-married": -0.05977512682818656, "relationship_Husband": -0.044879375916616705, "relationship_Unmarried": -0.04343748833271086, "education_Doctorate": 0.03064687093464933, "capital-gain": -0.020195477581350534, "capital-loss": -0.0125814431815828, "sex_Male": -0.009032126948796577}}}