{"instance_id": 7480, "quadrant": "FP", "true_label": 0, "prediction": 1, "prediction_correct": false, "metrics": {"cost": 50659.5463110134, "sparsity": 0.09259259259259259, "fidelity": 0.9867893329044188, "faithfulness_gap": 0.5811882060155737, "stability": 0.9485662284930122}, "explanation": {"top_features": ["education-num: 0.1910", "occupation_Prof-specialty: 0.1844", "marital-status_Married-civ-spouse: 0.0924", "relationship_Husband: 0.0547", "workclass_Self-emp-not-inc: -0.0320", "education_Bachelors: 0.0318", "workclass_Private: -0.0280", "capital-gain: -0.0275", "fnlwgt: -0.0202", "marital-status_Never-married: 0.0130"], "raw_top": {"education-num": 0.19096418543099955, "occupation_Prof-specialty": 0.18438070390232622, "marital-status_Married-civ-spouse": 0.09238744741879519, "relationship_Husband": 0.05469276645756711, "workclass_Self-emp-not-inc": -0.032000650054604785, "education_Bachelors": 0.03176333829848382, "workclass_Private": -0.028007636638057814, "capital-gain": -0.027470972255495947, "fnlwgt": -0.020225856694940217, "marital-status_Never-married": 0.01300286062640188}}}