{"instance_id": 7931, "quadrant": "FP", "true_label": 0, "prediction": 1, "prediction_correct": false, "metrics": {"cost": 75706.558580001, "sparsity": 0.09259259259259259, "fidelity": 0.9822679114764343, "faithfulness_gap": 0.6329588827312392, "stability": 0.9469628002801018}, "explanation": {"top_features": ["education-num: 0.2064", "relationship_Wife: 0.1434", "marital-status_Married-civ-spouse: 0.1017", "occupation_Sales: 0.0882", "relationship_Husband: -0.0472", "education_Bachelors: 0.0435", "capital-gain: -0.0271", "education_HS-grad: 0.0233", "marital-status_Never-married: 0.0116", "relationship_Not-in-family: 0.0065"], "raw_top": {"education-num": 0.2063553950861363, "relationship_Wife": 0.1434221031943862, "marital-status_Married-civ-spouse": 0.1016510527953723, "occupation_Sales": 0.08819224770355273, "relationship_Husband": -0.04724727998939324, "education_Bachelors": 0.04352696529026859, "capital-gain": -0.02711639461665066, "education_HS-grad": 0.02325924747886237, "marital-status_Never-married": 0.011566299683369316, "relationship_Not-in-family": 0.006456776455263991}}}