{"instance_id": 8048, "quadrant": "FP", "true_label": 0, "prediction": 1, "prediction_correct": false, "metrics": {"cost": 57882.9544820037, "sparsity": 0.09259259259259259, "fidelity": 0.9444403675461691, "faithfulness_gap": 0.37360464829990697, "stability": 0.9136363024142797}, "explanation": {"top_features": ["education-num: 0.1553", "age: -0.0825", "marital-status_Married-civ-spouse: 0.0785", "native-country_Philippines: 0.0679", "occupation_Adm-clerical: 0.0583", "native-country_United-States: -0.0509", "relationship_Husband: 0.0502", "education_Bachelors: 0.0298", "race_Asian-Pac-Islander: 0.0134", "education_HS-grad: 0.0109"], "raw_top": {"education-num": 0.1552632974934574, "age": -0.08254165193777664, "marital-status_Married-civ-spouse": 0.07854665938482962, "native-country_Philippines": 0.06786424771044246, "occupation_Adm-clerical": 0.058259710786079014, "native-country_United-States": -0.0508749640953539, "relationship_Husband": 0.05016582350589166, "education_Bachelors": 0.029840655351043695, "race_Asian-Pac-Islander": 0.01336257577258242, "education_HS-grad": 0.010886475473712853}}}