{"instance_id": 8914, "quadrant": "TN", "true_label": 0, "prediction": 0, "prediction_correct": true, "metrics": {"cost": 44881.90058899636, "sparsity": 0.09259259259259259, "fidelity": 0.821417493475993, "faithfulness_gap": 0.005222361884721277, "stability": 0.9522773973174997}, "explanation": {"top_features": ["age: -0.0638", "marital-status_Married-civ-spouse: -0.0264", "hours-per-week: -0.0238", "education_Some-college: 0.0157", "capital-loss: -0.0102", "capital-gain: -0.0096", "relationship_Husband: -0.0088", "education-num: -0.0062", "marital-status_Never-married: -0.0040", "education_Bachelors: -0.0031"], "raw_top": {"age": -0.06377226788861237, "marital-status_Married-civ-spouse": -0.02644564020614977, "hours-per-week": -0.023832920383668785, "education_Some-college": 0.015687809911531625, "capital-loss": -0.010232531463091518, "capital-gain": -0.009586426663622262, "relationship_Husband": -0.008847283377314299, "education-num": -0.0062086269396248155, "marital-status_Never-married": -0.004009752224860569, "education_Bachelors": -0.0031338923200986304}}}