{"instance_id": 9022, "quadrant": "FN", "true_label": 1, "prediction": 0, "prediction_correct": false, "metrics": {"cost": 35927.1319929976, "sparsity": 0.09259259259259259, "fidelity": 0.9347871454609096, "faithfulness_gap": 0.012211512683065195, "stability": 0.9381542571513685}, "explanation": {"top_features": ["occupation_Other-service: -0.1195", "education-num: 0.0762", "native-country_United-States: -0.0487", "marital-status_Married-civ-spouse: 0.0440", "relationship_Husband: 0.0259", "capital-gain: -0.0242", "capital-loss: -0.0229", "age: -0.0111", "hours-per-week: -0.0101", "race_White: -0.0075"], "raw_top": {"occupation_Other-service": -0.1194643123704789, "education-num": 0.07620653703245553, "native-country_United-States": -0.048707857398041586, "marital-status_Married-civ-spouse": 0.044031962421718425, "relationship_Husband": 0.02594854860312081, "capital-gain": -0.02416919925569755, "capital-loss": -0.02291920548431316, "age": -0.011110694580030651, "hours-per-week": -0.010095293035424568, "race_White": -0.0074589293084032365}}}