{"instance_id": 915, "quadrant": "FN", "true_label": 1, "prediction": 0, "prediction_correct": false, "metrics": {"cost": 39061.284185008844, "sparsity": 0.09259259259259259, "fidelity": 0.9548218378128537, "faithfulness_gap": 0.2490363989872996, "stability": 0.8837527209091349}, "explanation": {"top_features": ["relationship_Wife: 0.1094", "education-num: -0.0737", "marital-status_Married-civ-spouse: 0.0627", "occupation_Adm-clerical: 0.0420", "age: 0.0375", "education_HS-grad: -0.0302", "fnlwgt: 0.0266", "capital-gain: -0.0265", "workclass_Private: 0.0198", "capital-loss: -0.0186"], "raw_top": {"relationship_Wife": 0.10940178621721074, "education-num": -0.07371499447105516, "marital-status_Married-civ-spouse": 0.06268152838306225, "occupation_Adm-clerical": 0.04196314607651152, "age": 0.03749081300001627, "education_HS-grad": -0.030173986071371294, "fnlwgt": 0.026638034233723032, "capital-gain": -0.026549947271686244, "workclass_Private": 0.01978717367077017, "capital-loss": -0.018627574059454255}}}