{"instance_id": 9187, "quadrant": "TN", "true_label": 0, "prediction": 0, "prediction_correct": true, "metrics": {"cost": 58218.25458799867, "sparsity": 0.09259259259259259, "fidelity": 0.9442064669908998, "faithfulness_gap": 0.04665215169454193, "stability": 0.9547127006561638}, "explanation": {"top_features": ["education-num: 0.1086", "marital-status_Married-civ-spouse: -0.0946", "occupation_Sales: 0.0658", "relationship_Husband: -0.0564", "relationship_Own-child: -0.0429", "race_Asian-Pac-Islander: 0.0254", "capital-gain: -0.0222", "hours-per-week: 0.0210", "marital-status_Widowed: -0.0154", "race_White: -0.0152"], "raw_top": {"education-num": 0.1085683741621064, "marital-status_Married-civ-spouse": -0.09461185669023028, "occupation_Sales": 0.06575339876271516, "relationship_Husband": -0.05639399705185612, "relationship_Own-child": -0.04293153544198819, "race_Asian-Pac-Islander": 0.025423230968709628, "capital-gain": -0.022155717324405612, "hours-per-week": 0.020976930963563838, "marital-status_Widowed": -0.015380503864179294, "race_White": -0.015214115837048991}}}