{"instance_id": 9261, "quadrant": "FP", "true_label": 0, "prediction": 1, "prediction_correct": false, "metrics": {"cost": 52893.738972983556, "sparsity": 0.09259259259259259, "fidelity": 0.9735346935718303, "faithfulness_gap": 0.6806177464827472, "stability": 0.9669326024162997}, "explanation": {"top_features": ["education-num: 0.1977", "relationship_Wife: 0.1554", "occupation_Prof-specialty: 0.1458", "marital-status_Married-civ-spouse: 0.1081", "relationship_Husband: -0.0460", "age: 0.0320", "education_HS-grad: 0.0196", "education_Bachelors: 0.0171", "marital-status_Never-married: 0.0151", "relationship_Not-in-family: 0.0073"], "raw_top": {"education-num": 0.19772920016508833, "relationship_Wife": 0.15535187594735908, "occupation_Prof-specialty": 0.14582919686716012, "marital-status_Married-civ-spouse": 0.10807566113264955, "relationship_Husband": -0.04601226949715853, "age": 0.032010875182213454, "education_HS-grad": 0.019593253521251262, "education_Bachelors": 0.01705536088252633, "marital-status_Never-married": 0.015074232750051757, "relationship_Not-in-family": 0.007271352154643112}}}