{"instance_id": 9368, "quadrant": "FP", "true_label": 0, "prediction": 1, "prediction_correct": false, "metrics": {"cost": 56607.59378099465, "sparsity": 0.09259259259259259, "fidelity": 0.9528899293474127, "faithfulness_gap": 0.47598580645992583, "stability": 0.8970483335862807}, "explanation": {"top_features": ["occupation_Tech-support: 0.1807", "age: 0.0870", "marital-status_Married-civ-spouse: 0.0830", "relationship_Husband: 0.0446", "hours-per-week: 0.0407", "workclass_Private: -0.0338", "capital-gain: -0.0325", "capital-loss: -0.0173", "workclass_State-gov: -0.0159", "education_HS-grad: 0.0155"], "raw_top": {"occupation_Tech-support": 0.18072227875177962, "age": 0.0870071434862097, "marital-status_Married-civ-spouse": 0.0829850075506538, "relationship_Husband": 0.044568761854694786, "hours-per-week": 0.040731361962960996, "workclass_Private": -0.03377773531408918, "capital-gain": -0.03245016648745391, "capital-loss": -0.017344902758797156, "workclass_State-gov": -0.01585590655011876, "education_HS-grad": 0.015469376203069365}}}