{"instance_id": 9727, "quadrant": "TP", "true_label": 1, "prediction": 1, "prediction_correct": true, "metrics": {"cost": 57756.318055999145, "sparsity": 0.09259259259259259, "fidelity": 0.9648057078664938, "faithfulness_gap": 0.645808158186771, "stability": 0.9513208231339002}, "explanation": {"top_features": ["education-num: 0.2018", "occupation_Prof-specialty: 0.1320", "marital-status_Married-civ-spouse: 0.0990", "relationship_Husband: 0.0649", "education_Bachelors: 0.0306", "age: 0.0190", "marital-status_Never-married: 0.0166", "education_HS-grad: 0.0139", "relationship_Own-child: 0.0063", "relationship_Not-in-family: 0.0039"], "raw_top": {"education-num": 0.20179958492147354, "occupation_Prof-specialty": 0.13199938759120106, "marital-status_Married-civ-spouse": 0.09897053756525807, "relationship_Husband": 0.06487491031129927, "education_Bachelors": 0.03059529313807726, "age": 0.01899882260595206, "marital-status_Never-married": 0.016585772491223075, "education_HS-grad": 0.01391786590091053, "relationship_Own-child": 0.006347236110712873, "relationship_Not-in-family": 0.003933730348784414}}}