{"instance_id": 1116, "quadrant": "TP", "true_label": 1, "prediction": 1, "prediction_correct": true, "metrics": {"cost": 502914.168226067, "sparsity": 0.09259259259259259, "fidelity": 0.906411855981311, "faithfulness_gap": 0.6554426457842336, "stability": 0.936574065323697}, "explanation": {"top_features": ["education-num: 0.1250", "marital-status_Married-civ-spouse: 0.0958", "occupation_Prof-specialty: 0.0898", "relationship_Husband: 0.0676", "hours-per-week: 0.0476", "workclass_Self-emp-inc: 0.0219", "relationship_Not-in-family: 0.0153", "education_Bachelors: 0.0129", "marital-status_Never-married: 0.0125", "occupation_Other-service: 0.0120"], "raw_top": {"education-num": 0.12502016230791146, "marital-status_Married-civ-spouse": 0.09583785357242174, "occupation_Prof-specialty": 0.08975667403019405, "relationship_Husband": 0.06755499657540612, "hours-per-week": 0.047602318331718546, "workclass_Self-emp-inc": 0.021877338181191357, "relationship_Not-in-family": 0.015275037827452596, "education_Bachelors": 0.012948018348535954, "marital-status_Never-married": 0.012477663165994012, "occupation_Other-service": 0.011974172220392765}}}