{"instance_id": 1876, "quadrant": "TP", "true_label": 1, "prediction": 1, "prediction_correct": true, "metrics": {"cost": 431084.7193360096, "sparsity": 0.09259259259259259, "fidelity": 0.9576470100921025, "faithfulness_gap": 0.6711658014345481, "stability": 0.9577588047629204}, "explanation": {"top_features": ["capital-gain: 0.2211", "marital-status_Married-civ-spouse: 0.1151", "education-num: 0.0851", "occupation_Sales: 0.0805", "relationship_Own-child: -0.0672", "hours-per-week: 0.0604", "workclass_Self-emp-inc: 0.0165", "marital-status_Never-married: 0.0153", "marital-status_Divorced: 0.0092", "relationship_Not-in-family: 0.0078"], "raw_top": {"capital-gain": 0.22106910075265873, "marital-status_Married-civ-spouse": 0.11511948710427383, "education-num": 0.08507691700477676, "occupation_Sales": 0.08045922399075986, "relationship_Own-child": -0.06724583133919312, "hours-per-week": 0.060408353202942106, "workclass_Self-emp-inc": 0.016516610017278086, "marital-status_Never-married": 0.015297869780861135, "marital-status_Divorced": 0.009244631636762103, "relationship_Not-in-family": 0.007814453277852795}}}