{"instance_id": 1946, "quadrant": "TP", "true_label": 1, "prediction": 1, "prediction_correct": true, "metrics": {"cost": 93024.0560619859, "sparsity": 0.09259259259259259, "fidelity": 0.9517828801192706, "faithfulness_gap": 0.7577884507611609, "stability": 0.9688103204115988}, "explanation": {"top_features": ["relationship_Wife: 0.1830", "education-num: 0.1739", "marital-status_Married-civ-spouse: 0.1143", "occupation_Exec-managerial: 0.0859", "workclass_Self-emp-not-inc: -0.0422", "age: 0.0363", "hours-per-week: -0.0340", "relationship_Not-in-family: 0.0220", "education_Masters: 0.0171", "marital-status_Divorced: 0.0150"], "raw_top": {"relationship_Wife": 0.18301159745209925, "education-num": 0.17385920005379357, "marital-status_Married-civ-spouse": 0.11432828775106411, "occupation_Exec-managerial": 0.0858526477618214, "workclass_Self-emp-not-inc": -0.042208258031854164, "age": 0.036346795475473356, "hours-per-week": -0.03403999825540971, "relationship_Not-in-family": 0.0219935107400026, "education_Masters": 0.01708750836754158, "marital-status_Divorced": 0.015010164818406632}}}