{"instance_id": 1968, "quadrant": "TP", "true_label": 1, "prediction": 1, "prediction_correct": true, "metrics": {"cost": 254969.681706978, "sparsity": 0.09259259259259259, "fidelity": 0.9913007568064105, "faithfulness_gap": 0.7659491690483703, "stability": 0.9912827255837934}, "explanation": {"top_features": ["capital-gain: 0.4418", "marital-status_Married-civ-spouse: 0.0667", "age: 0.0482", "relationship_Husband: 0.0364", "hours-per-week: 0.0166", "occupation_Sales: 0.0070", "marital-status_Divorced: 0.0068", "marital-status_Never-married: 0.0062", "relationship_Not-in-family: 0.0028", "occupation_Other-service: 0.0028"], "raw_top": {"capital-gain": 0.4418130398492638, "marital-status_Married-civ-spouse": 0.06674371764276037, "age": 0.048247938968238646, "relationship_Husband": 0.03639780218601993, "hours-per-week": 0.016559444739218925, "occupation_Sales": 0.007020284975134755, "marital-status_Divorced": 0.006785795163228503, "marital-status_Never-married": 0.006158016306041958, "relationship_Not-in-family": 0.0028223162739293706, "occupation_Other-service": 0.002755740289162178}}}