{"instance_id": 2289, "quadrant": "TP", "true_label": 1, "prediction": 1, "prediction_correct": true, "metrics": {"cost": 262597.20851201564, "sparsity": 0.09259259259259259, "fidelity": 0.9526335097489396, "faithfulness_gap": 0.6894517429468114, "stability": 0.9630656869832022}, "explanation": {"top_features": ["education-num: 0.1465", "occupation_Exec-managerial: 0.1056", "marital-status_Married-civ-spouse: 0.0963", "hours-per-week: 0.0872", "relationship_Husband: 0.0591", "marital-status_Never-married: 0.0258", "fnlwgt: 0.0143", "education_Masters: 0.0133", "occupation_Other-service: 0.0120", "race_Asian-Pac-Islander: 0.0113"], "raw_top": {"education-num": 0.14645276837606494, "occupation_Exec-managerial": 0.10555198411220809, "marital-status_Married-civ-spouse": 0.09634398450341483, "hours-per-week": 0.0871862473387906, "relationship_Husband": 0.059117881492371877, "marital-status_Never-married": 0.025766968482566252, "fnlwgt": 0.014305062830162524, "education_Masters": 0.013265225568103792, "occupation_Other-service": 0.012049641073156056, "race_Asian-Pac-Islander": 0.011295150993423153}}}