{"instance_id": 2351, "quadrant": "TP", "true_label": 1, "prediction": 1, "prediction_correct": true, "metrics": {"cost": 463714.2366389744, "sparsity": 0.09259259259259259, "fidelity": 0.9512163188465635, "faithfulness_gap": 0.794721188814725, "stability": 0.969238191310418}, "explanation": {"top_features": ["capital-loss: 0.1795", "marital-status_Married-civ-spouse: 0.1260", "education-num: 0.1051", "occupation_Exec-managerial: 0.0783", "relationship_Husband: 0.0616", "hours-per-week: 0.0439", "relationship_Not-in-family: 0.0229", "marital-status_Divorced: 0.0206", "marital-status_Never-married: 0.0206", "education_Bachelors: 0.0109"], "raw_top": {"capital-loss": 0.17948853360646452, "marital-status_Married-civ-spouse": 0.12595452868138432, "education-num": 0.10511394498602109, "occupation_Exec-managerial": 0.07825906114575266, "relationship_Husband": 0.06161209861924745, "hours-per-week": 0.04388652583481712, "relationship_Not-in-family": 0.022873836568248023, "marital-status_Divorced": 0.0205943256587575, "marital-status_Never-married": 0.02057893208091112, "education_Bachelors": 0.010932956639032931}}}