{"instance_id": 2405, "quadrant": "TP", "true_label": 1, "prediction": 1, "prediction_correct": true, "metrics": {"cost": 377542.46610193513, "sparsity": 0.09259259259259259, "fidelity": 0.9951845780659542, "faithfulness_gap": 0.7220802116156286, "stability": 0.998332687050168}, "explanation": {"top_features": ["capital-gain: 0.6595", "age: -0.0689", "hours-per-week: 0.0562", "marital-status_Married-civ-spouse: -0.0413", "occupation_Tech-support: 0.0283", "marital-status_Never-married: -0.0257", "capital-loss: 0.0232", "relationship_Husband: -0.0187", "fnlwgt: -0.0142", "occupation_Exec-managerial: -0.0102"], "raw_top": {"capital-gain": 0.6595298314781131, "age": -0.06886346484669705, "hours-per-week": 0.05616763093782362, "marital-status_Married-civ-spouse": -0.041270618432829684, "occupation_Tech-support": 0.028289958216985295, "marital-status_Never-married": -0.025705922509031247, "capital-loss": 0.023156104076287563, "relationship_Husband": -0.018696345730896024, "fnlwgt": -0.014153041776455488, "occupation_Exec-managerial": -0.010188091750460601}}}