{"instance_id": 2973, "quadrant": "TP", "true_label": 1, "prediction": 1, "prediction_correct": true, "metrics": {"cost": 367700.947780977, "sparsity": 0.09259259259259259, "fidelity": 0.9728859044009063, "faithfulness_gap": 0.8350167387507471, "stability": 0.9850924246867766}, "explanation": {"top_features": ["capital-gain: 0.3508", "education-num: 0.0963", "marital-status_Married-civ-spouse: 0.0858", "occupation_Exec-managerial: 0.0568", "age: 0.0419", "relationship_Husband: 0.0277", "marital-status_Never-married: 0.0099", "relationship_Not-in-family: 0.0078", "marital-status_Divorced: 0.0078", "native-country_United-States: 0.0027"], "raw_top": {"capital-gain": 0.3507968026341823, "education-num": 0.09629829046554922, "marital-status_Married-civ-spouse": 0.08575009057541136, "occupation_Exec-managerial": 0.056805780989617485, "age": 0.041905041903428274, "relationship_Husband": 0.027684803955402314, "marital-status_Never-married": 0.009885604341548372, "relationship_Not-in-family": 0.007793699455968675, "marital-status_Divorced": 0.007760517201827007, "native-country_United-States": 0.002716233996076678}}}