{"instance_id": 2991, "quadrant": "TN", "true_label": 0, "prediction": 0, "prediction_correct": true, "metrics": {"cost": 151052.57796600927, "sparsity": 0.09259259259259259, "fidelity": 0.9383796981685161, "faithfulness_gap": 0.012279948190613538, "stability": 0.9267653171468522}, "explanation": {"top_features": ["marital-status_Married-civ-spouse: -0.0867", "occupation_Prof-specialty: 0.0766", "relationship_Husband: -0.0485", "marital-status_Divorced: -0.0397", "education-num: 0.0375", "occupation_Exec-managerial: -0.0267", "relationship_Unmarried: -0.0203", "age: 0.0202", "capital-loss: -0.0199", "occupation_Sales: -0.0125"], "raw_top": {"marital-status_Married-civ-spouse": -0.08672700570910899, "occupation_Prof-specialty": 0.07657570652039722, "relationship_Husband": -0.048518234642209356, "marital-status_Divorced": -0.039654909003404695, "education-num": 0.037485894544578964, "occupation_Exec-managerial": -0.026732782946422014, "relationship_Unmarried": -0.020255918756557755, "age": 0.020231506726408943, "capital-loss": -0.0199311015604636, "occupation_Sales": -0.012504853232550102}}}