{"instance_id": 2991, "quadrant": "TN", "true_label": 0, "prediction": 0, "prediction_correct": true, "metrics": {"cost": 273780.3525000345, "sparsity": 0.09259259259259259, "fidelity": 0.9420044724997942, "faithfulness_gap": 0.012279948190613343, "stability": 0.8937278231317134}, "explanation": {"top_features": ["marital-status_Married-civ-spouse: -0.0875", "occupation_Prof-specialty: 0.0790", "relationship_Husband: -0.0482", "marital-status_Divorced: -0.0406", "education-num: 0.0368", "occupation_Exec-managerial: -0.0255", "relationship_Unmarried: -0.0208", "age: 0.0174", "capital-loss: -0.0173", "occupation_Sales: -0.0131"], "raw_top": {"marital-status_Married-civ-spouse": -0.08754078072046324, "occupation_Prof-specialty": 0.07895076069878611, "relationship_Husband": -0.04821010807459969, "marital-status_Divorced": -0.040630215075629035, "education-num": 0.03677167732942814, "occupation_Exec-managerial": -0.025529297256677446, "relationship_Unmarried": -0.020838496591767498, "age": 0.017396095272366158, "capital-loss": -0.017307334137200238, "occupation_Sales": -0.013093999503575976}}}