{"instance_id": 3749, "quadrant": "TP", "true_label": 1, "prediction": 1, "prediction_correct": true, "metrics": {"cost": 431484.24299404724, "sparsity": 0.09259259259259259, "fidelity": 0.9251937491039828, "faithfulness_gap": 0.6918981022587453, "stability": 0.9358120035831815}, "explanation": {"top_features": ["education-num: 0.1246", "marital-status_Married-civ-spouse: 0.1128", "occupation_Prof-specialty: 0.1121", "relationship_Husband: 0.0664", "hours-per-week: 0.0538", "age: 0.0298", "education_Bachelors: 0.0255", "relationship_Not-in-family: 0.0193", "marital-status_Never-married: 0.0183", "marital-status_Divorced: 0.0163"], "raw_top": {"education-num": 0.12455120248411947, "marital-status_Married-civ-spouse": 0.11280199798178386, "occupation_Prof-specialty": 0.11214958782102266, "relationship_Husband": 0.06641045133316806, "hours-per-week": 0.05381456471393047, "age": 0.02977359728573853, "education_Bachelors": 0.02545544438278356, "relationship_Not-in-family": 0.019272633004188952, "marital-status_Never-married": 0.01834251298502632, "marital-status_Divorced": 0.016344714371954505}}}