{"instance_id": 4040, "quadrant": "TP", "true_label": 1, "prediction": 1, "prediction_correct": true, "metrics": {"cost": 419336.3133679959, "sparsity": 0.09259259259259259, "fidelity": 0.9739569439553757, "faithfulness_gap": 0.6386761283092399, "stability": 0.947913025968585}, "explanation": {"top_features": ["workclass_Federal-gov: 0.1544", "marital-status_Married-civ-spouse: 0.0892", "occupation_Adm-clerical: 0.0679", "age: 0.0576", "relationship_Husband: 0.0396", "education_Some-college: 0.0246", "occupation_Other-service: 0.0107", "hours-per-week: 0.0081", "relationship_Not-in-family: 0.0070", "marital-status_Never-married: 0.0066"], "raw_top": {"workclass_Federal-gov": 0.15437377141731234, "marital-status_Married-civ-spouse": 0.08917371072512047, "occupation_Adm-clerical": 0.06793238421702676, "age": 0.05757612214692404, "relationship_Husband": 0.039567014238682176, "education_Some-college": 0.024595498628972978, "occupation_Other-service": 0.010747052316521396, "hours-per-week": 0.008079434892907465, "relationship_Not-in-family": 0.007012879653160378, "marital-status_Never-married": 0.006561631132963042}}}