{"instance_id": 4369, "quadrant": "TP", "true_label": 1, "prediction": 1, "prediction_correct": true, "metrics": {"cost": 507096.2603930384, "sparsity": 0.09259259259259259, "fidelity": 0.9961427242435004, "faithfulness_gap": 0.660249763057372, "stability": 0.9992119389935141}, "explanation": {"top_features": ["capital-gain: 0.6333", "education-num: -0.0871", "occupation_Handlers-cleaners: -0.0321", "marital-status_Married-civ-spouse: 0.0209", "age: 0.0119", "workclass_Local-gov: -0.0111", "capital-loss: 0.0102", "hours-per-week: 0.0097", "fnlwgt: 0.0081", "relationship_Husband: 0.0074"], "raw_top": {"capital-gain": 0.6333452769282689, "education-num": -0.08712916696597467, "occupation_Handlers-cleaners": -0.032088151021582634, "marital-status_Married-civ-spouse": 0.020885764022067016, "age": 0.01185332530417479, "workclass_Local-gov": -0.011066045057632645, "capital-loss": 0.010189411615768022, "hours-per-week": 0.009702080700652229, "fnlwgt": 0.008053648515375595, "relationship_Husband": 0.007421053213968105}}}