{"instance_id": 4861, "quadrant": "FN", "true_label": 1, "prediction": 0, "prediction_correct": false, "metrics": {"cost": 163417.00119996676, "sparsity": 0.09259259259259259, "fidelity": 0.9740909791807275, "faithfulness_gap": 0.028802014810013654, "stability": 0.9680750871050233}, "explanation": {"top_features": ["education-num: -0.1778", "marital-status_Married-civ-spouse: 0.0394", "occupation_Exec-managerial: -0.0246", "capital-loss: -0.0246", "fnlwgt: 0.0204", "education_10th: 0.0193", "relationship_Husband: 0.0109", "occupation_Craft-repair: 0.0098", "capital-gain: -0.0085", "occupation_Prof-specialty: -0.0073"], "raw_top": {"education-num": -0.1778173972152552, "marital-status_Married-civ-spouse": 0.03938812896877922, "occupation_Exec-managerial": -0.024637277080609518, "capital-loss": -0.024621154126923617, "fnlwgt": 0.020362456955326735, "education_10th": 0.01934676730272537, "relationship_Husband": 0.010900530003177405, "occupation_Craft-repair": 0.009834870872677974, "capital-gain": -0.008472937636023074, "occupation_Prof-specialty": -0.007338750457733079}}}