{"instance_id": 4943, "quadrant": "FN", "true_label": 1, "prediction": 0, "prediction_correct": false, "metrics": {"cost": 238050.69399997592, "sparsity": 0.09259259259259259, "fidelity": 0.5585313429056641, "faithfulness_gap": 0.0045698083134274314, "stability": 0.8857416015554774}, "explanation": {"top_features": ["education-num: -0.0682", "capital-loss: -0.0366", "marital-status_Married-civ-spouse: 0.0343", "occupation_Exec-managerial: -0.0288", "age: -0.0236", "occupation_Transport-moving: -0.0232", "relationship_Husband: 0.0202", "capital-gain: -0.0122", "education_Bachelors: -0.0079", "occupation_Prof-specialty: -0.0072"], "raw_top": {"education-num": -0.06818044756191154, "capital-loss": -0.036626050572452065, "marital-status_Married-civ-spouse": 0.03429085741726147, "occupation_Exec-managerial": -0.028828234887410716, "age": -0.023637191787266334, "occupation_Transport-moving": -0.0231584966523245, "relationship_Husband": 0.020225728094697082, "capital-gain": -0.012157424063231934, "education_Bachelors": -0.007910539978287253, "occupation_Prof-specialty": -0.0072072398168025464}}}