{"instance_id": 5066, "quadrant": "TP", "true_label": 1, "prediction": 1, "prediction_correct": true, "metrics": {"cost": 430633.4683370078, "sparsity": 0.09259259259259259, "fidelity": 0.9610965163281918, "faithfulness_gap": 0.6757394016566782, "stability": 0.9694796527848122}, "explanation": {"top_features": ["occupation_Exec-managerial: 0.1721", "marital-status_Married-civ-spouse: 0.0939", "age: 0.0690", "hours-per-week: 0.0602", "relationship_Husband: 0.0522", "workclass_Self-emp-inc: 0.0382", "education_Some-college: 0.0182", "relationship_Not-in-family: 0.0170", "marital-status_Never-married: 0.0132", "occupation_Other-service: 0.0100"], "raw_top": {"occupation_Exec-managerial": 0.172087541601859, "marital-status_Married-civ-spouse": 0.09394074675449371, "age": 0.06895808245458941, "hours-per-week": 0.06024608055375448, "relationship_Husband": 0.0521605127243582, "workclass_Self-emp-inc": 0.038173059774154305, "education_Some-college": 0.01816915963393199, "relationship_Not-in-family": 0.01700249056946001, "marital-status_Never-married": 0.013240757972820795, "occupation_Other-service": 0.010019007668359281}}}