{"instance_id": 5481, "quadrant": "TP", "true_label": 1, "prediction": 1, "prediction_correct": true, "metrics": {"cost": 591849.4890640723, "sparsity": 0.09259259259259259, "fidelity": 0.9733042479654306, "faithfulness_gap": 0.6667703273092138, "stability": 0.9765048881048902}, "explanation": {"top_features": ["capital-loss: 0.2311", "relationship_Wife: 0.1224", "marital-status_Married-civ-spouse: 0.1087", "education-num: 0.0863", "hours-per-week: -0.0728", "relationship_Husband: -0.0272", "relationship_Not-in-family: 0.0219", "workclass_nan: -0.0178", "occupation_Exec-managerial: -0.0178", "marital-status_Divorced: 0.0176"], "raw_top": {"capital-loss": 0.23114555526786504, "relationship_Wife": 0.12244371257172973, "marital-status_Married-civ-spouse": 0.10866046449259692, "education-num": 0.08627469724756012, "hours-per-week": -0.07278803822383911, "relationship_Husband": -0.027231118702633197, "relationship_Not-in-family": 0.02194307704053324, "workclass_nan": -0.017839437211859654, "occupation_Exec-managerial": -0.01777795422421939, "marital-status_Divorced": 0.017645312403251023}}}