{"instance_id": 5619, "quadrant": "TP", "true_label": 1, "prediction": 1, "prediction_correct": true, "metrics": {"cost": 486535.5197839963, "sparsity": 0.09259259259259259, "fidelity": 0.9783848034800352, "faithfulness_gap": 0.791737828449592, "stability": 0.9831089226629136}, "explanation": {"top_features": ["capital-gain: 0.3155", "marital-status_Married-civ-spouse: 0.0908", "education-num: 0.0853", "occupation_Prof-specialty: 0.0736", "relationship_Husband: 0.0448", "hours-per-week: 0.0332", "age: 0.0233", "marital-status_Divorced: 0.0160", "occupation_Other-service: 0.0115", "marital-status_Never-married: 0.0113"], "raw_top": {"capital-gain": 0.31548300410007135, "marital-status_Married-civ-spouse": 0.09079261408977532, "education-num": 0.08534166072659684, "occupation_Prof-specialty": 0.07360150486183782, "relationship_Husband": 0.04479983054254702, "hours-per-week": 0.03317460892531602, "age": 0.023310864599242722, "marital-status_Divorced": 0.01601596281528857, "occupation_Other-service": 0.011506432494760578, "marital-status_Never-married": 0.011320738322183277}}}