{"instance_id": 6451, "quadrant": "FN", "true_label": 1, "prediction": 0, "prediction_correct": false, "metrics": {"cost": 292553.4815999563, "sparsity": 0.09259259259259259, "fidelity": 0.9015160457352416, "faithfulness_gap": 0.26004672597482836, "stability": 0.9299693178067918}, "explanation": {"top_features": ["occupation_Exec-managerial: 0.0990", "education-num: -0.0965", "marital-status_Married-civ-spouse: 0.0633", "age: 0.0533", "relationship_Husband: 0.0412", "workclass_Self-emp-inc: 0.0407", "hours-per-week: -0.0338", "workclass_Private: -0.0320", "capital-loss: -0.0282", "education_HS-grad: -0.0230"], "raw_top": {"occupation_Exec-managerial": 0.09901970235572696, "education-num": -0.09654626512890949, "marital-status_Married-civ-spouse": 0.0632816467993546, "age": 0.05326409358483769, "relationship_Husband": 0.0412409781710557, "workclass_Self-emp-inc": 0.04066875832571912, "hours-per-week": -0.033820010943033864, "workclass_Private": -0.03204553486316524, "capital-loss": -0.028249326858406126, "education_HS-grad": -0.022954871142997865}}}