{"instance_id": 7080, "quadrant": "TP", "true_label": 1, "prediction": 1, "prediction_correct": true, "metrics": {"cost": 441295.23099400103, "sparsity": 0.09259259259259259, "fidelity": 0.9284172270935489, "faithfulness_gap": 0.5412179634434245, "stability": 0.9128708997876512}, "explanation": {"top_features": ["marital-status_Married-civ-spouse: 0.1067", "education-num: 0.1064", "relationship_Husband: 0.0426", "education_Bachelors: 0.0341", "occupation_Adm-clerical: 0.0324", "age: 0.0259", "relationship_Not-in-family: 0.0128", "marital-status_Divorced: 0.0127", "occupation_Other-service: 0.0122", "hours-per-week: 0.0105"], "raw_top": {"marital-status_Married-civ-spouse": 0.10668218429517196, "education-num": 0.10638480215071015, "relationship_Husband": 0.04262946039646094, "education_Bachelors": 0.03405920830863509, "occupation_Adm-clerical": 0.03238987158964146, "age": 0.02592475640402429, "relationship_Not-in-family": 0.012760554119054328, "marital-status_Divorced": 0.012665564370141071, "occupation_Other-service": 0.012208069597158484, "hours-per-week": 0.010512270118251787}}}