{"instance_id": 7107, "quadrant": "TP", "true_label": 1, "prediction": 1, "prediction_correct": true, "metrics": {"cost": 230068.9423220465, "sparsity": 0.09259259259259259, "fidelity": 0.9131033854821342, "faithfulness_gap": 0.5839406768749607, "stability": 0.9176290447537513}, "explanation": {"top_features": ["education-num: 0.1118", "occupation_Sales: 0.0991", "marital-status_Married-civ-spouse: 0.0904", "relationship_Husband: 0.0585", "hours-per-week: 0.0574", "workclass_Self-emp-not-inc: -0.0474", "education_Bachelors: 0.0473", "capital-loss: -0.0341", "occupation_Other-service: 0.0139", "relationship_Not-in-family: 0.0097"], "raw_top": {"education-num": 0.11181404722317986, "occupation_Sales": 0.09911361919342684, "marital-status_Married-civ-spouse": 0.09035597712448175, "relationship_Husband": 0.05853087594088685, "hours-per-week": 0.057364932222591314, "workclass_Self-emp-not-inc": -0.04738737267879933, "education_Bachelors": 0.04731244558436437, "capital-loss": -0.034052086541295656, "occupation_Other-service": 0.013936686971109762, "relationship_Not-in-family": 0.009712988508676645}}}