{"instance_id": 7372, "quadrant": "TP", "true_label": 1, "prediction": 1, "prediction_correct": true, "metrics": {"cost": 653333.5283329943, "sparsity": 0.09259259259259259, "fidelity": 0.9566286461127619, "faithfulness_gap": 0.6844664322051576, "stability": 0.9605025943856556}, "explanation": {"top_features": ["capital-loss: 0.2092", "marital-status_Married-civ-spouse: 0.1025", "occupation_Tech-support: 0.0842", "hours-per-week: 0.0812", "age: -0.0637", "education-num: 0.0581", "relationship_Husband: 0.0576", "marital-status_Never-married: 0.0163", "relationship_Not-in-family: 0.0152", "marital-status_Divorced: 0.0107"], "raw_top": {"capital-loss": 0.2091681457553012, "marital-status_Married-civ-spouse": 0.10246301285654844, "occupation_Tech-support": 0.08421835326895587, "hours-per-week": 0.0812140963591719, "age": -0.06372557047784799, "education-num": 0.058146781690479536, "relationship_Husband": 0.057561399952619004, "marital-status_Never-married": 0.016290478176867396, "relationship_Not-in-family": 0.015192748971725874, "marital-status_Divorced": 0.01066476030345154}}}