{"instance_id": 750, "quadrant": "TP", "true_label": 1, "prediction": 1, "prediction_correct": true, "metrics": {"cost": 614199.7350879246, "sparsity": 0.09259259259259259, "fidelity": 0.9216069850200378, "faithfulness_gap": 0.4608353300696008, "stability": 0.9008980864165675}, "explanation": {"top_features": ["occupation_Prof-specialty: 0.1063", "marital-status_Married-civ-spouse: 0.0824", "age: 0.0622", "relationship_Husband: 0.0256", "fnlwgt: 0.0131", "hours-per-week: 0.0122", "marital-status_Divorced: 0.0050", "relationship_Not-in-family: 0.0047", "education_Some-college: 0.0023", "marital-status_Never-married: 0.0022"], "raw_top": {"occupation_Prof-specialty": 0.106340761141262, "marital-status_Married-civ-spouse": 0.08242352247579765, "age": 0.06221082712951085, "relationship_Husband": 0.025593587079558517, "fnlwgt": 0.013136905639633111, "hours-per-week": 0.012169957512965714, "marital-status_Divorced": 0.004959853641755345, "relationship_Not-in-family": 0.004743917133494202, "education_Some-college": 0.00233892762531257, "marital-status_Never-married": 0.002182766488222089}}}