{"instance_id": 7609, "quadrant": "TP", "true_label": 1, "prediction": 1, "prediction_correct": true, "metrics": {"cost": 539002.9709950322, "sparsity": 0.09259259259259259, "fidelity": 0.9335395183378665, "faithfulness_gap": 0.7710253314053884, "stability": 0.9662119187392872}, "explanation": {"top_features": ["education-num: 0.1782", "marital-status_Married-civ-spouse: 0.1198", "occupation_Prof-specialty: 0.1078", "workclass_Federal-gov: 0.0677", "age: 0.0603", "relationship_Husband: 0.0518", "hours-per-week: 0.0266", "marital-status_Never-married: 0.0240", "fnlwgt: 0.0215", "relationship_Not-in-family: 0.0161"], "raw_top": {"education-num": 0.17816002272397688, "marital-status_Married-civ-spouse": 0.11976082774137904, "occupation_Prof-specialty": 0.10777854550450063, "workclass_Federal-gov": 0.06772753074912405, "age": 0.06033317014161304, "relationship_Husband": 0.05176600692617571, "hours-per-week": 0.02662939484598911, "marital-status_Never-married": 0.023967666164148853, "fnlwgt": 0.021498995456442505, "relationship_Not-in-family": 0.016054889606476386}}}