{"instance_id": 764, "quadrant": "TP", "true_label": 1, "prediction": 1, "prediction_correct": true, "metrics": {"cost": 458051.70842190273, "sparsity": 0.09259259259259259, "fidelity": 0.9828748890061157, "faithfulness_gap": 0.7468501566152821, "stability": 0.9975636389819417}, "explanation": {"top_features": ["capital-gain: 0.4916", "occupation_Exec-managerial: 0.0605", "marital-status_Married-civ-spouse: 0.0499", "hours-per-week: 0.0290", "age: 0.0290", "relationship_Husband: 0.0253", "relationship_Unmarried: 0.0098", "relationship_Other-relative: 0.0098", "fnlwgt: 0.0095", "education_Some-college: 0.0094"], "raw_top": {"capital-gain": 0.49164214405097, "occupation_Exec-managerial": 0.06053752296302054, "marital-status_Married-civ-spouse": 0.049894676873614284, "hours-per-week": 0.029013673829440926, "age": 0.028991214002641225, "relationship_Husband": 0.025328950054234724, "relationship_Unmarried": 0.00982326196287668, "relationship_Other-relative": 0.009800114235975406, "fnlwgt": 0.009477324774057392, "education_Some-college": 0.009419209260684958}}}