{"instance_id": 8559, "quadrant": "TN", "true_label": 0, "prediction": 0, "prediction_correct": true, "metrics": {"cost": 141040.32128490508, "sparsity": 0.09259259259259259, "fidelity": 0.7805516396078641, "faithfulness_gap": 0.2039916381337543, "stability": 0.9713675125378453}, "explanation": {"top_features": ["hours-per-week: -0.0761", "marital-status_Married-civ-spouse: -0.0457", "relationship_Other-relative: -0.0290", "relationship_Husband: -0.0260", "capital-loss: -0.0143", "marital-status_Never-married: -0.0117", "occupation_Exec-managerial: -0.0102", "age: -0.0096", "workclass_Private: -0.0083", "occupation_Sales: -0.0045"], "raw_top": {"hours-per-week": -0.07607090150998098, "marital-status_Married-civ-spouse": -0.045731509362876316, "relationship_Other-relative": -0.029039449390486523, "relationship_Husband": -0.02595426252137232, "capital-loss": -0.014275076789838389, "marital-status_Never-married": -0.011747713384343925, "occupation_Exec-managerial": -0.010212848726509013, "age": -0.009588617044059396, "workclass_Private": -0.00828525731677025, "occupation_Sales": -0.004484283904237385}}}