{"instance_id": 8823, "quadrant": "TP", "true_label": 1, "prediction": 1, "prediction_correct": true, "metrics": {"cost": 625023.158399039, "sparsity": 0.09259259259259259, "fidelity": 0.9755351333991317, "faithfulness_gap": 0.8096035140858595, "stability": 0.9712854862257998}, "explanation": {"top_features": ["capital-loss: 0.1906", "marital-status_Married-civ-spouse: 0.1224", "education-num: 0.1101", "occupation_Sales: 0.0592", "relationship_Husband: 0.0545", "age: 0.0365", "relationship_Not-in-family: 0.0293", "marital-status_Divorced: 0.0223", "marital-status_Never-married: 0.0198", "occupation_Other-service: 0.0180"], "raw_top": {"capital-loss": 0.1906027452253808, "marital-status_Married-civ-spouse": 0.12241167758497366, "education-num": 0.11010577990381555, "occupation_Sales": 0.05919960698853959, "relationship_Husband": 0.0544526933422175, "age": 0.03645775767607471, "relationship_Not-in-family": 0.029338692027184008, "marital-status_Divorced": 0.02232168471573645, "marital-status_Never-married": 0.019825873492927675, "occupation_Other-service": 0.017963675913742816}}}