{"instance_id": 8841, "quadrant": "TP", "true_label": 1, "prediction": 1, "prediction_correct": true, "metrics": {"cost": 446600.31672299374, "sparsity": 0.09259259259259259, "fidelity": 0.9689665045304041, "faithfulness_gap": 0.7533211943919957, "stability": 0.9818862569777801}, "explanation": {"top_features": ["capital-gain: 0.2504", "education-num: 0.0958", "occupation_Exec-managerial: 0.0940", "marital-status_Married-civ-spouse: 0.0914", "relationship_Husband: 0.0530", "hours-per-week: 0.0298", "workclass_Self-emp-inc: 0.0285", "marital-status_Never-married: 0.0171", "relationship_Not-in-family: 0.0145", "education_Bachelors: 0.0107"], "raw_top": {"capital-gain": 0.250416279252485, "education-num": 0.0958416448152675, "occupation_Exec-managerial": 0.09400360388257724, "marital-status_Married-civ-spouse": 0.09139611389637022, "relationship_Husband": 0.05296254358773159, "hours-per-week": 0.029753916688195756, "workclass_Self-emp-inc": 0.028519455251735163, "marital-status_Never-married": 0.01710970259833722, "relationship_Not-in-family": 0.014517825961297946, "education_Bachelors": 0.01068821924256158}}}