{"instance_id": 9273, "quadrant": "TP", "true_label": 1, "prediction": 1, "prediction_correct": true, "metrics": {"cost": 422925.03984691575, "sparsity": 0.09259259259259259, "fidelity": 0.9384419631655471, "faithfulness_gap": 0.6707070711927946, "stability": 0.932161828419242}, "explanation": {"top_features": ["education-num: 0.1148", "occupation_Sales: 0.1060", "marital-status_Married-civ-spouse: 0.0869", "relationship_Husband: 0.0639", "hours-per-week: 0.0598", "education_Bachelors: 0.0474", "occupation_Other-service: 0.0076", "marital-status_Never-married: 0.0074", "education_Some-college: 0.0028", "workclass_Private: 0.0024"], "raw_top": {"education-num": 0.11484124327734334, "occupation_Sales": 0.10595059551501927, "marital-status_Married-civ-spouse": 0.08689504126094495, "relationship_Husband": 0.06389068470911533, "hours-per-week": 0.059830323242745016, "education_Bachelors": 0.04742152094004826, "occupation_Other-service": 0.007597732747120172, "marital-status_Never-married": 0.007401213000478977, "education_Some-college": 0.0028200368965292655, "workclass_Private": 0.0024288346144338267}}}