{"instance_id": 9374, "quadrant": "TP", "true_label": 1, "prediction": 1, "prediction_correct": true, "metrics": {"cost": 463852.1134799812, "sparsity": 0.09259259259259259, "fidelity": 0.9929548938797481, "faithfulness_gap": 0.7887471510505836, "stability": 0.9908184395494349}, "explanation": {"top_features": ["capital-loss: 0.4171", "education-num: 0.1065", "marital-status_Married-civ-spouse: 0.0957", "relationship_Husband: 0.0407", "occupation_nan: -0.0359", "workclass_nan: -0.0352", "age: -0.0296", "workclass_Private: -0.0237", "relationship_Not-in-family: 0.0184", "marital-status_Divorced: 0.0172"], "raw_top": {"capital-loss": 0.4170897340736774, "education-num": 0.1065392284143147, "marital-status_Married-civ-spouse": 0.0956560344069699, "relationship_Husband": 0.04066236183551935, "occupation_nan": -0.035892763445072584, "workclass_nan": -0.03520798195675617, "age": -0.029599332612972342, "workclass_Private": -0.02365564398460651, "relationship_Not-in-family": 0.01837630589374865, "marital-status_Divorced": 0.017236898474047597}}}