{"instance_id": 9382, "quadrant": "FP", "true_label": 0, "prediction": 1, "prediction_correct": false, "metrics": {"cost": 87024.71998299006, "sparsity": 0.09259259259259259, "fidelity": 0.7934447393241684, "faithfulness_gap": 0.3163104816844745, "stability": 0.8959312530709327}, "explanation": {"top_features": ["marital-status_Married-civ-spouse: 0.1102", "occupation_Exec-managerial: 0.0864", "education-num: 0.0739", "relationship_Husband: 0.0520", "native-country_United-States: -0.0441", "hours-per-week: -0.0416", "capital-loss: -0.0285", "race_Other: -0.0272", "relationship_Not-in-family: 0.0228", "marital-status_Divorced: 0.0200"], "raw_top": {"marital-status_Married-civ-spouse": 0.11017959806601306, "occupation_Exec-managerial": 0.08641591442018214, "education-num": 0.07393992274551156, "relationship_Husband": 0.05202065679496071, "native-country_United-States": -0.044142906793534116, "hours-per-week": -0.04161341623444701, "capital-loss": -0.028497598376974412, "race_Other": -0.027177893335798536, "relationship_Not-in-family": 0.022811235204729156, "marital-status_Divorced": 0.019992966411048835}}}