{"instance_id": 9517, "quadrant": "TP", "true_label": 1, "prediction": 1, "prediction_correct": true, "metrics": {"cost": 481806.3415510114, "sparsity": 0.09259259259259259, "fidelity": 0.9816626114863332, "faithfulness_gap": 0.6611383873582701, "stability": 0.9698575501462157}, "explanation": {"top_features": ["capital-gain: 0.2332", "marital-status_Married-civ-spouse: 0.1010", "relationship_Wife: 0.0999", "age: 0.0619", "fnlwgt: 0.0203", "occupation_Adm-clerical: 0.0197", "education_Some-college: 0.0126", "relationship_Not-in-family: 0.0082", "marital-status_Divorced: 0.0080", "occupation_Other-service: 0.0068"], "raw_top": {"capital-gain": 0.23316190153784963, "marital-status_Married-civ-spouse": 0.1009790112964404, "relationship_Wife": 0.09987997752632569, "age": 0.06194448861602862, "fnlwgt": 0.02028054758286305, "occupation_Adm-clerical": 0.019729417727425445, "education_Some-college": 0.012587034572519796, "relationship_Not-in-family": 0.008171240421664828, "marital-status_Divorced": 0.007992253057851385, "occupation_Other-service": 0.006756259991100189}}}