{"instance_id": 9670, "quadrant": "TP", "true_label": 1, "prediction": 1, "prediction_correct": true, "metrics": {"cost": 383183.6758439895, "sparsity": 0.09259259259259259, "fidelity": 0.9530736357501378, "faithfulness_gap": 0.7208248396814423, "stability": 0.9813256745630268}, "explanation": {"top_features": ["education-num: 0.2097", "occupation_Prof-specialty: 0.1221", "marital-status_Married-civ-spouse: 0.1022", "relationship_Husband: 0.0635", "age: 0.0237", "workclass_Self-emp-inc: 0.0208", "marital-status_Never-married: 0.0197", "relationship_Not-in-family: 0.0166", "hours-per-week: 0.0142", "education_Prof-school: 0.0138"], "raw_top": {"education-num": 0.20972830597591627, "occupation_Prof-specialty": 0.12214361753322694, "marital-status_Married-civ-spouse": 0.10222742083765554, "relationship_Husband": 0.06347758411398771, "age": 0.023745054421899028, "workclass_Self-emp-inc": 0.02077220876012881, "marital-status_Never-married": 0.019745553663877324, "relationship_Not-in-family": 0.016589883560415686, "hours-per-week": 0.0142429352260297, "education_Prof-school": 0.013848098064994962}}}