{"instance_id": 9698, "quadrant": "FN", "true_label": 1, "prediction": 0, "prediction_correct": false, "metrics": {"cost": 150044.2131080199, "sparsity": 0.09259259259259259, "fidelity": 0.8828372186365443, "faithfulness_gap": 0.007409409401866546, "stability": 0.9257411892391972}, "explanation": {"top_features": ["education-num: -0.1244", "marital-status_Married-civ-spouse: 0.0440", "occupation_Exec-managerial: -0.0363", "capital-loss: -0.0268", "age: 0.0217", "relationship_Husband: 0.0160", "capital-gain: -0.0100", "occupation_Prof-specialty: -0.0097", "occupation_Sales: -0.0064", "education_Bachelors: -0.0054"], "raw_top": {"education-num": -0.12442898192328065, "marital-status_Married-civ-spouse": 0.04401705749591537, "occupation_Exec-managerial": -0.03625841675775556, "capital-loss": -0.026761279218919336, "age": 0.021699245971392386, "relationship_Husband": 0.016000491005451745, "capital-gain": -0.009978548672718968, "occupation_Prof-specialty": -0.009650526447643538, "occupation_Sales": -0.006438230457318972, "education_Bachelors": -0.005392134150667721}}}