score_dimension,mean_visible_minus_hidden,median_visible_minus_hidden,n_pairs
clarity,0.0018832391713747645,0.0,1593
completeness,0.08537350910232266,0.0,1593
concision,0.19836785938480853,0.0,1593
semantic_plausibility,-0.13559322033898305,0.0,1593
audit_usefulness,0.035781544256120526,0.0,1593
actionability,-0.005649717514124294,0.0,1593
overall_quality,0.04833647206528562,0.0,1593
