dimension,icc_2_1,ci_lower,ci_upper,n_cases,n_judges
clarity,0.32058566365746416,0.1673765655903225,0.45867586104036756,147,3
completeness,0.5847967267328675,0.46712634490205973,0.6821129558156279,147,3
concision,0.4530619623622593,0.31421296334394155,0.5729340263198117,147,3
semantic_plausibility,0.6006972130164608,0.48607177567642473,0.6950038775997806,147,3
audit_usefulness,0.3763114782605344,0.22832564294634558,0.50730117502397,147,3
actionability,0.3998166735274403,0.2543866039215181,0.5275642788832171,147,3
overall_quality,0.43085757383144463,0.2891293526482258,0.5541027831294393,147,3
