dimension,krippendorff_alpha,observed_disagreement,expected_disagreement,n_cases,n_judges
clarity,0.2779178288648746,0.05734172771236601,0.0794116376287533,192,3
completeness,0.5664682988013388,0.012335011891606967,0.02845238735137982,192,3
concision,0.40891262016843466,0.10582661949715502,0.1790371831780795,192,3
semantic_plausibility,0.5732817077281347,0.05334016822892853,0.12500089448929724,192,3
audit_usefulness,0.339982607342064,0.027680136412132322,0.04193849543973756,192,3
actionability,0.36244122028804937,0.013075210841843196,0.020508243722642455,192,3
overall_quality,0.39428288758808405,0.023202972187293603,0.038306614939276305,192,3
