{"instance_id": 103, "quadrant": "TN", "true_label": 0, "prediction": 0, "prediction_correct": true, "metrics": {"cost": 1001.1360000353307, "sparsity": 0.9333333333333333, "fidelity": 0.9612952197556192, "faithfulness_gap": 0.48, "stability": 0.843798128009375}, "explanation": {"top_features": ["worst concave points: -0.1414", "mean concave points: -0.0928", "worst concavity: -0.0370", "worst compactness: -0.0257", "worst perimeter: -0.0244", "worst fractal dimension: -0.0200", "worst symmetry: -0.0192", "mean concavity: -0.0187", "mean texture: 0.0162", "worst area: 0.0143"], "raw_top": {"worst concave points": -0.14142666359315625, "mean concave points": -0.0928285676788073, "worst concavity": -0.03701333285251167, "worst compactness": -0.025713808430009522, "worst perimeter": -0.024429998953128234, "worst fractal dimension": -0.020033809079322965, "worst symmetry": -0.01916333334054798, "mean concavity": -0.018681903707329185, "mean texture": 0.016221428280114195, "worst area": 0.014317619045614264}}}