{"instance_id": 107, "quadrant": "TN", "true_label": 0, "prediction": 0, "prediction_correct": true, "metrics": {"cost": 1009.0480000944808, "sparsity": 0.9666666666666667, "fidelity": 0.7749571270038206, "faithfulness_gap": 0.37, "stability": 0.9897544464514743}, "explanation": {"top_features": ["worst area: -0.0922", "worst perimeter: -0.0907", "worst radius: -0.0728", "worst concave points: -0.0703", "mean concave points: -0.0597", "worst texture: 0.0459", "area error: -0.0457", "mean perimeter: -0.0437", "mean area: -0.0274", "mean concavity: -0.0221"], "raw_top": {"worst area": -0.09223595202958677, "worst perimeter": -0.09072714218345937, "worst radius": -0.07278071420732886, "worst concave points": -0.07026166700408794, "mean concave points": -0.059676904256048144, "worst texture": 0.04587785671406891, "area error": -0.045684285986062605, "mean perimeter": -0.04372095206927042, "mean area": -0.027434047517890577, "mean concavity": -0.02208809503004886}}}