{"instance_id": 11, "quadrant": "TP", "true_label": 1, "prediction": 1, "prediction_correct": true, "metrics": {"cost": 1001.1431999737397, "sparsity": 0.8666666666666667, "fidelity": 0.8276945217276069, "faithfulness_gap": 0.32999999999999996, "stability": 0.9927223736489805}, "explanation": {"top_features": ["worst area: 0.0617", "worst perimeter: 0.0593", "worst concave points: 0.0528", "worst radius: 0.0518", "mean concave points: 0.0399", "worst concavity: 0.0260", "area error: 0.0224", "mean perimeter: 0.0181", "mean concavity: 0.0145", "mean area: 0.0132"], "raw_top": {"worst area": 0.061745713531272485, "worst perimeter": 0.05933595144248102, "worst concave points": 0.05279476154973963, "worst radius": 0.05180761842348147, "mean concave points": 0.03989952317118878, "worst concavity": 0.026039285679580644, "area error": 0.02243928559066262, "mean perimeter": 0.018065714044496417, "mean concavity": 0.014532856770674698, "mean area": 0.013208571104041767}}}