{"instance_id": 2, "quadrant": "TP", "true_label": 1, "prediction": 1, "prediction_correct": true, "metrics": {"cost": 1001.8402999266982, "sparsity": 1.0, "fidelity": 0.8825051261120757, "faithfulness_gap": 0.22999999999999998, "stability": 0.987616701342655}, "explanation": {"top_features": ["worst perimeter: 0.0578", "worst area: 0.0569", "worst concave points: 0.0529", "worst radius: 0.0447", "mean concave points: 0.0325", "area error: 0.0249", "mean perimeter: 0.0208", "mean texture: 0.0165", "worst texture: 0.0162", "mean area: 0.0116"], "raw_top": {"worst perimeter": 0.05775309443299193, "worst area": 0.05691833277291153, "worst concave points": 0.052903808628325354, "worst radius": 0.044665952044306324, "mean concave points": 0.0325080946876551, "area error": 0.024916904616693502, "mean perimeter": 0.020788094958406875, "mean texture": 0.01654095224919729, "worst texture": 0.01623333325580461, "mean area": 0.011600714090454857}}}