{"instance_id": 21, "quadrant": "TP", "true_label": 1, "prediction": 1, "prediction_correct": true, "metrics": {"cost": 1001.8533000256866, "sparsity": 1.0, "fidelity": 0.7989269945983454, "faithfulness_gap": 0.31999999999999995, "stability": 0.9954960967823572}, "explanation": {"top_features": ["worst area: 0.0649", "worst perimeter: 0.0622", "worst radius: 0.0570", "worst concave points: 0.0509", "mean concave points: 0.0391", "mean perimeter: 0.0222", "area error: 0.0175", "worst texture: 0.0161", "mean area: 0.0143", "mean texture: 0.0138"], "raw_top": {"worst area": 0.06494309421861544, "worst perimeter": 0.06217071309743915, "worst radius": 0.056984285096405074, "worst concave points": 0.05085952303139493, "mean concave points": 0.03907238012528978, "mean perimeter": 0.02216047588386573, "area error": 0.017454285579151473, "worst texture": 0.01607023818563903, "mean area": 0.0142523807217367, "mean texture": 0.013801904515130445}}}