{"instance_id": 24, "quadrant": "TN", "true_label": 0, "prediction": 0, "prediction_correct": true, "metrics": {"cost": 1000.9410999482498, "sparsity": 1.0, "fidelity": 0.7520361249774964, "faithfulness_gap": 0.34, "stability": 0.9994705852248733}, "explanation": {"top_features": ["worst area: -0.0943", "worst perimeter: -0.0935", "worst radius: -0.0731", "worst concave points: -0.0674", "mean concave points: -0.0666", "mean perimeter: -0.0433", "area error: -0.0350", "worst concavity: -0.0289", "mean concavity: -0.0249", "mean texture: -0.0199"], "raw_top": {"worst area": -0.09433952348772437, "worst perimeter": -0.09347404705185909, "worst radius": -0.07306500005943235, "worst concave points": -0.06741214384295745, "mean concave points": -0.06661404753423994, "mean perimeter": -0.0433247614162974, "area error": -0.03496976240159711, "worst concavity": -0.028923333432758228, "mean concavity": -0.024867619366268627, "mean texture": -0.01990857147728093}}}