{"instance_id": 27, "quadrant": "TP", "true_label": 1, "prediction": 1, "prediction_correct": true, "metrics": {"cost": 1001.3021000195295, "sparsity": 0.9333333333333333, "fidelity": 0.7950300031398517, "faithfulness_gap": 0.30999999999999994, "stability": 0.9883794219897082}, "explanation": {"top_features": ["worst area: 0.0594", "worst perimeter: 0.0547", "worst radius: 0.0444", "worst concave points: 0.0438", "mean concave points: 0.0257", "worst concavity: 0.0246", "worst texture: 0.0243", "area error: 0.0240", "mean texture: 0.0189", "mean concavity: 0.0174"], "raw_top": {"worst area": 0.0594366658810759, "worst perimeter": 0.05471785616595298, "worst radius": 0.04438404711720068, "worst concave points": 0.04377714244590607, "mean concave points": 0.025715475836477708, "worst concavity": 0.024621904708328656, "worst texture": 0.02431214268959593, "area error": 0.02404166663531214, "mean texture": 0.01889952373923734, "mean concavity": 0.017446666460018606}}}