{"instance_id": 28, "quadrant": "TP", "true_label": 1, "prediction": 1, "prediction_correct": true, "metrics": {"cost": 1001.0163999395445, "sparsity": 0.9666666666666667, "fidelity": 0.398784753877623, "faithfulness_gap": 0.09999999999999998, "stability": 0.7535728225263557}, "explanation": {"top_features": ["worst concave points: 0.0539", "mean concave points: 0.0392", "worst concavity: 0.0353", "mean radius: 0.0193", "mean area: 0.0185", "mean concavity: 0.0165", "area error: 0.0161", "mean perimeter: 0.0140", "worst smoothness: 0.0127", "mean texture: 0.0111"], "raw_top": {"worst concave points": 0.053941666171886025, "mean concave points": 0.03921833270287607, "worst concavity": 0.03529142806306482, "mean radius": 0.019264761748490854, "mean area": 0.018482380656641907, "mean concavity": 0.01649428574601188, "area error": 0.016059761689975856, "mean perimeter": 0.01398999985831324, "worst smoothness": 0.012674047650652937, "mean texture": 0.011089999853866175}}}