{"instance_id": 30, "quadrant": "TP", "true_label": 1, "prediction": 1, "prediction_correct": true, "metrics": {"cost": 1001.1298999888822, "sparsity": 1.0, "fidelity": 0.8178916554661785, "faithfulness_gap": 0.27, "stability": 0.9921885071735801}, "explanation": {"top_features": ["worst perimeter: 0.0574", "worst area: 0.0558", "worst concave points: 0.0540", "worst radius: 0.0502", "mean concave points: 0.0330", "worst concavity: 0.0279", "area error: 0.0185", "mean area: 0.0169", "mean perimeter: 0.0160", "mean concavity: 0.0150"], "raw_top": {"worst perimeter": 0.05743237997579854, "worst area": 0.05578118967008777, "worst concave points": 0.05401523781009018, "worst radius": 0.05018071389524266, "mean concave points": 0.03295166612573666, "worst concavity": 0.02786809501820244, "area error": 0.018510237912414594, "mean area": 0.01685166636510985, "mean perimeter": 0.015968095230055043, "mean concavity": 0.014970714083174243}}}