{"instance_id": 34, "quadrant": "TP", "true_label": 1, "prediction": 1, "prediction_correct": true, "metrics": {"cost": 1005.940799950622, "sparsity": 0.9333333333333333, "fidelity": 0.5700577543396899, "faithfulness_gap": 0.06000000000000005, "stability": 0.5937619982131296}, "explanation": {"top_features": ["worst concave points: 0.0599", "mean concave points: 0.0449", "mean radius: 0.0320", "worst concavity: 0.0305", "mean texture: -0.0228", "mean concavity: 0.0198", "worst area: 0.0179", "worst perimeter: 0.0138", "mean perimeter: 0.0126", "mean area: 0.0126"], "raw_top": {"worst concave points": 0.059925238007563164, "mean concave points": 0.04488571350462735, "mean radius": 0.03201666616427246, "worst concavity": 0.030500951939611696, "mean texture": -0.02275380913633853, "mean concavity": 0.01978571414365433, "worst area": 0.01787999997846782, "worst perimeter": 0.01382523836044129, "mean perimeter": 0.012622857055393979, "mean area": 0.012606666577048599}}}