{"instance_id": 36, "quadrant": "TP", "true_label": 1, "prediction": 1, "prediction_correct": true, "metrics": {"cost": 1001.9835999701172, "sparsity": 1.0, "fidelity": 0.8559959613745215, "faithfulness_gap": 0.33999999999999997, "stability": 0.9975251144940487}, "explanation": {"top_features": ["worst perimeter: 0.0673", "worst area: 0.0618", "worst radius: 0.0554", "worst concave points: 0.0514", "mean concave points: 0.0387", "worst concavity: 0.0269", "area error: 0.0212", "mean perimeter: 0.0205", "mean area: 0.0169", "mean texture: -0.0117"], "raw_top": {"worst perimeter": 0.06731142720149365, "worst area": 0.06177880894916598, "worst radius": 0.05538118991127703, "worst concave points": 0.051434761473792605, "mean concave points": 0.03866071392869344, "worst concavity": 0.02687523809436243, "area error": 0.02116309509554412, "mean perimeter": 0.02050142831460107, "mean area": 0.01686166644300101, "mean texture": -0.011653809359413571}}}