{"instance_id": 47, "quadrant": "TN", "true_label": 0, "prediction": 0, "prediction_correct": true, "metrics": {"cost": 1001.312299980782, "sparsity": 0.9666666666666667, "fidelity": 0.6933274788298948, "faithfulness_gap": 0.36, "stability": 0.9785019465578744}, "explanation": {"top_features": ["worst concave points: -0.0984", "mean concave points: -0.0802", "worst area: -0.0776", "worst perimeter: -0.0728", "worst radius: -0.0706", "worst concavity: -0.0415", "mean concavity: -0.0302", "area error: -0.0285", "mean texture: -0.0177", "worst texture: -0.0173"], "raw_top": {"worst concave points": -0.09838238032127265, "mean concave points": -0.08018404631671729, "worst area": -0.07763095184986014, "worst perimeter": -0.07281785620667507, "worst radius": -0.07058452352357562, "worst concavity": -0.04147333303175401, "mean concavity": -0.030189523588633166, "area error": -0.028516428714501673, "mean texture": -0.01773428569198586, "worst texture": -0.017254523728624918}}}