{"instance_id": 52, "quadrant": "TP", "true_label": 1, "prediction": 1, "prediction_correct": true, "metrics": {"cost": 1003.2519000815228, "sparsity": 1.0, "fidelity": 0.8141219590672086, "faithfulness_gap": 0.25, "stability": 0.9614318184308508}, "explanation": {"top_features": ["worst area: 0.0509", "worst radius: 0.0500", "worst perimeter: 0.0486", "worst concave points: 0.0338", "mean concave points: 0.0317", "worst concavity: 0.0262", "area error: 0.0252", "worst texture: 0.0222", "mean texture: 0.0211", "mean perimeter: 0.0170"], "raw_top": {"worst area": 0.05086595209373627, "worst radius": 0.050025475767324676, "worst perimeter": 0.048609522702754475, "worst concave points": 0.033797618593962395, "mean concave points": 0.031673094777215735, "worst concavity": 0.026166190397343598, "area error": 0.025223333377216477, "worst texture": 0.022244047496351414, "mean texture": 0.02108428552222904, "mean perimeter": 0.01699095224728808}}}