{"instance_id": 53, "quadrant": "TP", "true_label": 1, "prediction": 1, "prediction_correct": true, "metrics": {"cost": 1001.3720000861213, "sparsity": 1.0, "fidelity": 0.6937784927853046, "faithfulness_gap": 0.24, "stability": 0.9736109534861527}, "explanation": {"top_features": ["worst perimeter: 0.0544", "worst concave points: 0.0539", "worst area: 0.0451", "worst radius: 0.0424", "mean concave points: 0.0347", "worst concavity: 0.0232", "worst texture: 0.0216", "area error: 0.0213", "mean concavity: 0.0200", "mean texture: 0.0168"], "raw_top": {"worst perimeter": 0.05439809446455911, "worst concave points": 0.05391999960236717, "worst area": 0.04507119001063984, "worst radius": 0.04235928541806061, "mean concave points": 0.034746428161452056, "worst concavity": 0.023206190316122956, "worst texture": 0.021603809366642964, "area error": 0.021294047676492484, "mean concavity": 0.019972618941101247, "mean texture": 0.016757142728893087}}}