{"instance_id": 57, "quadrant": "TN", "true_label": 0, "prediction": 0, "prediction_correct": true, "metrics": {"cost": 1015.7304999884218, "sparsity": 1.0, "fidelity": 0.6917419979855272, "faithfulness_gap": 0.4, "stability": 0.9983674165582329}, "explanation": {"top_features": ["worst perimeter: -0.0873", "worst area: -0.0873", "worst concave points: -0.0827", "mean concave points: -0.0699", "worst radius: -0.0611", "area error: -0.0295", "worst concavity: -0.0291", "mean concavity: -0.0278", "mean perimeter: -0.0259", "worst texture: -0.0160"], "raw_top": {"worst perimeter": -0.08731071370071732, "worst area": -0.0872816663607955, "worst concave points": -0.08271166645601624, "mean concave points": -0.06991595238883747, "worst radius": -0.06110761920164805, "area error": -0.02946595249319216, "worst concavity": -0.02905619053984992, "mean concavity": -0.027784523681621067, "mean perimeter": -0.025876428577757907, "worst texture": -0.016028571636998095}}}