{"instance_id": 63, "quadrant": "TN", "true_label": 0, "prediction": 0, "prediction_correct": true, "metrics": {"cost": 1004.8753999872133, "sparsity": 1.0, "fidelity": 0.6841778435935918, "faithfulness_gap": 0.4, "stability": 0.9976050106154664}, "explanation": {"top_features": ["worst concave points: -0.0976", "mean concave points: -0.0790", "worst area: -0.0769", "worst perimeter: -0.0735", "worst radius: -0.0714", "worst concavity: -0.0336", "worst texture: -0.0266", "area error: -0.0259", "worst smoothness: -0.0242", "mean concavity: -0.0233"], "raw_top": {"worst concave points": -0.09764357120351633, "mean concave points": -0.07902309481723932, "worst area": -0.07692071410594509, "worst perimeter": -0.07345428531698417, "worst radius": -0.0713626186986221, "worst concavity": -0.03359142845321912, "worst texture": -0.026638095110538416, "area error": -0.025902619399421383, "worst smoothness": -0.024196905110729857, "mean concavity": -0.023346904759528116}}}