{"instance_id": 69, "quadrant": "TN", "true_label": 0, "prediction": 0, "prediction_correct": true, "metrics": {"cost": 1002.8720999835059, "sparsity": 0.9666666666666667, "fidelity": 0.8843797771369613, "faithfulness_gap": 0.47000000000000003, "stability": 0.9437663791940567}, "explanation": {"top_features": ["worst concave points: -0.1279", "mean concave points: -0.1055", "worst radius: -0.0689", "worst area: -0.0580", "worst perimeter: -0.0450", "mean concavity: -0.0401", "worst texture: -0.0345", "mean texture: -0.0245", "worst concavity: -0.0234", "worst smoothness: -0.0109"], "raw_top": {"worst concave points": -0.1278790463641053, "mean concave points": -0.10545952212123666, "worst radius": -0.06888476121181157, "worst area": -0.05797333262045868, "worst perimeter": -0.04500237968633883, "mean concavity": -0.04013618976285215, "worst texture": -0.03452761879423633, "mean texture": -0.024487618855200708, "worst concavity": -0.02343142826401163, "worst smoothness": -0.01089714293309953}}}