{"instance_id": 7, "quadrant": "TN", "true_label": 0, "prediction": 0, "prediction_correct": true, "metrics": {"cost": 1003.1276000663638, "sparsity": 0.9333333333333333, "fidelity": 0.6983796164431861, "faithfulness_gap": 0.34, "stability": 0.9989556439303171}, "explanation": {"top_features": ["worst area: -0.0874", "worst perimeter: -0.0852", "worst concave points: -0.0818", "worst radius: -0.0732", "mean concave points: -0.0699", "mean perimeter: -0.0329", "area error: -0.0328", "worst concavity: -0.0294", "mean concavity: -0.0253", "mean texture: -0.0166"], "raw_top": {"worst area": -0.08738595232483931, "worst perimeter": -0.08524285685329232, "worst concave points": -0.08183166713133687, "worst radius": -0.07322547614981886, "mean concave points": -0.06993642823159461, "mean perimeter": -0.03294857139175292, "area error": -0.032825476243160664, "worst concavity": -0.029413809897960164, "mean concavity": -0.02527690501709003, "mean texture": -0.016605714287725278}}}