{"instance_id": 75, "quadrant": "TN", "true_label": 0, "prediction": 0, "prediction_correct": true, "metrics": {"cost": 1000.854599988088, "sparsity": 1.0, "fidelity": 0.8047315832622687, "faithfulness_gap": 0.43, "stability": 0.9724057268965268}, "explanation": {"top_features": ["worst concave points: -0.1112", "mean concave points: -0.0871", "worst perimeter: -0.0753", "worst radius: -0.0525", "worst area: -0.0486", "worst concavity: -0.0403", "mean concavity: -0.0376", "mean perimeter: -0.0255", "worst texture: -0.0204", "mean texture: -0.0190"], "raw_top": {"worst concave points": -0.111233570362092, "mean concave points": -0.08709618921333458, "worst perimeter": -0.07527380890562199, "worst radius": -0.052548095366801134, "worst area": -0.04864404748892412, "worst concavity": -0.04033214315364603, "mean concavity": -0.037564523850451226, "mean perimeter": -0.025527380421117414, "worst texture": -0.020354761829366907, "mean texture": -0.01902452361275209}}}