{"instance_id": 80, "quadrant": "TP", "true_label": 1, "prediction": 1, "prediction_correct": true, "metrics": {"cost": 1001.4158000703901, "sparsity": 0.9666666666666667, "fidelity": 0.4617816576140048, "faithfulness_gap": 0.0, "stability": 0.73893512239307}, "explanation": {"top_features": ["worst concave points: 0.0587", "fractal dimension error: -0.0495", "mean concave points: 0.0427", "mean concavity: 0.0308", "mean radius: 0.0261", "area error: 0.0176", "mean texture: 0.0159", "mean area: 0.0118", "worst fractal dimension: 0.0106", "smoothness error: 0.0100"], "raw_top": {"worst concave points": 0.05865095158864278, "fractal dimension error": -0.04948238017852418, "mean concave points": 0.042693809105549006, "mean concavity": 0.03082190447836183, "mean radius": 0.026054285378195347, "area error": 0.017565714261727407, "mean texture": 0.01594095219334122, "mean area": 0.011814285647124051, "worst fractal dimension": 0.010606666543171741, "smoothness error": 0.01004666652297601}}}