{"instance_id": 84, "quadrant": "TN", "true_label": 0, "prediction": 0, "prediction_correct": true, "metrics": {"cost": 1001.9840999739245, "sparsity": 0.9666666666666667, "fidelity": 0.8153755760757471, "faithfulness_gap": 0.32, "stability": 0.982145831510783}, "explanation": {"top_features": ["worst perimeter: -0.1139", "worst area: -0.0963", "worst radius: -0.0963", "worst concave points: -0.0415", "texture error: 0.0345", "mean perimeter: -0.0339", "mean concave points: -0.0331", "mean area: -0.0286", "mean radius: -0.0218", "worst concavity: -0.0192"], "raw_top": {"worst perimeter": -0.11388809262251015, "worst area": -0.09628047478443477, "worst radius": -0.0962588080012938, "worst concave points": -0.04153642904770095, "texture error": 0.03452523751126137, "mean perimeter": -0.03389999958279077, "mean concave points": -0.033059284974006, "mean area": -0.028594999357592313, "mean radius": -0.021753332482185216, "worst concavity": -0.019241666457382962}}}