{"instance_id": 91, "quadrant": "TP", "true_label": 1, "prediction": 1, "prediction_correct": true, "metrics": {"cost": 1005.0721999723464, "sparsity": 1.0, "fidelity": 0.7449003995720147, "faithfulness_gap": 0.29000000000000004, "stability": 0.8750961991731443}, "explanation": {"top_features": ["worst perimeter: 0.0581", "worst area: 0.0528", "mean concave points: 0.0519", "worst radius: 0.0499", "worst concave points: 0.0391", "worst concavity: -0.0269", "mean perimeter: 0.0251", "area error: 0.0176", "mean concavity: -0.0126", "mean area: 0.0122"], "raw_top": {"worst perimeter": 0.0581469039071817, "worst area": 0.052811666177585724, "mean concave points": 0.05193285639164969, "worst radius": 0.04989523764874321, "worst concave points": 0.03910571436339524, "worst concavity": -0.026859999395674093, "mean perimeter": 0.025068571078591048, "area error": 0.017596190460026265, "mean concavity": -0.012631666201632469, "mean area": 0.012168571244692429}}}