{"instance_id": 99, "quadrant": "TN", "true_label": 0, "prediction": 0, "prediction_correct": true, "metrics": {"cost": 1006.029500043951, "sparsity": 1.0, "fidelity": 0.6543975393204866, "faithfulness_gap": 0.25, "stability": 0.9871721864037009}, "explanation": {"top_features": ["worst area: -0.0948", "worst perimeter: -0.0932", "worst radius: -0.0707", "mean concave points: -0.0559", "worst concave points: -0.0415", "area error: -0.0400", "mean perimeter: -0.0308", "worst concavity: -0.0296", "mean area: -0.0286", "mean concavity: -0.0277"], "raw_top": {"worst area": -0.09476666590431705, "worst perimeter": -0.09317119010083844, "worst radius": -0.07073499949125107, "mean concave points": -0.055878333466534966, "worst concave points": -0.04150904742826242, "area error": -0.03999690498778364, "mean perimeter": -0.030755714516853914, "worst concavity": -0.02956238083075732, "mean area": -0.028626428290444893, "mean concavity": -0.027723809987073765}}}