{"instance_id": 1374, "quadrant": "FN", "true_label": 1, "prediction": 0, "prediction_correct": false, "metrics": {"cost": 272.31014700373635, "sparsity": 0.09259259259259259, "fidelity": 0.7621380954704654, "faithfulness_gap": 0.424536209078257, "stability": 0.3114421115429933}, "explanation": {"top_features": ["capital-gain: 0.3515", "occupation_Machine-op-inspct: -0.1902", "education_HS-grad: -0.1585", "marital-status_Married-civ-spouse: 0.1103", "relationship_Husband: 0.0680", "hours-per-week: -0.0440", "sex_Male: -0.0405", "education_Bachelors: 0.0269", "marital-status_Never-married: 0.0257", "education-num: -0.0184"], "raw_top": {"capital-gain": 0.3515332398503958, "occupation_Machine-op-inspct": -0.1901864732401955, "education_HS-grad": -0.15847619383177167, "marital-status_Married-civ-spouse": 0.11032779360278044, "relationship_Husband": 0.06798906845970613, "hours-per-week": -0.04397203332443538, "sex_Male": -0.04054887328669155, "education_Bachelors": 0.0268790657954852, "marital-status_Never-married": 0.02573384691049905, "education-num": -0.01844224709072298}}}