{"instance_id": 1393, "quadrant": "TP", "true_label": 1, "prediction": 1, "prediction_correct": true, "metrics": {"cost": 225.59278301196173, "sparsity": 0.09259259259259259, "fidelity": 0.7219307833993716, "faithfulness_gap": 0.723561350487529, "stability": 0.14401985684097957}, "explanation": {"top_features": ["marital-status_Married-civ-spouse: 0.1547", "relationship_Husband: 0.0558", "workclass_Private: 0.0507", "marital-status_Never-married: 0.0364", "sex_Female: 0.0304", "education_HS-grad: 0.0298", "occupation_Exec-managerial: 0.0283", "age: 0.0194", "capital-gain: 0.0136", "education_Bachelors: 0.0063"], "raw_top": {"marital-status_Married-civ-spouse": 0.15468401436944626, "relationship_Husband": 0.05583395927041406, "workclass_Private": 0.05074668941607091, "marital-status_Never-married": 0.03641170820406911, "sex_Female": 0.030363957710075842, "education_HS-grad": 0.029802122261508482, "occupation_Exec-managerial": 0.02832476901761834, "age": 0.01936785758447417, "capital-gain": 0.0135938210655499, "education_Bachelors": 0.006312299171121083}}}