{"instance_id": 1414, "quadrant": "TP", "true_label": 1, "prediction": 1, "prediction_correct": true, "metrics": {"cost": 241.73727101879194, "sparsity": 0.09259259259259259, "fidelity": 0.6312134606227799, "faithfulness_gap": 0.48432293314842, "stability": 0.22034225949130343}, "explanation": {"top_features": ["marital-status_Married-civ-spouse: 0.1459", "race_White: 0.1287", "education_HS-grad: -0.1021", "age: 0.0899", "education-num: -0.0709", "race_Black: -0.0565", "hours-per-week: -0.0467", "relationship_Husband: 0.0431", "marital-status_Never-married: 0.0412", "education_Bachelors: 0.0230"], "raw_top": {"marital-status_Married-civ-spouse": 0.14591631605617017, "race_White": 0.12868582177985993, "education_HS-grad": -0.10207508880474025, "age": 0.08989017728208713, "education-num": -0.07093972609424223, "race_Black": -0.05654293949208288, "hours-per-week": -0.04670603308654644, "relationship_Husband": 0.043115619688490446, "marital-status_Never-married": 0.04118969858935144, "education_Bachelors": 0.02296142920777486}}}