{"instance_id": 1607, "quadrant": "TP", "true_label": 1, "prediction": 1, "prediction_correct": true, "metrics": {"cost": 907.2244190028869, "sparsity": 0.09259259259259259, "fidelity": 0.7418643235892084, "faithfulness_gap": 0.4531362574116953, "stability": 0.2151671405220553}, "explanation": {"top_features": ["age: 0.1510", "education_HS-grad: -0.1269", "relationship_Husband: -0.0994", "marital-status_Divorced: 0.0867", "hours-per-week: 0.0368", "sex_Female: 0.0360", "marital-status_Never-married: 0.0255", "education_Bachelors: 0.0211", "relationship_Own-child: 0.0197", "relationship_Unmarried: 0.0156"], "raw_top": {"age": 0.15101464075916943, "education_HS-grad": -0.1268660276088277, "relationship_Husband": -0.09942856967557644, "marital-status_Divorced": 0.08665013466255646, "hours-per-week": 0.03682631559134533, "sex_Female": 0.036015771733547926, "marital-status_Never-married": 0.025503335366206806, "education_Bachelors": 0.021119179009831797, "relationship_Own-child": 0.019705518451025063, "relationship_Unmarried": 0.0156495989891047}}}