{"instance_id": 1737, "quadrant": "FP", "true_label": 0, "prediction": 1, "prediction_correct": false, "metrics": {"cost": 246.90192501293495, "sparsity": 0.09259259259259259, "fidelity": 0.7025696322446402, "faithfulness_gap": 0.34485062399172106, "stability": 0.15558487486240663}, "explanation": {"top_features": ["marital-status_Married-civ-spouse: 0.1630", "education_Some-college: -0.1615", "marital-status_Never-married: 0.0538", "education_HS-grad: 0.0467", "fnlwgt: -0.0464", "occupation_Exec-managerial: 0.0371", "hours-per-week: 0.0354", "sex_Female: 0.0259", "age: 0.0173", "relationship_Husband: 0.0150"], "raw_top": {"marital-status_Married-civ-spouse": 0.16300416985665875, "education_Some-college": -0.16145715679942954, "marital-status_Never-married": 0.053813386052981776, "education_HS-grad": 0.0466914873683312, "fnlwgt": -0.04640582453711417, "occupation_Exec-managerial": 0.03706501721454688, "hours-per-week": 0.03538308750865013, "sex_Female": 0.025899585425769093, "age": 0.017304494826585044, "relationship_Husband": 0.01501248473972988}}}