{"instance_id": 1809, "quadrant": "FN", "true_label": 1, "prediction": 0, "prediction_correct": false, "metrics": {"cost": 322.09742499981076, "sparsity": 0.09259259259259259, "fidelity": 0.8287894093282175, "faithfulness_gap": 0.1497182691461411, "stability": 0.4631849926211131}, "explanation": {"top_features": ["workclass_State-gov: -0.2501", "age: -0.1636", "race_White: 0.1099", "workclass_Private: 0.0858", "marital-status_Married-civ-spouse: 0.0713", "occupation_Protective-serv: -0.0618", "hours-per-week: -0.0436", "education_HS-grad: -0.0432", "fnlwgt: -0.0331", "education-num: -0.0171"], "raw_top": {"workclass_State-gov": -0.25009636369272276, "age": -0.1636286644272046, "race_White": 0.10985840106542574, "workclass_Private": 0.08578023731298356, "marital-status_Married-civ-spouse": 0.0712814014449828, "occupation_Protective-serv": -0.06183481558600257, "hours-per-week": -0.043643423060166074, "education_HS-grad": -0.043220726348244566, "fnlwgt": -0.03310536503732542, "education-num": -0.017101079122528673}}}