{"instance_id": 1909, "quadrant": "FP", "true_label": 0, "prediction": 1, "prediction_correct": false, "metrics": {"cost": 383.38851399021223, "sparsity": 0.09259259259259259, "fidelity": 0.6892546425304089, "faithfulness_gap": 0.2550716551959499, "stability": 0.24534483736941948}, "explanation": {"top_features": ["education_10th: -0.2142", "marital-status_Married-civ-spouse: 0.1403", "fnlwgt: 0.1322", "education-num: -0.0420", "sex_Female: 0.0371", "marital-status_Never-married: 0.0368", "age: 0.0330", "education_HS-grad: 0.0310", "education_Bachelors: 0.0250", "sex_Male: 0.0152"], "raw_top": {"education_10th": -0.2141696027765219, "marital-status_Married-civ-spouse": 0.1402597804938431, "fnlwgt": 0.13219307872841365, "education-num": -0.04196484455614985, "sex_Female": 0.03709484756528391, "marital-status_Never-married": 0.03676913279620118, "age": 0.032954207507486045, "education_HS-grad": 0.030986265460531126, "education_Bachelors": 0.025035124733010894, "sex_Male": 0.015222405215249174}}}