{"instance_id": 1948, "quadrant": "FP", "true_label": 0, "prediction": 1, "prediction_correct": false, "metrics": {"cost": 234.83783804113045, "sparsity": 0.09259259259259259, "fidelity": 0.6054537100181194, "faithfulness_gap": 0.5918635655040667, "stability": 0.22047241033091836}, "explanation": {"top_features": ["workclass_Self-emp-not-inc: -0.1662", "education-num: 0.1283", "marital-status_Married-civ-spouse: 0.1049", "age: 0.0953", "education_HS-grad: 0.0673", "hours-per-week: 0.0607", "relationship_Husband: 0.0336", "marital-status_Never-married: 0.0330", "capital-gain: 0.0300", "sex_Female: 0.0252"], "raw_top": {"workclass_Self-emp-not-inc": -0.16620787403068912, "education-num": 0.1283063171570913, "marital-status_Married-civ-spouse": 0.1049009677809594, "age": 0.09530150777371107, "education_HS-grad": 0.06732067491842925, "hours-per-week": 0.06074868302665835, "relationship_Husband": 0.0336299500932428, "marital-status_Never-married": 0.03303121807820237, "capital-gain": 0.02995946238798593, "sex_Female": 0.025242810858435327}}}