{"instance_id": 1978, "quadrant": "TN", "true_label": 0, "prediction": 0, "prediction_correct": true, "metrics": {"cost": 289.4765500095673, "sparsity": 0.09259259259259259, "fidelity": 0.7490754674642062, "faithfulness_gap": 0.49950230843270776, "stability": 0.18479758786937156}, "explanation": {"top_features": ["occupation_Farming-fishing: -0.2342", "workclass_Self-emp-not-inc: -0.1628", "marital-status_Married-civ-spouse: 0.1051", "education-num: 0.0703", "education_Bachelors: -0.0689", "fnlwgt: -0.0538", "education_HS-grad: 0.0453", "workclass_Private: 0.0357", "sex_Female: 0.0337", "age: 0.0282"], "raw_top": {"occupation_Farming-fishing": -0.2342066424723211, "workclass_Self-emp-not-inc": -0.16275200254848113, "marital-status_Married-civ-spouse": 0.10507813623004393, "education-num": 0.07032908970072245, "education_Bachelors": -0.06886899325583859, "fnlwgt": -0.05380933348592794, "education_HS-grad": 0.045286685128588466, "workclass_Private": 0.03565690556609804, "sex_Female": 0.03366348815488385, "age": 0.028208672749008762}}}