{"instance_id": 2023, "quadrant": "TN", "true_label": 0, "prediction": 0, "prediction_correct": true, "metrics": {"cost": 258.75447399448603, "sparsity": 0.09259259259259259, "fidelity": 0.5791804694415583, "faithfulness_gap": 0.06355316995228584, "stability": 0.17587343336934314}, "explanation": {"top_features": ["capital-gain: 0.1593", "occupation_Prof-specialty: -0.1269", "education_HS-grad: -0.0805", "relationship_Husband: -0.0757", "marital-status_Married-civ-spouse: -0.0626", "sex_Female: -0.0476", "relationship_Not-in-family: -0.0344", "fnlwgt: -0.0321", "hours-per-week: -0.0292", "education-num: -0.0114"], "raw_top": {"capital-gain": 0.15927931101145557, "occupation_Prof-specialty": -0.12687709549242082, "education_HS-grad": -0.08052942969823089, "relationship_Husband": -0.07574049267581838, "marital-status_Married-civ-spouse": -0.06258010000776154, "sex_Female": -0.047622746949731426, "relationship_Not-in-family": -0.034367209365306794, "fnlwgt": -0.0320930689889835, "hours-per-week": -0.029171642735561602, "education-num": -0.011426615845933297}}}