{"instance_id": 2040, "quadrant": "TP", "true_label": 1, "prediction": 1, "prediction_correct": true, "metrics": {"cost": 400.1536130090244, "sparsity": 0.09259259259259259, "fidelity": 0.5581265951836138, "faithfulness_gap": 0.3031249916216061, "stability": 0.24492942123889788}, "explanation": {"top_features": ["capital-gain: 0.2049", "relationship_Husband: 0.1000", "education_Bachelors: -0.0966", "hours-per-week: 0.0904", "education_HS-grad: 0.0901", "marital-status_Married-civ-spouse: 0.0697", "age: 0.0696", "education-num: -0.0564", "marital-status_Never-married: 0.0337", "relationship_Own-child: 0.0128"], "raw_top": {"capital-gain": 0.20492724556352646, "relationship_Husband": 0.10003048842769614, "education_Bachelors": -0.09664778374049413, "hours-per-week": 0.09038687257821283, "education_HS-grad": 0.09008240040139782, "marital-status_Married-civ-spouse": 0.06966059201988843, "age": 0.06961520548773903, "education-num": -0.056353747684572325, "marital-status_Never-married": 0.033721152420917846, "relationship_Own-child": 0.012843870814306713}}}