{"instance_id": 2425, "quadrant": "TN", "true_label": 0, "prediction": 0, "prediction_correct": true, "metrics": {"cost": 368.9280879916623, "sparsity": 0.09259259259259259, "fidelity": 0.6555856084648912, "faithfulness_gap": 0.09758287185303072, "stability": 0.08971483082278167}, "explanation": {"top_features": ["occupation_Machine-op-inspct: -0.1769", "marital-status_Married-civ-spouse: 0.0932", "education_HS-grad: -0.0851", "hours-per-week: -0.0629", "education-num: -0.0480", "fnlwgt: -0.0257", "age: 0.0227", "relationship_Husband: 0.0193", "marital-status_Never-married: 0.0188", "education_Bachelors: 0.0179"], "raw_top": {"occupation_Machine-op-inspct": -0.17690424579812483, "marital-status_Married-civ-spouse": 0.09320659518916867, "education_HS-grad": -0.08510096057769707, "hours-per-week": -0.06285593871210837, "education-num": -0.048013255570318124, "fnlwgt": -0.025724438581025563, "age": 0.022697889962448075, "relationship_Husband": 0.019311821762407224, "marital-status_Never-married": 0.018763065958322018, "education_Bachelors": 0.017882256635528837}}}