{"instance_id": 2512, "quadrant": "FN", "true_label": 1, "prediction": 0, "prediction_correct": false, "metrics": {"cost": 299.8943300335668, "sparsity": 0.09259259259259259, "fidelity": 0.77578610480742, "faithfulness_gap": 0.009291250826147679, "stability": 0.10728290506866166}, "explanation": {"top_features": ["marital-status_Married-civ-spouse: 0.1809", "education_Some-college: -0.1133", "occupation_Craft-repair: -0.1038", "education_HS-grad: 0.0646", "age: 0.0629", "marital-status_Never-married: 0.0390", "relationship_Own-child: -0.0320", "sex_Female: 0.0230", "capital-loss: -0.0129", "hours-per-week: -0.0125"], "raw_top": {"marital-status_Married-civ-spouse": 0.18094020038748002, "education_Some-college": -0.11334230977539798, "occupation_Craft-repair": -0.10382595608159433, "education_HS-grad": 0.06464702850851396, "age": 0.06293887254015151, "marital-status_Never-married": 0.03898912109830426, "relationship_Own-child": -0.032038839850000736, "sex_Female": 0.023032105577415665, "capital-loss": -0.012857345140360247, "hours-per-week": -0.01245455861052737}}}