{"instance_id": 2715, "quadrant": "TP", "true_label": 1, "prediction": 1, "prediction_correct": true, "metrics": {"cost": 437.5261309905909, "sparsity": 0.09259259259259259, "fidelity": 0.5173625971824645, "faithfulness_gap": 0.7258487283661751, "stability": 0.17118141242160193}, "explanation": {"top_features": ["education-num: -0.1677", "race_White: 0.1208", "workclass_Private: 0.1168", "marital-status_Married-civ-spouse: 0.0994", "age: 0.0874", "education_HS-grad: 0.0771", "race_Black: -0.0666", "marital-status_Never-married: 0.0443", "sex_Female: 0.0408", "education_Bachelors: 0.0279"], "raw_top": {"education-num": -0.1676542787147832, "race_White": 0.12083055789268612, "workclass_Private": 0.1168339028084149, "marital-status_Married-civ-spouse": 0.09941115959287279, "age": 0.0874119372097517, "education_HS-grad": 0.07711513096968409, "race_Black": -0.06657542159811614, "marital-status_Never-married": 0.04428174465478557, "sex_Female": 0.04075091437748111, "education_Bachelors": 0.027872611196671244}}}