{"instance_id": 2805, "quadrant": "TP", "true_label": 1, "prediction": 1, "prediction_correct": true, "metrics": {"cost": 383.6704620043747, "sparsity": 0.09259259259259259, "fidelity": 0.8941026966993921, "faithfulness_gap": 0.6442360890827669, "stability": 0.476902252552857}, "explanation": {"top_features": ["capital-gain: 0.4540", "occupation_Protective-serv: -0.2187", "marital-status_Married-civ-spouse: 0.1376", "hours-per-week: 0.0921", "education_HS-grad: -0.0686", "relationship_Husband: 0.0582", "fnlwgt: -0.0490", "marital-status_Never-married: 0.0357", "sex_Female: 0.0237", "education_Bachelors: 0.0201"], "raw_top": {"capital-gain": 0.45402998708502135, "occupation_Protective-serv": -0.21866246337397957, "marital-status_Married-civ-spouse": 0.13762320987916293, "hours-per-week": 0.09210929643797837, "education_HS-grad": -0.06863896529601506, "relationship_Husband": 0.05822504889368377, "fnlwgt": -0.04904378453828356, "marital-status_Never-married": 0.03567341411906206, "sex_Female": 0.02374156907165321, "education_Bachelors": 0.020081576730988537}}}