{"instance_id": 2983, "quadrant": "FN", "true_label": 1, "prediction": 0, "prediction_correct": false, "metrics": {"cost": 225.38118000375107, "sparsity": 0.09259259259259259, "fidelity": 0.6212603620559238, "faithfulness_gap": 0.09301755556786917, "stability": 0.14609226532776035}, "explanation": {"top_features": ["hours-per-week: -0.1685", "marital-status_Married-civ-spouse: 0.1462", "education-num: 0.1433", "occupation_Craft-repair: -0.1197", "education_Bachelors: -0.1081", "sex_Male: 0.0768", "education_HS-grad: 0.0740", "fnlwgt: -0.0646", "age: 0.0492", "marital-status_Never-married: 0.0438"], "raw_top": {"hours-per-week": -0.16848660900218837, "marital-status_Married-civ-spouse": 0.14624172038992334, "education-num": 0.1432931359149577, "occupation_Craft-repair": -0.11973342238781025, "education_Bachelors": -0.10812757061789326, "sex_Male": 0.0767518164238531, "education_HS-grad": 0.07395018424637416, "fnlwgt": -0.06464954465387647, "age": 0.04919878160731931, "marital-status_Never-married": 0.043768652628703705}}}