{"instance_id": 3026, "quadrant": "TP", "true_label": 1, "prediction": 1, "prediction_correct": true, "metrics": {"cost": 336.157109006308, "sparsity": 0.09259259259259259, "fidelity": 0.546054332944657, "faithfulness_gap": 0.6921456156385646, "stability": 0.158323287366241}, "explanation": {"top_features": ["marital-status_Married-civ-spouse: 0.1000", "age: 0.0895", "workclass_Private: 0.0687", "marital-status_Never-married: 0.0596", "occupation_Prof-specialty: 0.0480", "education_HS-grad: 0.0460", "education_Masters: 0.0299", "education-num: 0.0272", "education_Bachelors: 0.0201", "sex_Female: 0.0137"], "raw_top": {"marital-status_Married-civ-spouse": 0.09997261552084913, "age": 0.0895448801770431, "workclass_Private": 0.0687230105585815, "marital-status_Never-married": 0.05961824729798471, "occupation_Prof-specialty": 0.04796103068055753, "education_HS-grad": 0.04600121647700325, "education_Masters": 0.029863727189850184, "education-num": 0.027218244387747274, "education_Bachelors": 0.020143107702610873, "sex_Female": 0.013684911673098488}}}