{"instance_id": 3031, "quadrant": "FN", "true_label": 1, "prediction": 0, "prediction_correct": false, "metrics": {"cost": 272.0871400088072, "sparsity": 0.09259259259259259, "fidelity": 0.46535599410272355, "faithfulness_gap": 0.1406989821578715, "stability": 0.07598345997908414}, "explanation": {"top_features": ["occupation_Machine-op-inspct: -0.1471", "marital-status_Married-civ-spouse: 0.1036", "education_HS-grad: -0.0881", "hours-per-week: -0.0683", "education-num: -0.0436", "age: 0.0401", "marital-status_Never-married: 0.0284", "relationship_Husband: 0.0265", "capital-loss: -0.0149", "sex_Male: -0.0139"], "raw_top": {"occupation_Machine-op-inspct": -0.14706579293250982, "marital-status_Married-civ-spouse": 0.10364657091704432, "education_HS-grad": -0.08811903671093947, "hours-per-week": -0.0683464300354011, "education-num": -0.043630356183852956, "age": 0.040052855092566945, "marital-status_Never-married": 0.028437771231899663, "relationship_Husband": 0.02649811779569061, "capital-loss": -0.014927374315912725, "sex_Male": -0.013918881069090977}}}