{"instance_id": 3294, "quadrant": "TP", "true_label": 1, "prediction": 1, "prediction_correct": true, "metrics": {"cost": 247.0489590195939, "sparsity": 0.09259259259259259, "fidelity": 0.7517401841700002, "faithfulness_gap": 0.27439049866740634, "stability": 0.1558725709909727}, "explanation": {"top_features": ["marital-status_Married-civ-spouse: 0.1708", "workclass_Private: 0.1105", "hours-per-week: 0.0964", "occupation_Sales: -0.0955", "workclass_Self-emp-inc: -0.0897", "marital-status_Never-married: 0.0653", "education_Some-college: -0.0645", "relationship_Husband: 0.0493", "age: 0.0445", "sex_Female: 0.0330"], "raw_top": {"marital-status_Married-civ-spouse": 0.17077029497379015, "workclass_Private": 0.11049275952883342, "hours-per-week": 0.09641484661275639, "occupation_Sales": -0.09550511146438814, "workclass_Self-emp-inc": -0.0897192539004968, "marital-status_Never-married": 0.06526626139850236, "education_Some-college": -0.06453209769356749, "relationship_Husband": 0.04925282224962143, "age": 0.04447470125001812, "sex_Female": 0.032960081332803835}}}