{"instance_id": 3326, "quadrant": "FP", "true_label": 0, "prediction": 1, "prediction_correct": false, "metrics": {"cost": 291.8061580276117, "sparsity": 0.09259259259259259, "fidelity": 0.4708392603085876, "faithfulness_gap": 0.26807641078237754, "stability": 0.11134783938424049}, "explanation": {"top_features": ["marital-status_Married-civ-spouse: 0.1441", "education_Assoc-voc: -0.1060", "education_HS-grad: 0.0685", "occupation_Exec-managerial: 0.0673", "age: 0.0641", "sex_Female: 0.0351", "marital-status_Never-married: 0.0288", "education-num: 0.0169", "capital-gain: 0.0158", "education_Bachelors: 0.0132"], "raw_top": {"marital-status_Married-civ-spouse": 0.14405178917941602, "education_Assoc-voc": -0.10601388429488892, "education_HS-grad": 0.0684894348487132, "occupation_Exec-managerial": 0.06729751230893154, "age": 0.06414661862539175, "sex_Female": 0.035146441450805754, "marital-status_Never-married": 0.0287795049951028, "education-num": 0.016880905457043526, "capital-gain": 0.01575653482789391, "education_Bachelors": 0.013213148871962219}}}