{"instance_id": 3495, "quadrant": "FN", "true_label": 1, "prediction": 0, "prediction_correct": false, "metrics": {"cost": 203.29053897876292, "sparsity": 0.09259259259259259, "fidelity": 0.6821473689259401, "faithfulness_gap": 0.11032274236934422, "stability": 0.20579555831446114}, "explanation": {"top_features": ["education_Assoc-acdm: -0.1104", "marital-status_Married-civ-spouse: -0.1083", "workclass_Private: 0.0998", "relationship_Unmarried: 0.0585", "education_HS-grad: 0.0578", "workclass_Federal-gov: -0.0555", "age: -0.0542", "relationship_Husband: -0.0415", "marital-status_Divorced: -0.0398", "sex_Male: -0.0273"], "raw_top": {"education_Assoc-acdm": -0.11044908224490912, "marital-status_Married-civ-spouse": -0.10832503261307816, "workclass_Private": 0.09984708369054807, "relationship_Unmarried": 0.05845023688764945, "education_HS-grad": 0.05775191606866824, "workclass_Federal-gov": -0.05545099416859181, "age": -0.0541837612769369, "relationship_Husband": -0.0415174607969481, "marital-status_Divorced": -0.03983547530092076, "sex_Male": -0.02731702226401722}}}