{"instance_id": 3772, "quadrant": "TP", "true_label": 1, "prediction": 1, "prediction_correct": true, "metrics": {"cost": 372.60015902575105, "sparsity": 0.09259259259259259, "fidelity": 0.9698877088549925, "faithfulness_gap": 0.7742770274512442, "stability": 0.518954145373375}, "explanation": {"top_features": ["capital-gain: 0.3925", "marital-status_Married-civ-spouse: 0.0909", "relationship_Wife: 0.0471", "age: 0.0397", "marital-status_Never-married: 0.0180", "education_HS-grad: 0.0172", "sex_Male: 0.0129", "fnlwgt: 0.0123", "relationship_Own-child: 0.0102", "education_Bachelors: 0.0080"], "raw_top": {"capital-gain": 0.3925448546945724, "marital-status_Married-civ-spouse": 0.09090655280709692, "relationship_Wife": 0.04708655558712888, "age": 0.03970553270824571, "marital-status_Never-married": 0.017972780493003222, "education_HS-grad": 0.01718621838892419, "sex_Male": 0.012870418578696948, "fnlwgt": 0.012266745590808684, "relationship_Own-child": 0.010208295992535693, "education_Bachelors": 0.007969746714344472}}}