{"instance_id": 3842, "quadrant": "TN", "true_label": 0, "prediction": 0, "prediction_correct": true, "metrics": {"cost": 331.1968700145371, "sparsity": 0.09259259259259259, "fidelity": 0.9293675936406017, "faithfulness_gap": 0.21317832415260818, "stability": 0.5664351539717343}, "explanation": {"top_features": ["age: -0.2306", "occupation_Machine-op-inspct: -0.1114", "marital-status_Married-civ-spouse: 0.0694", "education_Some-college: -0.0315", "hours-per-week: -0.0232", "marital-status_Never-married: 0.0157", "capital-loss: -0.0094", "fnlwgt: -0.0093", "education-num: -0.0077", "sex_Male: -0.0067"], "raw_top": {"age": -0.23058886261819905, "occupation_Machine-op-inspct": -0.11141649652047717, "marital-status_Married-civ-spouse": 0.06943919418624, "education_Some-college": -0.031489913403015615, "hours-per-week": -0.023201035822994574, "marital-status_Never-married": 0.015680855283849604, "capital-loss": -0.009409275351975856, "fnlwgt": -0.009309083662467573, "education-num": -0.007713871257446096, "sex_Male": -0.00674060746106401}}}