{"instance_id": 4007, "quadrant": "FP", "true_label": 0, "prediction": 1, "prediction_correct": false, "metrics": {"cost": 309.11101697711274, "sparsity": 0.09259259259259259, "fidelity": 0.7107588586615693, "faithfulness_gap": 0.21827258183578258, "stability": 0.4711652693114604}, "explanation": {"top_features": ["occupation_Exec-managerial: 0.2478", "education-num: -0.2166", "native-country_India: -0.1070", "marital-status_Married-civ-spouse: 0.0850", "race_White: 0.0842", "education_Masters: 0.0634", "marital-status_Never-married: 0.0619", "education_HS-grad: 0.0495", "sex_Female: 0.0405", "fnlwgt: 0.0276"], "raw_top": {"occupation_Exec-managerial": 0.24780258606621827, "education-num": -0.21660924020758465, "native-country_India": -0.1069769565288906, "marital-status_Married-civ-spouse": 0.0849587442545453, "race_White": 0.08421219705804525, "education_Masters": 0.06335687961777438, "marital-status_Never-married": 0.06186808496158252, "education_HS-grad": 0.04945038357279637, "sex_Female": 0.0404718365944613, "fnlwgt": 0.02763714862151395}}}