{"instance_id": 4010, "quadrant": "TP", "true_label": 1, "prediction": 1, "prediction_correct": true, "metrics": {"cost": 316.79122196510434, "sparsity": 0.09259259259259259, "fidelity": 0.5843931160155461, "faithfulness_gap": 0.47509688084685736, "stability": 0.3778295893360133}, "explanation": {"top_features": ["education_10th: -0.2566", "marital-status_Married-civ-spouse: 0.1446", "fnlwgt: 0.1223", "education_HS-grad: 0.0640", "occupation_Craft-repair: 0.0539", "marital-status_Never-married: 0.0506", "sex_Female: 0.0433", "education_Bachelors: 0.0399", "capital-gain: 0.0390", "relationship_Husband: 0.0262"], "raw_top": {"education_10th": -0.25662766548429033, "marital-status_Married-civ-spouse": 0.1445698137795544, "fnlwgt": 0.12232380295569177, "education_HS-grad": 0.06401632311912245, "occupation_Craft-repair": 0.053939090533308726, "marital-status_Never-married": 0.050615737813320134, "sex_Female": 0.043292275664552037, "education_Bachelors": 0.03989391259806271, "capital-gain": 0.03904280417034758, "relationship_Husband": 0.026243010266900568}}}