{"instance_id": 4196, "quadrant": "FN", "true_label": 1, "prediction": 0, "prediction_correct": false, "metrics": {"cost": 213.77925400156528, "sparsity": 0.09259259259259259, "fidelity": 0.880622906939491, "faithfulness_gap": 0.16331386775078058, "stability": 0.21568861030493877}, "explanation": {"top_features": ["age: -0.2652", "marital-status_Married-civ-spouse: 0.1052", "education-num: 0.0960", "education_Bachelors: -0.0887", "occupation_Prof-specialty: -0.0623", "relationship_Husband: 0.0421", "education_HS-grad: 0.0379", "marital-status_Never-married: 0.0274", "hours-per-week: -0.0221", "capital-loss: -0.0177"], "raw_top": {"age": -0.2651750071295159, "marital-status_Married-civ-spouse": 0.1051662494145252, "education-num": 0.09595646607434066, "education_Bachelors": -0.08870294212277877, "occupation_Prof-specialty": -0.062262891958291315, "relationship_Husband": 0.04213993148938104, "education_HS-grad": 0.037880605965185006, "marital-status_Never-married": 0.02743347265833249, "hours-per-week": -0.0220633276388412, "capital-loss": -0.017675009912745537}}}