{"instance_id": 4439, "quadrant": "TN", "true_label": 0, "prediction": 0, "prediction_correct": true, "metrics": {"cost": 243.68506396422163, "sparsity": 0.09259259259259259, "fidelity": 0.8766614259446419, "faithfulness_gap": 0.7751763376297925, "stability": 0.22054431034772326}, "explanation": {"top_features": ["age: -0.1877", "workclass_Self-emp-not-inc: -0.0920", "education_HS-grad: -0.0710", "marital-status_Married-civ-spouse: 0.0606", "occupation_Sales: -0.0575", "workclass_Private: 0.0440", "hours-per-week: 0.0254", "capital-loss: -0.0177", "education-num: -0.0173", "fnlwgt: -0.0158"], "raw_top": {"age": -0.18772730549105945, "workclass_Self-emp-not-inc": -0.09202831910958274, "education_HS-grad": -0.07101591497476036, "marital-status_Married-civ-spouse": 0.06059933905416179, "occupation_Sales": -0.057549608829439367, "workclass_Private": 0.04400992788383186, "hours-per-week": 0.02544595328003557, "capital-loss": -0.017663889712883525, "education-num": -0.0172703361114264, "fnlwgt": -0.015792829654875752}}}