{"instance_id": 4651, "quadrant": "FN", "true_label": 1, "prediction": 0, "prediction_correct": false, "metrics": {"cost": 228.4811179852113, "sparsity": 0.09259259259259259, "fidelity": 0.6927035616660198, "faithfulness_gap": 0.002931119480692135, "stability": 0.28214839029495536}, "explanation": {"top_features": ["race_Black: -0.1479", "education-num: -0.1285", "education_10th: -0.1257", "race_White: 0.1191", "marital-status_Married-civ-spouse: 0.1126", "age: 0.1012", "occupation_Craft-repair: 0.0541", "education_HS-grad: 0.0327", "relationship_Husband: -0.0309", "sex_Female: 0.0285"], "raw_top": {"race_Black": -0.14788025349808526, "education-num": -0.1285262273726534, "education_10th": -0.12574482861028405, "race_White": 0.11908525137252782, "marital-status_Married-civ-spouse": 0.11259549295301062, "age": 0.10121704781965916, "occupation_Craft-repair": 0.054110176677349936, "education_HS-grad": 0.032720174368557384, "relationship_Husband": -0.0309055390501341, "sex_Female": 0.028501578279199167}}}