{"instance_id": 4804, "quadrant": "TN", "true_label": 0, "prediction": 0, "prediction_correct": true, "metrics": {"cost": 351.0287770186551, "sparsity": 0.09259259259259259, "fidelity": 0.7950131564449812, "faithfulness_gap": 0.003115316561793504, "stability": 0.6715618945840879}, "explanation": {"top_features": ["occupation_Farming-fishing: -0.0937", "marital-status_Married-civ-spouse: -0.0620", "education_HS-grad: -0.0450", "age: -0.0368", "relationship_Husband: -0.0367", "workclass_Self-emp-not-inc: -0.0245", "hours-per-week: -0.0189", "marital-status_Divorced: -0.0159", "education-num: -0.0095", "capital-loss: -0.0067"], "raw_top": {"occupation_Farming-fishing": -0.0937121021192656, "marital-status_Married-civ-spouse": -0.06203100784337209, "education_HS-grad": -0.04500381157654793, "age": -0.036795540775956675, "relationship_Husband": -0.03665170866920069, "workclass_Self-emp-not-inc": -0.02448443928773376, "hours-per-week": -0.01885981129417162, "marital-status_Divorced": -0.01586094801511517, "education-num": -0.009533797318007606, "capital-loss": -0.006665194496698279}}}