{"instance_id": 5324, "quadrant": "TP", "true_label": 1, "prediction": 1, "prediction_correct": true, "metrics": {"cost": 294.54135801643133, "sparsity": 0.09259259259259259, "fidelity": 0.8010593393253997, "faithfulness_gap": 0.3160913232540132, "stability": 0.7674875644070003}, "explanation": {"top_features": ["capital-gain: 0.5819", "workclass_nan: -0.1634", "education_Some-college: -0.1518", "hours-per-week: 0.0990", "occupation_nan: -0.0713", "marital-status_Never-married: -0.0656", "education_HS-grad: 0.0641", "relationship_Husband: -0.0530", "marital-status_Married-civ-spouse: -0.0505", "age: 0.0500"], "raw_top": {"capital-gain": 0.581914600811667, "workclass_nan": -0.1633682666307702, "education_Some-college": -0.15177001270016097, "hours-per-week": 0.09903168951771718, "occupation_nan": -0.07126914540396748, "marital-status_Never-married": -0.06558705176658991, "education_HS-grad": 0.06411604266620613, "relationship_Husband": -0.05300520967379228, "marital-status_Married-civ-spouse": -0.05051846416434266, "age": 0.05003012358267267}}}