{"instance_id": 539, "quadrant": "FN", "true_label": 1, "prediction": 0, "prediction_correct": false, "metrics": {"cost": 425.6257259985432, "sparsity": 0.09259259259259259, "fidelity": 0.3758218031330016, "faithfulness_gap": 0.2506186778063811, "stability": 0.19457658089831747}, "explanation": {"top_features": ["occupation_Machine-op-inspct: -0.1168", "marital-status_Married-civ-spouse: 0.0997", "age: -0.0925", "fnlwgt: -0.0800", "education_Assoc-voc: -0.0443", "education_HS-grad: 0.0249", "sex_Female: 0.0230", "hours-per-week: -0.0213", "relationship_Husband: -0.0191", "capital-loss: -0.0156"], "raw_top": {"occupation_Machine-op-inspct": -0.11677700258718733, "marital-status_Married-civ-spouse": 0.0997222294632241, "age": -0.09251233609967346, "fnlwgt": -0.08001415001725724, "education_Assoc-voc": -0.04429889660695399, "education_HS-grad": 0.0249309751497514, "sex_Female": 0.022974511392146013, "hours-per-week": -0.02132206593003786, "relationship_Husband": -0.019074216249011604, "capital-loss": -0.015603735573831162}}}