{"instance_id": 5402, "quadrant": "FN", "true_label": 1, "prediction": 0, "prediction_correct": false, "metrics": {"cost": 197.7230740012601, "sparsity": 0.09259259259259259, "fidelity": 0.8928735916634443, "faithfulness_gap": 0.08564654287301808, "stability": 0.3944515376394679}, "explanation": {"top_features": ["occupation_Transport-moving: -0.1950", "education_HS-grad: -0.1233", "marital-status_Married-civ-spouse: 0.0861", "hours-per-week: -0.0586", "relationship_Husband: 0.0268", "education_Bachelors: 0.0219", "marital-status_Never-married: 0.0212", "education-num: -0.0201", "capital-loss: -0.0142", "fnlwgt: -0.0132"], "raw_top": {"occupation_Transport-moving": -0.1950100206625423, "education_HS-grad": -0.12332475583563983, "marital-status_Married-civ-spouse": 0.08606324548809625, "hours-per-week": -0.05862754975086097, "relationship_Husband": 0.026764852985904922, "education_Bachelors": 0.02186366513231869, "marital-status_Never-married": 0.02122533862388164, "education-num": -0.02008291670034229, "capital-loss": -0.014201227773133675, "fnlwgt": -0.0132162947885342}}}