{"instance_id": 5463, "quadrant": "FN", "true_label": 1, "prediction": 0, "prediction_correct": false, "metrics": {"cost": 277.31818496249616, "sparsity": 0.09259259259259259, "fidelity": 0.6493153492384575, "faithfulness_gap": 0.27829099710394073, "stability": 0.16565511458342022}, "explanation": {"top_features": ["marital-status_Never-married: -0.1452", "age: -0.1249", "marital-status_Married-civ-spouse: -0.1048", "occupation_Sales: -0.0822", "relationship_Not-in-family: 0.0806", "hours-per-week: 0.0744", "workclass_Private: 0.0727", "education_HS-grad: 0.0598", "workclass_Self-emp-not-inc: -0.0423", "education_Bachelors: -0.0332"], "raw_top": {"marital-status_Never-married": -0.145240264778879, "age": -0.12494453858936687, "marital-status_Married-civ-spouse": -0.10479242823143914, "occupation_Sales": -0.08218500045836585, "relationship_Not-in-family": 0.08059871443381511, "hours-per-week": 0.0744194383462808, "workclass_Private": 0.07271632556139639, "education_HS-grad": 0.059751812093279906, "workclass_Self-emp-not-inc": -0.042274286666307635, "education_Bachelors": -0.03320442191991463}}}