{"instance_id": 5479, "quadrant": "FP", "true_label": 0, "prediction": 1, "prediction_correct": false, "metrics": {"cost": 459.60332703543827, "sparsity": 0.09259259259259259, "fidelity": 0.7541003989564683, "faithfulness_gap": 0.07796928860814123, "stability": 0.11764116203552369}, "explanation": {"top_features": ["fnlwgt: -0.1962", "marital-status_Married-civ-spouse: 0.1210", "education_HS-grad: 0.1047", "relationship_Wife: 0.1019", "native-country_nan: -0.0727", "native-country_United-States: 0.0654", "hours-per-week: -0.0639", "capital-gain: 0.0473", "education_Bachelors: 0.0403", "occupation_Sales: 0.0245"], "raw_top": {"fnlwgt": -0.1962171072372797, "marital-status_Married-civ-spouse": 0.12101001944299349, "education_HS-grad": 0.10473826216909005, "relationship_Wife": 0.101932457880568, "native-country_nan": -0.0726753992574282, "native-country_United-States": 0.06539579707676714, "hours-per-week": -0.06385948101003111, "capital-gain": 0.04729572751236156, "education_Bachelors": 0.04034757352481045, "occupation_Sales": 0.024515062472346}}}