{"instance_id": 5536, "quadrant": "TN", "true_label": 0, "prediction": 0, "prediction_correct": true, "metrics": {"cost": 298.72492799768224, "sparsity": 0.09259259259259259, "fidelity": 0.7115695248967356, "faithfulness_gap": 0.24830261937443465, "stability": 0.4167251702343824}, "explanation": {"top_features": ["occupation_Handlers-cleaners: -0.0852", "education_HS-grad: -0.0746", "marital-status_Married-civ-spouse: -0.0660", "marital-status_Divorced: -0.0340", "relationship_Husband: -0.0323", "hours-per-week: -0.0254", "capital-loss: -0.0112", "relationship_Unmarried: -0.0105", "education-num: -0.0058", "workclass_Private: -0.0045"], "raw_top": {"occupation_Handlers-cleaners": -0.08522547645120963, "education_HS-grad": -0.07456700634144323, "marital-status_Married-civ-spouse": -0.06595060856298578, "marital-status_Divorced": -0.033958622437835574, "relationship_Husband": -0.032307510006788755, "hours-per-week": -0.0254374096662181, "capital-loss": -0.01122806983647864, "relationship_Unmarried": -0.01054848780238789, "education-num": -0.005784838787353087, "workclass_Private": -0.004546808750211739}}}