{"instance_id": 5612, "quadrant": "TN", "true_label": 0, "prediction": 0, "prediction_correct": true, "metrics": {"cost": 418.8851430080831, "sparsity": 0.09259259259259259, "fidelity": 0.887246663858148, "faithfulness_gap": 0.3696707023463935, "stability": 0.26381856305873197}, "explanation": {"top_features": ["occupation_Craft-repair: -0.2039", "education_HS-grad: -0.1446", "age: -0.1351", "marital-status_Married-civ-spouse: 0.1110", "hours-per-week: 0.0494", "relationship_Husband: 0.0317", "education_Bachelors: 0.0220", "marital-status_Never-married: 0.0188", "workclass_Private: -0.0121", "sex_Female: -0.0116"], "raw_top": {"occupation_Craft-repair": -0.20386669587607575, "education_HS-grad": -0.14464352372086978, "age": -0.13514507119364824, "marital-status_Married-civ-spouse": 0.11101920613504189, "hours-per-week": 0.04938234349672052, "relationship_Husband": 0.0317101089630025, "education_Bachelors": 0.021982910521056397, "marital-status_Never-married": 0.01880238977647015, "workclass_Private": -0.012127766167372713, "sex_Female": -0.011577713325811645}}}