{"instance_id": 5618, "quadrant": "TP", "true_label": 1, "prediction": 1, "prediction_correct": true, "metrics": {"cost": 228.59977901680395, "sparsity": 0.09259259259259259, "fidelity": 0.7410384696652288, "faithfulness_gap": 0.6104372281393637, "stability": 0.18369455242518276}, "explanation": {"top_features": ["workclass_Local-gov: -0.1954", "education-num: 0.1842", "occupation_Prof-specialty: -0.1299", "marital-status_Married-civ-spouse: 0.1273", "race_White: 0.1195", "age: 0.0723", "education_HS-grad: 0.0625", "relationship_Husband: 0.0535", "marital-status_Never-married: 0.0486", "workclass_Private: 0.0474"], "raw_top": {"workclass_Local-gov": -0.1954038005291463, "education-num": 0.18423062584145647, "occupation_Prof-specialty": -0.12992787019966207, "marital-status_Married-civ-spouse": 0.1272623516757731, "race_White": 0.11947298161068931, "age": 0.07226649455034768, "education_HS-grad": 0.062472502615106146, "relationship_Husband": 0.05350287820411678, "marital-status_Never-married": 0.048581628509572004, "workclass_Private": 0.04743817603278881}}}