{"instance_id": 5778, "quadrant": "FN", "true_label": 1, "prediction": 0, "prediction_correct": false, "metrics": {"cost": 211.21426799800247, "sparsity": 0.09259259259259259, "fidelity": 0.7043080398215777, "faithfulness_gap": 0.17802410803736501, "stability": 0.24625698682127642}, "explanation": {"top_features": ["education_HS-grad: -0.1676", "marital-status_Married-civ-spouse: 0.1152", "age: 0.0559", "occupation_Craft-repair: -0.0534", "hours-per-week: -0.0492", "relationship_Husband: 0.0396", "marital-status_Never-married: 0.0337", "relationship_Own-child: -0.0327", "education-num: -0.0184", "capital-loss: -0.0157"], "raw_top": {"education_HS-grad": -0.16756678473275757, "marital-status_Married-civ-spouse": 0.11522834762729757, "age": 0.055922298415332625, "occupation_Craft-repair": -0.05339367570880215, "hours-per-week": -0.04917753328163375, "relationship_Husband": 0.03958583453574926, "marital-status_Never-married": 0.03365946144963538, "relationship_Own-child": -0.03269066366692303, "education-num": -0.018431719962326006, "capital-loss": -0.015658020414865276}}}