{"instance_id": 5816, "quadrant": "FP", "true_label": 0, "prediction": 1, "prediction_correct": false, "metrics": {"cost": 229.48318399721757, "sparsity": 0.09259259259259259, "fidelity": 0.8553941945282847, "faithfulness_gap": 0.4828301479253249, "stability": 0.12971685337681937}, "explanation": {"top_features": ["marital-status_Separated: 0.1556", "fnlwgt: -0.1340", "marital-status_Married-civ-spouse: -0.1274", "education_Some-college: 0.0703", "age: 0.0452", "sex_Female: 0.0450", "marital-status_Never-married: 0.0313", "occupation_Prof-specialty: 0.0277", "education_HS-grad: 0.0263", "relationship_Not-in-family: 0.0213"], "raw_top": {"marital-status_Separated": 0.15557144523556146, "fnlwgt": -0.1340229758504004, "marital-status_Married-civ-spouse": -0.1274489856142486, "education_Some-college": 0.07028323545066306, "age": 0.04520957243954633, "sex_Female": 0.045005165304365935, "marital-status_Never-married": 0.03126494226478562, "occupation_Prof-specialty": 0.027651733740550133, "education_HS-grad": 0.026325584021526124, "relationship_Not-in-family": 0.021315321358764378}}}