{"instance_id": 5951, "quadrant": "FP", "true_label": 0, "prediction": 1, "prediction_correct": false, "metrics": {"cost": 321.88368297647685, "sparsity": 0.09259259259259259, "fidelity": 0.7736546865152926, "faithfulness_gap": 0.16872610859341008, "stability": 0.26054463487464213}, "explanation": {"top_features": ["education-num: 0.2294", "hours-per-week: -0.1504", "workclass_Local-gov: -0.1395", "marital-status_Married-civ-spouse: 0.1117", "workclass_Private: 0.0926", "race_White: 0.0703", "occupation_Protective-serv: 0.0689", "marital-status_Never-married: 0.0504", "age: 0.0356", "sex_Female: 0.0228"], "raw_top": {"education-num": 0.22939384710122923, "hours-per-week": -0.1504083756198573, "workclass_Local-gov": -0.13952564441234472, "marital-status_Married-civ-spouse": 0.11174867843529038, "workclass_Private": 0.09261004925882625, "race_White": 0.07034132637079403, "occupation_Protective-serv": 0.06891887418103201, "marital-status_Never-married": 0.050424846593179036, "age": 0.0356267543435988, "sex_Female": 0.022827222001252537}}}