{"instance_id": 5952, "quadrant": "FN", "true_label": 1, "prediction": 0, "prediction_correct": false, "metrics": {"cost": 266.4622819866054, "sparsity": 0.09259259259259259, "fidelity": 0.8854311656184306, "faithfulness_gap": 0.006355039080512801, "stability": 0.42990328924079324}, "explanation": {"top_features": ["native-country_India: -0.2471", "marital-status_Married-civ-spouse: 0.0859", "age: -0.0810", "race_White: 0.0727", "education_Bachelors: -0.0400", "race_Asian-Pac-Islander: -0.0383", "hours-per-week: -0.0317", "capital-loss: -0.0207", "education-num: -0.0146", "relationship_Husband: -0.0114"], "raw_top": {"native-country_India": -0.2470899294146052, "marital-status_Married-civ-spouse": 0.08591844048874042, "age": -0.08102648362503516, "race_White": 0.0726667218885481, "education_Bachelors": -0.039988773070702976, "race_Asian-Pac-Islander": -0.03834491157090242, "hours-per-week": -0.031699657884918804, "capital-loss": -0.02069141165819472, "education-num": -0.014565784989089725, "relationship_Husband": -0.011405349589692979}}}