{"instance_id": 6000, "quadrant": "TP", "true_label": 1, "prediction": 1, "prediction_correct": true, "metrics": {"cost": 329.81766801094636, "sparsity": 0.09259259259259259, "fidelity": 0.749089603035791, "faithfulness_gap": 0.7817055809456352, "stability": 0.653695230036242}, "explanation": {"top_features": ["capital-gain: 0.6352", "workclass_Local-gov: -0.1377", "marital-status_Married-spouse-absent: -0.0988", "age: 0.0961", "education-num: 0.0892", "sex_Male: 0.0786", "sex_Female: -0.0592", "occupation_Prof-specialty: -0.0578", "fnlwgt: -0.0537", "relationship_Husband: -0.0476"], "raw_top": {"capital-gain": 0.6352193308317755, "workclass_Local-gov": -0.13773730199625273, "marital-status_Married-spouse-absent": -0.09881354104977792, "age": 0.09606183997916036, "education-num": 0.08923051736700231, "sex_Male": 0.07856603789361631, "sex_Female": -0.05916749916624076, "occupation_Prof-specialty": -0.05782734639765766, "fnlwgt": -0.0537327897207554, "relationship_Husband": -0.04759847729708455}}}