{"instance_id": 6409, "quadrant": "FP", "true_label": 0, "prediction": 1, "prediction_correct": false, "metrics": {"cost": 362.093766045291, "sparsity": 0.09259259259259259, "fidelity": 0.5697801291180483, "faithfulness_gap": 0.18419558757188925, "stability": 0.062271869595541755}, "explanation": {"top_features": ["education-num: 0.1065", "marital-status_Married-civ-spouse: 0.0989", "education_Bachelors: -0.0960", "age: 0.0911", "fnlwgt: -0.0850", "education_HS-grad: 0.0764", "marital-status_Never-married: 0.0530", "relationship_Husband: 0.0502", "hours-per-week: 0.0461", "capital-gain: 0.0195"], "raw_top": {"education-num": 0.10645127056389243, "marital-status_Married-civ-spouse": 0.09894637434302822, "education_Bachelors": -0.09596342555330084, "age": 0.09106402695306458, "fnlwgt": -0.08503320752319421, "education_HS-grad": 0.07641870599556022, "marital-status_Never-married": 0.05302439529024597, "relationship_Husband": 0.05020315198993105, "hours-per-week": 0.046122821533160545, "capital-gain": 0.019465688452427965}}}