{"instance_id": 6426, "quadrant": "FN", "true_label": 1, "prediction": 0, "prediction_correct": false, "metrics": {"cost": 280.72237299056724, "sparsity": 0.09259259259259259, "fidelity": 0.7083095202588897, "faithfulness_gap": 0.1706494277802872, "stability": 0.3605538316793115}, "explanation": {"top_features": ["hours-per-week: -0.2292", "workclass_Private: 0.1387", "workclass_State-gov: -0.1309", "marital-status_Married-civ-spouse: 0.1194", "education-num: 0.1151", "education_Bachelors: -0.1133", "age: 0.0794", "occupation_Prof-specialty: -0.0746", "education_HS-grad: 0.0638", "marital-status_Never-married: 0.0526"], "raw_top": {"hours-per-week": -0.22924377812948363, "workclass_Private": 0.13874640182771117, "workclass_State-gov": -0.13088770893148724, "marital-status_Married-civ-spouse": 0.11939626366102692, "education-num": 0.11506248472131506, "education_Bachelors": -0.11333590201137644, "age": 0.07943571281224478, "occupation_Prof-specialty": -0.07464741005038907, "education_HS-grad": 0.06382992047251848, "marital-status_Never-married": 0.0525623433651774}}}