{"instance_id": 6610, "quadrant": "TN", "true_label": 0, "prediction": 0, "prediction_correct": true, "metrics": {"cost": 339.40366498427466, "sparsity": 0.09259259259259259, "fidelity": 0.7491886830467742, "faithfulness_gap": 0.07041754574455561, "stability": 0.16797877950885723}, "explanation": {"top_features": ["occupation_Craft-repair: -0.1732", "education_HS-grad: -0.1364", "marital-status_Married-civ-spouse: 0.1237", "age: 0.0817", "hours-per-week: 0.0680", "relationship_Husband: 0.0382", "marital-status_Never-married: 0.0255", "education_Bachelors: 0.0252", "capital-gain: 0.0250", "education-num: 0.0249"], "raw_top": {"occupation_Craft-repair": -0.1731687434475129, "education_HS-grad": -0.1364443068358884, "marital-status_Married-civ-spouse": 0.12368508210707291, "age": 0.08170861726382572, "hours-per-week": 0.06796498183708964, "relationship_Husband": 0.03819589411728662, "marital-status_Never-married": 0.02552089430117419, "education_Bachelors": 0.02517569555883084, "capital-gain": 0.02502097192207956, "education-num": 0.024856636112760004}}}