{"instance_id": 6612, "quadrant": "FN", "true_label": 1, "prediction": 0, "prediction_correct": false, "metrics": {"cost": 191.5157819748856, "sparsity": 0.09259259259259259, "fidelity": 0.7379939266063446, "faithfulness_gap": 0.5040358926543265, "stability": 0.2660971941759272}, "explanation": {"top_features": ["hours-per-week: -0.2502", "relationship_Wife: 0.1458", "workclass_Local-gov: -0.1204", "education_Masters: 0.1031", "occupation_Prof-specialty: -0.1022", "marital-status_Married-civ-spouse: 0.0832", "education-num: 0.0593", "education_HS-grad: 0.0593", "workclass_Private: 0.0541", "marital-status_Never-married: 0.0383"], "raw_top": {"hours-per-week": -0.250216909962937, "relationship_Wife": 0.14580523254684905, "workclass_Local-gov": -0.12037659673501941, "education_Masters": 0.10314623684288535, "occupation_Prof-specialty": -0.10222292669656333, "marital-status_Married-civ-spouse": 0.08319862705234662, "education-num": 0.05930181485642116, "education_HS-grad": 0.059276259688952816, "workclass_Private": 0.0540926103703996, "marital-status_Never-married": 0.03828645286594087}}}