{"instance_id": 7112, "quadrant": "FN", "true_label": 1, "prediction": 0, "prediction_correct": false, "metrics": {"cost": 274.14672903250903, "sparsity": 0.09259259259259259, "fidelity": 0.48637577535575716, "faithfulness_gap": 0.17951849549557913, "stability": 0.37358488409437096}, "explanation": {"top_features": ["occupation_Other-service: -0.1591", "marital-status_Married-civ-spouse: 0.0876", "hours-per-week: -0.0585", "education-num: 0.0559", "fnlwgt: -0.0534", "sex_Male: 0.0490", "education_Assoc-acdm: -0.0467", "relationship_Wife: 0.0436", "education_HS-grad: 0.0381", "age: -0.0338"], "raw_top": {"occupation_Other-service": -0.15909760107192475, "marital-status_Married-civ-spouse": 0.08759251226275915, "hours-per-week": -0.05847090811184016, "education-num": 0.05585873011719437, "fnlwgt": -0.05337071578214196, "sex_Male": 0.04897852398116771, "education_Assoc-acdm": -0.04672554006718564, "relationship_Wife": 0.043616896617081354, "education_HS-grad": 0.038089194976428466, "age": -0.03380729164226271}}}