{"instance_id": 7272, "quadrant": "FN", "true_label": 1, "prediction": 0, "prediction_correct": false, "metrics": {"cost": 210.82700800616294, "sparsity": 0.09259259259259259, "fidelity": 0.8270744775236786, "faithfulness_gap": 0.1695049189335584, "stability": 0.34216957882465265}, "explanation": {"top_features": ["capital-gain: 0.2539", "workclass_Self-emp-not-inc: -0.2383", "occupation_Sales: -0.1388", "marital-status_Married-civ-spouse: 0.1271", "education_Some-college: -0.0809", "relationship_Husband: 0.0460", "education_HS-grad: 0.0454", "hours-per-week: 0.0452", "sex_Female: 0.0278", "marital-status_Never-married: 0.0200"], "raw_top": {"capital-gain": 0.2539268724995635, "workclass_Self-emp-not-inc": -0.23828598471735604, "occupation_Sales": -0.13877470171030232, "marital-status_Married-civ-spouse": 0.1270525747052249, "education_Some-college": -0.08085094291739724, "relationship_Husband": 0.04595588542487724, "education_HS-grad": 0.04540717201055318, "hours-per-week": 0.04515351535973283, "sex_Female": 0.027809930569252562, "marital-status_Never-married": 0.01999830798472417}}}