{"instance_id": 7274, "quadrant": "FP", "true_label": 0, "prediction": 1, "prediction_correct": false, "metrics": {"cost": 239.59131096489727, "sparsity": 0.09259259259259259, "fidelity": 0.7219082521808411, "faithfulness_gap": 0.28686548589995386, "stability": 0.27114253702017715}, "explanation": {"top_features": ["workclass_Self-emp-not-inc: -0.1991", "education_Masters: 0.1533", "marital-status_Married-civ-spouse: 0.1514", "education-num: -0.1337", "education_HS-grad: 0.0643", "age: 0.0617", "sex_Female: 0.0473", "marital-status_Never-married: 0.0434", "hours-per-week: -0.0433", "fnlwgt: 0.0412"], "raw_top": {"workclass_Self-emp-not-inc": -0.19914547186601528, "education_Masters": 0.15332865031298393, "marital-status_Married-civ-spouse": 0.1513883471938921, "education-num": -0.13365406455742507, "education_HS-grad": 0.06429905270436692, "age": 0.06172152071276926, "sex_Female": 0.04730066328180454, "marital-status_Never-married": 0.043378399623294615, "hours-per-week": -0.04328222339695886, "fnlwgt": 0.041222956334985225}}}