{"instance_id": 7381, "quadrant": "TN", "true_label": 0, "prediction": 0, "prediction_correct": true, "metrics": {"cost": 220.35862400662154, "sparsity": 0.09259259259259259, "fidelity": 0.5197203243339972, "faithfulness_gap": 0.07382812545590972, "stability": 0.7096374001792919}, "explanation": {"top_features": ["marital-status_Never-married: -0.0786", "occupation_Handlers-cleaners: -0.0708", "marital-status_Married-civ-spouse: -0.0583", "age: -0.0515", "education-num: -0.0310", "education_11th: -0.0265", "relationship_Husband: -0.0187", "hours-per-week: -0.0066", "relationship_Not-in-family: -0.0042", "capital-loss: -0.0034"], "raw_top": {"marital-status_Never-married": -0.0786296051549597, "occupation_Handlers-cleaners": -0.07079665111570314, "marital-status_Married-civ-spouse": -0.058287826517399804, "age": -0.05152228816619181, "education-num": -0.030983468530276764, "education_11th": -0.026489315560347216, "relationship_Husband": -0.01866748034612366, "hours-per-week": -0.0066203210503227765, "relationship_Not-in-family": -0.004235320138487081, "capital-loss": -0.0034108695131166433}}}