{"instance_id": 7445, "quadrant": "FN", "true_label": 1, "prediction": 0, "prediction_correct": false, "metrics": {"cost": 262.59347202721983, "sparsity": 0.09259259259259259, "fidelity": 0.6674170577189984, "faithfulness_gap": 0.16802618770115252, "stability": 0.1642476978150076}, "explanation": {"top_features": ["marital-status_Married-civ-spouse: 0.1520", "education_Some-college: -0.1111", "age: 0.0542", "marital-status_Never-married: 0.0512", "fnlwgt: -0.0481", "occupation_Sales: -0.0318", "relationship_Own-child: -0.0189", "relationship_Not-in-family: -0.0178", "education_HS-grad: -0.0176", "education_Bachelors: -0.0166"], "raw_top": {"marital-status_Married-civ-spouse": 0.15202054531358475, "education_Some-college": -0.11105461005110148, "age": 0.05422972546933616, "marital-status_Never-married": 0.051185959937487965, "fnlwgt": -0.0481270798342717, "occupation_Sales": -0.03176195283017026, "relationship_Own-child": -0.018891058049039615, "relationship_Not-in-family": -0.017779436988337595, "education_HS-grad": -0.017644616299993775, "education_Bachelors": -0.016627784152002535}}}