{"instance_id": 7498, "quadrant": "FN", "true_label": 1, "prediction": 0, "prediction_correct": false, "metrics": {"cost": 256.06811500620097, "sparsity": 0.09259259259259259, "fidelity": 0.5898571563010558, "faithfulness_gap": 0.4546182426839902, "stability": 0.10918070018443382}, "explanation": {"top_features": ["marital-status_Married-civ-spouse: -0.1234", "education_Some-college: -0.1067", "sex_Female: -0.0800", "relationship_Husband: -0.0587", "sex_Male: 0.0558", "hours-per-week: 0.0525", "marital-status_Divorced: -0.0475", "occupation_Exec-managerial: 0.0472", "education_HS-grad: 0.0414", "capital-gain: 0.0305"], "raw_top": {"marital-status_Married-civ-spouse": -0.12337958899190876, "education_Some-college": -0.10668029853046179, "sex_Female": -0.08004819745415608, "relationship_Husband": -0.05870955142503938, "sex_Male": 0.05579546075914434, "hours-per-week": 0.052472452434734376, "marital-status_Divorced": -0.047526691309674164, "occupation_Exec-managerial": 0.047180387926764836, "education_HS-grad": 0.04141155061821307, "capital-gain": 0.030504093911399688}}}