{"instance_id": 7650, "quadrant": "FP", "true_label": 0, "prediction": 1, "prediction_correct": false, "metrics": {"cost": 224.52897496987134, "sparsity": 0.09259259259259259, "fidelity": 0.844470615904108, "faithfulness_gap": 0.5385918453196996, "stability": 0.1931183797112249}, "explanation": {"top_features": ["marital-status_Married-civ-spouse: 0.1705", "education_Assoc-voc: -0.1167", "age: 0.1100", "fnlwgt: 0.0868", "education_HS-grad: 0.0646", "marital-status_Never-married: 0.0466", "sex_Female: 0.0452", "education-num: 0.0406", "occupation_Craft-repair: -0.0372", "relationship_Own-child: -0.0313"], "raw_top": {"marital-status_Married-civ-spouse": 0.1705002656250258, "education_Assoc-voc": -0.11669159884329966, "age": 0.10997383216946928, "fnlwgt": 0.08680099862933766, "education_HS-grad": 0.06455598033035846, "marital-status_Never-married": 0.04664799688334465, "sex_Female": 0.04516299805137823, "education-num": 0.040647589535956985, "occupation_Craft-repair": -0.03724114127023424, "relationship_Own-child": -0.03133775853505083}}}