{"instance_id": 7777, "quadrant": "TN", "true_label": 0, "prediction": 0, "prediction_correct": true, "metrics": {"cost": 303.96980996010825, "sparsity": 0.09259259259259259, "fidelity": 0.64178441941515, "faithfulness_gap": 0.25866251801621354, "stability": 0.2669792447069679}, "explanation": {"top_features": ["education_Bachelors: -0.1274", "marital-status_Never-married: -0.1196", "hours-per-week: -0.0977", "race_White: 0.0861", "marital-status_Married-civ-spouse: -0.0794", "relationship_Not-in-family: 0.0768", "education-num: 0.0601", "occupation_Prof-specialty: -0.0569", "race_Black: -0.0566", "education_HS-grad: 0.0481"], "raw_top": {"education_Bachelors": -0.12743686882724298, "marital-status_Never-married": -0.1195741217303386, "hours-per-week": -0.09773696837678597, "race_White": 0.0860884629197057, "marital-status_Married-civ-spouse": -0.07941604022486448, "relationship_Not-in-family": 0.07681348796143295, "education-num": 0.06012915154122917, "occupation_Prof-specialty": -0.05688911040959011, "race_Black": -0.05661524208553242, "education_HS-grad": 0.04809887118030559}}}