{"instance_id": 7885, "quadrant": "FP", "true_label": 0, "prediction": 1, "prediction_correct": false, "metrics": {"cost": 260.1631630095653, "sparsity": 0.09259259259259259, "fidelity": 0.6053524797491626, "faithfulness_gap": 0.5095771130969642, "stability": 0.183691004209987}, "explanation": {"top_features": ["age: 0.1280", "education_HS-grad: -0.1133", "occupation_Transport-moving: -0.0890", "marital-status_Married-civ-spouse: 0.0888", "relationship_Husband: 0.0582", "marital-status_Never-married: 0.0460", "sex_Female: 0.0315", "education_Bachelors: 0.0306", "fnlwgt: 0.0248", "capital-gain: 0.0159"], "raw_top": {"age": 0.1280121326073711, "education_HS-grad": -0.11325037332476577, "occupation_Transport-moving": -0.08896360959979123, "marital-status_Married-civ-spouse": 0.08884824964117434, "relationship_Husband": 0.05816928291509992, "marital-status_Never-married": 0.04599496783950507, "sex_Female": 0.03146700489920061, "education_Bachelors": 0.030557968363529794, "fnlwgt": 0.024769507767883645, "capital-gain": 0.01591781469627393}}}