{"instance_id": 7956, "quadrant": "TP", "true_label": 1, "prediction": 1, "prediction_correct": true, "metrics": {"cost": 306.3070339849219, "sparsity": 0.09259259259259259, "fidelity": 0.5443521072404853, "faithfulness_gap": 0.4330588701370673, "stability": 0.1842295923795834}, "explanation": {"top_features": ["sex_Female: -0.1377", "workclass_Private: 0.1042", "marital-status_Married-civ-spouse: -0.0914", "marital-status_Widowed: 0.0770", "relationship_Unmarried: 0.0727", "education_HS-grad: 0.0500", "education-num: 0.0419", "workclass_Self-emp-not-inc: 0.0332", "sex_Male: 0.0303", "relationship_Own-child: 0.0168"], "raw_top": {"sex_Female": -0.13772872434491967, "workclass_Private": 0.10420230077672445, "marital-status_Married-civ-spouse": -0.09143058764332006, "marital-status_Widowed": 0.07698719643027165, "relationship_Unmarried": 0.07271316376590697, "education_HS-grad": 0.05004002130014513, "education-num": 0.04189079534488393, "workclass_Self-emp-not-inc": 0.033202534946491315, "sex_Male": 0.030285713911891183, "relationship_Own-child": 0.016756814264534653}}}