{"instance_id": 7998, "quadrant": "TN", "true_label": 0, "prediction": 0, "prediction_correct": true, "metrics": {"cost": 358.19708195049316, "sparsity": 0.09259259259259259, "fidelity": 0.6319300948853569, "faithfulness_gap": 0.033877642242795096, "stability": 0.3653115690713835}, "explanation": {"top_features": ["occupation_Adm-clerical: -0.0916", "marital-status_Never-married: -0.0819", "education_HS-grad: -0.0679", "marital-status_Married-civ-spouse: -0.0543", "relationship_Husband: -0.0180", "education-num: -0.0169", "capital-loss: -0.0074", "hours-per-week: -0.0061", "workclass_Private: -0.0024", "sex_Male: -0.0024"], "raw_top": {"occupation_Adm-clerical": -0.09156709148685878, "marital-status_Never-married": -0.08192787325503625, "education_HS-grad": -0.06785354627534858, "marital-status_Married-civ-spouse": -0.05433696295442096, "relationship_Husband": -0.01797037678733938, "education-num": -0.01691839565791709, "capital-loss": -0.007370103500722074, "hours-per-week": -0.006114654748713611, "workclass_Private": -0.0023685177514607917, "sex_Male": -0.002361974468543415}}}