{"instance_id": 8044, "quadrant": "FN", "true_label": 1, "prediction": 0, "prediction_correct": false, "metrics": {"cost": 213.7773139984347, "sparsity": 0.09259259259259259, "fidelity": 0.7103537042380892, "faithfulness_gap": 0.374321815322915, "stability": 0.25405278394805125}, "explanation": {"top_features": ["workclass_Local-gov: -0.1794", "marital-status_Divorced: -0.0971", "marital-status_Married-civ-spouse: -0.0870", "occupation_Prof-specialty: -0.0850", "sex_Female: -0.0811", "age: 0.0721", "education-num: 0.0579", "workclass_Private: 0.0576", "education_HS-grad: 0.0454", "relationship_Not-in-family: 0.0438"], "raw_top": {"workclass_Local-gov": -0.1794166868878449, "marital-status_Divorced": -0.09706704896859461, "marital-status_Married-civ-spouse": -0.08701739776265026, "occupation_Prof-specialty": -0.08499404816958062, "sex_Female": -0.08111734797518681, "age": 0.07205393528262952, "education-num": 0.05786319752528096, "workclass_Private": 0.05758674353437435, "education_HS-grad": 0.04536732218759518, "relationship_Not-in-family": 0.04381599440538342}}}