{"instance_id": 8140, "quadrant": "TP", "true_label": 1, "prediction": 1, "prediction_correct": true, "metrics": {"cost": 324.4515199912712, "sparsity": 0.09259259259259259, "fidelity": 0.7911876787685075, "faithfulness_gap": 0.7137570989582546, "stability": 0.0882487523072474}, "explanation": {"top_features": ["marital-status_Married-civ-spouse: 0.1645", "education_HS-grad: 0.0947", "marital-status_Never-married: 0.0674", "age: 0.0551", "education_Assoc-acdm: 0.0338", "occupation_Craft-repair: -0.0332", "relationship_Husband: -0.0318", "sex_Female: 0.0290", "education_Bachelors: 0.0191", "education-num: 0.0074"], "raw_top": {"marital-status_Married-civ-spouse": 0.1645201104395795, "education_HS-grad": 0.09473337284999941, "marital-status_Never-married": 0.0674309213929257, "age": 0.05510875713016451, "education_Assoc-acdm": 0.033841439014520996, "occupation_Craft-repair": -0.03322411206221761, "relationship_Husband": -0.03181888339132206, "sex_Female": 0.028977396856128042, "education_Bachelors": 0.019059348622038716, "education-num": 0.0074223876572824254}}}