{"instance_id": 816, "quadrant": "FP", "true_label": 0, "prediction": 1, "prediction_correct": false, "metrics": {"cost": 347.3162589943968, "sparsity": 0.09259259259259259, "fidelity": 0.8403068458625538, "faithfulness_gap": 0.33189564982171976, "stability": 0.33680076134197634}, "explanation": {"top_features": ["marital-status_Married-civ-spouse: 0.2109", "education-num: -0.1054", "marital-status_Never-married: 0.0789", "education_HS-grad: 0.0747", "occupation_Exec-managerial: 0.0606", "relationship_Own-child: -0.0484", "education_Masters: 0.0451", "fnlwgt: 0.0429", "hours-per-week: -0.0316", "relationship_Not-in-family: -0.0242"], "raw_top": {"marital-status_Married-civ-spouse": 0.21085685876048346, "education-num": -0.10544794322078826, "marital-status_Never-married": 0.07890758898483376, "education_HS-grad": 0.07470517881584643, "occupation_Exec-managerial": 0.06056744398675936, "relationship_Own-child": -0.04842097279389213, "education_Masters": 0.045056175397876444, "fnlwgt": 0.04286554344189674, "hours-per-week": -0.03162790767835852, "relationship_Not-in-family": -0.02420097913642011}}}