{"instance_id": 8326, "quadrant": "FN", "true_label": 1, "prediction": 0, "prediction_correct": false, "metrics": {"cost": 340.10440099518746, "sparsity": 0.09259259259259259, "fidelity": 0.6357530098941568, "faithfulness_gap": 0.16047365302098565, "stability": 0.10501717958116644}, "explanation": {"top_features": ["marital-status_Married-civ-spouse: 0.1430", "education_Some-college: -0.1135", "fnlwgt: -0.0815", "education_HS-grad: 0.0501", "relationship_Own-child: -0.0309", "hours-per-week: -0.0194", "sex_Male: -0.0160", "education-num: -0.0158", "relationship_Not-in-family: -0.0119", "occupation_Craft-repair: -0.0084"], "raw_top": {"marital-status_Married-civ-spouse": 0.14298981808678465, "education_Some-college": -0.1134798747276649, "fnlwgt": -0.08153519910944444, "education_HS-grad": 0.05006309925725953, "relationship_Own-child": -0.030864996268729548, "hours-per-week": -0.01936613316063462, "sex_Male": -0.015981891000871513, "education-num": -0.015787470628653984, "relationship_Not-in-family": -0.01193713107120598, "occupation_Craft-repair": -0.008390743621209618}}}