{"instance_id": 8438, "quadrant": "FP", "true_label": 0, "prediction": 1, "prediction_correct": false, "metrics": {"cost": 234.78646395960823, "sparsity": 0.09259259259259259, "fidelity": 0.7467249936247751, "faithfulness_gap": 0.744291701952028, "stability": 0.2430737606758688}, "explanation": {"top_features": ["capital-loss: 0.1899", "marital-status_Married-civ-spouse: 0.1057", "marital-status_Never-married: 0.0933", "age: 0.0819", "education_HS-grad: 0.0732", "fnlwgt: -0.0569", "sex_Female: 0.0451", "relationship_Husband: 0.0205", "occupation_Prof-specialty: 0.0179", "relationship_Own-child: 0.0137"], "raw_top": {"capital-loss": 0.18989574170787252, "marital-status_Married-civ-spouse": 0.10573868427001111, "marital-status_Never-married": 0.0933213904992785, "age": 0.08194093012819388, "education_HS-grad": 0.07319241734836177, "fnlwgt": -0.05689220880430834, "sex_Female": 0.04510823281488351, "relationship_Husband": 0.02046203767371265, "occupation_Prof-specialty": 0.01791355580886684, "relationship_Own-child": 0.013734357340548464}}}