{"instance_id": 8756, "quadrant": "FP", "true_label": 0, "prediction": 1, "prediction_correct": false, "metrics": {"cost": 295.0158280436881, "sparsity": 0.09259259259259259, "fidelity": 0.6095371021887708, "faithfulness_gap": 0.2936756391434052, "stability": 0.15362435226426796}, "explanation": {"top_features": ["marital-status_Married-civ-spouse: 0.1677", "occupation_Craft-repair: -0.1108", "education_Assoc-voc: -0.0874", "hours-per-week: 0.0826", "education_HS-grad: 0.0582", "marital-status_Never-married: 0.0380", "education_Bachelors: 0.0249", "sex_Female: 0.0190", "age: 0.0157", "education-num: 0.0126"], "raw_top": {"marital-status_Married-civ-spouse": 0.1677104592296923, "occupation_Craft-repair": -0.11079412369516436, "education_Assoc-voc": -0.08741082591839326, "hours-per-week": 0.08256239383215146, "education_HS-grad": 0.05816700875084194, "marital-status_Never-married": 0.03804329028658244, "education_Bachelors": 0.024937863524552892, "sex_Female": 0.01902879386516282, "age": 0.015733433788590212, "education-num": 0.01264580301280227}}}