{"instance_id": 8884, "quadrant": "FN", "true_label": 1, "prediction": 0, "prediction_correct": false, "metrics": {"cost": 268.06396699976176, "sparsity": 0.09259259259259259, "fidelity": 0.6375768494581845, "faithfulness_gap": 0.10508979697385068, "stability": 0.08920566235562527}, "explanation": {"top_features": ["workclass_nan: -0.1903", "marital-status_Married-civ-spouse: 0.1198", "education_Some-college: 0.0774", "sex_Male: -0.0468", "age: 0.0459", "workclass_Private: 0.0429", "marital-status_Never-married: 0.0246", "education_Bachelors: 0.0224", "capital-gain: 0.0220", "relationship_Husband: 0.0160"], "raw_top": {"workclass_nan": -0.19033468357324002, "marital-status_Married-civ-spouse": 0.11980527436074917, "education_Some-college": 0.07739686559859002, "sex_Male": -0.04676522631426555, "age": 0.045904595300987276, "workclass_Private": 0.042933803630997726, "marital-status_Never-married": 0.024622085000224482, "education_Bachelors": 0.022364033585011503, "capital-gain": 0.02198521939212077, "relationship_Husband": 0.015959326131269904}}}