{"instance_id": 8915, "quadrant": "FP", "true_label": 0, "prediction": 1, "prediction_correct": false, "metrics": {"cost": 227.74665203178301, "sparsity": 0.09259259259259259, "fidelity": 0.7448163374396002, "faithfulness_gap": 0.39269715179556086, "stability": 0.21781429529414534}, "explanation": {"top_features": ["workclass_Private: 0.1398", "workclass_Self-emp-inc: -0.1319", "marital-status_Married-civ-spouse: 0.1151", "hours-per-week: 0.0950", "occupation_Sales: -0.0736", "marital-status_Never-married: 0.0431", "capital-gain: 0.0430", "sex_Female: 0.0359", "relationship_Husband: 0.0340", "age: 0.0229"], "raw_top": {"workclass_Private": 0.1397790326158481, "workclass_Self-emp-inc": -0.13189348294053418, "marital-status_Married-civ-spouse": 0.11508339827628783, "hours-per-week": 0.09501989083744966, "occupation_Sales": -0.07357447812349716, "marital-status_Never-married": 0.04314504936243813, "capital-gain": 0.042967152708190084, "sex_Female": 0.03592808573301575, "relationship_Husband": 0.034028620557083736, "age": 0.02291676486557318}}}