{"instance_id": 8922, "quadrant": "TN", "true_label": 0, "prediction": 0, "prediction_correct": true, "metrics": {"cost": 242.99410701496527, "sparsity": 0.09259259259259259, "fidelity": 0.8414660966433232, "faithfulness_gap": 0.2618980745463284, "stability": 0.31480670789377346}, "explanation": {"top_features": ["education_Assoc-acdm: -0.2244", "age: -0.1629", "marital-status_Married-civ-spouse: 0.0886", "hours-per-week: -0.0590", "relationship_Own-child: 0.0468", "education_HS-grad: 0.0343", "education-num: 0.0294", "sex_Female: -0.0281", "relationship_Husband: -0.0252", "occupation_Sales: -0.0235"], "raw_top": {"education_Assoc-acdm": -0.22444254382664194, "age": -0.16288500128139724, "marital-status_Married-civ-spouse": 0.08857264554565518, "hours-per-week": -0.05900999496036325, "relationship_Own-child": 0.046817700383631526, "education_HS-grad": 0.034289712963699606, "education-num": 0.02939176284950601, "sex_Female": -0.028110577045095068, "relationship_Husband": -0.025213253211849765, "occupation_Sales": -0.023533405664148372}}}