{"instance_id": 9254, "quadrant": "TN", "true_label": 0, "prediction": 0, "prediction_correct": true, "metrics": {"cost": 277.38892898196355, "sparsity": 0.09259259259259259, "fidelity": 0.5199583847370359, "faithfulness_gap": 0.042943925324403165, "stability": 0.7532283471262866}, "explanation": {"top_features": ["capital-loss: 0.2003", "occupation_Other-service: -0.1572", "age: -0.0970", "marital-status_Never-married: -0.0946", "race_Black: -0.0693", "education_HS-grad: -0.0574", "marital-status_Married-civ-spouse: -0.0269", "fnlwgt: -0.0201", "relationship_Husband: -0.0162", "education-num: -0.0113"], "raw_top": {"capital-loss": 0.2002890336222551, "occupation_Other-service": -0.15720626183054104, "age": -0.09700034153724274, "marital-status_Never-married": -0.0945823675545265, "race_Black": -0.06927722433122535, "education_HS-grad": -0.05742913230212309, "marital-status_Married-civ-spouse": -0.026895597693521806, "fnlwgt": -0.020067832644989604, "relationship_Husband": -0.016185288359295936, "education-num": -0.011332644858090546}}}