{"instance_id": 9286, "quadrant": "FN", "true_label": 1, "prediction": 0, "prediction_correct": false, "metrics": {"cost": 306.5150500042364, "sparsity": 0.09259259259259259, "fidelity": 0.749336928006104, "faithfulness_gap": 0.21292702979121994, "stability": 0.12478658711922748}, "explanation": {"top_features": ["education_Some-college: -0.1760", "marital-status_Married-civ-spouse: 0.1336", "fnlwgt: -0.1243", "hours-per-week: 0.0568", "education_HS-grad: 0.0514", "occupation_Exec-managerial: 0.0478", "marital-status_Never-married: 0.0384", "sex_Female: 0.0204", "relationship_Husband: 0.0116", "capital-gain: 0.0103"], "raw_top": {"education_Some-college": -0.1760293228293254, "marital-status_Married-civ-spouse": 0.1336104326332062, "fnlwgt": -0.12434757491675406, "hours-per-week": 0.05679357210882047, "education_HS-grad": 0.05143797303055073, "occupation_Exec-managerial": 0.04778432656950774, "marital-status_Never-married": 0.038378964472966785, "sex_Female": 0.020385466412846807, "relationship_Husband": 0.01157608903982259, "capital-gain": 0.010285906820932333}}}