{"instance_id": 9389, "quadrant": "TN", "true_label": 0, "prediction": 0, "prediction_correct": true, "metrics": {"cost": 234.34014699887484, "sparsity": 0.09259259259259259, "fidelity": 0.5413368063740872, "faithfulness_gap": 0.03485491891840946, "stability": 0.7442311954622884}, "explanation": {"top_features": ["age: -0.1070", "occupation_Handlers-cleaners: -0.1022", "marital-status_Never-married: -0.0923", "marital-status_Married-civ-spouse: -0.0646", "fnlwgt: 0.0623", "relationship_Own-child: 0.0549", "education_HS-grad: -0.0506", "relationship_Husband: -0.0263", "hours-per-week: -0.0136", "education-num: -0.0101"], "raw_top": {"age": -0.10701623828541659, "occupation_Handlers-cleaners": -0.10223037180531108, "marital-status_Never-married": -0.09232999508697584, "marital-status_Married-civ-spouse": -0.0645962223398123, "fnlwgt": 0.06228089673660733, "relationship_Own-child": 0.05489205746885184, "education_HS-grad": -0.05063940500788005, "relationship_Husband": -0.02633006281714704, "hours-per-week": -0.01364627222730304, "education-num": -0.010081579712923117}}}