{"instance_id": 9643, "quadrant": "FP", "true_label": 0, "prediction": 1, "prediction_correct": false, "metrics": {"cost": 283.4310780162923, "sparsity": 0.09259259259259259, "fidelity": 0.5953757596069165, "faithfulness_gap": 0.12692822438611034, "stability": 0.14841084055343387}, "explanation": {"top_features": ["marital-status_Married-civ-spouse: 0.1259", "education-num: 0.1160", "occupation_Prof-specialty: -0.0938", "education_Bachelors: -0.0744", "education_HS-grad: 0.0584", "relationship_Husband: 0.0546", "marital-status_Never-married: 0.0409", "hours-per-week: 0.0316", "relationship_Not-in-family: -0.0213", "sex_Male: -0.0207"], "raw_top": {"marital-status_Married-civ-spouse": 0.12589138014857623, "education-num": 0.11602344560972667, "occupation_Prof-specialty": -0.09378764734978154, "education_Bachelors": -0.07442837528215054, "education_HS-grad": 0.05844856403942247, "relationship_Husband": 0.054552842222767024, "marital-status_Never-married": 0.040895231724003854, "hours-per-week": 0.031559952480865856, "relationship_Not-in-family": -0.021329856273770875, "sex_Male": -0.020655440008200295}}}