{"instance_id": 970, "quadrant": "TN", "true_label": 0, "prediction": 0, "prediction_correct": true, "metrics": {"cost": 248.4648740501143, "sparsity": 0.09259259259259259, "fidelity": 0.7528981620372994, "faithfulness_gap": 0.17487314084450822, "stability": 0.23758616836315483}, "explanation": {"top_features": ["occupation_Machine-op-inspct: -0.2257", "marital-status_Married-civ-spouse: 0.1365", "education_Some-college: -0.0737", "age: 0.0405", "marital-status_Never-married: 0.0328", "fnlwgt: -0.0258", "sex_Female: 0.0236", "education-num: -0.0170", "capital-loss: -0.0169", "workclass_Private: -0.0127"], "raw_top": {"occupation_Machine-op-inspct": -0.22567122617011132, "marital-status_Married-civ-spouse": 0.1365042666098019, "education_Some-college": -0.07366024150966724, "age": 0.040469809445450027, "marital-status_Never-married": 0.032818913170987805, "fnlwgt": -0.02580672155106421, "sex_Female": 0.023582754681800266, "education-num": -0.016960084029894146, "capital-loss": -0.016940569026322676, "workclass_Private": -0.012735219214006582}}}