{"instance_id": 102, "quadrant": "TN", "true_label": 0, "prediction": 0, "prediction_correct": true, "metrics": {"cost": 1001.0141570000997, "sparsity": 0.7868852459016393, "fidelity": 0.7507837229755975, "faithfulness_gap": 0.11098772287368774, "stability": 0.6499400314434585}, "explanation": {"top_features": ["installment_commitment: 0.1016", "age: -0.0765", "duration: -0.0625", "checking_status_<0: -0.0601", "checking_status_no checking: -0.0534", "housing_rent: -0.0447", "other_payment_plans_bank: -0.0348", "credit_amount: -0.0345", "savings_status_<100: -0.0344", "purpose_used car: -0.0232"], "raw_top": {"installment_commitment": 0.10162408950933008, "age": -0.07651940458985793, "duration": -0.062475221764492384, "checking_status_<0": -0.06010704133331953, "checking_status_no checking": -0.05343111114059726, "housing_rent": -0.04467395166532893, "other_payment_plans_bank": -0.034789318603172414, "credit_amount": -0.034548747289240546, "savings_status_<100": -0.03439637258507921, "purpose_used car": -0.02316617721549476}}}