{"instance_id": 103, "quadrant": "FP", "true_label": 0, "prediction": 1, "prediction_correct": false, "metrics": {"cost": 1003.9296589993683, "sparsity": 0.7540983606557377, "fidelity": 0.847006321186604, "faithfulness_gap": 0.13251429796218872, "stability": 0.4401747074021469}, "explanation": {"top_features": ["checking_status_no checking: 0.1207", "other_payment_plans_bank: -0.0485", "credit_amount: 0.0475", "savings_status_<100: 0.0380", "own_telephone_none: 0.0217", "age: 0.0184", "purpose_new car: 0.0161", "purpose_radio/tv: 0.0155", "employment_4<=X<7: -0.0145", "checking_status_<0: 0.0136"], "raw_top": {"checking_status_no checking": 0.12074019151547441, "other_payment_plans_bank": -0.04851095821306456, "credit_amount": 0.04749310813179987, "savings_status_<100": 0.038003611660955644, "own_telephone_none": 0.021652298520917043, "age": 0.018403459800991232, "purpose_new car": 0.016136922883846966, "purpose_radio/tv": 0.015467660275213669, "employment_4<=X<7": -0.014473903310747766, "checking_status_<0": 0.01359258908104132}}}