{"instance_id": 109, "quadrant": "TP", "true_label": 1, "prediction": 1, "prediction_correct": true, "metrics": {"cost": 1001.1516300000949, "sparsity": 0.7377049180327869, "fidelity": 0.9062724655136875, "faithfulness_gap": 0.015329957008361816, "stability": 0.3865756409203358}, "explanation": {"top_features": ["checking_status_no checking: 0.1552", "credit_amount: -0.1169", "employment_<1: -0.0379", "credit_history_critical/other existing credit: -0.0330", "age: 0.0292", "employment_4<=X<7: -0.0255", "installment_commitment: -0.0198", "checking_status_<0: 0.0197", "personal_status_female div/dep/mar: 0.0190", "savings_status_<100: -0.0189"], "raw_top": {"checking_status_no checking": 0.15517098887902245, "credit_amount": -0.11685086063410903, "employment_<1": -0.03792726041105539, "credit_history_critical/other existing credit": -0.03303125565050673, "age": 0.029196855504706964, "employment_4<=X<7": -0.025503150557040152, "installment_commitment": -0.019816866077712835, "checking_status_<0": 0.019738579080652182, "personal_status_female div/dep/mar": 0.018967118253585023, "savings_status_<100": -0.01888244426661056}}}