{"instance_id": 110, "quadrant": "FP", "true_label": 0, "prediction": 1, "prediction_correct": false, "metrics": {"cost": 1001.0035040004368, "sparsity": 0.8032786885245902, "fidelity": 0.7460777583522672, "faithfulness_gap": 0.2285040318965912, "stability": 0.6547841726953986}, "explanation": {"top_features": ["credit_history_all paid: -0.1360", "duration: 0.1086", "savings_status_>=1000: 0.1072", "purpose_education: -0.0722", "credit_amount: 0.0696", "checking_status_no checking: -0.0479", "savings_status_<100: 0.0472", "own_telephone_none: -0.0465", "other_payment_plans_bank: -0.0347", "personal_status_female div/dep/mar: -0.0308"], "raw_top": {"credit_history_all paid": -0.1359632050076937, "duration": 0.10859762910417001, "savings_status_>=1000": 0.10716647196929031, "purpose_education": -0.072201704846625, "credit_amount": 0.06957650731823374, "checking_status_no checking": -0.047865244416341594, "savings_status_<100": 0.04719795374720457, "own_telephone_none": -0.04647832356070622, "other_payment_plans_bank": -0.03469595916524988, "personal_status_female div/dep/mar": -0.030797034759589007}}}