{"instance_id": 121, "quadrant": "TN", "true_label": 0, "prediction": 0, "prediction_correct": true, "metrics": {"cost": 1000.7850390002204, "sparsity": 0.8032786885245902, "fidelity": 0.5496330435117076, "faithfulness_gap": 0.1562446653842926, "stability": 0.8412232761956778}, "explanation": {"top_features": ["duration: -0.1104", "checking_status_no checking: -0.1020", "credit_amount: 0.0462", "checking_status_<0: -0.0314", "job_skilled: 0.0294", "credit_history_critical/other existing credit: -0.0247", "purpose_used car: -0.0239", "housing_rent: 0.0235", "own_telephone_none: -0.0216", "personal_status_male div/sep: -0.0208"], "raw_top": {"duration": -0.11043826369088496, "checking_status_no checking": -0.10195458244592244, "credit_amount": 0.04616838903067207, "checking_status_<0": -0.031376721386966906, "job_skilled": 0.0293798812346417, "credit_history_critical/other existing credit": -0.02469469067387026, "purpose_used car": -0.023886473683510358, "housing_rent": 0.023478784929300573, "own_telephone_none": -0.021627588154862373, "personal_status_male div/sep": -0.0208032800194806}}}