{"instance_id": 129, "quadrant": "TN", "true_label": 0, "prediction": 0, "prediction_correct": true, "metrics": {"cost": 1000.8426690001215, "sparsity": 0.7704918032786885, "fidelity": 0.7143798709286445, "faithfulness_gap": 0.33251190185546875, "stability": 0.6870172782661135}, "explanation": {"top_features": ["duration: -0.1144", "checking_status_no checking: -0.1002", "purpose_new car: -0.0840", "age: -0.0412", "credit_history_critical/other existing credit: 0.0355", "purpose_used car: -0.0301", "residence_since: -0.0255", "credit_amount: -0.0252", "installment_commitment: -0.0187", "personal_status_female div/dep/mar: 0.0186"], "raw_top": {"duration": -0.11441273501525526, "checking_status_no checking": -0.10018515108698788, "purpose_new car": -0.08403399182583775, "age": -0.04120639387816238, "credit_history_critical/other existing credit": 0.035466356796665245, "purpose_used car": -0.030089386185110402, "residence_since": -0.025541050125151444, "credit_amount": -0.025186959227926495, "installment_commitment": -0.018749205396719804, "personal_status_female div/dep/mar": 0.018562557797719145}}}