{"instance_id": 14, "quadrant": "TP", "true_label": 1, "prediction": 1, "prediction_correct": true, "metrics": {"cost": 1001.8785829997796, "sparsity": 0.7540983606557377, "fidelity": 0.8901511677244145, "faithfulness_gap": 0.029740631580352783, "stability": 0.3484249074532571}, "explanation": {"top_features": ["checking_status_no checking: 0.1326", "credit_amount: -0.0596", "duration: -0.0505", "savings_status_<100: 0.0329", "credit_history_critical/other existing credit: -0.0215", "credit_history_delayed previously: 0.0208", "employment_4<=X<7: -0.0195", "purpose_new car: 0.0166", "purpose_used car: -0.0155", "installment_commitment: 0.0141"], "raw_top": {"checking_status_no checking": 0.13257160086655606, "credit_amount": -0.05963105258459909, "duration": -0.05051617862904544, "savings_status_<100": 0.03288138271237102, "credit_history_critical/other existing credit": -0.021496753532928653, "credit_history_delayed previously": 0.020776232049667255, "employment_4<=X<7": -0.01954573006326164, "purpose_new car": 0.016636215358292378, "purpose_used car": -0.015545973605756205, "installment_commitment": 0.014137486559255787}}}