{"instance_id": 141, "quadrant": "FP", "true_label": 0, "prediction": 1, "prediction_correct": false, "metrics": {"cost": 1001.2794319991372, "sparsity": 0.7704918032786885, "fidelity": 0.891659659480215, "faithfulness_gap": 0.08519071340560913, "stability": 0.7223681173145737}, "explanation": {"top_features": ["foreign_worker_no: 0.1473", "credit_amount: -0.0922", "checking_status_no checking: -0.0538", "installment_commitment: 0.0420", "purpose_new car: -0.0348", "age: 0.0328", "credit_history_critical/other existing credit: -0.0286", "duration: 0.0226", "checking_status_<0: -0.0226", "job_high qualif/self emp/mgmt: 0.0185"], "raw_top": {"foreign_worker_no": 0.14732546125319934, "credit_amount": -0.09224066683226885, "checking_status_no checking": -0.05384516789178496, "installment_commitment": 0.04197698187403245, "purpose_new car": -0.03483147450282045, "age": 0.03276140856048387, "credit_history_critical/other existing credit": -0.028613857854588254, "duration": 0.022623458082222506, "checking_status_<0": -0.022553596062883378, "job_high qualif/self emp/mgmt": 0.01845495938346609}}}