{"instance_id": 145, "quadrant": "TP", "true_label": 1, "prediction": 1, "prediction_correct": true, "metrics": {"cost": 1002.6041599994642, "sparsity": 0.7540983606557377, "fidelity": 0.9186603787500148, "faithfulness_gap": 0.416273295879364, "stability": 0.19378843081133432}, "explanation": {"top_features": ["checking_status_no checking: 0.1208", "credit_history_critical/other existing credit: 0.0406", "age: 0.0399", "employment_4<=X<7: 0.0358", "credit_amount: 0.0234", "checking_status_<0: 0.0130", "purpose_new car: 0.0103", "other_payment_plans_bank: 0.0099", "duration: -0.0098", "own_telephone_none: -0.0068"], "raw_top": {"checking_status_no checking": 0.1207630012604502, "credit_history_critical/other existing credit": 0.04059006211155225, "age": 0.0398788167591606, "employment_4<=X<7": 0.03584441720867701, "credit_amount": 0.023404899458990606, "checking_status_<0": 0.012976912290682383, "purpose_new car": 0.010325731621260945, "other_payment_plans_bank": 0.009864475165418664, "duration": -0.009809828420510952, "own_telephone_none": -0.00680784004217676}}}