{"instance_id": 152, "quadrant": "FP", "true_label": 0, "prediction": 1, "prediction_correct": false, "metrics": {"cost": 1000.5901259992243, "sparsity": 0.7377049180327869, "fidelity": 0.9013467011192174, "faithfulness_gap": 0.14516806602478027, "stability": 0.539066366511873}, "explanation": {"top_features": ["checking_status_no checking: 0.1838", "duration: -0.1170", "credit_amount: -0.0903", "credit_history_critical/other existing credit: -0.0342", "savings_status_<100: -0.0252", "purpose_used car: -0.0210", "personal_status_female div/dep/mar: 0.0206", "employment_4<=X<7: -0.0206", "residence_since: -0.0188", "age: -0.0162"], "raw_top": {"checking_status_no checking": 0.18381060394917284, "duration": -0.11699229684168994, "credit_amount": -0.09034155378969232, "credit_history_critical/other existing credit": -0.03420583783447319, "savings_status_<100": -0.02523828447889526, "purpose_used car": -0.020952876913643247, "personal_status_female div/dep/mar": 0.02063231776455259, "employment_4<=X<7": -0.020602285339033476, "residence_since": -0.018825997399013753, "age": -0.01623390487331867}}}