{"instance_id": 158, "quadrant": "TP", "true_label": 1, "prediction": 1, "prediction_correct": true, "metrics": {"cost": 1001.7612289993849, "sparsity": 0.7868852459016393, "fidelity": 0.8280456388698716, "faithfulness_gap": 0.17172735929489136, "stability": 0.7568437059775088}, "explanation": {"top_features": ["checking_status_no checking: 0.0994", "duration: 0.0884", "other_payment_plans_bank: -0.0466", "savings_status_<100: 0.0273", "credit_amount: 0.0225", "other_payment_plans_none: -0.0205", "purpose_new car: 0.0171", "own_telephone_none: 0.0154", "purpose_radio/tv: 0.0149", "age: 0.0145"], "raw_top": {"checking_status_no checking": 0.09944203348269591, "duration": 0.08838079139638148, "other_payment_plans_bank": -0.046622221612752354, "savings_status_<100": 0.02727346259085331, "credit_amount": 0.022516274882471588, "other_payment_plans_none": -0.020462478506859713, "purpose_new car": 0.017126213459573814, "own_telephone_none": 0.015350875868762279, "purpose_radio/tv": 0.014869616414961252, "age": 0.01451627116750333}}}