{"instance_id": 163, "quadrant": "TP", "true_label": 1, "prediction": 1, "prediction_correct": true, "metrics": {"cost": 1001.0505720001674, "sparsity": 0.7704918032786885, "fidelity": 0.8222305476709342, "faithfulness_gap": 0.012128591537475586, "stability": 0.4662711886803941}, "explanation": {"top_features": ["checking_status_no checking: 0.2184", "duration: -0.1288", "credit_history_no credits/all paid: -0.1226", "credit_amount: 0.0409", "credit_history_critical/other existing credit: -0.0372", "residence_since: -0.0221", "savings_status_<100: -0.0214", "personal_status_female div/dep/mar: 0.0208", "purpose_used car: -0.0203", "own_telephone_none: -0.0201"], "raw_top": {"checking_status_no checking": 0.21841347879136283, "duration": -0.12881883615907122, "credit_history_no credits/all paid": -0.12264295943454007, "credit_amount": 0.04091393325751998, "credit_history_critical/other existing credit": -0.03718591171096736, "residence_since": -0.022108770228995062, "savings_status_<100": -0.021433931626821136, "personal_status_female div/dep/mar": 0.020793422525047407, "purpose_used car": -0.02025164867931547, "own_telephone_none": -0.020102219278697406}}}