{"instance_id": 164, "quadrant": "TP", "true_label": 1, "prediction": 1, "prediction_correct": true, "metrics": {"cost": 1001.0773839994727, "sparsity": 0.7540983606557377, "fidelity": 0.8807146534811996, "faithfulness_gap": 0.061277806758880615, "stability": 0.35098247741600846}, "explanation": {"top_features": ["other_payment_plans_bank: -0.1287", "checking_status_no checking: 0.1228", "employment_4<=X<7: 0.0759", "age: -0.0630", "other_parties_co applicant: -0.0595", "duration: 0.0488", "credit_amount: 0.0453", "credit_history_existing paid: 0.0284", "credit_history_critical/other existing credit: 0.0282", "own_telephone_none: -0.0259"], "raw_top": {"other_payment_plans_bank": -0.12871927562282465, "checking_status_no checking": 0.12279044875087272, "employment_4<=X<7": 0.07589366712301962, "age": -0.06303391755920668, "other_parties_co applicant": -0.059501823300296824, "duration": 0.048761681258740926, "credit_amount": 0.04525028760453792, "credit_history_existing paid": 0.028400577770159457, "credit_history_critical/other existing credit": 0.02816727800153473, "own_telephone_none": -0.025938636642318626}}}