{"instance_id": 173, "quadrant": "TN", "true_label": 0, "prediction": 0, "prediction_correct": true, "metrics": {"cost": 1001.2656340004469, "sparsity": 0.7704918032786885, "fidelity": 0.9415003836341127, "faithfulness_gap": 0.4991569519042969, "stability": 0.9519775043822704}, "explanation": {"top_features": ["credit_amount: -0.4183", "purpose_used car: 0.1082", "checking_status_no checking: -0.0865", "credit_history_critical/other existing credit: -0.0424", "personal_status_female div/dep/mar: -0.0308", "age: 0.0291", "credit_history_existing paid: -0.0253", "savings_status_<100: -0.0227", "property_magnitude_no known property: -0.0189", "employment_unemployed: 0.0182"], "raw_top": {"credit_amount": -0.41827791999484104, "purpose_used car": 0.10824978111059405, "checking_status_no checking": -0.0864829980003297, "credit_history_critical/other existing credit": -0.04238557563942709, "personal_status_female div/dep/mar": -0.030848509157084855, "age": 0.02909554516705627, "credit_history_existing paid": -0.025322234809692996, "savings_status_<100": -0.022655013806607126, "property_magnitude_no known property": -0.018932367300695682, "employment_unemployed": 0.018219946132736}}}