{"instance_id": 191, "quadrant": "TN", "true_label": 0, "prediction": 0, "prediction_correct": true, "metrics": {"cost": 1002.2086489998401, "sparsity": 0.7868852459016393, "fidelity": 0.8460180834837914, "faithfulness_gap": 0.42934396862983704, "stability": 0.5712908621762579}, "explanation": {"top_features": ["credit_amount: -0.1319", "purpose_new car: -0.1151", "other_payment_plans_bank: -0.0924", "checking_status_no checking: -0.0847", "credit_history_critical/other existing credit: 0.0556", "own_telephone_none: 0.0517", "other_payment_plans_none: -0.0371", "duration: -0.0358", "checking_status_<0: 0.0292", "purpose_used car: -0.0249"], "raw_top": {"credit_amount": -0.13190219068096362, "purpose_new car": -0.11513682752554866, "other_payment_plans_bank": -0.0924140095004151, "checking_status_no checking": -0.08470373784797416, "credit_history_critical/other existing credit": 0.055588546836305625, "own_telephone_none": 0.051680163224762016, "other_payment_plans_none": -0.03705913069982981, "duration": -0.03580396684144105, "checking_status_<0": 0.02918333031776218, "purpose_used car": -0.024863119005866637}}}