{"instance_id": 195, "quadrant": "FN", "true_label": 1, "prediction": 0, "prediction_correct": false, "metrics": {"cost": 1001.0472640005901, "sparsity": 0.7704918032786885, "fidelity": 0.7856064887328124, "faithfulness_gap": 0.18589282035827637, "stability": 0.8768025600870281}, "explanation": {"top_features": ["duration: -0.1149", "residence_since: 0.1120", "checking_status_no checking: -0.0805", "credit_amount: -0.0623", "personal_status_female div/dep/mar: -0.0388", "property_magnitude_no known property: -0.0332", "savings_status_<100: -0.0294", "employment_<1: -0.0294", "credit_history_critical/other existing credit: -0.0273", "purpose_used car: -0.0261"], "raw_top": {"duration": -0.11493132508724394, "residence_since": 0.11202855415160806, "checking_status_no checking": -0.08052148367645767, "credit_amount": -0.062273797648472226, "personal_status_female div/dep/mar": -0.03877406031843503, "property_magnitude_no known property": -0.03323418293989219, "savings_status_<100": -0.029396185158638764, "employment_<1": -0.029359170775524766, "credit_history_critical/other existing credit": -0.02731775618500889, "purpose_used car": -0.026078236931495427}}}