{"instance_id": 198, "quadrant": "TP", "true_label": 1, "prediction": 1, "prediction_correct": true, "metrics": {"cost": 1001.0946319998766, "sparsity": 0.7868852459016393, "fidelity": 0.6183117166997164, "faithfulness_gap": 0.07234030961990356, "stability": 0.8593276578368616}, "explanation": {"top_features": ["duration: -0.0934", "checking_status_no checking: -0.0788", "residence_since: 0.0743", "credit_amount: 0.0554", "personal_status_female div/dep/mar: -0.0289", "employment_<1: -0.0283", "own_telephone_none: 0.0278", "checking_status_<0: 0.0255", "employment_4<=X<7: -0.0253", "savings_status_<100: -0.0247"], "raw_top": {"duration": -0.09344921903585839, "checking_status_no checking": -0.07883862557813254, "residence_since": 0.07433431820602682, "credit_amount": 0.05536734511050347, "personal_status_female div/dep/mar": -0.02889273160228953, "employment_<1": -0.02828823577288402, "own_telephone_none": 0.02780352010038162, "checking_status_<0": 0.025485364732455235, "employment_4<=X<7": -0.025271128854806327, "savings_status_<100": -0.02470650318445447}}}