{"instance_id": 199, "quadrant": "TP", "true_label": 1, "prediction": 1, "prediction_correct": true, "metrics": {"cost": 1001.1152409997521, "sparsity": 0.7868852459016393, "fidelity": 0.8997866499217938, "faithfulness_gap": 0.30393466353416443, "stability": 0.28211524142265443}, "explanation": {"top_features": ["checking_status_no checking: 0.1853", "other_parties_co applicant: -0.1093", "age: 0.0817", "credit_amount: 0.0630", "credit_history_critical/other existing credit: -0.0392", "purpose_new car: -0.0369", "property_magnitude_no known property: -0.0274", "employment_4<=X<7: -0.0204", "savings_status_<100: -0.0203", "checking_status_<0: 0.0195"], "raw_top": {"checking_status_no checking": 0.18532069534333565, "other_parties_co applicant": -0.10932168182498486, "age": 0.0817195108379371, "credit_amount": 0.06300733829939063, "credit_history_critical/other existing credit": -0.03923167332277193, "purpose_new car": -0.03686055168984075, "property_magnitude_no known property": -0.027351228856548494, "employment_4<=X<7": -0.02039222844998821, "savings_status_<100": -0.020286841826014063, "checking_status_<0": 0.01949444051408618}}}