{"instance_id": 26, "quadrant": "TN", "true_label": 0, "prediction": 0, "prediction_correct": true, "metrics": {"cost": 1001.2103609997212, "sparsity": 0.7868852459016393, "fidelity": 0.7157755123894014, "faithfulness_gap": 0.42551541328430176, "stability": 0.4756068929170511}, "explanation": {"top_features": ["checking_status_no checking: -0.1012", "credit_amount: -0.0996", "purpose_new car: -0.0959", "checking_status_<0: -0.0662", "savings_status_<100: 0.0525", "duration: 0.0319", "own_telephone_none: -0.0259", "credit_history_critical/other existing credit: -0.0251", "personal_status_female div/dep/mar: 0.0209", "property_magnitude_real estate: -0.0207"], "raw_top": {"checking_status_no checking": -0.101166826481794, "credit_amount": -0.09955900127839444, "purpose_new car": -0.0958786993621433, "checking_status_<0": -0.0662320836729149, "savings_status_<100": 0.05253298536090865, "duration": 0.03191852561255624, "own_telephone_none": -0.025892086963202263, "credit_history_critical/other existing credit": -0.025139583176295763, "personal_status_female div/dep/mar": 0.020893519183453876, "property_magnitude_real estate": -0.02067573119252551}}}