{"instance_id": 35, "quadrant": "TP", "true_label": 1, "prediction": 1, "prediction_correct": true, "metrics": {"cost": 1001.9148960000166, "sparsity": 0.7704918032786885, "fidelity": 0.8950398082827209, "faithfulness_gap": 0.36527854204177856, "stability": 0.313977435712121}, "explanation": {"top_features": ["checking_status_no checking: 0.1324", "age: 0.0516", "credit_history_critical/other existing credit: 0.0506", "other_parties_co applicant: -0.0393", "credit_amount: 0.0284", "purpose_new car: 0.0172", "duration: -0.0169", "credit_history_existing paid: 0.0157", "checking_status_<0: 0.0149", "employment_4<=X<7: -0.0122"], "raw_top": {"checking_status_no checking": 0.13237507679674926, "age": 0.05159527101416405, "credit_history_critical/other existing credit": 0.05063218735109648, "other_parties_co applicant": -0.0393433948354969, "credit_amount": 0.0284030213487928, "purpose_new car": 0.017193514324225924, "duration": -0.016857948249215396, "credit_history_existing paid": 0.015665114229688023, "checking_status_<0": 0.014876269098889918, "employment_4<=X<7": -0.012244582555938455}}}