{"instance_id": 47, "quadrant": "FN", "true_label": 1, "prediction": 0, "prediction_correct": false, "metrics": {"cost": 1001.1483230000522, "sparsity": 0.7868852459016393, "fidelity": 0.6967125567679896, "faithfulness_gap": 0.44918185472488403, "stability": 0.6270637532477088}, "explanation": {"top_features": ["checking_status_no checking: -0.0928", "housing_rent: -0.0846", "duration: -0.0821", "checking_status_<0: -0.0585", "age: -0.0503", "personal_status_male div/sep: -0.0451", "savings_status_<100: -0.0335", "purpose_used car: -0.0280", "credit_history_critical/other existing credit: -0.0238", "own_telephone_none: -0.0221"], "raw_top": {"checking_status_no checking": -0.09283434298012608, "housing_rent": -0.0846443939367287, "duration": -0.08209297612649083, "checking_status_<0": -0.05851230026134774, "age": -0.05030137187867417, "personal_status_male div/sep": -0.04508543945009324, "savings_status_<100": -0.03354284669924778, "purpose_used car": -0.02803252127208188, "credit_history_critical/other existing credit": -0.023842963956363233, "own_telephone_none": -0.022060536292433142}}}