{"instance_id": 52, "quadrant": "TP", "true_label": 1, "prediction": 1, "prediction_correct": true, "metrics": {"cost": 1001.017628000227, "sparsity": 0.7540983606557377, "fidelity": 0.8798248659772151, "faithfulness_gap": 0.18209928274154663, "stability": 0.5128013242256884}, "explanation": {"top_features": ["checking_status_no checking: 0.1179", "credit_amount: 0.0383", "age: 0.0323", "savings_status_<100: 0.0234", "duration: 0.0173", "credit_history_critical/other existing credit: -0.0159", "checking_status_<0: 0.0130", "own_telephone_none: 0.0116", "employment_4<=X<7: -0.0106", "purpose_new car: 0.0080"], "raw_top": {"checking_status_no checking": 0.11793725058594295, "credit_amount": 0.03826950331756409, "age": 0.03232523027681432, "savings_status_<100": 0.023413168115379048, "duration": 0.01726106732566632, "credit_history_critical/other existing credit": -0.015901461275357534, "checking_status_<0": 0.013046772849842334, "own_telephone_none": 0.01162044211280371, "employment_4<=X<7": -0.010609576671172356, "purpose_new car": 0.007987339582583885}}}