{"instance_id": 58, "quadrant": "TP", "true_label": 1, "prediction": 1, "prediction_correct": true, "metrics": {"cost": 1000.7944950002639, "sparsity": 0.7868852459016393, "fidelity": 0.6247515264371836, "faithfulness_gap": 0.04674839973449707, "stability": 0.723191625260089}, "explanation": {"top_features": ["credit_history_all paid: -0.1019", "checking_status_>=200: 0.0670", "checking_status_no checking: -0.0669", "age: 0.0554", "employment_4<=X<7: 0.0517", "savings_status_<100: 0.0492", "duration: -0.0335", "purpose_new car: 0.0296", "own_telephone_none: -0.0278", "credit_amount: -0.0267"], "raw_top": {"credit_history_all paid": -0.10189739683172826, "checking_status_>=200": 0.06700140292804391, "checking_status_no checking": -0.06693211364915944, "age": 0.055426098411620536, "employment_4<=X<7": 0.05170673584226905, "savings_status_<100": 0.049223477400500676, "duration": -0.03353388278097155, "purpose_new car": 0.029629899594115227, "own_telephone_none": -0.027791518778613297, "credit_amount": -0.026745940958228184}}}