{"instance_id": 62, "quadrant": "FP", "true_label": 0, "prediction": 1, "prediction_correct": false, "metrics": {"cost": 1005.17833000049, "sparsity": 0.7704918032786885, "fidelity": 0.3723944150472682, "faithfulness_gap": 0.0019317269325256348, "stability": 0.7962740735595827}, "explanation": {"top_features": ["checking_status_no checking: -0.0914", "duration: -0.0702", "credit_history_critical/other existing credit: 0.0430", "checking_status_<0: 0.0343", "own_telephone_none: 0.0285", "housing_rent: 0.0212", "purpose_used car: -0.0197", "employment_4<=X<7: -0.0195", "personal_status_male div/sep: -0.0190", "savings_status_<100: -0.0181"], "raw_top": {"checking_status_no checking": -0.09139034722564421, "duration": -0.07021385358034452, "credit_history_critical/other existing credit": 0.042990881104466354, "checking_status_<0": 0.0342892744134293, "own_telephone_none": 0.0284657712600587, "housing_rent": 0.02122265142684667, "purpose_used car": -0.019686592887480675, "employment_4<=X<7": -0.019452384863160716, "personal_status_male div/sep": -0.019048659082601258, "savings_status_<100": -0.01808127478100448}}}