{"instance_id": 71, "quadrant": "TP", "true_label": 1, "prediction": 1, "prediction_correct": true, "metrics": {"cost": 1001.8575889998829, "sparsity": 0.7868852459016393, "fidelity": 0.4901018402847597, "faithfulness_gap": 0.25976449251174927, "stability": 0.6675987396521975}, "explanation": {"top_features": ["other_payment_plans_bank: -0.0789", "checking_status_no checking: -0.0647", "duration: -0.0493", "own_telephone_none: -0.0472", "savings_status_<100: 0.0319", "checking_status_<0: 0.0253", "purpose_new car: 0.0242", "purpose_used car: -0.0207", "employment_4<=X<7: -0.0203", "personal_status_female div/dep/mar: 0.0183"], "raw_top": {"other_payment_plans_bank": -0.0788886743445894, "checking_status_no checking": -0.064685463564962, "duration": -0.049283393510745295, "own_telephone_none": -0.047235723567825155, "savings_status_<100": 0.03191584718350218, "checking_status_<0": 0.025346711368380608, "purpose_new car": 0.02418203857377611, "purpose_used car": -0.020655135129367463, "employment_4<=X<7": -0.02033499185223778, "personal_status_female div/dep/mar": 0.018343509051276703}}}