{"instance_id": 93, "quadrant": "FP", "true_label": 0, "prediction": 1, "prediction_correct": false, "metrics": {"cost": 1001.065004999873, "sparsity": 0.7704918032786885, "fidelity": 0.7883884434747983, "faithfulness_gap": 0.20504173636436462, "stability": 0.6730683563532934}, "explanation": {"top_features": ["credit_history_no credits/all paid: -0.1314", "duration: 0.0934", "checking_status_>=200: 0.0842", "checking_status_no checking: -0.0649", "purpose_new car: 0.0239", "credit_history_critical/other existing credit: -0.0239", "employment_<1: -0.0224", "credit_amount: -0.0217", "savings_status_<100: -0.0204", "personal_status_female div/dep/mar: 0.0167"], "raw_top": {"credit_history_no credits/all paid": -0.13144489953685937, "duration": 0.09344504240731918, "checking_status_>=200": 0.08423948858153978, "checking_status_no checking": -0.06490950698287619, "purpose_new car": 0.023906048143398327, "credit_history_critical/other existing credit": -0.023866118818739596, "employment_<1": -0.022392420456613906, "credit_amount": -0.02167245103180755, "savings_status_<100": -0.020400562013719217, "personal_status_female div/dep/mar": 0.0167086301517279}}}