{"instance_id": 1218, "quadrant": "FN", "true_label": 1, "prediction": 0, "prediction_correct": false, "metrics": {"cost": 59332.81797298696, "sparsity": 0.09259259259259259, "fidelity": 0.8641411778801195, "faithfulness_gap": 0.15371903752283422, "stability": 0.9162094013064859}, "explanation": {"top_features": ["education-num: -0.0914", "occupation_Farming-fishing: -0.0505", "capital-gain: -0.0237", "marital-status_Married-civ-spouse: 0.0236", "capital-loss: -0.0202", "relationship_Husband: 0.0184", "age: 0.0104", "workclass_Self-emp-inc: 0.0098", "education_10th: 0.0096", "workclass_Private: -0.0088"], "raw_top": {"education-num": -0.09136468186139696, "occupation_Farming-fishing": -0.0504825944602976, "capital-gain": -0.023696743253181163, "marital-status_Married-civ-spouse": 0.023558200912309053, "capital-loss": -0.02016649357150173, "relationship_Husband": 0.01836330841812836, "age": 0.010435031764606495, "workclass_Self-emp-inc": 0.00981707332232906, "education_10th": 0.00955325964914784, "workclass_Private": -0.008814202706749985}}}