{"instance_id": 1441, "quadrant": "TN", "true_label": 0, "prediction": 0, "prediction_correct": true, "metrics": {"cost": 41318.43836299959, "sparsity": 0.09259259259259259, "fidelity": 0.8308334361350632, "faithfulness_gap": 0.014371298443059163, "stability": 0.901411088758226}, "explanation": {"top_features": ["occupation_Prof-specialty: 0.0609", "marital-status_Married-civ-spouse: -0.0451", "age: -0.0442", "relationship_Husband: -0.0224", "capital-gain: -0.0182", "capital-loss: -0.0122", "marital-status_Never-married: -0.0102", "hours-per-week: -0.0101", "fnlwgt: -0.0096", "education-num: -0.0074"], "raw_top": {"occupation_Prof-specialty": 0.060862717921978816, "marital-status_Married-civ-spouse": -0.04509535320832104, "age": -0.04415010691349562, "relationship_Husband": -0.022372424548483226, "capital-gain": -0.018176246355855304, "capital-loss": -0.01218549274555952, "marital-status_Never-married": -0.010210655098470075, "hours-per-week": -0.010059717920480417, "fnlwgt": -0.009649321372920718, "education-num": -0.007430102487913301}}}