{"instance_id": 238, "quadrant": "TP", "true_label": 1, "prediction": 1, "prediction_correct": true, "metrics": {"cost": 40451.66679099202, "sparsity": 0.09259259259259259, "fidelity": 0.9564645692993611, "faithfulness_gap": 0.7071600221685151, "stability": 0.970789355841259}, "explanation": {"top_features": ["capital-loss: 0.2386", "marital-status_Married-civ-spouse: 0.1174", "occupation_Prof-specialty: 0.0931", "education-num: 0.0732", "age: 0.0458", "relationship_Husband: 0.0443", "marital-status_Never-married: 0.0147", "fnlwgt: 0.0096", "marital-status_Divorced: 0.0069", "relationship_Not-in-family: 0.0066"], "raw_top": {"capital-loss": 0.238595985066578, "marital-status_Married-civ-spouse": 0.11742078696424764, "occupation_Prof-specialty": 0.09306390743623666, "education-num": 0.07319220617472856, "age": 0.04578235725058173, "relationship_Husband": 0.04425212467480092, "marital-status_Never-married": 0.014728389899811819, "fnlwgt": 0.009610441117867345, "marital-status_Divorced": 0.0068608272277138616, "relationship_Not-in-family": 0.006589666531377663}}}