{"instance_id": 2390, "quadrant": "FP", "true_label": 0, "prediction": 1, "prediction_correct": false, "metrics": {"cost": 52323.178778984584, "sparsity": 0.09259259259259259, "fidelity": 0.9836542028139001, "faithfulness_gap": 0.7007836141404133, "stability": 0.9649504629089262}, "explanation": {"top_features": ["capital-gain: 0.2929", "marital-status_Married-civ-spouse: 0.0877", "age: 0.0821", "hours-per-week: 0.0560", "fnlwgt: 0.0431", "relationship_Husband: 0.0401", "education_HS-grad: 0.0271", "occupation_Sales: 0.0245", "education-num: 0.0196", "education_Some-college: 0.0145"], "raw_top": {"capital-gain": 0.2928982613253259, "marital-status_Married-civ-spouse": 0.08774494682783289, "age": 0.08207272697738881, "hours-per-week": 0.056001873399253825, "fnlwgt": 0.043127774476481494, "relationship_Husband": 0.04006651480487204, "education_HS-grad": 0.02714721095327526, "occupation_Sales": 0.02445416019118079, "education-num": 0.019603397567266926, "education_Some-college": 0.014477897297459963}}}