{"instance_id": 2532, "quadrant": "TN", "true_label": 0, "prediction": 0, "prediction_correct": true, "metrics": {"cost": 42074.81928699417, "sparsity": 0.09259259259259259, "fidelity": 0.9040016940783142, "faithfulness_gap": 0.0026960641748419167, "stability": 0.8723965173366227}, "explanation": {"top_features": ["relationship_Wife: 0.0686", "education-num: -0.0599", "marital-status_Married-civ-spouse: 0.0311", "capital-gain: -0.0268", "age: -0.0263", "relationship_Husband: -0.0218", "occupation_Craft-repair: 0.0183", "capital-loss: -0.0165", "education_HS-grad: -0.0125", "fnlwgt: -0.0065"], "raw_top": {"relationship_Wife": 0.06863274679829161, "education-num": -0.05990630946361727, "marital-status_Married-civ-spouse": 0.031081101770952243, "capital-gain": -0.026819214089431467, "age": -0.026331786035304568, "relationship_Husband": -0.021795690677822676, "occupation_Craft-repair": 0.01832165942152539, "capital-loss": -0.01653882438045164, "education_HS-grad": -0.012458904016637526, "fnlwgt": -0.006523386602011988}}}