{"instance_id": 2558, "quadrant": "FP", "true_label": 0, "prediction": 1, "prediction_correct": false, "metrics": {"cost": 49869.636770978104, "sparsity": 0.09259259259259259, "fidelity": 0.985479093891676, "faithfulness_gap": 0.7650164008188707, "stability": 0.9790926494445783}, "explanation": {"top_features": ["occupation_Exec-managerial: 0.2116", "education-num: 0.2066", "marital-status_Married-civ-spouse: 0.1017", "hours-per-week: 0.0554", "relationship_Husband: 0.0541", "age: 0.0339", "marital-status_Never-married: 0.0231", "education_HS-grad: 0.0130", "education_Masters: 0.0091", "relationship_Not-in-family: 0.0082"], "raw_top": {"occupation_Exec-managerial": 0.21159803161575821, "education-num": 0.20662126646375792, "marital-status_Married-civ-spouse": 0.10173862031911425, "hours-per-week": 0.05537289419916551, "relationship_Husband": 0.0540607980839888, "age": 0.03386843320016827, "marital-status_Never-married": 0.023056735591991003, "education_HS-grad": 0.013029175068253926, "education_Masters": 0.00910220197491105, "relationship_Not-in-family": 0.008158204329535401}}}