{"instance_id": 3417, "quadrant": "FP", "true_label": 0, "prediction": 1, "prediction_correct": false, "metrics": {"cost": 53183.472018979955, "sparsity": 0.09259259259259259, "fidelity": 0.9847862938316583, "faithfulness_gap": 0.46423143873176914, "stability": 0.9291692868145351}, "explanation": {"top_features": ["workclass_Federal-gov: 0.1625", "occupation_Adm-clerical: 0.0906", "marital-status_Married-civ-spouse: 0.0769", "fnlwgt: -0.0764", "age: 0.0693", "relationship_Husband: 0.0430", "capital-gain: -0.0301", "education_Some-college: 0.0205", "workclass_Private: 0.0091", "marital-status_Never-married: 0.0083"], "raw_top": {"workclass_Federal-gov": 0.16251956299445913, "occupation_Adm-clerical": 0.09061798718556631, "marital-status_Married-civ-spouse": 0.07690055945877697, "fnlwgt": -0.07644522031381579, "age": 0.06931899822901022, "relationship_Husband": 0.043017284229735664, "capital-gain": -0.03010227451575252, "education_Some-college": 0.020541231236036493, "workclass_Private": 0.009143152214038186, "marital-status_Never-married": 0.008325508721038932}}}