{"instance_id": 4383, "quadrant": "FN", "true_label": 1, "prediction": 0, "prediction_correct": false, "metrics": {"cost": 52287.39702096209, "sparsity": 0.09259259259259259, "fidelity": 0.8486492472692904, "faithfulness_gap": 0.046219184819101644, "stability": 0.8365926439877336}, "explanation": {"top_features": ["education-num: -0.0408", "occupation_Transport-moving: -0.0396", "marital-status_Married-civ-spouse: 0.0319", "capital-gain: -0.0303", "capital-loss: -0.0259", "relationship_Husband: 0.0165", "age: 0.0113", "education_Bachelors: -0.0055", "education_HS-grad: -0.0044", "hours-per-week: -0.0027"], "raw_top": {"education-num": -0.040751189629716834, "occupation_Transport-moving": -0.03956907701448582, "marital-status_Married-civ-spouse": 0.03186668460120962, "capital-gain": -0.030299349881246895, "capital-loss": -0.025893927786807127, "relationship_Husband": 0.016548154942169258, "age": 0.011344160995287024, "education_Bachelors": -0.005472273550292196, "education_HS-grad": -0.0044280993088133365, "hours-per-week": -0.0027014639154921555}}}