{"instance_id": 5284, "quadrant": "FN", "true_label": 1, "prediction": 0, "prediction_correct": false, "metrics": {"cost": 46377.84610997187, "sparsity": 0.09259259259259259, "fidelity": 0.9642806765424463, "faithfulness_gap": 0.24931300376643523, "stability": 0.9230248080941063}, "explanation": {"top_features": ["education-num: 0.1781", "marital-status_Married-civ-spouse: 0.0723", "age: -0.0622", "relationship_Husband: 0.0378", "capital-gain: -0.0338", "hours-per-week: 0.0315", "occupation_nan: -0.0306", "workclass_nan: -0.0290", "education_Masters: 0.0203", "capital-loss: -0.0202"], "raw_top": {"education-num": 0.1780587688004009, "marital-status_Married-civ-spouse": 0.07226493357883873, "age": -0.06221265110567612, "relationship_Husband": 0.03775948588867248, "capital-gain": -0.033804113357916714, "hours-per-week": 0.03153743201558944, "occupation_nan": -0.030638033085937905, "workclass_nan": -0.028952634919613744, "education_Masters": 0.020306676915195526, "capital-loss": -0.020225248396376273}}}