{"instance_id": 5287, "quadrant": "FN", "true_label": 1, "prediction": 0, "prediction_correct": false, "metrics": {"cost": 69686.1869370332, "sparsity": 0.09259259259259259, "fidelity": 0.7513968851169589, "faithfulness_gap": 0.03274399718710011, "stability": 0.7632927948567014}, "explanation": {"top_features": ["occupation_Handlers-cleaners: -0.0466", "education-num: -0.0354", "marital-status_Married-civ-spouse: 0.0293", "capital-gain: -0.0278", "capital-loss: -0.0207", "relationship_Husband: 0.0184", "fnlwgt: -0.0064", "education_Bachelors: -0.0062", "marital-status_Never-married: 0.0050", "hours-per-week: -0.0024"], "raw_top": {"occupation_Handlers-cleaners": -0.04657607195754586, "education-num": -0.0353621351938506, "marital-status_Married-civ-spouse": 0.029272201393310163, "capital-gain": -0.02781913334381864, "capital-loss": -0.02068470756001771, "relationship_Husband": 0.018394237046781368, "fnlwgt": -0.0064450652556115725, "education_Bachelors": -0.006240692616821166, "marital-status_Never-married": 0.005024395288342143, "hours-per-week": -0.0024439790413804566}}}