{"instance_id": 537, "quadrant": "FN", "true_label": 1, "prediction": 0, "prediction_correct": false, "metrics": {"cost": 46668.20745298173, "sparsity": 0.09259259259259259, "fidelity": 0.8480169640125537, "faithfulness_gap": 0.00209613383261599, "stability": 0.680675449458837}, "explanation": {"top_features": ["education-num: -0.0490", "capital-gain: -0.0301", "marital-status_Married-civ-spouse: 0.0269", "capital-loss: -0.0194", "relationship_Husband: 0.0135", "education_Bachelors: -0.0117", "fnlwgt: -0.0079", "age: -0.0071", "occupation_Craft-repair: -0.0058", "hours-per-week: -0.0035"], "raw_top": {"education-num": -0.04901725706963367, "capital-gain": -0.030142224623771953, "marital-status_Married-civ-spouse": 0.02685510522694322, "capital-loss": -0.019439772613423098, "relationship_Husband": 0.013469774230790795, "education_Bachelors": -0.011679855331035618, "fnlwgt": -0.007865920986332332, "age": -0.007074538822705893, "occupation_Craft-repair": -0.005787076689375712, "hours-per-week": -0.0034914064838825337}}}