{"instance_id": 5717, "quadrant": "TP", "true_label": 1, "prediction": 1, "prediction_correct": true, "metrics": {"cost": 59869.49053598801, "sparsity": 0.09259259259259259, "fidelity": 0.9891679575563602, "faithfulness_gap": 0.8442672884974008, "stability": 0.9910600161427556}, "explanation": {"top_features": ["capital-gain: 0.3827", "education-num: 0.1604", "marital-status_Married-civ-spouse: 0.0778", "relationship_Husband: 0.0342", "occupation_Protective-serv: 0.0334", "age: 0.0303", "workclass_Local-gov: 0.0254", "marital-status_Never-married: 0.0083", "education_HS-grad: 0.0055", "relationship_Own-child: 0.0047"], "raw_top": {"capital-gain": 0.3826868252404036, "education-num": 0.1603700037455675, "marital-status_Married-civ-spouse": 0.07783294983767612, "relationship_Husband": 0.034247304150631916, "occupation_Protective-serv": 0.033375885920744745, "age": 0.030277636870347017, "workclass_Local-gov": 0.025361448974005985, "marital-status_Never-married": 0.008278758821699626, "education_HS-grad": 0.005496574138974136, "relationship_Own-child": 0.00471979120075916}}}