{"instance_id": 5787, "quadrant": "TN", "true_label": 0, "prediction": 0, "prediction_correct": true, "metrics": {"cost": 56670.14132899931, "sparsity": 0.09259259259259259, "fidelity": 0.28962122720123396, "faithfulness_gap": 0.043298728996998256, "stability": 0.9451684989294274}, "explanation": {"top_features": ["age: -0.0439", "marital-status_Married-civ-spouse: -0.0295", "relationship_Husband: -0.0183", "capital-gain: -0.0147", "occupation_Machine-op-inspct: -0.0114", "education-num: -0.0111", "hours-per-week: -0.0082", "marital-status_Never-married: -0.0082", "capital-loss: -0.0073", "relationship_Own-child: -0.0007"], "raw_top": {"age": -0.043875815782827475, "marital-status_Married-civ-spouse": -0.029544506839361502, "relationship_Husband": -0.018250808022028484, "capital-gain": -0.014662489911291708, "occupation_Machine-op-inspct": -0.011432989189695878, "education-num": -0.011102524700230768, "hours-per-week": -0.008215627799397399, "marital-status_Never-married": -0.008162619926186224, "capital-loss": -0.007271188291673059, "relationship_Own-child": -0.0006928201935135214}}}