{"instance_id": 5923, "quadrant": "FP", "true_label": 0, "prediction": 1, "prediction_correct": false, "metrics": {"cost": 41429.98384201201, "sparsity": 0.09259259259259259, "fidelity": 0.9402966253187427, "faithfulness_gap": 0.45656686512747235, "stability": 0.9292873770036651}, "explanation": {"top_features": ["relationship_Wife: 0.1415", "education-num: 0.1240", "marital-status_Married-civ-spouse: 0.0859", "occupation_Adm-clerical: 0.0602", "age: 0.0463", "fnlwgt: -0.0452", "relationship_Husband: -0.0403", "education_Assoc-acdm: -0.0383", "capital-gain: -0.0324", "marital-status_Never-married: 0.0123"], "raw_top": {"relationship_Wife": 0.14150173995528123, "education-num": 0.12402259402033976, "marital-status_Married-civ-spouse": 0.08589757781050844, "occupation_Adm-clerical": 0.06020127035599492, "age": 0.04631331742511336, "fnlwgt": -0.04519361918154117, "relationship_Husband": -0.04030375080606266, "education_Assoc-acdm": -0.03825632368632671, "capital-gain": -0.03235449887900869, "marital-status_Never-married": 0.012299304785419463}}}