{"instance_id": 5926, "quadrant": "TN", "true_label": 0, "prediction": 0, "prediction_correct": true, "metrics": {"cost": 55226.6000410018, "sparsity": 0.09259259259259259, "fidelity": 0.9031581358339743, "faithfulness_gap": 0.13704946232056947, "stability": 0.9679657424012433}, "explanation": {"top_features": ["age: -0.0978", "occupation_Prof-specialty: 0.0525", "marital-status_Married-civ-spouse: -0.0480", "relationship_Husband: -0.0196", "capital-gain: -0.0162", "fnlwgt: 0.0156", "marital-status_Never-married: -0.0143", "capital-loss: -0.0088", "education-num: -0.0060", "relationship_Own-child: -0.0036"], "raw_top": {"age": -0.09784310855317985, "occupation_Prof-specialty": 0.05253514224373779, "marital-status_Married-civ-spouse": -0.048000373316768916, "relationship_Husband": -0.019607505100843078, "capital-gain": -0.01623187017541509, "fnlwgt": 0.015571855315423457, "marital-status_Never-married": -0.014265153741795194, "capital-loss": -0.008847301233469081, "education-num": -0.006006544148424961, "relationship_Own-child": -0.0035552265533350946}}}