{"instance_id": 627, "quadrant": "FP", "true_label": 0, "prediction": 1, "prediction_correct": false, "metrics": {"cost": 56814.74605604308, "sparsity": 0.09259259259259259, "fidelity": 0.9607190162459514, "faithfulness_gap": 0.4894222510630616, "stability": 0.9380729340511765}, "explanation": {"top_features": ["occupation_Exec-managerial: 0.2107", "marital-status_Married-civ-spouse: 0.0818", "relationship_Husband: 0.0460", "education_Some-college: 0.0250", "education_HS-grad: 0.0201", "marital-status_Never-married: 0.0132", "age: 0.0130", "hours-per-week: 0.0117", "sex_Male: 0.0040", "relationship_Not-in-family: 0.0036"], "raw_top": {"occupation_Exec-managerial": 0.2106725352529606, "marital-status_Married-civ-spouse": 0.08181819010721102, "relationship_Husband": 0.04595430967463456, "education_Some-college": 0.02497541234375661, "education_HS-grad": 0.020093526161097764, "marital-status_Never-married": 0.013161327328036331, "age": 0.012954664374911006, "hours-per-week": 0.011730091956604446, "sex_Male": 0.0040270022095518715, "relationship_Not-in-family": 0.0036252958472492436}}}