{"instance_id": 630, "quadrant": "TN", "true_label": 0, "prediction": 0, "prediction_correct": true, "metrics": {"cost": 43251.840868993895, "sparsity": 0.09259259259259259, "fidelity": 0.8941729094135118, "faithfulness_gap": 0.005989761705588126, "stability": 0.9551518841475591}, "explanation": {"top_features": ["marital-status_Married-civ-spouse: -0.0794", "occupation_Prof-specialty: 0.0743", "education-num: 0.0693", "age: -0.0619", "relationship_Husband: -0.0385", "marital-status_Never-married: -0.0290", "relationship_Not-in-family: -0.0233", "capital-gain: -0.0206", "capital-loss: -0.0094", "education_Bachelors: -0.0052"], "raw_top": {"marital-status_Married-civ-spouse": -0.07942999614205214, "occupation_Prof-specialty": 0.07431395778790591, "education-num": 0.06931394091164036, "age": -0.061888013139103956, "relationship_Husband": -0.038491895451521145, "marital-status_Never-married": -0.029017110448050353, "relationship_Not-in-family": -0.023334181341293714, "capital-gain": -0.020620540568190134, "capital-loss": -0.009377735599085611, "education_Bachelors": -0.005220707967313901}}}