{"instance_id": 7015, "quadrant": "TN", "true_label": 0, "prediction": 0, "prediction_correct": true, "metrics": {"cost": 40657.83268600353, "sparsity": 0.09259259259259259, "fidelity": 0.3386659159948272, "faithfulness_gap": 0.040262932754720135, "stability": 0.9310252315541561}, "explanation": {"top_features": ["marital-status_Married-civ-spouse: -0.0344", "occupation_Other-service: -0.0246", "relationship_Husband: -0.0215", "education-num: -0.0161", "capital-gain: -0.0161", "capital-loss: -0.0124", "marital-status_Divorced: -0.0045", "sex_Female: -0.0043", "sex_Male: -0.0042", "relationship_Unmarried: -0.0040"], "raw_top": {"marital-status_Married-civ-spouse": -0.034403911290261525, "occupation_Other-service": -0.024554511748742673, "relationship_Husband": -0.021468764249338503, "education-num": -0.016130420604743463, "capital-gain": -0.016101843514447843, "capital-loss": -0.012391965204428305, "marital-status_Divorced": -0.004483528888785302, "sex_Female": -0.004272523370408795, "sex_Male": -0.0042401961162515985, "relationship_Unmarried": -0.003984057454280876}}}