{"instance_id": 7092, "quadrant": "TP", "true_label": 1, "prediction": 1, "prediction_correct": true, "metrics": {"cost": 39286.80356399855, "sparsity": 0.09259259259259259, "fidelity": 0.9900479762570118, "faithfulness_gap": 0.6953279701094371, "stability": 0.9778102350472213}, "explanation": {"top_features": ["education-num: 0.2944", "occupation_Prof-specialty: 0.1840", "marital-status_Married-civ-spouse: 0.0906", "hours-per-week: -0.0668", "relationship_Husband: 0.0395", "age: 0.0322", "education_Prof-school: 0.0282", "marital-status_Never-married: 0.0106", "education_HS-grad: 0.0057", "marital-status_Divorced: 0.0046"], "raw_top": {"education-num": 0.2944010389483678, "occupation_Prof-specialty": 0.18404685908568563, "marital-status_Married-civ-spouse": 0.09056127238982496, "hours-per-week": -0.06675734790912717, "relationship_Husband": 0.03949524899833236, "age": 0.032193175491021006, "education_Prof-school": 0.0281681970376911, "marital-status_Never-married": 0.010589702574429363, "education_HS-grad": 0.005698443022029825, "marital-status_Divorced": 0.0045596497466048325}}}