{"instance_id": 7243, "quadrant": "FN", "true_label": 1, "prediction": 0, "prediction_correct": false, "metrics": {"cost": 29496.96011998458, "sparsity": 0.09259259259259259, "fidelity": 0.9621287892103907, "faithfulness_gap": 0.0003489682625527901, "stability": 0.9855591184531458}, "explanation": {"top_features": ["hours-per-week: -0.3009", "education-num: 0.1092", "occupation_Prof-specialty: 0.1029", "marital-status_Married-civ-spouse: 0.0598", "age: 0.0290", "workclass_Private: -0.0279", "relationship_Husband: 0.0222", "capital-loss: -0.0220", "education_Bachelors: 0.0220", "capital-gain: -0.0190"], "raw_top": {"hours-per-week": -0.3008700901700641, "education-num": 0.10920067273555577, "occupation_Prof-specialty": 0.10294691732695735, "marital-status_Married-civ-spouse": 0.05981587959700662, "age": 0.028982686257090808, "workclass_Private": -0.027907952977455883, "relationship_Husband": 0.022194718052490216, "capital-loss": -0.021984741729723586, "education_Bachelors": 0.021968392592898626, "capital-gain": -0.018995535878885847}}}