{"instance_id": 7493, "quadrant": "FP", "true_label": 0, "prediction": 1, "prediction_correct": false, "metrics": {"cost": 41388.45610804856, "sparsity": 0.09259259259259259, "fidelity": 0.9889224971518178, "faithfulness_gap": 0.7496909945880221, "stability": 0.9885672227024234}, "explanation": {"top_features": ["education-num: 0.2630", "occupation_Exec-managerial: 0.1792", "marital-status_Married-civ-spouse: 0.0852", "relationship_Husband: 0.0564", "hours-per-week: 0.0463", "age: 0.0373", "marital-status_Never-married: 0.0237", "education_HS-grad: 0.0122", "education_Doctorate: 0.0107", "relationship_Own-child: 0.0082"], "raw_top": {"education-num": 0.26302512996587163, "occupation_Exec-managerial": 0.17920163013991125, "marital-status_Married-civ-spouse": 0.0851834824050342, "relationship_Husband": 0.05643157867227044, "hours-per-week": 0.04626529041846572, "age": 0.03727601511637424, "marital-status_Never-married": 0.02367679026489659, "education_HS-grad": 0.012173702486500428, "education_Doctorate": 0.01074093857262658, "relationship_Own-child": 0.0081980567931077}}}