{"instance_id": 7772, "quadrant": "TN", "true_label": 0, "prediction": 0, "prediction_correct": true, "metrics": {"cost": 70412.4952259881, "sparsity": 0.09259259259259259, "fidelity": 0.8498163139401417, "faithfulness_gap": 0.013095312152656413, "stability": 0.947871809096378}, "explanation": {"top_features": ["occupation_Prof-specialty: 0.0922", "marital-status_Married-civ-spouse: -0.0701", "education-num: 0.0611", "relationship_Husband: -0.0419", "age: -0.0383", "marital-status_Never-married: -0.0321", "race_White: -0.0164", "capital-gain: -0.0161", "native-country_United-States: -0.0156", "relationship_Not-in-family: -0.0133"], "raw_top": {"occupation_Prof-specialty": 0.09222417470672721, "marital-status_Married-civ-spouse": -0.07011780102894367, "education-num": 0.06112298003977746, "relationship_Husband": -0.041879762740195885, "age": -0.038344922290809186, "marital-status_Never-married": -0.03209782956702324, "race_White": -0.016354357072927806, "capital-gain": -0.016120440212236988, "native-country_United-States": -0.015590380410103738, "relationship_Not-in-family": -0.013345477580167603}}}