{"instance_id": 8701, "quadrant": "FP", "true_label": 0, "prediction": 1, "prediction_correct": false, "metrics": {"cost": 49745.27998600388, "sparsity": 0.09259259259259259, "fidelity": 0.9755334275020587, "faithfulness_gap": 0.6566459423779584, "stability": 0.9569280332560394}, "explanation": {"top_features": ["education-num: 0.1966", "occupation_Sales: 0.1224", "marital-status_Married-civ-spouse: 0.0839", "relationship_Husband: 0.0577", "education_Bachelors: 0.0344", "workclass_Self-emp-inc: 0.0288", "hours-per-week: 0.0276", "education_HS-grad: 0.0053", "marital-status_Never-married: 0.0051", "relationship_Own-child: 0.0045"], "raw_top": {"education-num": 0.19655048591592242, "occupation_Sales": 0.12236918765768716, "marital-status_Married-civ-spouse": 0.08390957107179584, "relationship_Husband": 0.057684452521856784, "education_Bachelors": 0.03437945146966283, "workclass_Self-emp-inc": 0.02880766748197727, "hours-per-week": 0.02759115316162495, "education_HS-grad": 0.005334202244523256, "marital-status_Never-married": 0.005059434088816515, "relationship_Own-child": 0.004466294071834298}}}