{"instance_id": 9517, "quadrant": "TP", "true_label": 1, "prediction": 1, "prediction_correct": true, "metrics": {"cost": 40555.61374899116, "sparsity": 0.09259259259259259, "fidelity": 0.9849960465439778, "faithfulness_gap": 0.6995870605084329, "stability": 0.9798907670450778}, "explanation": {"top_features": ["capital-gain: 0.2761", "relationship_Wife: 0.1164", "marital-status_Married-civ-spouse: 0.0915", "age: 0.0590", "occupation_Adm-clerical: 0.0261", "education_Some-college: 0.0167", "education-num: 0.0143", "education_HS-grad: 0.0132", "fnlwgt: 0.0082", "marital-status_Never-married: 0.0077"], "raw_top": {"capital-gain": 0.27609581627437857, "relationship_Wife": 0.11639582985886912, "marital-status_Married-civ-spouse": 0.09149716119341615, "age": 0.058976541997377854, "occupation_Adm-clerical": 0.02605521936989508, "education_Some-college": 0.016666388492233602, "education-num": 0.014345733770592504, "education_HS-grad": 0.013222594850696276, "fnlwgt": 0.008216721798335004, "marital-status_Never-married": 0.007676252134661055}}}