{"instance_id": 10, "quadrant": "FN", "true_label": 1, "prediction": 0, "prediction_correct": false, "metrics": {"cost": 1001.3290079996295, "sparsity": 0.9344262295081968, "fidelity": 0.7039220839231963, "faithfulness_gap": 0.18000000000000005, "stability": 0.9943070994434873}, "explanation": {"top_features": ["credit_amount: -0.1073", "credit_history_all paid: -0.0691", "duration: -0.0455", "purpose_new car: -0.0409", "checking_status_no checking: -0.0359", "property_magnitude_no known property: -0.0296", "checking_status_0<=X<200: -0.0280", "savings_status_<100: 0.0188", "housing_own: -0.0171", "employment_unemployed: 0.0168"], "raw_top": {"credit_amount": -0.10731982930764389, "credit_history_all paid": -0.0691292622952642, "duration": -0.045525899357144226, "purpose_new car": -0.04090830755801107, "checking_status_no checking": -0.03591928991077111, "property_magnitude_no known property": -0.029560353293936713, "checking_status_0<=X<200": -0.028012720178412564, "savings_status_<100": 0.01878405446906072, "housing_own": -0.017148588289319377, "employment_unemployed": 0.01678178208594545}}}