{"instance_id": 107, "quadrant": "TP", "true_label": 1, "prediction": 1, "prediction_correct": true, "metrics": {"cost": 1011.0240860003614, "sparsity": 0.9180327868852459, "fidelity": 0.6165794385912321, "faithfulness_gap": 0.08999999999999997, "stability": 0.9743956874460465}, "explanation": {"top_features": ["checking_status_no checking: -0.0417", "other_payment_plans_none: -0.0416", "other_payment_plans_stores: -0.0325", "checking_status_<0: 0.0313", "purpose_new car: -0.0297", "checking_status_>=200: 0.0248", "credit_amount: 0.0184", "residence_since: -0.0172", "installment_commitment: 0.0128", "savings_status_<100: -0.0108"], "raw_top": {"checking_status_no checking": -0.04174385142017854, "other_payment_plans_none": -0.04158186120996106, "other_payment_plans_stores": -0.032530497975540126, "checking_status_<0": 0.03125478290836327, "purpose_new car": -0.029651421117159772, "checking_status_>=200": 0.024765468486957615, "credit_amount": 0.018438001417425767, "residence_since": -0.017195064739089504, "installment_commitment": 0.012765880107372141, "savings_status_<100": -0.010798008348483563}}}