{"instance_id": 11, "quadrant": "TP", "true_label": 1, "prediction": 1, "prediction_correct": true, "metrics": {"cost": 1001.0577639995972, "sparsity": 0.9180327868852459, "fidelity": 0.847377885089888, "faithfulness_gap": 0.019999999999999907, "stability": 0.9953891507624829}, "explanation": {"top_features": ["checking_status_<0: -0.0943", "duration: 0.0829", "checking_status_no checking: -0.0441", "property_magnitude_real estate: 0.0292", "employment_<1: -0.0291", "purpose_new car: -0.0259", "credit_history_critical/other existing credit: -0.0171", "age: 0.0165", "job_unskilled resident: -0.0135", "credit_amount: -0.0118"], "raw_top": {"checking_status_<0": -0.0942555697275202, "duration": 0.08293482465463967, "checking_status_no checking": -0.04408239541597141, "property_magnitude_real estate": 0.029230098328898748, "employment_<1": -0.02908492071142973, "purpose_new car": -0.025915476063328242, "credit_history_critical/other existing credit": -0.017136882688946573, "age": 0.016529097889433617, "job_unskilled resident": -0.013472885790733927, "credit_amount": -0.011836789291319292}}}