{"instance_id": 116, "quadrant": "TP", "true_label": 1, "prediction": 1, "prediction_correct": true, "metrics": {"cost": 1000.802775000011, "sparsity": 0.9016393442622951, "fidelity": 0.8873897556141912, "faithfulness_gap": 0.04999999999999993, "stability": 0.9879972475890133}, "explanation": {"top_features": ["credit_history_all paid: -0.1297", "checking_status_no checking: 0.0388", "credit_amount: 0.0236", "checking_status_<0: 0.0234", "personal_status_female div/dep/mar: -0.0195", "installment_commitment: -0.0166", "savings_status_<100: 0.0140", "credit_history_critical/other existing credit: -0.0140", "num_dependents: -0.0138", "job_unskilled resident: -0.0138"], "raw_top": {"credit_history_all paid": -0.1297056272613918, "checking_status_no checking": 0.03877834630962752, "credit_amount": 0.023612503585991363, "checking_status_<0": 0.023394833517777443, "personal_status_female div/dep/mar": -0.01953506463314625, "installment_commitment": -0.016588109351687308, "savings_status_<100": 0.014044299735896857, "credit_history_critical/other existing credit": -0.013967156827256987, "num_dependents": -0.01384396826453667, "job_unskilled resident": -0.013800648949927562}}}