{"instance_id": 12, "quadrant": "TP", "true_label": 1, "prediction": 1, "prediction_correct": true, "metrics": {"cost": 1001.0572199998933, "sparsity": 0.9344262295081968, "fidelity": 0.3446549333736472, "faithfulness_gap": 0.030000000000000027, "stability": 0.9980734236674974}, "explanation": {"top_features": ["checking_status_<0: -0.0706", "purpose_used car: 0.0525", "checking_status_no checking: -0.0514", "credit_amount: 0.0306", "installment_commitment: 0.0212", "job_high qualif/self emp/mgmt: 0.0203", "duration: -0.0154", "employment_4<=X<7: 0.0152", "purpose_new car: 0.0142", "credit_history_critical/other existing credit: -0.0123"], "raw_top": {"checking_status_<0": -0.07064984850561813, "purpose_used car": 0.052464746419718725, "checking_status_no checking": -0.051430100639718146, "credit_amount": 0.030556031773294308, "installment_commitment": 0.02121570683372738, "job_high qualif/self emp/mgmt": 0.02033778472134145, "duration": -0.015384284940828365, "employment_4<=X<7": 0.01524496119860487, "purpose_new car": 0.014154588812325529, "credit_history_critical/other existing credit": -0.012329270928212281}}}