{"instance_id": 124, "quadrant": "TP", "true_label": 1, "prediction": 1, "prediction_correct": true, "metrics": {"cost": 1000.9104760001719, "sparsity": 0.9344262295081968, "fidelity": 0.8633015740201604, "faithfulness_gap": 0.040000000000000036, "stability": 0.9813629059767389}, "explanation": {"top_features": ["checking_status_<0: -0.1000", "duration: 0.0779", "checking_status_no checking: -0.0495", "credit_history_critical/other existing credit: 0.0491", "age: -0.0464", "personal_status_male single: 0.0141", "installment_commitment: -0.0120", "purpose_new car: 0.0106", "property_magnitude_no known property: 0.0099", "job_unskilled resident: -0.0096"], "raw_top": {"checking_status_<0": -0.10003561796567738, "duration": 0.0778606189157017, "checking_status_no checking": -0.049458482627896955, "credit_history_critical/other existing credit": 0.04909889468819529, "age": -0.04637010809904495, "personal_status_male single": 0.014087157273597767, "installment_commitment": -0.011970591464087193, "purpose_new car": 0.010556212079918623, "property_magnitude_no known property": 0.009938246732035623, "job_unskilled resident": -0.009646421539828224}}}