{"instance_id": 138, "quadrant": "TP", "true_label": 1, "prediction": 1, "prediction_correct": true, "metrics": {"cost": 1013.2128479999665, "sparsity": 0.9180327868852459, "fidelity": 0.7217199923640548, "faithfulness_gap": 0.19999999999999996, "stability": 0.9858893924519535}, "explanation": {"top_features": ["employment_<1: -0.0725", "checking_status_no checking: -0.0416", "checking_status_<0: 0.0395", "duration: -0.0232", "savings_status_<100: -0.0226", "checking_status_0<=X<200: -0.0212", "installment_commitment: 0.0177", "credit_history_delayed previously: -0.0160", "employment_4<=X<7: -0.0110", "credit_amount: 0.0107"], "raw_top": {"employment_<1": -0.07254315896134358, "checking_status_no checking": -0.04160442088996206, "checking_status_<0": 0.039456189722186535, "duration": -0.023150143505199595, "savings_status_<100": -0.02261246011041294, "checking_status_0<=X<200": -0.021220959268575826, "installment_commitment": 0.01767113249299655, "credit_history_delayed previously": -0.016041897624436387, "employment_4<=X<7": -0.011010627464293066, "credit_amount": 0.010704769355070311}}}