{"instance_id": 142, "quadrant": "TP", "true_label": 1, "prediction": 1, "prediction_correct": true, "metrics": {"cost": 1001.1986999998044, "sparsity": 0.9508196721311475, "fidelity": 0.8352058371723182, "faithfulness_gap": 0.05999999999999994, "stability": 0.9947505326516838}, "explanation": {"top_features": ["checking_status_no checking: 0.0712", "other_payment_plans_none: -0.0530", "housing_own: -0.0368", "property_magnitude_no known property: -0.0326", "checking_status_<0: 0.0308", "other_payment_plans_bank: -0.0293", "housing_for free: -0.0291", "installment_commitment: -0.0183", "existing_credits: -0.0139", "own_telephone_yes: -0.0139"], "raw_top": {"checking_status_no checking": 0.07117630748691227, "other_payment_plans_none": -0.05301885950881115, "housing_own": -0.03676965345099234, "property_magnitude_no known property": -0.03262975434314285, "checking_status_<0": 0.03083190546667538, "other_payment_plans_bank": -0.02933375519451147, "housing_for free": -0.029112940398827048, "installment_commitment": -0.018276615881295585, "existing_credits": -0.013881161427034385, "own_telephone_yes": -0.01385242981026579}}}