{"instance_id": 154, "quadrant": "TN", "true_label": 0, "prediction": 0, "prediction_correct": true, "metrics": {"cost": 1000.8518419999746, "sparsity": 0.9016393442622951, "fidelity": 0.8442264813690371, "faithfulness_gap": 0.35000000000000003, "stability": 0.9577951747741942}, "explanation": {"top_features": ["checking_status_<0: -0.1324", "checking_status_no checking: -0.0665", "purpose_new car: -0.0565", "property_magnitude_real estate: 0.0216", "credit_amount: -0.0213", "personal_status_female div/dep/mar: -0.0207", "credit_history_critical/other existing credit: -0.0192", "savings_status_<100: -0.0142", "installment_commitment: 0.0109", "age: 0.0107"], "raw_top": {"checking_status_<0": -0.13238036008287962, "checking_status_no checking": -0.06646949513793515, "purpose_new car": -0.05650564889532689, "property_magnitude_real estate": 0.021580536877806936, "credit_amount": -0.021295001149237578, "personal_status_female div/dep/mar": -0.020707525337156765, "credit_history_critical/other existing credit": -0.019245059422005398, "savings_status_<100": -0.014195706851096475, "installment_commitment": 0.010902047632034737, "age": 0.010727782635831318}}}