{"instance_id": 158, "quadrant": "TP", "true_label": 1, "prediction": 1, "prediction_correct": true, "metrics": {"cost": 1001.0233479997623, "sparsity": 0.9344262295081968, "fidelity": 0.7746647672419331, "faithfulness_gap": 0.15000000000000002, "stability": 0.9884646253946814}, "explanation": {"top_features": ["checking_status_no checking: 0.0681", "checking_status_<0: 0.0386", "purpose_new car: -0.0376", "credit_history_critical/other existing credit: 0.0276", "credit_amount: 0.0199", "other_payment_plans_none: 0.0185", "other_payment_plans_bank: 0.0162", "employment_<1: -0.0155", "housing_own: 0.0127", "personal_status_female div/dep/mar: -0.0103"], "raw_top": {"checking_status_no checking": 0.06807065348577453, "checking_status_<0": 0.03863810873563125, "purpose_new car": -0.037641500285644724, "credit_history_critical/other existing credit": 0.027639075373608647, "credit_amount": 0.01988811645899659, "other_payment_plans_none": 0.018502322733611437, "other_payment_plans_bank": 0.016249790535548526, "employment_<1": -0.015531933620886776, "housing_own": 0.012692121148720616, "personal_status_female div/dep/mar": -0.010286731567384777}}}