{"instance_id": 162, "quadrant": "FP", "true_label": 0, "prediction": 1, "prediction_correct": false, "metrics": {"cost": 1001.3433059993986, "sparsity": 0.9508196721311475, "fidelity": 0.5200405769454339, "faithfulness_gap": 0.06000000000000005, "stability": 0.9840842083302234}, "explanation": {"top_features": ["checking_status_no checking: -0.0569", "duration: 0.0433", "checking_status_<0: 0.0360", "personal_status_female div/dep/mar: -0.0245", "property_magnitude_real estate: 0.0235", "checking_status_>=200: -0.0159", "purpose_radio/tv: 0.0131", "property_magnitude_no known property: 0.0105", "employment_1<=X<4: -0.0100", "savings_status_<100: -0.0100"], "raw_top": {"checking_status_no checking": -0.056932342555446665, "duration": 0.04332872000198222, "checking_status_<0": 0.0360081737026303, "personal_status_female div/dep/mar": -0.024548044332668724, "property_magnitude_real estate": 0.023519230137435444, "checking_status_>=200": -0.01592335969679425, "purpose_radio/tv": 0.013111894735202441, "property_magnitude_no known property": 0.010457859228008601, "employment_1<=X<4": -0.01002839101848167, "savings_status_<100": -0.009951488432011501}}}