{"instance_id": 170, "quadrant": "TP", "true_label": 1, "prediction": 1, "prediction_correct": true, "metrics": {"cost": 1012.8211049996025, "sparsity": 0.9180327868852459, "fidelity": 0.8801647714339393, "faithfulness_gap": 0.20999999999999996, "stability": 0.98421403903494}, "explanation": {"top_features": ["checking_status_<0: -0.1353", "checking_status_no checking: -0.0445", "other_parties_guarantor: 0.0382", "age: -0.0353", "savings_status_<100: -0.0196", "personal_status_female div/dep/mar: -0.0176", "installment_commitment: -0.0156", "residence_since: 0.0155", "purpose_new car: 0.0154", "credit_amount: 0.0150"], "raw_top": {"checking_status_<0": -0.13534073472766067, "checking_status_no checking": -0.04449520046172438, "other_parties_guarantor": 0.03821108019875283, "age": -0.035339320983816834, "savings_status_<100": -0.019581581751849625, "personal_status_female div/dep/mar": -0.017630186743454034, "installment_commitment": -0.015584636428527573, "residence_since": 0.015529213503629648, "purpose_new car": 0.015385527121843552, "credit_amount": 0.014978997035277643}}}