{"instance_id": 174, "quadrant": "TP", "true_label": 1, "prediction": 1, "prediction_correct": true, "metrics": {"cost": 1000.6466859995271, "sparsity": 0.9344262295081968, "fidelity": 0.6969501604848759, "faithfulness_gap": 0.06000000000000005, "stability": 0.9664259409260854}, "explanation": {"top_features": ["checking_status_<0: -0.0936", "credit_history_critical/other existing credit: 0.0590", "checking_status_no checking: -0.0569", "purpose_new car: -0.0424", "duration: 0.0282", "installment_commitment: -0.0278", "residence_since: -0.0218", "credit_amount: 0.0187", "personal_status_male single: 0.0129", "job_skilled: -0.0123"], "raw_top": {"checking_status_<0": -0.09355159235950851, "credit_history_critical/other existing credit": 0.059004197596295854, "checking_status_no checking": -0.056872515642335204, "purpose_new car": -0.042448332909934834, "duration": 0.028155800736039963, "installment_commitment": -0.027808664655876784, "residence_since": -0.021821038957032215, "credit_amount": 0.018694631920843675, "personal_status_male single": 0.01286618310265112, "job_skilled": -0.012325541128575423}}}