{"instance_id": 183, "quadrant": "TP", "true_label": 1, "prediction": 1, "prediction_correct": true, "metrics": {"cost": 1001.2732499999402, "sparsity": 0.9180327868852459, "fidelity": 0.8497663551382694, "faithfulness_gap": 0.13, "stability": 0.9979445148054199}, "explanation": {"top_features": ["credit_history_all paid: -0.1409", "checking_status_no checking: 0.0624", "other_payment_plans_bank: -0.0597", "other_payment_plans_none: -0.0340", "checking_status_<0: 0.0300", "employment_4<=X<7: 0.0247", "duration: -0.0164", "credit_history_existing paid: -0.0153", "savings_status_<100: -0.0148", "purpose_radio/tv: -0.0147"], "raw_top": {"credit_history_all paid": -0.14090544586717443, "checking_status_no checking": 0.062408483020280986, "other_payment_plans_bank": -0.059687048010528085, "other_payment_plans_none": -0.034038166850959894, "checking_status_<0": 0.030004884006521026, "employment_4<=X<7": 0.02469238053252411, "duration": -0.016409451082508894, "credit_history_existing paid": -0.01533953801206735, "savings_status_<100": -0.014830641888820537, "purpose_radio/tv": -0.014668571315669397}}}