{"instance_id": 188, "quadrant": "FP", "true_label": 0, "prediction": 1, "prediction_correct": false, "metrics": {"cost": 1011.114792000626, "sparsity": 0.9344262295081968, "fidelity": 0.8710027763030699, "faithfulness_gap": 0.22000000000000008, "stability": 0.9916751628833774}, "explanation": {"top_features": ["credit_amount: -0.0757", "employment_<1: -0.0598", "checking_status_no checking: 0.0403", "duration: -0.0330", "checking_status_<0: 0.0309", "purpose_business: -0.0220", "credit_history_delayed previously: -0.0196", "age: -0.0169", "property_magnitude_car: -0.0155", "savings_status_<100: -0.0144"], "raw_top": {"credit_amount": -0.07573461516349198, "employment_<1": -0.05981856830901961, "checking_status_no checking": 0.04026568599465463, "duration": -0.03301322984243597, "checking_status_<0": 0.030869862427989572, "purpose_business": -0.022035475933189445, "credit_history_delayed previously": -0.01960528848202557, "age": -0.0169038599790656, "property_magnitude_car": -0.015507308627247767, "savings_status_<100": -0.014363498666243686}}}