{"instance_id": 192, "quadrant": "TP", "true_label": 1, "prediction": 1, "prediction_correct": true, "metrics": {"cost": 1000.9092899999814, "sparsity": 0.9180327868852459, "fidelity": 0.5305565618574763, "faithfulness_gap": 0.08999999999999997, "stability": 0.9631841705362796}, "explanation": {"top_features": ["checking_status_no checking: 0.0472", "checking_status_<0: 0.0428", "credit_history_critical/other existing credit: 0.0207", "other_payment_plans_none: 0.0143", "other_payment_plans_bank: 0.0130", "purpose_radio/tv: 0.0106", "housing_own: 0.0105", "duration: 0.0098", "savings_status_no known savings: 0.0095", "purpose_new car: 0.0095"], "raw_top": {"checking_status_no checking": 0.04724055558752298, "checking_status_<0": 0.04282022239197431, "credit_history_critical/other existing credit": 0.02069697823117167, "other_payment_plans_none": 0.014271572535617451, "other_payment_plans_bank": 0.013004667855611843, "purpose_radio/tv": 0.010593104576279301, "housing_own": 0.010450375092314062, "duration": 0.009768941491001897, "savings_status_no known savings": 0.009466796321357834, "purpose_new car": 0.009462849700175866}}}