{"instance_id": 193, "quadrant": "TN", "true_label": 0, "prediction": 0, "prediction_correct": true, "metrics": {"cost": 1012.1435020000717, "sparsity": 0.9508196721311475, "fidelity": 0.7385491401527415, "faithfulness_gap": 0.30000000000000004, "stability": 0.9964850581244336}, "explanation": {"top_features": ["duration: -0.0730", "checking_status_no checking: -0.0646", "property_magnitude_no known property: -0.0451", "housing_rent: -0.0449", "installment_commitment: -0.0356", "housing_own: -0.0350", "employment_<1: -0.0339", "checking_status_0<=X<200: -0.0260", "checking_status_<0: 0.0255", "employment_4<=X<7: -0.0183"], "raw_top": {"duration": -0.07302551900683284, "checking_status_no checking": -0.06459092869258712, "property_magnitude_no known property": -0.045129687407734306, "housing_rent": -0.044854227703654034, "installment_commitment": -0.0356357479358212, "housing_own": -0.03498730841902216, "employment_<1": -0.03390447837494321, "checking_status_0<=X<200": -0.02595230351115333, "checking_status_<0": 0.025494193760387134, "employment_4<=X<7": -0.018280858165653627}}}