{"instance_id": 2, "quadrant": "FP", "true_label": 0, "prediction": 1, "prediction_correct": false, "metrics": {"cost": 1000.9753929998624, "sparsity": 0.9180327868852459, "fidelity": 0.8877842268184555, "faithfulness_gap": 0.27, "stability": 0.9934219313291318}, "explanation": {"top_features": ["checking_status_<0: -0.1166", "age: -0.0667", "checking_status_no checking: -0.0431", "credit_amount: 0.0315", "duration: -0.0250", "savings_status_<100: 0.0200", "personal_status_male mar/wid: 0.0182", "savings_status_no known savings: 0.0154", "installment_commitment: 0.0146", "purpose_new car: 0.0118"], "raw_top": {"checking_status_<0": -0.1166245570402316, "age": -0.06666259750725657, "checking_status_no checking": -0.043098396292534744, "credit_amount": 0.0314875396199568, "duration": -0.025010944463820125, "savings_status_<100": 0.019999631603814124, "personal_status_male mar/wid": 0.01819081525951333, "savings_status_no known savings": 0.015394039698039706, "installment_commitment": 0.014559956716557281, "purpose_new car": 0.011782164216074307}}}