{"instance_id": 26, "quadrant": "TP", "true_label": 1, "prediction": 1, "prediction_correct": true, "metrics": {"cost": 1000.846556000397, "sparsity": 0.9344262295081968, "fidelity": 0.7186784728471611, "faithfulness_gap": 0.16999999999999993, "stability": 0.979717055963614}, "explanation": {"top_features": ["duration: 0.0439", "housing_own: -0.0265", "housing_rent: -0.0263", "other_parties_none: -0.0260", "purpose_new car: -0.0255", "checking_status_no checking: 0.0235", "credit_amount: 0.0199", "age: -0.0147", "other_payment_plans_none: 0.0141", "employment_1<=X<4: -0.0118"], "raw_top": {"duration": 0.04387755711435602, "housing_own": -0.02648929239397148, "housing_rent": -0.026255660413935403, "other_parties_none": -0.025953137348424207, "purpose_new car": -0.02554826901949127, "checking_status_no checking": 0.02349219076923873, "credit_amount": 0.019881038799339876, "age": -0.014747979978710645, "other_payment_plans_none": 0.014079996604666576, "employment_1<=X<4": -0.011805368930245095}}}