{"instance_id": 3, "quadrant": "TP", "true_label": 1, "prediction": 1, "prediction_correct": true, "metrics": {"cost": 1012.1985390005648, "sparsity": 0.9180327868852459, "fidelity": 0.6028747841567687, "faithfulness_gap": 0.12, "stability": 0.9669346745239525}, "explanation": {"top_features": ["checking_status_no checking: 0.0387", "checking_status_<0: 0.0336", "credit_history_critical/other existing credit: 0.0302", "existing_credits: -0.0265", "purpose_radio/tv: 0.0158", "other_payment_plans_none: 0.0137", "other_payment_plans_bank: 0.0097", "housing_own: 0.0093", "credit_amount: 0.0082", "housing_rent: 0.0078"], "raw_top": {"checking_status_no checking": 0.038720904171750586, "checking_status_<0": 0.03355675198738936, "credit_history_critical/other existing credit": 0.030170508384717323, "existing_credits": -0.026461854014269193, "purpose_radio/tv": 0.0158171037674515, "other_payment_plans_none": 0.013666074934653806, "other_payment_plans_bank": 0.00970984116620457, "housing_own": 0.00933240954987923, "credit_amount": 0.00820933784072622, "housing_rent": 0.007778831046089181}}}