{"instance_id": 4, "quadrant": "TP", "true_label": 1, "prediction": 1, "prediction_correct": true, "metrics": {"cost": 1001.1828329998025, "sparsity": 0.9508196721311475, "fidelity": 0.5594992069443414, "faithfulness_gap": 0.13, "stability": 0.9825923825612153}, "explanation": {"top_features": ["age: -0.0467", "checking_status_no checking: -0.0450", "housing_own: -0.0366", "housing_rent: -0.0287", "checking_status_<0: 0.0279", "checking_status_0<=X<200: -0.0223", "other_parties_co applicant: -0.0212", "duration: 0.0185", "property_magnitude_real estate: 0.0164", "purpose_radio/tv: 0.0160"], "raw_top": {"age": -0.046720732869121095, "checking_status_no checking": -0.04498016859458403, "housing_own": -0.0366435039065982, "housing_rent": -0.02873801480241582, "checking_status_<0": 0.027902223840101215, "checking_status_0<=X<200": -0.022293395469578172, "other_parties_co applicant": -0.021152489397027237, "duration": 0.018509521527257676, "property_magnitude_real estate": 0.01644524037975998, "purpose_radio/tv": 0.016047274921572808}}}