{"instance_id": 40, "quadrant": "TP", "true_label": 1, "prediction": 1, "prediction_correct": true, "metrics": {"cost": 1000.6324399992081, "sparsity": 0.9344262295081968, "fidelity": 0.21676829049760699, "faithfulness_gap": 0.010000000000000009, "stability": 0.9444231402334632}, "explanation": {"top_features": ["checking_status_no checking: -0.0668", "duration: 0.0378", "checking_status_<0: 0.0309", "purpose_domestic appliance: -0.0172", "installment_commitment: 0.0154", "checking_status_>=200: 0.0150", "employment_1<=X<4: -0.0124", "residence_since: -0.0118", "credit_amount: -0.0104", "savings_status_<100: -0.0104"], "raw_top": {"checking_status_no checking": -0.06682517077257216, "duration": 0.037807718658277735, "checking_status_<0": 0.03089008557519264, "purpose_domestic appliance": -0.017164906192192575, "installment_commitment": 0.015397070358631026, "checking_status_>=200": 0.015004054360033478, "employment_1<=X<4": -0.012371976905851624, "residence_since": -0.011772669400361337, "credit_amount": -0.010406327283235442, "savings_status_<100": -0.010400951901501684}}}