{"instance_id": 45, "quadrant": "TN", "true_label": 0, "prediction": 0, "prediction_correct": true, "metrics": {"cost": 1001.0944499999823, "sparsity": 0.9508196721311475, "fidelity": 0.6516685378021985, "faithfulness_gap": 0.08999999999999997, "stability": 0.9949179541064671}, "explanation": {"top_features": ["credit_history_all paid: -0.0946", "checking_status_<0: -0.0671", "checking_status_no checking: -0.0514", "savings_status_500<=X<1000: 0.0491", "savings_status_<100: 0.0305", "employment_<1: -0.0291", "installment_commitment: -0.0279", "housing_own: -0.0247", "housing_for free: -0.0236", "credit_amount: 0.0199"], "raw_top": {"credit_history_all paid": -0.0945599420786425, "checking_status_<0": -0.067128751340706, "checking_status_no checking": -0.05138424783594928, "savings_status_500<=X<1000": 0.04906083079023574, "savings_status_<100": 0.030450308307104025, "employment_<1": -0.029145749861304467, "installment_commitment": -0.02791947532852646, "housing_own": -0.024661363614686706, "housing_for free": -0.02364988236258796, "credit_amount": 0.019925868698023805}}}