{"instance_id": 5, "quadrant": "TP", "true_label": 1, "prediction": 1, "prediction_correct": true, "metrics": {"cost": 1000.8188179999706, "sparsity": 0.9344262295081968, "fidelity": 0.6140647365466431, "faithfulness_gap": 0.010000000000000009, "stability": 0.9968115206854364}, "explanation": {"top_features": ["checking_status_no checking: 0.0540", "duration: -0.0438", "checking_status_<0: 0.0437", "credit_amount: 0.0192", "housing_own: 0.0132", "savings_status_<100: 0.0125", "other_payment_plans_bank: 0.0124", "other_payment_plans_none: 0.0113", "age: 0.0104", "installment_commitment: -0.0098"], "raw_top": {"checking_status_no checking": 0.05397179425945069, "duration": -0.04383820967628708, "checking_status_<0": 0.04374466708464752, "credit_amount": 0.019242337469313496, "housing_own": 0.01324575037422619, "savings_status_<100": 0.012532870932154765, "other_payment_plans_bank": 0.012421363492776435, "other_payment_plans_none": 0.011276038455926028, "age": 0.010415043160674032, "installment_commitment": -0.009765454546650289}}}