{"instance_id": 53, "quadrant": "TP", "true_label": 1, "prediction": 1, "prediction_correct": true, "metrics": {"cost": 1001.0323160004191, "sparsity": 0.9508196721311475, "fidelity": 0.6422792795152602, "faithfulness_gap": 0.16000000000000003, "stability": 0.9879793890533054}, "explanation": {"top_features": ["employment_4<=X<7: 0.0522", "checking_status_<0: 0.0328", "checking_status_no checking: -0.0294", "savings_status_<100: 0.0246", "duration: -0.0194", "installment_commitment: -0.0193", "purpose_business: -0.0169", "housing_rent: -0.0165", "age: 0.0142", "credit_history_critical/other existing credit: -0.0120"], "raw_top": {"employment_4<=X<7": 0.05215150650380565, "checking_status_<0": 0.03283550456559169, "checking_status_no checking": -0.029387170974532636, "savings_status_<100": 0.02464717835079682, "duration": -0.019430076462213036, "installment_commitment": -0.019296486069406454, "purpose_business": -0.016912342267023633, "housing_rent": -0.016489990879372272, "age": 0.0141621351719823, "credit_history_critical/other existing credit": -0.01200521606953771}}}