{"instance_id": 55, "quadrant": "TP", "true_label": 1, "prediction": 1, "prediction_correct": true, "metrics": {"cost": 1001.568251000208, "sparsity": 0.9508196721311475, "fidelity": 0.8291155952619427, "faithfulness_gap": 0.040000000000000036, "stability": 0.971081198106095}, "explanation": {"top_features": ["checking_status_no checking: 0.0700", "checking_status_<0: 0.0456", "age: -0.0438", "duration: -0.0314", "credit_amount: -0.0276", "employment_4<=X<7: 0.0238", "credit_history_critical/other existing credit: 0.0200", "purpose_new car: 0.0152", "checking_status_0<=X<200: 0.0143", "existing_credits: -0.0101"], "raw_top": {"checking_status_no checking": 0.06995100784795795, "checking_status_<0": 0.04562937860846432, "age": -0.04381626969721765, "duration": -0.031425475794039814, "credit_amount": -0.027560201624328328, "employment_4<=X<7": 0.023814436337743244, "credit_history_critical/other existing credit": 0.019989753791805925, "purpose_new car": 0.015232157077907687, "checking_status_0<=X<200": 0.014261024265324522, "existing_credits": -0.010097951028155876}}}