{"instance_id": 67, "quadrant": "FN", "true_label": 1, "prediction": 0, "prediction_correct": false, "metrics": {"cost": 1016.6370939996341, "sparsity": 0.9344262295081968, "fidelity": 0.8634406628809869, "faithfulness_gap": 0.41000000000000003, "stability": 0.9632156312418566}, "explanation": {"top_features": ["checking_status_<0: -0.1497", "checking_status_no checking: -0.0714", "purpose_new car: -0.0555", "installment_commitment: -0.0349", "property_magnitude_real estate: 0.0233", "credit_amount: -0.0210", "personal_status_male mar/wid: 0.0182", "credit_history_critical/other existing credit: -0.0177", "personal_status_male single: -0.0159", "purpose_radio/tv: -0.0155"], "raw_top": {"checking_status_<0": -0.14972016291670115, "checking_status_no checking": -0.0714164405118936, "purpose_new car": -0.05554740236355429, "installment_commitment": -0.03489004306128663, "property_magnitude_real estate": 0.023332149831039716, "credit_amount": -0.020959162523931808, "personal_status_male mar/wid": 0.018233657819637303, "credit_history_critical/other existing credit": -0.017682041761800063, "personal_status_male single": -0.015860079121121088, "purpose_radio/tv": -0.015493491572578932}}}