{"instance_id": 70, "quadrant": "TP", "true_label": 1, "prediction": 1, "prediction_correct": true, "metrics": {"cost": 1000.8844609992593, "sparsity": 0.9344262295081968, "fidelity": 0.7862896054457211, "faithfulness_gap": 0.15000000000000002, "stability": 0.9827265471276498}, "explanation": {"top_features": ["checking_status_no checking: 0.0514", "purpose_used car: 0.0500", "credit_amount: 0.0351", "checking_status_<0: 0.0205", "housing_own: -0.0185", "housing_rent: -0.0170", "installment_commitment: 0.0132", "employment_4<=X<7: -0.0109", "savings_status_<100: 0.0109", "own_telephone_none: 0.0091"], "raw_top": {"checking_status_no checking": 0.05138473013434122, "purpose_used car": 0.05004983430402717, "credit_amount": 0.035095646183867756, "checking_status_<0": 0.020472137298074813, "housing_own": -0.018546310790297865, "housing_rent": -0.016964935541022897, "installment_commitment": 0.01315922033400966, "employment_4<=X<7": -0.010892221789854375, "savings_status_<100": 0.010871261965703524, "own_telephone_none": 0.009133140486364938}}}