{"instance_id": 83, "quadrant": "FP", "true_label": 0, "prediction": 1, "prediction_correct": false, "metrics": {"cost": 1001.4318960002129, "sparsity": 0.9508196721311475, "fidelity": 0.8767990857875907, "faithfulness_gap": 0.13, "stability": 0.9686591150751233}, "explanation": {"top_features": ["age: -0.0881", "checking_status_<0: 0.0352", "checking_status_no checking: 0.0324", "housing_own: -0.0255", "housing_rent: -0.0234", "other_parties_co applicant: -0.0228", "personal_status_female div/dep/mar: -0.0195", "employment_unemployed: -0.0179", "savings_status_<100: -0.0178", "purpose_radio/tv: 0.0136"], "raw_top": {"age": -0.08809853783037397, "checking_status_<0": 0.03524691837876162, "checking_status_no checking": 0.03242985138474978, "housing_own": -0.02547817452763411, "housing_rent": -0.023447571383940158, "other_parties_co applicant": -0.022765389946071083, "personal_status_female div/dep/mar": -0.01948722545434066, "employment_unemployed": -0.017928715919715614, "savings_status_<100": -0.017821780103668063, "purpose_radio/tv": 0.013580104284483242}}}