{"instance_id": 87, "quadrant": "FP", "true_label": 0, "prediction": 1, "prediction_correct": false, "metrics": {"cost": 1001.0964630000672, "sparsity": 0.9344262295081968, "fidelity": 0.46026117186221827, "faithfulness_gap": 0.12, "stability": 0.9936449235484895}, "explanation": {"top_features": ["checking_status_no checking: -0.0606", "employment_<1: -0.0433", "checking_status_0<=X<200: -0.0260", "checking_status_<0: 0.0206", "credit_amount: 0.0204", "savings_status_<100: -0.0137", "housing_own: 0.0123", "purpose_furniture/equipment: -0.0106", "property_magnitude_real estate: 0.0105", "residence_since: -0.0096"], "raw_top": {"checking_status_no checking": -0.06063575772346667, "employment_<1": -0.04330895392250568, "checking_status_0<=X<200": -0.0260107280657121, "checking_status_<0": 0.020646947809691483, "credit_amount": 0.02043667880261637, "savings_status_<100": -0.013676637565149577, "housing_own": 0.012294968678652367, "purpose_furniture/equipment": -0.010572924299458464, "property_magnitude_real estate": 0.010512385789534165, "residence_since": -0.009591921461897072}}}