{"instance_id": 93, "quadrant": "TP", "true_label": 1, "prediction": 1, "prediction_correct": true, "metrics": {"cost": 1001.4074440005061, "sparsity": 0.9344262295081968, "fidelity": 0.6622253860992244, "faithfulness_gap": 0.27, "stability": 0.9755827334388438}, "explanation": {"top_features": ["age: -0.0597", "housing_own: -0.0372", "housing_rent: -0.0347", "checking_status_no checking: 0.0288", "personal_status_female div/dep/mar: -0.0274", "checking_status_<0: 0.0246", "savings_status_<100: 0.0201", "employment_1<=X<4: -0.0194", "credit_history_critical/other existing credit: -0.0131", "purpose_new car: 0.0114"], "raw_top": {"age": -0.05969090872740708, "housing_own": -0.03721549760902235, "housing_rent": -0.034687589456461866, "checking_status_no checking": 0.028818902317070752, "personal_status_female div/dep/mar": -0.02738717132806414, "checking_status_<0": 0.024631464233025327, "savings_status_<100": 0.020091197055044176, "employment_1<=X<4": -0.01939819615781744, "credit_history_critical/other existing credit": -0.013057416591527727, "purpose_new car": 0.011427842396706182}}}