dataset,model,seed,intensity,method_pair,available,left_valid_ids,right_valid_ids,left_source_rows,right_source_rows,left_valid_rows,right_valid_rows,matched_ids,left_only_ids,right_only_ids,same_id_sets,classification_mismatches,classification_mismatch_ids,left_duplicate_ids,right_duplicate_ids,left_duplicate_ids_list,right_duplicate_ids_list,anchors_truncated_exclusions,anchors_truncated_instance_ids,empty_set_pairs
exp2_adult,logreg,123,n_100,shap_anchors,True,400,400,400,400,400,400,400,0,0,True,0,,0,0,,,22,92|105|541|841|1457|1570|3389|4338|4352|4492|4868|4872|5011|5174|5396|6479|6779|7414|7827|8778|8872|9320,0
exp2_adult,logreg,123,n_100,lime_anchors,True,400,400,400,400,400,400,400,0,0,True,0,,0,0,,,22,92|105|541|841|1457|1570|3389|4338|4352|4492|4868|4872|5011|5174|5396|6479|6779|7414|7827|8778|8872|9320,0
exp2_adult,logreg,123,n_100,shap_dice,True,400,400,400,400,400,400,400,0,0,True,0,,0,0,,,0,,0
exp2_adult,logreg,123,n_100,lime_dice,True,400,400,400,400,400,400,400,0,0,True,0,,0,0,,,0,,0
exp2_adult,logreg,123,n_100,anchors_dice,True,400,400,400,400,400,400,400,0,0,True,0,,0,0,,,22,92|105|541|841|1457|1570|3389|4338|4352|4492|4868|4872|5011|5174|5396|6479|6779|7414|7827|8778|8872|9320,0
exp2_adult,logreg,123,n_200,shap_anchors,True,800,0,800,0,800,0,0,800,0,False,0,,0,0,,,0,,0
exp2_adult,logreg,123,n_200,lime_anchors,True,800,0,800,0,800,0,0,800,0,False,0,,0,0,,,0,,0
exp2_adult,logreg,123,n_200,shap_dice,True,800,800,800,800,800,800,800,0,0,True,0,,0,0,,,0,,0
exp2_adult,logreg,123,n_200,lime_dice,True,800,800,800,800,800,800,800,0,0,True,0,,0,0,,,0,,0
exp2_adult,logreg,123,n_200,anchors_dice,True,0,800,0,800,0,800,0,0,800,False,0,,0,0,,,0,,0
exp2_adult,logreg,123,n_50,shap_anchors,True,200,0,200,0,200,0,0,200,0,False,0,,0,0,,,0,,0
exp2_adult,logreg,123,n_50,lime_anchors,True,200,0,200,0,200,0,0,200,0,False,0,,0,0,,,0,,0
exp2_adult,logreg,123,n_50,shap_dice,True,200,0,200,0,200,0,0,200,0,False,0,,0,0,,,0,,0
exp2_adult,logreg,123,n_50,lime_dice,True,200,0,200,0,200,0,0,200,0,False,0,,0,0,,,0,,0
exp2_adult,logreg,123,n_50,anchors_dice,True,0,0,0,0,0,0,0,0,0,False,0,,0,0,,,0,,0
exp2_adult,logreg,42,n_100,shap_anchors,True,400,400,400,400,400,400,400,0,0,True,0,,0,0,,,19,357|845|1001|1104|1802|2578|2899|3649|5664|6206|6312|6368|6459|6597|7560|8416|8709|8899|8942,0
exp2_adult,logreg,42,n_100,lime_anchors,True,400,400,400,400,400,400,400,0,0,True,0,,0,0,,,19,357|845|1001|1104|1802|2578|2899|3649|5664|6206|6312|6368|6459|6597|7560|8416|8709|8899|8942,0
exp2_adult,logreg,42,n_100,shap_dice,True,400,400,400,400,400,400,400,0,0,True,0,,0,0,,,0,,0
exp2_adult,logreg,42,n_100,lime_dice,True,400,400,400,400,400,400,400,0,0,True,0,,0,0,,,0,,0
exp2_adult,logreg,42,n_100,anchors_dice,True,400,400,400,400,400,400,400,0,0,True,0,,0,0,,,19,357|845|1001|1104|1802|2578|2899|3649|5664|6206|6312|6368|6459|6597|7560|8416|8709|8899|8942,0
exp2_adult,logreg,42,n_200,shap_anchors,True,800,0,800,0,800,0,0,800,0,False,0,,0,0,,,0,,0
exp2_adult,logreg,42,n_200,lime_anchors,True,800,0,800,0,800,0,0,800,0,False,0,,0,0,,,0,,0
exp2_adult,logreg,42,n_200,shap_dice,True,800,800,800,800,800,800,800,0,0,True,0,,0,0,,,0,,0
exp2_adult,logreg,42,n_200,lime_dice,True,800,800,800,800,800,800,800,0,0,True,0,,0,0,,,0,,0
exp2_adult,logreg,42,n_200,anchors_dice,True,0,800,0,800,0,800,0,0,800,False,0,,0,0,,,0,,0
exp2_adult,logreg,42,n_50,shap_anchors,True,200,0,200,0,200,0,0,200,0,False,0,,0,0,,,0,,0
exp2_adult,logreg,42,n_50,lime_anchors,True,200,0,200,0,200,0,0,200,0,False,0,,0,0,,,0,,0
exp2_adult,logreg,42,n_50,shap_dice,True,200,200,200,200,200,200,200,0,0,True,0,,0,0,,,0,,0
exp2_adult,logreg,42,n_50,lime_dice,True,200,200,200,200,200,200,200,0,0,True,0,,0,0,,,0,,0
exp2_adult,logreg,42,n_50,anchors_dice,True,0,200,0,200,0,200,0,0,200,False,0,,0,0,,,0,,0
exp2_adult,logreg,456,n_100,shap_anchors,True,400,0,400,0,400,0,0,400,0,False,0,,0,0,,,0,,0
exp2_adult,logreg,456,n_100,lime_anchors,True,400,0,400,0,400,0,0,400,0,False,0,,0,0,,,0,,0
exp2_adult,logreg,456,n_100,shap_dice,True,400,400,400,400,400,400,400,0,0,True,0,,0,0,,,0,,0
exp2_adult,logreg,456,n_100,lime_dice,True,400,400,400,400,400,400,400,0,0,True,0,,0,0,,,0,,0
exp2_adult,logreg,456,n_100,anchors_dice,True,0,400,0,400,0,400,0,0,400,False,0,,0,0,,,0,,0
exp2_adult,logreg,456,n_200,shap_anchors,True,800,800,800,800,800,800,800,0,0,True,0,,0,0,,,47,27|97|182|252|496|546|688|1111|1160|1693|1831|2167|2232|2379|2605|3161|3364|3642|4767|5151|5204|5333|5380|5542|5605|5765|5767|5848|5884|5913|6491|6901|6941|7210|8231|8292|8323|8446|8584|8763|8825|8888|9013|9059|9089|9471|9484,0
exp2_adult,logreg,456,n_200,lime_anchors,True,800,800,800,800,800,800,800,0,0,True,0,,0,0,,,47,27|97|182|252|496|546|688|1111|1160|1693|1831|2167|2232|2379|2605|3161|3364|3642|4767|5151|5204|5333|5380|5542|5605|5765|5767|5848|5884|5913|6491|6901|6941|7210|8231|8292|8323|8446|8584|8763|8825|8888|9013|9059|9089|9471|9484,0
exp2_adult,logreg,456,n_200,shap_dice,True,800,800,800,800,800,800,800,0,0,True,0,,0,0,,,0,,0
exp2_adult,logreg,456,n_200,lime_dice,True,800,800,800,800,800,800,800,0,0,True,0,,0,0,,,0,,0
exp2_adult,logreg,456,n_200,anchors_dice,True,800,800,800,800,800,800,800,0,0,True,0,,0,0,,,47,27|97|182|252|496|546|688|1111|1160|1693|1831|2167|2232|2379|2605|3161|3364|3642|4767|5151|5204|5333|5380|5542|5605|5765|5767|5848|5884|5913|6491|6901|6941|7210|8231|8292|8323|8446|8584|8763|8825|8888|9013|9059|9089|9471|9484,0
exp2_adult,logreg,456,n_50,shap_anchors,True,200,200,200,200,200,200,200,0,0,True,0,,0,0,,,11,252|2269|2379|2605|3018|3642|4543|4548|5767|8584|9059,0
exp2_adult,logreg,456,n_50,lime_anchors,True,200,200,200,200,200,200,200,0,0,True,0,,0,0,,,11,252|2269|2379|2605|3018|3642|4543|4548|5767|8584|9059,0
exp2_adult,logreg,456,n_50,shap_dice,True,200,200,200,200,200,200,200,0,0,True,0,,0,0,,,0,,0
exp2_adult,logreg,456,n_50,lime_dice,True,200,200,200,200,200,200,200,0,0,True,0,,0,0,,,0,,0
exp2_adult,logreg,456,n_50,anchors_dice,True,200,200,200,200,200,200,200,0,0,True,0,,0,0,,,11,252|2269|2379|2605|3018|3642|4543|4548|5767|8584|9059,0
exp2_adult,logreg,789,n_100,shap_anchors,True,400,400,400,400,400,400,400,0,0,True,0,,0,0,,,19,221|727|913|1371|2133|2460|3670|3721|4248|4397|4584|4679|5164|5293|5309|6442|6707|8085|9693,0
exp2_adult,logreg,789,n_100,lime_anchors,True,400,400,400,400,400,400,400,0,0,True,0,,0,0,,,19,221|727|913|1371|2133|2460|3670|3721|4248|4397|4584|4679|5164|5293|5309|6442|6707|8085|9693,0
exp2_adult,logreg,789,n_100,shap_dice,True,400,400,400,400,400,400,400,0,0,True,0,,0,0,,,0,,0
exp2_adult,logreg,789,n_100,lime_dice,True,400,400,400,400,400,400,400,0,0,True,0,,0,0,,,0,,0
exp2_adult,logreg,789,n_100,anchors_dice,True,400,400,400,400,400,400,400,0,0,True,0,,0,0,,,19,221|727|913|1371|2133|2460|3670|3721|4248|4397|4584|4679|5164|5293|5309|6442|6707|8085|9693,0
exp2_adult,logreg,789,n_200,shap_anchors,True,800,0,800,0,800,0,0,800,0,False,0,,0,0,,,0,,0
exp2_adult,logreg,789,n_200,lime_anchors,True,800,0,800,0,800,0,0,800,0,False,0,,0,0,,,0,,0
exp2_adult,logreg,789,n_200,shap_dice,True,800,800,800,800,800,800,800,0,0,True,0,,0,0,,,0,,0
exp2_adult,logreg,789,n_200,lime_dice,True,800,800,800,800,800,800,800,0,0,True,0,,0,0,,,0,,0
exp2_adult,logreg,789,n_200,anchors_dice,True,0,800,0,800,0,800,0,0,800,False,0,,0,0,,,0,,0
exp2_adult,logreg,789,n_50,shap_anchors,True,200,200,200,200,200,200,200,0,0,True,0,,0,0,,,9,221|3721|4397|4561|4584|5309|6442|7099|8030,0
exp2_adult,logreg,789,n_50,lime_anchors,True,200,200,200,200,200,200,200,0,0,True,0,,0,0,,,9,221|3721|4397|4561|4584|5309|6442|7099|8030,0
exp2_adult,logreg,789,n_50,shap_dice,True,200,200,200,200,200,200,200,0,0,True,0,,0,0,,,0,,0
exp2_adult,logreg,789,n_50,lime_dice,True,200,200,200,200,200,200,200,0,0,True,0,,0,0,,,0,,0
exp2_adult,logreg,789,n_50,anchors_dice,True,200,200,200,200,200,200,200,0,0,True,0,,0,0,,,9,221|3721|4397|4561|4584|5309|6442|7099|8030,0
exp2_adult,logreg,999,n_100,shap_anchors,True,400,400,400,400,400,400,400,0,0,True,0,,0,0,,,30,671|786|1808|1927|2001|2257|2332|2586|2798|2939|3892|5436|5959|6115|6363|6436|6485|6702|6869|7079|7110|7634|7735|8061|8589|8603|8915|9055|9507|9511,0
exp2_adult,logreg,999,n_100,lime_anchors,True,400,400,400,400,400,400,400,0,0,True,0,,0,0,,,30,671|786|1808|1927|2001|2257|2332|2586|2798|2939|3892|5436|5959|6115|6363|6436|6485|6702|6869|7079|7110|7634|7735|8061|8589|8603|8915|9055|9507|9511,0
exp2_adult,logreg,999,n_100,shap_dice,True,400,400,400,400,400,400,400,0,0,True,0,,0,0,,,0,,0
exp2_adult,logreg,999,n_100,lime_dice,True,400,400,400,400,400,400,400,0,0,True,0,,0,0,,,0,,0
exp2_adult,logreg,999,n_100,anchors_dice,True,400,400,400,400,400,400,400,0,0,True,0,,0,0,,,30,671|786|1808|1927|2001|2257|2332|2586|2798|2939|3892|5436|5959|6115|6363|6436|6485|6702|6869|7079|7110|7634|7735|8061|8589|8603|8915|9055|9507|9511,0
exp2_adult,logreg,999,n_200,shap_anchors,True,800,0,800,0,800,0,0,800,0,False,0,,0,0,,,0,,0
exp2_adult,logreg,999,n_200,lime_anchors,True,800,0,800,0,800,0,0,800,0,False,0,,0,0,,,0,,0
exp2_adult,logreg,999,n_200,shap_dice,True,800,800,800,800,800,800,800,0,0,True,0,,0,0,,,0,,0
exp2_adult,logreg,999,n_200,lime_dice,True,800,800,800,800,800,800,800,0,0,True,0,,0,0,,,0,,0
exp2_adult,logreg,999,n_200,anchors_dice,True,0,800,0,800,0,800,0,0,800,False,0,,0,0,,,0,,0
exp2_adult,logreg,999,n_50,shap_anchors,True,200,0,200,0,200,0,0,200,0,False,0,,0,0,,,0,,0
exp2_adult,logreg,999,n_50,lime_anchors,True,200,0,200,0,200,0,0,200,0,False,0,,0,0,,,0,,0
exp2_adult,logreg,999,n_50,shap_dice,True,200,0,200,0,200,0,0,200,0,False,0,,0,0,,,0,,0
exp2_adult,logreg,999,n_50,lime_dice,True,200,0,200,0,200,0,0,200,0,False,0,,0,0,,,0,,0
exp2_adult,logreg,999,n_50,anchors_dice,True,0,0,0,0,0,0,0,0,0,False,0,,0,0,,,0,,0
exp2_adult,mlp,123,n_100,shap_anchors,True,400,400,400,400,400,400,400,0,0,True,0,,0,0,,,137,57|126|142|166|215|269|345|373|391|460|603|605|638|717|875|888|901|994|1060|1225|1230|1281|1290|1397|1402|1443|1493|1506|1756|1782|1833|1844|1875|1903|1919|2099|2163|2175|2266|2427|2466|2468|2550|2658|2908|3016|3075|3158|3197|3221|3296|3300|3425|3466|3499|3561|3769|3845|3898|4047|4061|4125|4239|4345|4353|4365|4373|4580|4663|4944|5240|5295|5325|5393|5396|5411|5465|5538|5594|5600|5703|5708|5758|5769|5776|5822|5847|5883|5894|6053|6133|6136|6172|6199|6208|6218|6239|6393|6413|6579|6601|6730|6897|6899|6928|7023|7247|7644|7662|7676|7777|8116|8139|8263|8397|8434|8530|8572|8625|8648|8701|8838|8853|8889|9136|9138|9147|9165|9188|9199|9271|9332|9335|9353|9426|9470|9585,0
exp2_adult,mlp,123,n_100,lime_anchors,True,400,400,400,400,400,400,400,0,0,True,0,,0,0,,,137,57|126|142|166|215|269|345|373|391|460|603|605|638|717|875|888|901|994|1060|1225|1230|1281|1290|1397|1402|1443|1493|1506|1756|1782|1833|1844|1875|1903|1919|2099|2163|2175|2266|2427|2466|2468|2550|2658|2908|3016|3075|3158|3197|3221|3296|3300|3425|3466|3499|3561|3769|3845|3898|4047|4061|4125|4239|4345|4353|4365|4373|4580|4663|4944|5240|5295|5325|5393|5396|5411|5465|5538|5594|5600|5703|5708|5758|5769|5776|5822|5847|5883|5894|6053|6133|6136|6172|6199|6208|6218|6239|6393|6413|6579|6601|6730|6897|6899|6928|7023|7247|7644|7662|7676|7777|8116|8139|8263|8397|8434|8530|8572|8625|8648|8701|8838|8853|8889|9136|9138|9147|9165|9188|9199|9271|9332|9335|9353|9426|9470|9585,0
exp2_adult,mlp,123,n_100,shap_dice,True,400,400,400,400,400,400,400,0,0,True,0,,0,0,,,0,,0
exp2_adult,mlp,123,n_100,lime_dice,True,400,400,400,400,400,400,400,0,0,True,0,,0,0,,,0,,0
exp2_adult,mlp,123,n_100,anchors_dice,True,400,400,400,400,400,400,400,0,0,True,0,,0,0,,,137,57|126|142|166|215|269|345|373|391|460|603|605|638|717|875|888|901|994|1060|1225|1230|1281|1290|1397|1402|1443|1493|1506|1756|1782|1833|1844|1875|1903|1919|2099|2163|2175|2266|2427|2466|2468|2550|2658|2908|3016|3075|3158|3197|3221|3296|3300|3425|3466|3499|3561|3769|3845|3898|4047|4061|4125|4239|4345|4353|4365|4373|4580|4663|4944|5240|5295|5325|5393|5396|5411|5465|5538|5594|5600|5703|5708|5758|5769|5776|5822|5847|5883|5894|6053|6133|6136|6172|6199|6208|6218|6239|6393|6413|6579|6601|6730|6897|6899|6928|7023|7247|7644|7662|7676|7777|8116|8139|8263|8397|8434|8530|8572|8625|8648|8701|8838|8853|8889|9136|9138|9147|9165|9188|9199|9271|9332|9335|9353|9426|9470|9585,0
exp2_adult,mlp,123,n_200,shap_anchors,True,800,0,800,0,800,0,0,800,0,False,0,,0,0,,,0,,0
exp2_adult,mlp,123,n_200,lime_anchors,True,800,0,800,0,800,0,0,800,0,False,0,,0,0,,,0,,0
exp2_adult,mlp,123,n_200,shap_dice,True,800,800,800,800,800,800,800,0,0,True,0,,0,0,,,0,,0
exp2_adult,mlp,123,n_200,lime_dice,True,800,800,800,800,800,800,800,0,0,True,0,,0,0,,,0,,0
exp2_adult,mlp,123,n_200,anchors_dice,True,0,800,0,800,0,800,0,0,800,False,0,,0,0,,,0,,0
exp2_adult,mlp,123,n_50,shap_anchors,True,200,200,200,200,200,200,200,0,0,True,0,,0,0,,,74,57|126|215|269|345|373|460|500|638|717|875|888|1060|1225|1230|1290|1493|1506|1756|1782|1875|1997|2163|2466|2550|2908|3075|3131|3158|3296|3300|3466|3898|4047|4125|4239|4305|4353|4365|4373|4508|4580|4663|4944|5295|5325|5396|5600|5703|5769|5854|5894|6172|6218|6251|6413|6601|6928|7247|7486|7644|8116|8139|8434|8530|8701|8746|8838|8853|9147|9199|9332|9335|9470,0
exp2_adult,mlp,123,n_50,lime_anchors,True,200,200,200,200,200,200,200,0,0,True,0,,0,0,,,74,57|126|215|269|345|373|460|500|638|717|875|888|1060|1225|1230|1290|1493|1506|1756|1782|1875|1997|2163|2466|2550|2908|3075|3131|3158|3296|3300|3466|3898|4047|4125|4239|4305|4353|4365|4373|4508|4580|4663|4944|5295|5325|5396|5600|5703|5769|5854|5894|6172|6218|6251|6413|6601|6928|7247|7486|7644|8116|8139|8434|8530|8701|8746|8838|8853|9147|9199|9332|9335|9470,0
exp2_adult,mlp,123,n_50,shap_dice,True,200,200,200,200,200,200,200,0,0,True,0,,0,0,,,0,,0
exp2_adult,mlp,123,n_50,lime_dice,True,200,200,200,200,200,200,200,0,0,True,0,,0,0,,,0,,0
exp2_adult,mlp,123,n_50,anchors_dice,True,200,200,200,200,200,200,200,0,0,True,0,,0,0,,,74,57|126|215|269|345|373|460|500|638|717|875|888|1060|1225|1230|1290|1493|1506|1756|1782|1875|1997|2163|2466|2550|2908|3075|3131|3158|3296|3300|3466|3898|4047|4125|4239|4305|4353|4365|4373|4508|4580|4663|4944|5295|5325|5396|5600|5703|5769|5854|5894|6172|6218|6251|6413|6601|6928|7247|7486|7644|8116|8139|8434|8530|8701|8746|8838|8853|9147|9199|9332|9335|9470,0
exp2_adult,mlp,42,n_100,shap_anchors,True,400,0,400,0,400,0,0,400,0,False,0,,0,0,,,0,,0
exp2_adult,mlp,42,n_100,lime_anchors,True,400,0,400,0,400,0,0,400,0,False,0,,0,0,,,0,,0
exp2_adult,mlp,42,n_100,shap_dice,True,400,400,400,400,400,400,400,0,0,True,0,,0,0,,,0,,0
exp2_adult,mlp,42,n_100,lime_dice,True,400,400,400,400,400,400,400,0,0,True,0,,0,0,,,0,,0
exp2_adult,mlp,42,n_100,anchors_dice,True,0,400,0,400,0,400,0,0,400,False,0,,0,0,,,0,,0
exp2_adult,mlp,42,n_200,shap_anchors,True,800,800,800,800,800,800,800,0,0,True,0,,0,0,,,280,84|177|184|206|224|316|374|431|476|488|533|536|539|555|565|567|583|590|629|631|642|653|657|721|751|798|859|949|961|986|1050|1073|1095|1181|1213|1219|1252|1285|1297|1309|1332|1355|1372|1412|1419|1443|1449|1516|1590|1603|1665|1677|1733|1734|1741|1746|1783|1788|1806|1831|1864|1921|1965|1973|1974|1988|2056|2139|2165|2177|2193|2216|2223|2236|2258|2330|2434|2447|2454|2458|2479|2503|2504|2514|2521|2578|2779|2799|2846|2858|2886|2944|2980|3004|3053|3069|3112|3146|3194|3229|3270|3289|3301|3344|3390|3439|3450|3511|3547|3551|3570|3634|3646|3705|3722|3749|3755|3830|3850|3906|3920|3946|3965|4019|4044|4084|4097|4113|4152|4223|4243|4255|4322|4375|4408|4499|4541|4630|4663|4706|4754|4782|4784|4804|4843|4898|4963|4980|4981|5047|5072|5151|5163|5180|5197|5207|5241|5278|5310|5329|5378|5536|5538|5542|5566|5597|5602|5618|5630|5663|5677|5699|5707|5714|5746|5791|5870|5887|5894|5906|5964|5968|5977|6056|6084|6160|6220|6224|6251|6312|6335|6343|6392|6404|6435|6467|6526|6530|6536|6696|6716|6788|6798|6802|6872|6974|7011|7017|7057|7119|7152|7332|7374|7463|7480|7482|7506|7524|7598|7615|7653|7725|7744|7770|7858|7942|7963|7967|8009|8027|8063|8087|8094|8096|8177|8185|8232|8306|8318|8324|8340|8369|8468|8491|8549|8578|8582|8593|8603|8632|8657|8665|8703|8730|8784|8852|8881|8927|8983|9061|9062|9069|9167|9261|9289|9307|9343|9411|9421|9440|9441|9458|9468|9483|9498|9499|9534|9609|9671|9677,0
exp2_adult,mlp,42,n_200,lime_anchors,True,800,800,800,800,800,800,800,0,0,True,0,,0,0,,,280,84|177|184|206|224|316|374|431|476|488|533|536|539|555|565|567|583|590|629|631|642|653|657|721|751|798|859|949|961|986|1050|1073|1095|1181|1213|1219|1252|1285|1297|1309|1332|1355|1372|1412|1419|1443|1449|1516|1590|1603|1665|1677|1733|1734|1741|1746|1783|1788|1806|1831|1864|1921|1965|1973|1974|1988|2056|2139|2165|2177|2193|2216|2223|2236|2258|2330|2434|2447|2454|2458|2479|2503|2504|2514|2521|2578|2779|2799|2846|2858|2886|2944|2980|3004|3053|3069|3112|3146|3194|3229|3270|3289|3301|3344|3390|3439|3450|3511|3547|3551|3570|3634|3646|3705|3722|3749|3755|3830|3850|3906|3920|3946|3965|4019|4044|4084|4097|4113|4152|4223|4243|4255|4322|4375|4408|4499|4541|4630|4663|4706|4754|4782|4784|4804|4843|4898|4963|4980|4981|5047|5072|5151|5163|5180|5197|5207|5241|5278|5310|5329|5378|5536|5538|5542|5566|5597|5602|5618|5630|5663|5677|5699|5707|5714|5746|5791|5870|5887|5894|5906|5964|5968|5977|6056|6084|6160|6220|6224|6251|6312|6335|6343|6392|6404|6435|6467|6526|6530|6536|6696|6716|6788|6798|6802|6872|6974|7011|7017|7057|7119|7152|7332|7374|7463|7480|7482|7506|7524|7598|7615|7653|7725|7744|7770|7858|7942|7963|7967|8009|8027|8063|8087|8094|8096|8177|8185|8232|8306|8318|8324|8340|8369|8468|8491|8549|8578|8582|8593|8603|8632|8657|8665|8703|8730|8784|8852|8881|8927|8983|9061|9062|9069|9167|9261|9289|9307|9343|9411|9421|9440|9441|9458|9468|9483|9498|9499|9534|9609|9671|9677,0
exp2_adult,mlp,42,n_200,shap_dice,True,800,800,800,800,800,800,800,0,0,True,0,,0,0,,,0,,0
exp2_adult,mlp,42,n_200,lime_dice,True,800,800,800,800,800,800,800,0,0,True,0,,0,0,,,0,,0
exp2_adult,mlp,42,n_200,anchors_dice,True,800,800,800,800,800,800,800,0,0,True,0,,0,0,,,280,84|177|184|206|224|316|374|431|476|488|533|536|539|555|565|567|583|590|629|631|642|653|657|721|751|798|859|949|961|986|1050|1073|1095|1181|1213|1219|1252|1285|1297|1309|1332|1355|1372|1412|1419|1443|1449|1516|1590|1603|1665|1677|1733|1734|1741|1746|1783|1788|1806|1831|1864|1921|1965|1973|1974|1988|2056|2139|2165|2177|2193|2216|2223|2236|2258|2330|2434|2447|2454|2458|2479|2503|2504|2514|2521|2578|2779|2799|2846|2858|2886|2944|2980|3004|3053|3069|3112|3146|3194|3229|3270|3289|3301|3344|3390|3439|3450|3511|3547|3551|3570|3634|3646|3705|3722|3749|3755|3830|3850|3906|3920|3946|3965|4019|4044|4084|4097|4113|4152|4223|4243|4255|4322|4375|4408|4499|4541|4630|4663|4706|4754|4782|4784|4804|4843|4898|4963|4980|4981|5047|5072|5151|5163|5180|5197|5207|5241|5278|5310|5329|5378|5536|5538|5542|5566|5597|5602|5618|5630|5663|5677|5699|5707|5714|5746|5791|5870|5887|5894|5906|5964|5968|5977|6056|6084|6160|6220|6224|6251|6312|6335|6343|6392|6404|6435|6467|6526|6530|6536|6696|6716|6788|6798|6802|6872|6974|7011|7017|7057|7119|7152|7332|7374|7463|7480|7482|7506|7524|7598|7615|7653|7725|7744|7770|7858|7942|7963|7967|8009|8027|8063|8087|8094|8096|8177|8185|8232|8306|8318|8324|8340|8369|8468|8491|8549|8578|8582|8593|8603|8632|8657|8665|8703|8730|8784|8852|8881|8927|8983|9061|9062|9069|9167|9261|9289|9307|9343|9411|9421|9440|9441|9458|9468|9483|9498|9499|9534|9609|9671|9677,0
exp2_adult,mlp,42,n_50,shap_anchors,True,200,0,200,0,200,0,0,200,0,False,0,,0,0,,,0,,0
exp2_adult,mlp,42,n_50,lime_anchors,True,200,0,200,0,200,0,0,200,0,False,0,,0,0,,,0,,0
exp2_adult,mlp,42,n_50,shap_dice,True,200,200,200,200,200,200,200,0,0,True,0,,0,0,,,0,,0
exp2_adult,mlp,42,n_50,lime_dice,True,200,200,200,200,200,200,200,0,0,True,0,,0,0,,,0,,0
exp2_adult,mlp,42,n_50,anchors_dice,True,0,200,0,200,0,200,0,0,200,False,0,,0,0,,,0,,0
exp2_adult,mlp,456,n_100,shap_anchors,True,400,0,400,0,400,0,0,400,0,False,0,,0,0,,,0,,0
exp2_adult,mlp,456,n_100,lime_anchors,True,400,0,400,0,400,0,0,400,0,False,0,,0,0,,,0,,0
exp2_adult,mlp,456,n_100,shap_dice,True,400,400,400,400,400,400,400,0,0,True,0,,0,0,,,0,,0
exp2_adult,mlp,456,n_100,lime_dice,True,400,400,400,400,400,400,400,0,0,True,0,,0,0,,,0,,0
exp2_adult,mlp,456,n_100,anchors_dice,True,0,400,0,400,0,400,0,0,400,False,0,,0,0,,,0,,0
exp2_adult,mlp,456,n_200,shap_anchors,True,800,800,800,800,800,800,800,0,0,True,0,,0,0,,,294,31|36|39|45|53|155|183|197|246|268|318|339|436|457|470|481|577|586|595|615|646|658|693|739|780|813|947|984|1010|1068|1087|1093|1104|1172|1184|1197|1204|1226|1250|1278|1330|1359|1367|1448|1449|1452|1484|1485|1510|1577|1620|1660|1693|1723|1778|1791|1831|1835|1840|1896|1901|1914|1946|2012|2018|2038|2064|2080|2105|2153|2269|2270|2291|2390|2442|2553|2594|2635|2703|2704|2771|2798|2821|2826|2878|2898|2916|2922|2962|3010|3016|3056|3080|3108|3127|3180|3185|3219|3228|3232|3269|3280|3281|3339|3342|3366|3377|3392|3417|3432|3479|3491|3523|3525|3548|3597|3605|3638|3647|3717|3719|3742|3747|3749|3850|3873|3934|3947|3961|3996|4021|4035|4054|4183|4192|4204|4256|4262|4295|4321|4384|4466|4519|4520|4543|4620|4715|4722|4744|4785|4818|4859|4941|4947|4993|4994|5006|5053|5204|5208|5214|5227|5297|5307|5397|5493|5510|5537|5542|5559|5627|5664|5694|5718|5747|5780|5836|5870|5884|5999|6028|6029|6033|6048|6050|6059|6065|6112|6126|6215|6380|6400|6454|6507|6604|6615|6634|6644|6695|6711|6735|6740|6780|6789|6815|6843|6846|6853|6919|6936|7029|7031|7082|7113|7121|7139|7185|7195|7214|7229|7231|7255|7307|7404|7454|7493|7498|7572|7578|7579|7589|7591|7594|7618|7650|7656|7666|7702|7808|7866|7880|7886|7904|8015|8047|8048|8163|8177|8186|8249|8289|8422|8430|8432|8457|8534|8555|8629|8669|8686|8701|8745|8764|8794|8856|8858|8862|8964|8981|9039|9061|9062|9073|9204|9210|9229|9237|9266|9296|9388|9461|9478|9484|9509|9523|9524|9552|9594|9616|9629|9683|9694|9697|9733,0
exp2_adult,mlp,456,n_200,lime_anchors,True,800,800,800,800,800,800,800,0,0,True,0,,0,0,,,294,31|36|39|45|53|155|183|197|246|268|318|339|436|457|470|481|577|586|595|615|646|658|693|739|780|813|947|984|1010|1068|1087|1093|1104|1172|1184|1197|1204|1226|1250|1278|1330|1359|1367|1448|1449|1452|1484|1485|1510|1577|1620|1660|1693|1723|1778|1791|1831|1835|1840|1896|1901|1914|1946|2012|2018|2038|2064|2080|2105|2153|2269|2270|2291|2390|2442|2553|2594|2635|2703|2704|2771|2798|2821|2826|2878|2898|2916|2922|2962|3010|3016|3056|3080|3108|3127|3180|3185|3219|3228|3232|3269|3280|3281|3339|3342|3366|3377|3392|3417|3432|3479|3491|3523|3525|3548|3597|3605|3638|3647|3717|3719|3742|3747|3749|3850|3873|3934|3947|3961|3996|4021|4035|4054|4183|4192|4204|4256|4262|4295|4321|4384|4466|4519|4520|4543|4620|4715|4722|4744|4785|4818|4859|4941|4947|4993|4994|5006|5053|5204|5208|5214|5227|5297|5307|5397|5493|5510|5537|5542|5559|5627|5664|5694|5718|5747|5780|5836|5870|5884|5999|6028|6029|6033|6048|6050|6059|6065|6112|6126|6215|6380|6400|6454|6507|6604|6615|6634|6644|6695|6711|6735|6740|6780|6789|6815|6843|6846|6853|6919|6936|7029|7031|7082|7113|7121|7139|7185|7195|7214|7229|7231|7255|7307|7404|7454|7493|7498|7572|7578|7579|7589|7591|7594|7618|7650|7656|7666|7702|7808|7866|7880|7886|7904|8015|8047|8048|8163|8177|8186|8249|8289|8422|8430|8432|8457|8534|8555|8629|8669|8686|8701|8745|8764|8794|8856|8858|8862|8964|8981|9039|9061|9062|9073|9204|9210|9229|9237|9266|9296|9388|9461|9478|9484|9509|9523|9524|9552|9594|9616|9629|9683|9694|9697|9733,0
exp2_adult,mlp,456,n_200,shap_dice,True,800,0,800,0,800,0,0,800,0,False,0,,0,0,,,0,,0
exp2_adult,mlp,456,n_200,lime_dice,True,800,0,800,0,800,0,0,800,0,False,0,,0,0,,,0,,0
exp2_adult,mlp,456,n_200,anchors_dice,True,800,0,800,0,800,0,0,800,0,False,0,,0,0,,,0,,0
exp2_adult,mlp,456,n_50,shap_anchors,True,200,0,200,0,200,0,0,200,0,False,0,,0,0,,,0,,0
exp2_adult,mlp,456,n_50,lime_anchors,True,200,0,200,0,200,0,0,200,0,False,0,,0,0,,,0,,0
exp2_adult,mlp,456,n_50,shap_dice,True,200,0,200,0,200,0,0,200,0,False,0,,0,0,,,0,,0
exp2_adult,mlp,456,n_50,lime_dice,True,200,0,200,0,200,0,0,200,0,False,0,,0,0,,,0,,0
exp2_adult,mlp,456,n_50,anchors_dice,True,0,0,0,0,0,0,0,0,0,False,0,,0,0,,,0,,0
exp2_adult,mlp,789,n_100,shap_anchors,True,400,400,400,400,400,400,400,0,0,True,0,,0,0,,,140,8|147|216|287|300|544|616|831|846|1141|1163|1186|1211|1225|1303|1306|1649|1720|1859|1907|1941|2013|2188|2205|2245|2381|2413|2417|2460|2490|2504|2508|2649|2656|2677|2872|2894|3003|3083|3176|3221|3252|3496|3506|3574|3612|3624|3692|3722|3765|3851|3855|3866|3874|3933|3956|3957|3977|3997|4013|4171|4221|4338|4394|4492|4530|4534|4535|4637|4813|4968|4973|5085|5096|5164|5258|5308|5493|5494|5711|5726|5885|5924|5943|6105|6231|6236|6347|6466|6488|6569|6741|6774|6780|6821|6884|6914|7050|7066|7068|7080|7099|7106|7139|7187|7188|7243|7510|7539|7625|7645|7690|8003|8021|8038|8102|8119|8170|8215|8217|8263|8270|8300|8350|8358|8380|8472|8527|8785|8808|8925|8955|8972|9015|9222|9375|9411|9697|9721|9738,0
exp2_adult,mlp,789,n_100,lime_anchors,True,400,400,400,400,400,400,400,0,0,True,0,,0,0,,,140,8|147|216|287|300|544|616|831|846|1141|1163|1186|1211|1225|1303|1306|1649|1720|1859|1907|1941|2013|2188|2205|2245|2381|2413|2417|2460|2490|2504|2508|2649|2656|2677|2872|2894|3003|3083|3176|3221|3252|3496|3506|3574|3612|3624|3692|3722|3765|3851|3855|3866|3874|3933|3956|3957|3977|3997|4013|4171|4221|4338|4394|4492|4530|4534|4535|4637|4813|4968|4973|5085|5096|5164|5258|5308|5493|5494|5711|5726|5885|5924|5943|6105|6231|6236|6347|6466|6488|6569|6741|6774|6780|6821|6884|6914|7050|7066|7068|7080|7099|7106|7139|7187|7188|7243|7510|7539|7625|7645|7690|8003|8021|8038|8102|8119|8170|8215|8217|8263|8270|8300|8350|8358|8380|8472|8527|8785|8808|8925|8955|8972|9015|9222|9375|9411|9697|9721|9738,0
exp2_adult,mlp,789,n_100,shap_dice,True,400,400,400,400,400,400,400,0,0,True,0,,0,0,,,0,,0
exp2_adult,mlp,789,n_100,lime_dice,True,400,400,400,400,400,400,400,0,0,True,0,,0,0,,,0,,0
exp2_adult,mlp,789,n_100,anchors_dice,True,400,400,400,400,400,400,400,0,0,True,0,,0,0,,,140,8|147|216|287|300|544|616|831|846|1141|1163|1186|1211|1225|1303|1306|1649|1720|1859|1907|1941|2013|2188|2205|2245|2381|2413|2417|2460|2490|2504|2508|2649|2656|2677|2872|2894|3003|3083|3176|3221|3252|3496|3506|3574|3612|3624|3692|3722|3765|3851|3855|3866|3874|3933|3956|3957|3977|3997|4013|4171|4221|4338|4394|4492|4530|4534|4535|4637|4813|4968|4973|5085|5096|5164|5258|5308|5493|5494|5711|5726|5885|5924|5943|6105|6231|6236|6347|6466|6488|6569|6741|6774|6780|6821|6884|6914|7050|7066|7068|7080|7099|7106|7139|7187|7188|7243|7510|7539|7625|7645|7690|8003|8021|8038|8102|8119|8170|8215|8217|8263|8270|8300|8350|8358|8380|8472|8527|8785|8808|8925|8955|8972|9015|9222|9375|9411|9697|9721|9738,0
exp2_adult,mlp,789,n_200,shap_anchors,True,800,0,800,0,800,0,0,800,0,False,0,,0,0,,,0,,0
exp2_adult,mlp,789,n_200,lime_anchors,True,800,0,800,0,800,0,0,800,0,False,0,,0,0,,,0,,0
exp2_adult,mlp,789,n_200,shap_dice,True,800,800,800,800,800,800,800,0,0,True,0,,0,0,,,0,,0
exp2_adult,mlp,789,n_200,lime_dice,True,800,800,800,800,800,800,800,0,0,True,0,,0,0,,,0,,0
exp2_adult,mlp,789,n_200,anchors_dice,True,0,800,0,800,0,800,0,0,800,False,0,,0,0,,,0,,0
exp2_adult,mlp,789,n_50,shap_anchors,True,200,0,200,0,200,0,0,200,0,False,0,,0,0,,,0,,0
exp2_adult,mlp,789,n_50,lime_anchors,True,200,0,200,0,200,0,0,200,0,False,0,,0,0,,,0,,0
exp2_adult,mlp,789,n_50,shap_dice,True,200,200,200,200,200,200,200,0,0,True,0,,0,0,,,0,,0
exp2_adult,mlp,789,n_50,lime_dice,True,200,200,200,200,200,200,200,0,0,True,0,,0,0,,,0,,0
exp2_adult,mlp,789,n_50,anchors_dice,True,0,200,0,200,0,200,0,0,200,False,0,,0,0,,,0,,0
exp2_adult,mlp,999,n_100,shap_anchors,True,400,400,400,400,400,400,400,0,0,True,0,,0,0,,,139,165|285|309|316|335|382|518|914|1300|1341|1393|1413|1414|1415|1502|1558|1607|1676|1768|1859|1909|1944|1948|2033|2040|2068|2092|2114|2405|2445|2543|2701|2715|2805|2891|2930|3000|3026|3233|3266|3294|3326|3376|3423|3510|3624|3644|3664|3669|3714|3772|3826|3860|3924|3932|3976|4010|4161|4210|4256|4360|4648|4694|4782|4797|4878|4882|4914|4939|4951|4953|5052|5112|5129|5201|5267|5324|5396|5433|5527|5595|5618|5660|5760|5802|5816|5951|6000|6036|6160|6343|6409|6435|6476|6479|6484|6506|6528|6600|6819|6963|7081|7105|7189|7264|7376|7403|7576|7650|7701|7885|7911|7956|8015|8033|8048|8108|8115|8140|8159|8438|8502|8508|8516|8613|8756|8811|8881|8902|8909|8915|8943|9060|9227|9314|9316|9582|9614|9643,0
exp2_adult,mlp,999,n_100,lime_anchors,True,400,400,400,400,400,400,400,0,0,True,0,,0,0,,,139,165|285|309|316|335|382|518|914|1300|1341|1393|1413|1414|1415|1502|1558|1607|1676|1768|1859|1909|1944|1948|2033|2040|2068|2092|2114|2405|2445|2543|2701|2715|2805|2891|2930|3000|3026|3233|3266|3294|3326|3376|3423|3510|3624|3644|3664|3669|3714|3772|3826|3860|3924|3932|3976|4010|4161|4210|4256|4360|4648|4694|4782|4797|4878|4882|4914|4939|4951|4953|5052|5112|5129|5201|5267|5324|5396|5433|5527|5595|5618|5660|5760|5802|5816|5951|6000|6036|6160|6343|6409|6435|6476|6479|6484|6506|6528|6600|6819|6963|7081|7105|7189|7264|7376|7403|7576|7650|7701|7885|7911|7956|8015|8033|8048|8108|8115|8140|8159|8438|8502|8508|8516|8613|8756|8811|8881|8902|8909|8915|8943|9060|9227|9314|9316|9582|9614|9643,0
exp2_adult,mlp,999,n_100,shap_dice,True,400,400,400,400,400,400,400,0,0,True,0,,0,0,,,0,,0
exp2_adult,mlp,999,n_100,lime_dice,True,400,400,400,400,400,400,400,0,0,True,0,,0,0,,,0,,0
exp2_adult,mlp,999,n_100,anchors_dice,True,400,400,400,400,400,400,400,0,0,True,0,,0,0,,,139,165|285|309|316|335|382|518|914|1300|1341|1393|1413|1414|1415|1502|1558|1607|1676|1768|1859|1909|1944|1948|2033|2040|2068|2092|2114|2405|2445|2543|2701|2715|2805|2891|2930|3000|3026|3233|3266|3294|3326|3376|3423|3510|3624|3644|3664|3669|3714|3772|3826|3860|3924|3932|3976|4010|4161|4210|4256|4360|4648|4694|4782|4797|4878|4882|4914|4939|4951|4953|5052|5112|5129|5201|5267|5324|5396|5433|5527|5595|5618|5660|5760|5802|5816|5951|6000|6036|6160|6343|6409|6435|6476|6479|6484|6506|6528|6600|6819|6963|7081|7105|7189|7264|7376|7403|7576|7650|7701|7885|7911|7956|8015|8033|8048|8108|8115|8140|8159|8438|8502|8508|8516|8613|8756|8811|8881|8902|8909|8915|8943|9060|9227|9314|9316|9582|9614|9643,0
exp2_adult,mlp,999,n_200,shap_anchors,True,800,0,800,0,800,0,0,800,0,False,0,,0,0,,,0,,0
exp2_adult,mlp,999,n_200,lime_anchors,True,800,0,800,0,800,0,0,800,0,False,0,,0,0,,,0,,0
exp2_adult,mlp,999,n_200,shap_dice,True,800,800,800,800,800,800,800,0,0,True,0,,0,0,,,0,,0
exp2_adult,mlp,999,n_200,lime_dice,True,800,800,800,800,800,800,800,0,0,True,0,,0,0,,,0,,0
exp2_adult,mlp,999,n_200,anchors_dice,True,0,800,0,800,0,800,0,0,800,False,0,,0,0,,,0,,0
exp2_adult,mlp,999,n_50,shap_anchors,True,200,200,200,200,200,200,200,0,0,True,0,,0,0,,,68,165|815|1300|1607|1676|1768|2068|2715|3233|3266|3294|3376|3423|3510|3669|3772|3777|3860|3976|4010|4161|4256|4360|4648|4694|4797|4882|4939|4953|5112|5129|5201|5267|5324|5479|5527|5595|5618|5660|5760|5951|6000|6160|6343|6409|6479|6484|6528|6600|7081|7189|7376|7650|7691|7885|7956|8033|8108|8438|8502|8516|8756|8811|8902|9227|9553|9643|9736,0
exp2_adult,mlp,999,n_50,lime_anchors,True,200,200,200,200,200,200,200,0,0,True,0,,0,0,,,68,165|815|1300|1607|1676|1768|2068|2715|3233|3266|3294|3376|3423|3510|3669|3772|3777|3860|3976|4010|4161|4256|4360|4648|4694|4797|4882|4939|4953|5112|5129|5201|5267|5324|5479|5527|5595|5618|5660|5760|5951|6000|6160|6343|6409|6479|6484|6528|6600|7081|7189|7376|7650|7691|7885|7956|8033|8108|8438|8502|8516|8756|8811|8902|9227|9553|9643|9736,0
exp2_adult,mlp,999,n_50,shap_dice,True,200,200,200,200,200,200,200,0,0,True,0,,0,0,,,0,,0
exp2_adult,mlp,999,n_50,lime_dice,True,200,200,200,200,200,200,200,0,0,True,0,,0,0,,,0,,0
exp2_adult,mlp,999,n_50,anchors_dice,True,200,200,200,200,200,200,200,0,0,True,0,,0,0,,,68,165|815|1300|1607|1676|1768|2068|2715|3233|3266|3294|3376|3423|3510|3669|3772|3777|3860|3976|4010|4161|4256|4360|4648|4694|4797|4882|4939|4953|5112|5129|5201|5267|5324|5479|5527|5595|5618|5660|5760|5951|6000|6160|6343|6409|6479|6484|6528|6600|7081|7189|7376|7650|7691|7885|7956|8033|8108|8438|8502|8516|8756|8811|8902|9227|9553|9643|9736,0
exp2_adult,rf,123,n_100,shap_anchors,True,400,400,400,400,400,400,400,0,0,True,0,,0,0,,,170,69|85|166|176|212|282|345|487|531|540|595|597|637|690|888|983|1016|1024|1069|1096|1200|1313|1332|1388|1402|1438|1453|1462|1468|1597|1802|1894|1896|1919|2070|2080|2136|2166|2175|2221|2301|2346|2410|2418|2423|2450|2462|2464|2506|2588|2632|2643|2699|2800|2908|2960|2996|3014|3024|3126|3168|3263|3310|3391|3421|3533|3614|3699|3710|3913|3926|4040|4048|4061|4182|4205|4289|4328|4335|4360|4384|4465|4501|4550|4578|4606|4670|4689|4714|4715|4805|4869|4909|4978|4998|5289|5357|5381|5396|5398|5399|5442|5455|5529|5626|5711|5777|5791|5894|5925|6053|6094|6155|6193|6303|6431|6473|6667|6676|6681|6712|6813|6874|6928|6930|6940|7041|7048|7117|7141|7171|7430|7455|7474|7491|7514|7531|7739|7932|7960|7963|8086|8103|8139|8171|8204|8218|8395|8417|8508|8614|8635|8667|8729|8826|8853|8862|8919|8976|9099|9162|9182|9195|9218|9228|9282|9285|9540|9703|9742,0
exp2_adult,rf,123,n_100,lime_anchors,True,400,400,400,400,400,400,400,0,0,True,0,,0,0,,,170,69|85|166|176|212|282|345|487|531|540|595|597|637|690|888|983|1016|1024|1069|1096|1200|1313|1332|1388|1402|1438|1453|1462|1468|1597|1802|1894|1896|1919|2070|2080|2136|2166|2175|2221|2301|2346|2410|2418|2423|2450|2462|2464|2506|2588|2632|2643|2699|2800|2908|2960|2996|3014|3024|3126|3168|3263|3310|3391|3421|3533|3614|3699|3710|3913|3926|4040|4048|4061|4182|4205|4289|4328|4335|4360|4384|4465|4501|4550|4578|4606|4670|4689|4714|4715|4805|4869|4909|4978|4998|5289|5357|5381|5396|5398|5399|5442|5455|5529|5626|5711|5777|5791|5894|5925|6053|6094|6155|6193|6303|6431|6473|6667|6676|6681|6712|6813|6874|6928|6930|6940|7041|7048|7117|7141|7171|7430|7455|7474|7491|7514|7531|7739|7932|7960|7963|8086|8103|8139|8171|8204|8218|8395|8417|8508|8614|8635|8667|8729|8826|8853|8862|8919|8976|9099|9162|9182|9195|9218|9228|9282|9285|9540|9703|9742,0
exp2_adult,rf,123,n_100,shap_dice,True,400,400,400,400,400,400,400,0,0,True,0,,0,0,,,0,,0
exp2_adult,rf,123,n_100,lime_dice,True,400,400,400,400,400,400,400,0,0,True,0,,0,0,,,0,,0
exp2_adult,rf,123,n_100,anchors_dice,True,400,400,400,400,400,400,400,0,0,True,0,,0,0,,,170,69|85|166|176|212|282|345|487|531|540|595|597|637|690|888|983|1016|1024|1069|1096|1200|1313|1332|1388|1402|1438|1453|1462|1468|1597|1802|1894|1896|1919|2070|2080|2136|2166|2175|2221|2301|2346|2410|2418|2423|2450|2462|2464|2506|2588|2632|2643|2699|2800|2908|2960|2996|3014|3024|3126|3168|3263|3310|3391|3421|3533|3614|3699|3710|3913|3926|4040|4048|4061|4182|4205|4289|4328|4335|4360|4384|4465|4501|4550|4578|4606|4670|4689|4714|4715|4805|4869|4909|4978|4998|5289|5357|5381|5396|5398|5399|5442|5455|5529|5626|5711|5777|5791|5894|5925|6053|6094|6155|6193|6303|6431|6473|6667|6676|6681|6712|6813|6874|6928|6930|6940|7041|7048|7117|7141|7171|7430|7455|7474|7491|7514|7531|7739|7932|7960|7963|8086|8103|8139|8171|8204|8218|8395|8417|8508|8614|8635|8667|8729|8826|8853|8862|8919|8976|9099|9162|9182|9195|9218|9228|9282|9285|9540|9703|9742,0
exp2_adult,rf,123,n_200,shap_anchors,True,720,720,720,720,720,720,720,0,0,True,0,,0,0,,,280,44|45|69|85|166|176|200|212|282|316|345|487|497|500|504|531|540|595|637|690|735|743|888|948|983|1024|1069|1096|1183|1200|1217|1276|1277|1313|1332|1361|1388|1402|1438|1453|1462|1466|1468|1597|1601|1711|1802|1830|1855|1894|1896|1919|1927|1948|2070|2099|2166|2175|2221|2234|2301|2346|2410|2418|2423|2450|2462|2506|2519|2542|2555|2588|2613|2631|2632|2643|2659|2669|2699|2709|2748|2759|2800|2908|2960|2996|3000|3024|3126|3159|3168|3174|3207|3263|3300|3310|3391|3412|3421|3475|3533|3587|3614|3699|3710|3714|3772|3816|3876|3910|3913|3921|3926|3995|4040|4048|4061|4122|4182|4205|4221|4282|4289|4321|4328|4335|4336|4358|4360|4374|4384|4426|4463|4465|4501|4550|4578|4602|4606|4642|4670|4689|4714|4715|4780|4802|4805|4833|4869|4909|4914|4928|4939|4978|4998|5148|5161|5215|5289|5357|5381|5396|5398|5399|5442|5455|5529|5626|5708|5711|5767|5777|5791|5826|5894|5924|5925|5948|6053|6094|6114|6116|6155|6193|6205|6294|6303|6332|6341|6409|6431|6436|6473|6478|6531|6667|6681|6712|6774|6830|6874|6928|6930|6940|7004|7041|7048|7070|7117|7141|7171|7256|7324|7455|7463|7474|7491|7514|7531|7588|7739|7777|7778|7894|7938|7960|7963|8021|8050|8084|8086|8103|8118|8126|8139|8145|8171|8204|8218|8335|8353|8395|8474|8508|8525|8572|8574|8590|8614|8635|8652|8667|8729|8826|8853|8861|8862|8868|8919|8976|9011|9054|9074|9099|9162|9182|9214|9218|9228|9282|9285|9335|9524|9540|9547|9600|9665|9671|9703|9742,0
exp2_adult,rf,123,n_200,lime_anchors,True,720,720,720,720,720,720,720,0,0,True,0,,0,0,,,280,44|45|69|85|166|176|200|212|282|316|345|487|497|500|504|531|540|595|637|690|735|743|888|948|983|1024|1069|1096|1183|1200|1217|1276|1277|1313|1332|1361|1388|1402|1438|1453|1462|1466|1468|1597|1601|1711|1802|1830|1855|1894|1896|1919|1927|1948|2070|2099|2166|2175|2221|2234|2301|2346|2410|2418|2423|2450|2462|2506|2519|2542|2555|2588|2613|2631|2632|2643|2659|2669|2699|2709|2748|2759|2800|2908|2960|2996|3000|3024|3126|3159|3168|3174|3207|3263|3300|3310|3391|3412|3421|3475|3533|3587|3614|3699|3710|3714|3772|3816|3876|3910|3913|3921|3926|3995|4040|4048|4061|4122|4182|4205|4221|4282|4289|4321|4328|4335|4336|4358|4360|4374|4384|4426|4463|4465|4501|4550|4578|4602|4606|4642|4670|4689|4714|4715|4780|4802|4805|4833|4869|4909|4914|4928|4939|4978|4998|5148|5161|5215|5289|5357|5381|5396|5398|5399|5442|5455|5529|5626|5708|5711|5767|5777|5791|5826|5894|5924|5925|5948|6053|6094|6114|6116|6155|6193|6205|6294|6303|6332|6341|6409|6431|6436|6473|6478|6531|6667|6681|6712|6774|6830|6874|6928|6930|6940|7004|7041|7048|7070|7117|7141|7171|7256|7324|7455|7463|7474|7491|7514|7531|7588|7739|7777|7778|7894|7938|7960|7963|8021|8050|8084|8086|8103|8118|8126|8139|8145|8171|8204|8218|8335|8353|8395|8474|8508|8525|8572|8574|8590|8614|8635|8652|8667|8729|8826|8853|8861|8862|8868|8919|8976|9011|9054|9074|9099|9162|9182|9214|9218|9228|9282|9285|9335|9524|9540|9547|9600|9665|9671|9703|9742,0
exp2_adult,rf,123,n_200,shap_dice,True,720,799,720,800,720,799,126,594,673,False,27,212|1368|2221|2301|2423|2450|2832|3376|3572|3995|4142|4277|4415|4915|5373|5639|6147|6193|7324|7672|7744|7894|8460|8662|9195|9258|9622,0,0,,,0,,0
exp2_adult,rf,123,n_200,lime_dice,True,720,799,720,800,720,799,126,594,673,False,27,212|1368|2221|2301|2423|2450|2832|3376|3572|3995|4142|4277|4415|4915|5373|5639|6147|6193|7324|7672|7744|7894|8460|8662|9195|9258|9622,0,0,,,0,,0
exp2_adult,rf,123,n_200,anchors_dice,True,720,799,720,800,720,799,126,594,673,False,27,212|1368|2221|2301|2423|2450|2832|3376|3572|3995|4142|4277|4415|4915|5373|5639|6147|6193|7324|7672|7744|7894|8460|8662|9195|9258|9622,0,0,,,38,637|743|1276|1277|1462|1468|1894|2166|2410|2506|2588|2631|2800|3310|3910|4328|4358|4374|4384|4780|4802|5529|6155|6303|6930|7117|7171|7514|8171|8335|8395|8572|8868|9099|9228|9665|9671|9703,0
exp2_adult,rf,123,n_50,shap_anchors,True,200,200,200,200,200,200,200,0,0,True,0,,0,0,,,79,69|212|345|504|531|540|595|637|1024|1332|1388|1462|1468|1597|1896|1919|2070|2080|2175|2199|2346|2418|2450|2462|2464|2506|2699|3126|3168|3263|3310|3913|4061|4328|4335|4360|4384|4465|4501|4550|4578|4670|4689|4805|4869|4909|5289|5442|5529|5626|5711|5791|5925|5998|6874|6930|7041|7048|7141|7430|7531|7739|7960|8180|8218|8395|8508|8614|8635|8667|8729|8862|8919|8976|9099|9162|9228|9540|9703,0
exp2_adult,rf,123,n_50,lime_anchors,True,200,200,200,200,200,200,200,0,0,True,0,,0,0,,,79,69|212|345|504|531|540|595|637|1024|1332|1388|1462|1468|1597|1896|1919|2070|2080|2175|2199|2346|2418|2450|2462|2464|2506|2699|3126|3168|3263|3310|3913|4061|4328|4335|4360|4384|4465|4501|4550|4578|4670|4689|4805|4869|4909|5289|5442|5529|5626|5711|5791|5925|5998|6874|6930|7041|7048|7141|7430|7531|7739|7960|8180|8218|8395|8508|8614|8635|8667|8729|8862|8919|8976|9099|9162|9228|9540|9703,0
exp2_adult,rf,123,n_50,shap_dice,True,200,200,200,200,200,200,200,0,0,True,0,,0,0,,,0,,0
exp2_adult,rf,123,n_50,lime_dice,True,200,200,200,200,200,200,200,0,0,True,0,,0,0,,,0,,0
exp2_adult,rf,123,n_50,anchors_dice,True,200,200,200,200,200,200,200,0,0,True,0,,0,0,,,79,69|212|345|504|531|540|595|637|1024|1332|1388|1462|1468|1597|1896|1919|2070|2080|2175|2199|2346|2418|2450|2462|2464|2506|2699|3126|3168|3263|3310|3913|4061|4328|4335|4360|4384|4465|4501|4550|4578|4670|4689|4805|4869|4909|5289|5442|5529|5626|5711|5791|5925|5998|6874|6930|7041|7048|7141|7430|7531|7739|7960|8180|8218|8395|8508|8614|8635|8667|8729|8862|8919|8976|9099|9162|9228|9540|9703,0
exp2_adult,rf,42,n_100,shap_anchors,True,400,400,400,400,400,400,32,368,368,False,7,3156|3163|7060|7326|7630|7919|8832,0,0,,,0,,0
exp2_adult,rf,42,n_100,lime_anchors,True,400,400,400,400,400,400,32,368,368,False,7,3156|3163|7060|7326|7630|7919|8832,0,0,,,0,,0
exp2_adult,rf,42,n_100,shap_dice,True,400,400,400,400,400,400,400,0,0,True,0,,0,0,,,0,,0
exp2_adult,rf,42,n_100,lime_dice,True,400,400,400,400,400,400,400,0,0,True,0,,0,0,,,0,,0
exp2_adult,rf,42,n_100,anchors_dice,True,400,400,400,400,400,400,32,368,368,False,7,3156|3163|7060|7326|7630|7919|8832,0,0,,,0,,0
exp2_adult,rf,42,n_200,shap_anchors,True,800,800,800,800,800,800,800,0,0,True,0,,0,0,,,315,45|63|125|175|205|226|247|305|335|337|359|419|450|471|502|503|524|539|559|564|570|575|588|590|655|681|751|755|798|811|818|866|867|880|913|922|955|959|1106|1107|1186|1225|1267|1355|1364|1460|1589|1599|1624|1645|1655|1700|1702|1708|1739|1752|1787|1793|1802|1841|1858|1864|1892|1903|1935|1949|1960|1999|2046|2056|2148|2157|2168|2174|2186|2197|2201|2258|2264|2327|2336|2395|2410|2449|2502|2514|2521|2525|2548|2648|2680|2690|2695|2710|2720|2728|2739|2759|2850|2899|2924|2952|3025|3040|3085|3087|3101|3125|3163|3165|3229|3262|3350|3422|3485|3511|3567|3594|3666|3708|3769|3792|3808|3816|3850|3992|3996|4005|4010|4078|4101|4112|4152|4157|4218|4254|4255|4304|4311|4318|4330|4334|4459|4501|4511|4517|4525|4546|4598|4609|4632|4636|4677|4697|4722|4758|4820|4831|4835|4873|4910|4975|4981|5055|5113|5173|5180|5203|5241|5259|5318|5337|5375|5426|5461|5471|5554|5563|5574|5595|5678|5775|5851|5859|5895|5941|5968|6040|6056|6081|6133|6149|6157|6166|6207|6249|6268|6273|6291|6316|6343|6372|6436|6464|6474|6547|6564|6612|6615|6618|6656|6682|6711|6788|6800|6810|6837|6859|6914|6922|7051|7060|7118|7125|7161|7209|7256|7281|7322|7405|7432|7463|7520|7524|7531|7554|7648|7678|7733|7755|7770|7816|7828|7843|7853|7858|7893|7905|7930|7967|7976|7990|8001|8004|8009|8063|8072|8085|8092|8096|8107|8108|8171|8174|8177|8205|8225|8316|8318|8321|8339|8349|8362|8431|8528|8556|8589|8695|8703|8767|8821|8851|8852|8860|8881|8917|8936|8983|8999|9020|9109|9129|9157|9160|9186|9218|9235|9261|9319|9350|9371|9383|9386|9391|9423|9430|9461|9479|9520|9521|9644|9674|9683|9695|9730,0
exp2_adult,rf,42,n_200,lime_anchors,True,800,800,800,800,800,800,800,0,0,True,0,,0,0,,,315,45|63|125|175|205|226|247|305|335|337|359|419|450|471|502|503|524|539|559|564|570|575|588|590|655|681|751|755|798|811|818|866|867|880|913|922|955|959|1106|1107|1186|1225|1267|1355|1364|1460|1589|1599|1624|1645|1655|1700|1702|1708|1739|1752|1787|1793|1802|1841|1858|1864|1892|1903|1935|1949|1960|1999|2046|2056|2148|2157|2168|2174|2186|2197|2201|2258|2264|2327|2336|2395|2410|2449|2502|2514|2521|2525|2548|2648|2680|2690|2695|2710|2720|2728|2739|2759|2850|2899|2924|2952|3025|3040|3085|3087|3101|3125|3163|3165|3229|3262|3350|3422|3485|3511|3567|3594|3666|3708|3769|3792|3808|3816|3850|3992|3996|4005|4010|4078|4101|4112|4152|4157|4218|4254|4255|4304|4311|4318|4330|4334|4459|4501|4511|4517|4525|4546|4598|4609|4632|4636|4677|4697|4722|4758|4820|4831|4835|4873|4910|4975|4981|5055|5113|5173|5180|5203|5241|5259|5318|5337|5375|5426|5461|5471|5554|5563|5574|5595|5678|5775|5851|5859|5895|5941|5968|6040|6056|6081|6133|6149|6157|6166|6207|6249|6268|6273|6291|6316|6343|6372|6436|6464|6474|6547|6564|6612|6615|6618|6656|6682|6711|6788|6800|6810|6837|6859|6914|6922|7051|7060|7118|7125|7161|7209|7256|7281|7322|7405|7432|7463|7520|7524|7531|7554|7648|7678|7733|7755|7770|7816|7828|7843|7853|7858|7893|7905|7930|7967|7976|7990|8001|8004|8009|8063|8072|8085|8092|8096|8107|8108|8171|8174|8177|8205|8225|8316|8318|8321|8339|8349|8362|8431|8528|8556|8589|8695|8703|8767|8821|8851|8852|8860|8881|8917|8936|8983|8999|9020|9109|9129|9157|9160|9186|9218|9235|9261|9319|9350|9371|9383|9386|9391|9423|9430|9461|9479|9520|9521|9644|9674|9683|9695|9730,0
exp2_adult,rf,42,n_200,shap_dice,True,800,800,800,800,800,800,800,0,0,True,0,,0,0,,,0,,0
exp2_adult,rf,42,n_200,lime_dice,True,800,800,800,800,800,800,800,0,0,True,0,,0,0,,,0,,0
exp2_adult,rf,42,n_200,anchors_dice,True,800,800,800,800,800,800,800,0,0,True,0,,0,0,,,315,45|63|125|175|205|226|247|305|335|337|359|419|450|471|502|503|524|539|559|564|570|575|588|590|655|681|751|755|798|811|818|866|867|880|913|922|955|959|1106|1107|1186|1225|1267|1355|1364|1460|1589|1599|1624|1645|1655|1700|1702|1708|1739|1752|1787|1793|1802|1841|1858|1864|1892|1903|1935|1949|1960|1999|2046|2056|2148|2157|2168|2174|2186|2197|2201|2258|2264|2327|2336|2395|2410|2449|2502|2514|2521|2525|2548|2648|2680|2690|2695|2710|2720|2728|2739|2759|2850|2899|2924|2952|3025|3040|3085|3087|3101|3125|3163|3165|3229|3262|3350|3422|3485|3511|3567|3594|3666|3708|3769|3792|3808|3816|3850|3992|3996|4005|4010|4078|4101|4112|4152|4157|4218|4254|4255|4304|4311|4318|4330|4334|4459|4501|4511|4517|4525|4546|4598|4609|4632|4636|4677|4697|4722|4758|4820|4831|4835|4873|4910|4975|4981|5055|5113|5173|5180|5203|5241|5259|5318|5337|5375|5426|5461|5471|5554|5563|5574|5595|5678|5775|5851|5859|5895|5941|5968|6040|6056|6081|6133|6149|6157|6166|6207|6249|6268|6273|6291|6316|6343|6372|6436|6464|6474|6547|6564|6612|6615|6618|6656|6682|6711|6788|6800|6810|6837|6859|6914|6922|7051|7060|7118|7125|7161|7209|7256|7281|7322|7405|7432|7463|7520|7524|7531|7554|7648|7678|7733|7755|7770|7816|7828|7843|7853|7858|7893|7905|7930|7967|7976|7990|8001|8004|8009|8063|8072|8085|8092|8096|8107|8108|8171|8174|8177|8205|8225|8316|8318|8321|8339|8349|8362|8431|8528|8556|8589|8695|8703|8767|8821|8851|8852|8860|8881|8917|8936|8983|8999|9020|9109|9129|9157|9160|9186|9218|9235|9261|9319|9350|9371|9383|9386|9391|9423|9430|9461|9479|9520|9521|9644|9674|9683|9695|9730,0
exp2_adult,rf,42,n_50,shap_anchors,True,200,200,200,200,200,200,200,0,0,True,0,,0,0,,,81,205|359|502|559|575|655|798|880|922|1267|1364|1391|1624|1935|1949|1999|2174|2186|2201|2264|2336|2514|2525|2555|2680|2695|2710|3087|3101|3567|3708|4254|4334|4459|4546|4697|4722|4758|4873|4910|5113|5180|5203|5337|5426|5563|5737|5895|6040|6081|6133|6343|6372|6656|7125|7463|7733|7770|7816|7853|8001|8063|8092|8107|8316|8318|8362|8431|8556|8589|8851|8860|8983|9020|9160|9186|9218|9371|9520|9683|9695,0
exp2_adult,rf,42,n_50,lime_anchors,True,200,200,200,200,200,200,200,0,0,True,0,,0,0,,,81,205|359|502|559|575|655|798|880|922|1267|1364|1391|1624|1935|1949|1999|2174|2186|2201|2264|2336|2514|2525|2555|2680|2695|2710|3087|3101|3567|3708|4254|4334|4459|4546|4697|4722|4758|4873|4910|5113|5180|5203|5337|5426|5563|5737|5895|6040|6081|6133|6343|6372|6656|7125|7463|7733|7770|7816|7853|8001|8063|8092|8107|8316|8318|8362|8431|8556|8589|8851|8860|8983|9020|9160|9186|9218|9371|9520|9683|9695,0
exp2_adult,rf,42,n_50,shap_dice,True,200,200,200,200,200,200,200,0,0,True,0,,0,0,,,0,,0
exp2_adult,rf,42,n_50,lime_dice,True,200,200,200,200,200,200,200,0,0,True,0,,0,0,,,0,,0
exp2_adult,rf,42,n_50,anchors_dice,True,200,200,200,200,200,200,200,0,0,True,0,,0,0,,,81,205|359|502|559|575|655|798|880|922|1267|1364|1391|1624|1935|1949|1999|2174|2186|2201|2264|2336|2514|2525|2555|2680|2695|2710|3087|3101|3567|3708|4254|4334|4459|4546|4697|4722|4758|4873|4910|5113|5180|5203|5337|5426|5563|5737|5895|6040|6081|6133|6343|6372|6656|7125|7463|7733|7770|7816|7853|8001|8063|8092|8107|8316|8318|8362|8431|8556|8589|8851|8860|8983|9020|9160|9186|9218|9371|9520|9683|9695,0
exp2_adult,rf,456,n_100,shap_anchors,True,400,400,400,400,400,400,400,0,0,True,0,,0,0,,,159,0|1|24|39|88|120|214|248|305|324|644|675|677|698|721|750|799|804|821|924|1033|1150|1278|1372|1420|1484|1485|1740|1745|1759|1791|1860|1910|1990|2142|2195|2217|2228|2367|2379|2423|2476|2654|2708|2752|2764|2798|2898|2904|2909|2950|3103|3180|3185|3377|3392|3425|3426|3565|3592|3727|3747|3939|4035|4094|4201|4330|4344|4380|4512|4537|4688|4705|4722|4731|4856|4858|4881|4945|5010|5044|5053|5113|5186|5208|5280|5307|5489|5525|5652|5694|5780|5816|6062|6327|6490|6579|6613|6634|6638|6642|6738|6766|6768|6855|6894|7029|7052|7163|7185|7364|7365|7388|7391|7507|7557|7573|7587|7615|7650|7811|7820|7861|7866|7912|7975|8015|8022|8054|8061|8062|8126|8131|8177|8265|8286|8319|8405|8425|8509|8706|8850|8964|9006|9062|9112|9164|9248|9263|9274|9279|9511|9514|9515|9544|9578|9585|9606|9712,0
exp2_adult,rf,456,n_100,lime_anchors,True,400,400,400,400,400,400,400,0,0,True,0,,0,0,,,159,0|1|24|39|88|120|214|248|305|324|644|675|677|698|721|750|799|804|821|924|1033|1150|1278|1372|1420|1484|1485|1740|1745|1759|1791|1860|1910|1990|2142|2195|2217|2228|2367|2379|2423|2476|2654|2708|2752|2764|2798|2898|2904|2909|2950|3103|3180|3185|3377|3392|3425|3426|3565|3592|3727|3747|3939|4035|4094|4201|4330|4344|4380|4512|4537|4688|4705|4722|4731|4856|4858|4881|4945|5010|5044|5053|5113|5186|5208|5280|5307|5489|5525|5652|5694|5780|5816|6062|6327|6490|6579|6613|6634|6638|6642|6738|6766|6768|6855|6894|7029|7052|7163|7185|7364|7365|7388|7391|7507|7557|7573|7587|7615|7650|7811|7820|7861|7866|7912|7975|8015|8022|8054|8061|8062|8126|8131|8177|8265|8286|8319|8405|8425|8509|8706|8850|8964|9006|9062|9112|9164|9248|9263|9274|9279|9511|9514|9515|9544|9578|9585|9606|9712,0
exp2_adult,rf,456,n_100,shap_dice,True,400,400,400,400,400,400,212,188,188,False,2,302|4856,0,0,,,0,,0
exp2_adult,rf,456,n_100,lime_dice,True,400,400,400,400,400,400,212,188,188,False,2,302|4856,0,0,,,0,,0
exp2_adult,rf,456,n_100,anchors_dice,True,400,400,400,400,400,400,212,188,188,False,2,302|4856,0,0,,,105,0|1|39|88|120|214|248|324|675|698|799|821|1278|1372|1420|1485|1740|1745|1759|1791|1860|1990|2142|2217|2228|2367|2379|2423|2476|2708|2752|2764|2798|2898|2904|2950|3180|3185|3392|3425|3727|3747|3939|4035|4512|4688|4705|4722|4731|4858|4881|4945|5010|5044|5053|5113|5186|5208|5280|5307|5489|5525|5652|5694|5780|5816|6579|6613|6634|6642|6738|6766|7029|7052|7185|7364|7365|7557|7573|7650|7811|7866|8015|8061|8126|8177|8286|8319|8425|8509|8850|8964|9006|9112|9164|9248|9263|9274|9279|9511|9515|9578|9585|9606|9712,0
exp2_adult,rf,456,n_200,shap_anchors,True,689,689,689,689,689,689,689,0,0,True,0,,0,0,,,255,0|1|24|39|76|88|205|214|248|305|324|334|546|559|600|644|675|677|698|721|750|757|799|804|821|845|864|924|1033|1118|1121|1147|1148|1150|1201|1204|1207|1278|1361|1372|1420|1475|1484|1485|1532|1610|1740|1745|1759|1791|1860|1910|1990|2136|2142|2195|2217|2225|2228|2324|2363|2367|2379|2423|2476|2558|2654|2671|2696|2708|2752|2764|2768|2779|2798|2898|2904|2909|2920|2950|3103|3162|3170|3180|3185|3377|3392|3425|3426|3479|3483|3565|3592|3727|3728|3747|3766|3783|3840|3939|4035|4050|4094|4173|4184|4201|4330|4344|4380|4444|4512|4537|4679|4688|4705|4722|4731|4791|4808|4856|4858|4881|4934|4945|5006|5010|5053|5102|5113|5149|5186|5208|5264|5280|5307|5361|5365|5408|5489|5525|5652|5694|5780|5795|5816|5826|5979|5991|6048|6059|6068|6140|6141|6188|6205|6215|6265|6281|6327|6402|6490|6579|6587|6613|6634|6638|6642|6697|6735|6738|6746|6766|6768|6797|6839|6855|6894|7029|7052|7117|7163|7185|7231|7233|7307|7364|7388|7391|7486|7507|7511|7557|7573|7576|7587|7615|7650|7700|7811|7820|7861|7866|7912|7946|8015|8022|8054|8061|8062|8126|8131|8177|8265|8286|8319|8405|8425|8509|8544|8634|8637|8644|8706|8850|8963|8964|9062|9102|9112|9164|9206|9244|9248|9263|9266|9274|9278|9279|9329|9358|9509|9511|9514|9515|9524|9534|9544|9578|9585|9594|9600|9606|9645|9683|9712,0
exp2_adult,rf,456,n_200,lime_anchors,True,689,689,689,689,689,689,689,0,0,True,0,,0,0,,,255,0|1|24|39|76|88|205|214|248|305|324|334|546|559|600|644|675|677|698|721|750|757|799|804|821|845|864|924|1033|1118|1121|1147|1148|1150|1201|1204|1207|1278|1361|1372|1420|1475|1484|1485|1532|1610|1740|1745|1759|1791|1860|1910|1990|2136|2142|2195|2217|2225|2228|2324|2363|2367|2379|2423|2476|2558|2654|2671|2696|2708|2752|2764|2768|2779|2798|2898|2904|2909|2920|2950|3103|3162|3170|3180|3185|3377|3392|3425|3426|3479|3483|3565|3592|3727|3728|3747|3766|3783|3840|3939|4035|4050|4094|4173|4184|4201|4330|4344|4380|4444|4512|4537|4679|4688|4705|4722|4731|4791|4808|4856|4858|4881|4934|4945|5006|5010|5053|5102|5113|5149|5186|5208|5264|5280|5307|5361|5365|5408|5489|5525|5652|5694|5780|5795|5816|5826|5979|5991|6048|6059|6068|6140|6141|6188|6205|6215|6265|6281|6327|6402|6490|6579|6587|6613|6634|6638|6642|6697|6735|6738|6746|6766|6768|6797|6839|6855|6894|7029|7052|7117|7163|7185|7231|7233|7307|7364|7388|7391|7486|7507|7511|7557|7573|7576|7587|7615|7650|7700|7811|7820|7861|7866|7912|7946|8015|8022|8054|8061|8062|8126|8131|8177|8265|8286|8319|8405|8425|8509|8544|8634|8637|8644|8706|8850|8963|8964|9062|9102|9112|9164|9206|9244|9248|9263|9266|9274|9278|9279|9329|9358|9509|9511|9514|9515|9524|9534|9544|9578|9585|9594|9600|9606|9645|9683|9712,0
exp2_adult,rf,456,n_200,shap_dice,True,689,689,689,689,689,689,689,0,0,True,0,,0,0,,,0,,0
exp2_adult,rf,456,n_200,lime_dice,True,689,689,689,689,689,689,689,0,0,True,0,,0,0,,,0,,0
exp2_adult,rf,456,n_200,anchors_dice,True,689,689,689,689,689,689,689,0,0,True,0,,0,0,,,255,0|1|24|39|76|88|205|214|248|305|324|334|546|559|600|644|675|677|698|721|750|757|799|804|821|845|864|924|1033|1118|1121|1147|1148|1150|1201|1204|1207|1278|1361|1372|1420|1475|1484|1485|1532|1610|1740|1745|1759|1791|1860|1910|1990|2136|2142|2195|2217|2225|2228|2324|2363|2367|2379|2423|2476|2558|2654|2671|2696|2708|2752|2764|2768|2779|2798|2898|2904|2909|2920|2950|3103|3162|3170|3180|3185|3377|3392|3425|3426|3479|3483|3565|3592|3727|3728|3747|3766|3783|3840|3939|4035|4050|4094|4173|4184|4201|4330|4344|4380|4444|4512|4537|4679|4688|4705|4722|4731|4791|4808|4856|4858|4881|4934|4945|5006|5010|5053|5102|5113|5149|5186|5208|5264|5280|5307|5361|5365|5408|5489|5525|5652|5694|5780|5795|5816|5826|5979|5991|6048|6059|6068|6140|6141|6188|6205|6215|6265|6281|6327|6402|6490|6579|6587|6613|6634|6638|6642|6697|6735|6738|6746|6766|6768|6797|6839|6855|6894|7029|7052|7117|7163|7185|7231|7233|7307|7364|7388|7391|7486|7507|7511|7557|7573|7576|7587|7615|7650|7700|7811|7820|7861|7866|7912|7946|8015|8022|8054|8061|8062|8126|8131|8177|8265|8286|8319|8405|8425|8509|8544|8634|8637|8644|8706|8850|8963|8964|9062|9102|9112|9164|9206|9244|9248|9263|9266|9274|9278|9279|9329|9358|9509|9511|9514|9515|9524|9534|9544|9578|9585|9594|9600|9606|9645|9683|9712,0
exp2_adult,rf,456,n_50,shap_anchors,True,200,200,200,200,200,200,200,0,0,True,0,,0,0,,,76,0|248|324|334|698|799|804|821|1150|1278|1745|1791|1937|2228|2423|2603|2654|2764|2798|2904|2909|2950|3103|3180|3392|3425|3426|3565|3727|3747|4094|4246|4323|4344|4537|4688|4705|5053|5186|5208|5280|5525|5780|5816|6579|6603|6768|6855|7185|7507|7587|7615|7650|7811|7912|8054|8177|8265|8286|8450|8494|8850|8912|9062|9112|9248|9274|9279|9514|9515|9524|9544|9578|9585|9683|9712,0
exp2_adult,rf,456,n_50,lime_anchors,True,200,200,200,200,200,200,200,0,0,True,0,,0,0,,,76,0|248|324|334|698|799|804|821|1150|1278|1745|1791|1937|2228|2423|2603|2654|2764|2798|2904|2909|2950|3103|3180|3392|3425|3426|3565|3727|3747|4094|4246|4323|4344|4537|4688|4705|5053|5186|5208|5280|5525|5780|5816|6579|6603|6768|6855|7185|7507|7587|7615|7650|7811|7912|8054|8177|8265|8286|8450|8494|8850|8912|9062|9112|9248|9274|9279|9514|9515|9524|9544|9578|9585|9683|9712,0
exp2_adult,rf,456,n_50,shap_dice,True,200,200,200,200,200,200,12,188,188,False,1,248,0,0,,,0,,0
exp2_adult,rf,456,n_50,lime_dice,True,200,200,200,200,200,200,12,188,188,False,1,248,0,0,,,0,,0
exp2_adult,rf,456,n_50,anchors_dice,True,200,200,200,200,200,200,12,188,188,False,1,248,0,0,,,3,5186|7912|8450,0
exp2_adult,rf,789,n_100,shap_anchors,True,400,400,400,400,400,400,400,0,0,True,0,,0,0,,,172,46|116|241|250|299|372|413|443|449|452|547|585|702|738|755|831|846|851|858|882|893|911|949|1015|1029|1130|1141|1190|1195|1253|1365|1371|1493|1584|1613|1657|1659|1690|1816|1888|1891|2008|2048|2050|2115|2162|2175|2230|2243|2268|2385|2425|2432|2445|2461|2512|2593|2662|2665|2677|2775|2789|2793|2795|2837|2912|3048|3124|3365|3477|3490|3607|3623|3667|3737|3764|3765|3816|3819|3840|4073|4074|4106|4115|4218|4326|4402|4439|4577|4640|4652|4678|4770|4918|4969|5044|5075|5096|5100|5133|5308|5350|5415|5594|5924|6009|6039|6285|6308|6388|6411|6421|6508|6524|6527|6533|6567|6576|6707|6742|6772|6799|6850|6894|6897|6913|7037|7062|7068|7070|7089|7099|7118|7227|7315|7510|7540|7618|7624|7658|7723|7751|7783|7795|7863|8015|8026|8073|8141|8259|8264|8296|8298|8304|8358|8448|8491|8603|8663|8872|8971|9013|9191|9289|9296|9310|9313|9375|9471|9497|9634|9680,0
exp2_adult,rf,789,n_100,lime_anchors,True,400,400,400,400,400,400,400,0,0,True,0,,0,0,,,172,46|116|241|250|299|372|413|443|449|452|547|585|702|738|755|831|846|851|858|882|893|911|949|1015|1029|1130|1141|1190|1195|1253|1365|1371|1493|1584|1613|1657|1659|1690|1816|1888|1891|2008|2048|2050|2115|2162|2175|2230|2243|2268|2385|2425|2432|2445|2461|2512|2593|2662|2665|2677|2775|2789|2793|2795|2837|2912|3048|3124|3365|3477|3490|3607|3623|3667|3737|3764|3765|3816|3819|3840|4073|4074|4106|4115|4218|4326|4402|4439|4577|4640|4652|4678|4770|4918|4969|5044|5075|5096|5100|5133|5308|5350|5415|5594|5924|6009|6039|6285|6308|6388|6411|6421|6508|6524|6527|6533|6567|6576|6707|6742|6772|6799|6850|6894|6897|6913|7037|7062|7068|7070|7089|7099|7118|7227|7315|7510|7540|7618|7624|7658|7723|7751|7783|7795|7863|8015|8026|8073|8141|8259|8264|8296|8298|8304|8358|8448|8491|8603|8663|8872|8971|9013|9191|9289|9296|9310|9313|9375|9471|9497|9634|9680,0
exp2_adult,rf,789,n_100,shap_dice,True,400,400,400,400,400,400,400,0,0,True,0,,0,0,,,0,,0
exp2_adult,rf,789,n_100,lime_dice,True,400,400,400,400,400,400,400,0,0,True,0,,0,0,,,0,,0
exp2_adult,rf,789,n_100,anchors_dice,True,400,400,400,400,400,400,400,0,0,True,0,,0,0,,,172,46|116|241|250|299|372|413|443|449|452|547|585|702|738|755|831|846|851|858|882|893|911|949|1015|1029|1130|1141|1190|1195|1253|1365|1371|1493|1584|1613|1657|1659|1690|1816|1888|1891|2008|2048|2050|2115|2162|2175|2230|2243|2268|2385|2425|2432|2445|2461|2512|2593|2662|2665|2677|2775|2789|2793|2795|2837|2912|3048|3124|3365|3477|3490|3607|3623|3667|3737|3764|3765|3816|3819|3840|4073|4074|4106|4115|4218|4326|4402|4439|4577|4640|4652|4678|4770|4918|4969|5044|5075|5096|5100|5133|5308|5350|5415|5594|5924|6009|6039|6285|6308|6388|6411|6421|6508|6524|6527|6533|6567|6576|6707|6742|6772|6799|6850|6894|6897|6913|7037|7062|7068|7070|7089|7099|7118|7227|7315|7510|7540|7618|7624|7658|7723|7751|7783|7795|7863|8015|8026|8073|8141|8259|8264|8296|8298|8304|8358|8448|8491|8603|8663|8872|8971|9013|9191|9289|9296|9310|9313|9375|9471|9497|9634|9680,0
exp2_adult,rf,789,n_200,shap_anchors,True,676,800,676,800,676,800,125,551,675,False,23,62|412|878|1773|2166|2643|2710|3707|3856|4121|4142|4577|4918|5292|6816|7002|7540|7863|8141|8485|9519|9566|9709,0,0,,,4,3365|3447|7062|9408,0
exp2_adult,rf,789,n_200,lime_anchors,True,676,800,676,800,676,800,125,551,675,False,23,62|412|878|1773|2166|2643|2710|3707|3856|4121|4142|4577|4918|5292|6816|7002|7540|7863|8141|8485|9519|9566|9709,0,0,,,4,3365|3447|7062|9408,0
exp2_adult,rf,789,n_200,shap_dice,True,676,800,676,800,676,800,125,551,675,False,23,62|412|878|1773|2166|2643|2710|3707|3856|4121|4142|4577|4918|5292|6816|7002|7540|7863|8141|8485|9519|9566|9709,0,0,,,0,,0
exp2_adult,rf,789,n_200,lime_dice,True,676,800,676,800,676,800,125,551,675,False,23,62|412|878|1773|2166|2643|2710|3707|3856|4121|4142|4577|4918|5292|6816|7002|7540|7863|8141|8485|9519|9566|9709,0,0,,,0,,0
exp2_adult,rf,789,n_200,anchors_dice,True,800,800,800,800,800,800,800,0,0,True,0,,0,0,,,42,246|867|1193|1534|1629|1883|1884|2284|2391|2561|2691|2701|2710|2794|2804|3146|3365|3447|3651|4634|4715|4722|4879|5251|5288|5301|5704|5708|5876|5946|5970|7002|7062|7321|7628|7728|8225|8283|8362|8500|9408|9539,0
exp2_adult,rf,789,n_50,shap_anchors,True,200,200,200,200,200,200,8,192,192,False,0,,0,0,,,1,3365,0
exp2_adult,rf,789,n_50,lime_anchors,True,200,200,200,200,200,200,8,192,192,False,0,,0,0,,,1,3365,0
exp2_adult,rf,789,n_50,shap_dice,True,200,200,200,200,200,200,8,192,192,False,0,,0,0,,,0,,0
exp2_adult,rf,789,n_50,lime_dice,True,200,200,200,200,200,200,8,192,192,False,0,,0,0,,,0,,0
exp2_adult,rf,789,n_50,anchors_dice,True,200,200,200,200,200,200,200,0,0,True,1,9499,0,0,,,8,1629|3365|5251|5288|7062|7321|8225|8283,0
exp2_adult,rf,999,n_100,shap_anchors,True,400,400,400,400,400,400,400,0,0,True,0,,0,0,,,167,11|149|473|510|547|609|616|661|676|682|790|977|1009|1030|1036|1165|1183|1227|1232|1265|1266|1287|1319|1418|1683|1704|1755|1909|1962|2022|2121|2247|2261|2428|2522|2526|2606|2675|2709|2742|2785|2923|2930|3012|3020|3039|3060|3096|3147|3230|3233|3301|3326|3343|3376|3411|3417|3423|3430|3469|3470|3525|3527|3644|3664|3702|3706|3839|3846|3875|3912|3976|4059|4189|4191|4222|4340|4392|4460|4473|4486|4517|4623|4627|4629|4651|4730|4732|4818|4823|4829|4901|4994|5011|5079|5161|5217|5251|5349|5389|5460|5617|5695|5795|5892|5899|5950|6001|6002|6022|6038|6113|6118|6294|6306|6347|6435|6505|6516|6537|6561|6609|6631|6651|6655|6751|6828|6916|7046|7238|7281|7323|7376|7441|7470|7614|7626|7647|7667|7668|7732|7762|7817|7844|8122|8140|8452|8487|8678|8729|8731|8801|8879|8902|8955|9030|9056|9091|9128|9286|9451|9462|9497|9579|9583|9729|9736,0
exp2_adult,rf,999,n_100,lime_anchors,True,400,400,400,400,400,400,400,0,0,True,0,,0,0,,,167,11|149|473|510|547|609|616|661|676|682|790|977|1009|1030|1036|1165|1183|1227|1232|1265|1266|1287|1319|1418|1683|1704|1755|1909|1962|2022|2121|2247|2261|2428|2522|2526|2606|2675|2709|2742|2785|2923|2930|3012|3020|3039|3060|3096|3147|3230|3233|3301|3326|3343|3376|3411|3417|3423|3430|3469|3470|3525|3527|3644|3664|3702|3706|3839|3846|3875|3912|3976|4059|4189|4191|4222|4340|4392|4460|4473|4486|4517|4623|4627|4629|4651|4730|4732|4818|4823|4829|4901|4994|5011|5079|5161|5217|5251|5349|5389|5460|5617|5695|5795|5892|5899|5950|6001|6002|6022|6038|6113|6118|6294|6306|6347|6435|6505|6516|6537|6561|6609|6631|6651|6655|6751|6828|6916|7046|7238|7281|7323|7376|7441|7470|7614|7626|7647|7667|7668|7732|7762|7817|7844|8122|8140|8452|8487|8678|8729|8731|8801|8879|8902|8955|9030|9056|9091|9128|9286|9451|9462|9497|9579|9583|9729|9736,0
exp2_adult,rf,999,n_100,shap_dice,True,400,400,400,400,400,400,400,0,0,True,0,,0,0,,,0,,0
exp2_adult,rf,999,n_100,lime_dice,True,400,400,400,400,400,400,400,0,0,True,0,,0,0,,,0,,0
exp2_adult,rf,999,n_100,anchors_dice,True,400,400,400,400,400,400,400,0,0,True,0,,0,0,,,167,11|149|473|510|547|609|616|661|676|682|790|977|1009|1030|1036|1165|1183|1227|1232|1265|1266|1287|1319|1418|1683|1704|1755|1909|1962|2022|2121|2247|2261|2428|2522|2526|2606|2675|2709|2742|2785|2923|2930|3012|3020|3039|3060|3096|3147|3230|3233|3301|3326|3343|3376|3411|3417|3423|3430|3469|3470|3525|3527|3644|3664|3702|3706|3839|3846|3875|3912|3976|4059|4189|4191|4222|4340|4392|4460|4473|4486|4517|4623|4627|4629|4651|4730|4732|4818|4823|4829|4901|4994|5011|5079|5161|5217|5251|5349|5389|5460|5617|5695|5795|5892|5899|5950|6001|6002|6022|6038|6113|6118|6294|6306|6347|6435|6505|6516|6537|6561|6609|6631|6651|6655|6751|6828|6916|7046|7238|7281|7323|7376|7441|7470|7614|7626|7647|7667|7668|7732|7762|7817|7844|8122|8140|8452|8487|8678|8729|8731|8801|8879|8902|8955|9030|9056|9091|9128|9286|9451|9462|9497|9579|9583|9729|9736,0
exp2_adult,rf,999,n_200,shap_anchors,True,718,800,718,800,718,800,143,575,657,False,30,154|607|609|614|738|1143|1265|1644|2709|3744|4374|4477|4651|4697|4994|5513|5918|6261|6347|6451|6815|6828|6973|7086|7631|8308|8538|8807|9367|9680,0,0,,,2,6118|6227,0
exp2_adult,rf,999,n_200,lime_anchors,True,718,800,718,800,718,800,143,575,657,False,30,154|607|609|614|738|1143|1265|1644|2709|3744|4374|4477|4651|4697|4994|5513|5918|6261|6347|6451|6815|6828|6973|7086|7631|8308|8538|8807|9367|9680,0,0,,,2,6118|6227,0
exp2_adult,rf,999,n_200,shap_dice,True,718,800,718,800,718,800,143,575,657,False,32,154|607|609|614|738|1073|1143|1265|1644|2709|3744|4374|4477|4651|4697|4994|5513|5918|6261|6347|6451|6815|6828|6973|7086|7631|8308|8538|8807|9367|9379|9680,0,0,,,0,,0
exp2_adult,rf,999,n_200,lime_dice,True,718,800,718,800,718,800,143,575,657,False,32,154|607|609|614|738|1073|1143|1265|1644|2709|3744|4374|4477|4651|4697|4994|5513|5918|6261|6347|6451|6815|6828|6973|7086|7631|8308|8538|8807|9367|9379|9680,0,0,,,0,,0
exp2_adult,rf,999,n_200,anchors_dice,True,800,800,800,800,800,800,800,0,0,True,4,1073|2706|8972|9379,0,0,,,36,296|808|974|1043|1088|1213|2079|2745|2808|3339|3485|3789|4180|4400|5242|5310|5347|5918|5988|6060|6118|6227|6596|6948|6998|7468|7509|7565|7824|7894|8807|9051|9236|9343|9374|9574,0
exp2_adult,rf,999,n_50,shap_anchors,True,200,200,200,200,200,200,200,0,0,True,0,,0,0,,,81,510|609|661|676|1030|1183|1266|1287|1418|1704|1755|2022|2170|2247|2522|2606|2675|2709|2742|2923|2930|3011|3012|3060|3233|3301|3326|3343|3417|3423|3525|3527|3702|3706|3875|4059|4191|4222|4460|4517|4627|4629|4651|4823|4829|4901|4994|5079|5217|5349|5460|5695|5899|5950|6001|6022|6038|6118|6347|6435|6561|6609|6651|6751|6828|7046|7238|7281|7323|7647|7762|7817|7844|8487|8729|8801|8955|9007|9091|9462|9736,0
exp2_adult,rf,999,n_50,lime_anchors,True,200,200,200,200,200,200,200,0,0,True,0,,0,0,,,81,510|609|661|676|1030|1183|1266|1287|1418|1704|1755|2022|2170|2247|2522|2606|2675|2709|2742|2923|2930|3011|3012|3060|3233|3301|3326|3343|3417|3423|3525|3527|3702|3706|3875|4059|4191|4222|4460|4517|4627|4629|4651|4823|4829|4901|4994|5079|5217|5349|5460|5695|5899|5950|6001|6022|6038|6118|6347|6435|6561|6609|6651|6751|6828|7046|7238|7281|7323|7647|7762|7817|7844|8487|8729|8801|8955|9007|9091|9462|9736,0
exp2_adult,rf,999,n_50,shap_dice,True,200,200,200,200,200,200,200,0,0,True,0,,0,0,,,0,,0
exp2_adult,rf,999,n_50,lime_dice,True,200,200,200,200,200,200,200,0,0,True,0,,0,0,,,0,,0
exp2_adult,rf,999,n_50,anchors_dice,True,200,200,200,200,200,200,200,0,0,True,0,,0,0,,,81,510|609|661|676|1030|1183|1266|1287|1418|1704|1755|2022|2170|2247|2522|2606|2675|2709|2742|2923|2930|3011|3012|3060|3233|3301|3326|3343|3417|3423|3525|3527|3702|3706|3875|4059|4191|4222|4460|4517|4627|4629|4651|4823|4829|4901|4994|5079|5217|5349|5460|5695|5899|5950|6001|6022|6038|6118|6347|6435|6561|6609|6651|6751|6828|7046|7238|7281|7323|7647|7762|7817|7844|8487|8729|8801|8955|9007|9091|9462|9736,0
exp2_adult,svm,123,n_100,shap_anchors,True,400,400,400,400,400,400,400,0,0,True,0,,0,0,,,42,92|137|450|525|781|948|1007|1064|1285|1373|1754|1825|2124|2404|3102|3159|3939|3950|4479|4634|4667|4991|5148|5232|5255|5645|5863|5911|5951|6182|6644|7117|7397|7455|8049|8507|8868|9011|9064|9404|9535|9665,0
exp2_adult,svm,123,n_100,lime_anchors,True,400,400,400,400,400,400,400,0,0,True,0,,0,0,,,42,92|137|450|525|781|948|1007|1064|1285|1373|1754|1825|2124|2404|3102|3159|3939|3950|4479|4634|4667|4991|5148|5232|5255|5645|5863|5911|5951|6182|6644|7117|7397|7455|8049|8507|8868|9011|9064|9404|9535|9665,0
exp2_adult,svm,123,n_100,shap_dice,True,400,400,400,400,400,400,400,0,0,True,0,,0,0,,,0,,0
exp2_adult,svm,123,n_100,lime_dice,True,400,400,400,400,400,400,400,0,0,True,0,,0,0,,,0,,0
exp2_adult,svm,123,n_100,anchors_dice,True,400,400,400,400,400,400,400,0,0,True,0,,0,0,,,42,92|137|450|525|781|948|1007|1064|1285|1373|1754|1825|2124|2404|3102|3159|3939|3950|4479|4634|4667|4991|5148|5232|5255|5645|5863|5911|5951|6182|6644|7117|7397|7455|8049|8507|8868|9011|9064|9404|9535|9665,0
exp2_adult,svm,123,n_200,shap_anchors,True,52,766,52,800,52,766,52,0,714,False,0,,0,0,,,11,525|1007|1285|2696|4634|4991|5148|5911|6644|8049|9535,0
exp2_adult,svm,123,n_200,lime_anchors,True,800,766,800,800,800,766,766,34,0,False,0,,0,0,,,60,92|137|429|450|525|654|717|781|843|903|948|973|1007|1080|1285|1594|1754|1825|1844|2089|2124|2403|2418|2517|2571|2696|2765|2923|3102|4091|4634|4667|4716|4912|4991|5148|5171|5232|5358|5634|5880|5911|5951|5958|6644|6735|6774|7452|7937|8049|8111|8662|8868|9135|9183|9498|9532|9535|9593|9665,0
exp2_adult,svm,123,n_200,shap_dice,True,52,800,52,800,52,800,52,0,748,False,0,,0,0,,,0,,0
exp2_adult,svm,123,n_200,lime_dice,True,800,800,800,800,800,800,800,0,0,True,0,,0,0,,,0,,0
exp2_adult,svm,123,n_200,anchors_dice,True,766,800,800,800,766,800,766,0,34,False,0,,0,0,,,60,92|137|429|450|525|654|717|781|843|903|948|973|1007|1080|1285|1594|1754|1825|1844|2089|2124|2403|2418|2517|2571|2696|2765|2923|3102|4091|4634|4667|4716|4912|4991|5148|5171|5232|5358|5634|5880|5911|5951|5958|6644|6735|6774|7452|7937|8049|8111|8662|8868|9135|9183|9498|9532|9535|9593|9665,0
exp2_adult,svm,123,n_50,shap_anchors,True,200,200,200,200,200,200,200,0,0,True,0,,0,0,,,25,92|525|1007|1285|2418|2963|3102|3950|4634|4991|5148|5238|5255|5645|5911|6644|7004|7117|8049|8194|8701|9404|9535|9643|9665,0
exp2_adult,svm,123,n_50,lime_anchors,True,200,200,200,200,200,200,200,0,0,True,0,,0,0,,,25,92|525|1007|1285|2418|2963|3102|3950|4634|4991|5148|5238|5255|5645|5911|6644|7004|7117|8049|8194|8701|9404|9535|9643|9665,0
exp2_adult,svm,123,n_50,shap_dice,True,200,0,200,0,200,0,0,200,0,False,0,,0,0,,,0,,0
exp2_adult,svm,123,n_50,lime_dice,True,200,0,200,0,200,0,0,200,0,False,0,,0,0,,,0,,0
exp2_adult,svm,123,n_50,anchors_dice,True,200,0,200,0,200,0,0,200,0,False,0,,0,0,,,0,,0
exp2_adult,svm,42,n_100,shap_anchors,True,400,400,400,400,400,400,400,0,0,True,0,,0,0,,,33,303|585|590|593|1468|1624|2056|2548|2933|3872|3963|4835|5097|5113|5480|5685|5895|6618|6853|6922|7496|7931|8287|8556|8632|8767|8936|8939|9204|9309|9483|9612|9679,0
exp2_adult,svm,42,n_100,lime_anchors,True,400,400,400,400,400,400,400,0,0,True,0,,0,0,,,33,303|585|590|593|1468|1624|2056|2548|2933|3872|3963|4835|5097|5113|5480|5685|5895|6618|6853|6922|7496|7931|8287|8556|8632|8767|8936|8939|9204|9309|9483|9612|9679,0
exp2_adult,svm,42,n_100,shap_dice,True,400,400,400,400,400,400,400,0,0,True,0,,0,0,,,0,,0
exp2_adult,svm,42,n_100,lime_dice,True,400,400,400,400,400,400,400,0,0,True,0,,0,0,,,0,,0
exp2_adult,svm,42,n_100,anchors_dice,True,400,400,400,400,400,400,400,0,0,True,0,,0,0,,,33,303|585|590|593|1468|1624|2056|2548|2933|3872|3963|4835|5097|5113|5480|5685|5895|6618|6853|6922|7496|7931|8287|8556|8632|8767|8936|8939|9204|9309|9483|9612|9679,0
exp2_adult,svm,42,n_200,shap_anchors,True,85,800,85,800,85,800,85,0,715,False,0,,0,0,,,15,303|390|585|2548|2933|3694|3963|4758|4835|5685|6766|7496|8939|9483|9679,0
exp2_adult,svm,42,n_200,lime_anchors,True,800,800,800,800,800,800,800,0,0,True,0,,0,0,,,71,303|390|452|585|590|1001|1468|1506|1864|2056|2097|2276|2304|2319|2449|2548|2769|2899|2927|2933|3199|3235|3328|3363|3694|3842|3872|3963|4239|4322|4758|4835|4861|5113|5279|5480|5685|5732|5859|5895|6220|6251|6618|6647|6750|6766|6853|6922|6963|7496|7596|7931|8287|8328|8348|8411|8632|8677|8752|8767|8815|8899|8936|8939|9204|9309|9319|9384|9483|9487|9679,0
exp2_adult,svm,42,n_200,shap_dice,True,85,800,85,800,85,800,85,0,715,False,0,,0,0,,,0,,0
exp2_adult,svm,42,n_200,lime_dice,True,800,800,800,800,800,800,800,0,0,True,0,,0,0,,,0,,0
exp2_adult,svm,42,n_200,anchors_dice,True,800,800,800,800,800,800,800,0,0,True,0,,0,0,,,71,303|390|452|585|590|1001|1468|1506|1864|2056|2097|2276|2304|2319|2449|2548|2769|2899|2927|2933|3199|3235|3328|3363|3694|3842|3872|3963|4239|4322|4758|4835|4861|5113|5279|5480|5685|5732|5859|5895|6220|6251|6618|6647|6750|6766|6853|6922|6963|7496|7596|7931|8287|8328|8348|8411|8632|8677|8752|8767|8815|8899|8936|8939|9204|9309|9319|9384|9483|9487|9679,0
exp2_adult,svm,42,n_50,shap_anchors,True,27,200,27,200,27,200,27,0,173,False,0,,0,0,,,5,585|2933|3694|4835|6558,0
exp2_adult,svm,42,n_50,lime_anchors,True,200,200,200,200,200,200,200,0,0,True,0,,0,0,,,21,585|593|2548|2933|3235|3694|3963|4835|5113|5480|5685|5895|6558|7931|8556|8632|8767|8939|9309|9612|9679,0
exp2_adult,svm,42,n_50,shap_dice,True,27,200,27,200,27,200,27,0,173,False,0,,0,0,,,0,,0
exp2_adult,svm,42,n_50,lime_dice,True,200,200,200,200,200,200,200,0,0,True,0,,0,0,,,0,,0
exp2_adult,svm,42,n_50,anchors_dice,True,200,200,200,200,200,200,200,0,0,True,0,,0,0,,,21,585|593|2548|2933|3235|3694|3963|4835|5113|5480|5685|5895|6558|7931|8556|8632|8767|8939|9309|9612|9679,0
exp2_adult,svm,456,n_100,shap_anchors,True,46,396,46,400,46,396,46,0,350,False,0,,0,0,,,10,200|1147|4040|6000|6163|6347|6744|7084|7575|8991,0
exp2_adult,svm,456,n_100,lime_anchors,True,400,396,400,400,400,396,396,4,0,False,0,,0,0,,,36,200|268|614|698|866|953|1007|1147|1840|2232|2405|2466|2820|2835|3080|3417|3451|4040|4369|4548|4731|5204|5643|5923|6000|6015|6137|6163|6347|6738|6744|7084|7575|8981|8991|9178,0
exp2_adult,svm,456,n_100,shap_dice,True,46,0,46,0,46,0,0,46,0,False,0,,0,0,,,0,,0
exp2_adult,svm,456,n_100,lime_dice,True,400,0,400,0,400,0,0,400,0,False,0,,0,0,,,0,,0
exp2_adult,svm,456,n_100,anchors_dice,True,396,0,400,0,396,0,0,396,0,False,0,,0,0,,,0,,0
exp2_adult,svm,456,n_200,shap_anchors,False,0,800,,800,,800,0,0,800,False,0,,,0,,,0,,0
exp2_adult,svm,456,n_200,lime_anchors,True,800,800,800,800,800,800,800,0,0,True,0,,0,0,,,83,27|39|191|200|258|268|353|529|697|698|750|825|866|876|935|953|1007|1068|1500|1620|1840|1857|1901|2232|2405|2466|2531|2727|2818|2820|3080|3161|3345|3417|3451|3862|3939|4040|4262|4369|4450|4548|4672|4705|4731|4765|4887|5032|5204|5274|5493|5643|5880|5890|5923|6000|6059|6085|6089|6137|6163|6207|6347|6738|6744|6858|6976|7084|7575|7618|7783|7866|7991|8048|8191|8971|8981|8991|9013|9178|9368|9561|9632,0
exp2_adult,svm,456,n_200,shap_dice,False,0,800,,800,,800,0,0,800,False,0,,,0,,,0,,0
exp2_adult,svm,456,n_200,lime_dice,True,800,800,800,800,800,800,800,0,0,True,0,,0,0,,,0,,0
exp2_adult,svm,456,n_200,anchors_dice,True,800,800,800,800,800,800,800,0,0,True,0,,0,0,,,83,27|39|191|200|258|268|353|529|697|698|750|825|866|876|935|953|1007|1068|1500|1620|1840|1857|1901|2232|2405|2466|2531|2727|2818|2820|3080|3161|3345|3417|3451|3862|3939|4040|4262|4369|4450|4548|4672|4705|4731|4765|4887|5032|5204|5274|5493|5643|5880|5890|5923|6000|6059|6085|6089|6137|6163|6207|6347|6738|6744|6858|6976|7084|7575|7618|7783|7866|7991|8048|8191|8971|8981|8991|9013|9178|9368|9561|9632,0
exp2_adult,svm,456,n_50,shap_anchors,True,25,200,29,200,29,200,25,0,175,False,0,,2,0,9517|9556,,6,4040|4570|6163|6744|7084|8991,0
exp2_adult,svm,456,n_50,lime_anchors,True,200,200,200,200,200,200,200,0,0,True,0,,0,0,,,22,200|614|698|953|2232|2466|3417|3862|4040|4570|5923|6000|6163|6347|6738|6744|7084|7575|7618|7783|8225|8991,0
exp2_adult,svm,456,n_50,shap_dice,True,25,200,29,200,29,200,25,0,175,False,0,,2,0,9517|9556,,0,,0
exp2_adult,svm,456,n_50,lime_dice,True,200,200,200,200,200,200,200,0,0,True,0,,0,0,,,0,,0
exp2_adult,svm,456,n_50,anchors_dice,True,200,200,200,200,200,200,200,0,0,True,0,,0,0,,,22,200|614|698|953|2232|2466|3417|3862|4040|4570|5923|6000|6163|6347|6738|6744|7084|7575|7618|7783|8225|8991,0
exp2_adult,svm,789,n_100,shap_anchors,True,57,400,57,400,57,400,57,0,343,False,0,,0,0,,,11,1135|1205|1281|1918|2333|2953|3286|4877|5111|8103|8445,0
exp2_adult,svm,789,n_100,lime_anchors,True,400,400,400,400,400,400,400,0,0,True,0,,0,0,,,29,155|351|831|1088|1135|1160|1205|1281|1918|2333|2953|3159|3286|3612|3953|3964|4368|4834|4877|5085|5111|5543|5899|6893|7167|8103|8445|9147|9280,0
exp2_adult,svm,789,n_100,shap_dice,True,57,400,57,400,57,400,57,0,343,False,0,,0,0,,,0,,0
exp2_adult,svm,789,n_100,lime_dice,True,400,400,400,400,400,400,400,0,0,True,0,,0,0,,,0,,0
exp2_adult,svm,789,n_100,anchors_dice,True,400,400,400,400,400,400,400,0,0,True,0,,0,0,,,29,155|351|831|1088|1135|1160|1205|1281|1918|2333|2953|3159|3286|3612|3953|3964|4368|4834|4877|5085|5111|5543|5899|6893|7167|8103|8445|9147|9280,0
exp2_adult,svm,789,n_200,shap_anchors,True,177,800,177,800,177,800,177,0,623,False,0,,0,0,,,20,350|351|527|1135|1281|1918|2652|3563|4534|4770|4877|5111|5487|5899|6429|7359|7564|8445|8536|8698,0
exp2_adult,svm,789,n_200,lime_anchors,True,800,800,800,800,800,800,800,0,0,True,0,,0,0,,,54,147|350|351|527|831|884|1088|1135|1256|1281|1858|1907|1918|2076|2652|2907|3159|3441|3563|3612|3893|3964|4146|4368|4534|4679|4770|4834|4877|5111|5487|5543|5899|6201|6386|6429|6483|6893|7011|7167|7359|7508|7564|8107|8193|8380|8445|8536|8698|9147|9280|9474|9655|9693,0
exp2_adult,svm,789,n_200,shap_dice,True,177,800,177,800,177,800,177,0,623,False,0,,0,0,,,0,,0
exp2_adult,svm,789,n_200,lime_dice,True,800,800,800,800,800,800,800,0,0,True,0,,0,0,,,0,,0
exp2_adult,svm,789,n_200,anchors_dice,True,800,800,800,800,800,800,800,0,0,True,0,,0,0,,,54,147|350|351|527|831|884|1088|1135|1256|1281|1858|1907|1918|2076|2652|2907|3159|3441|3563|3612|3893|3964|4146|4368|4534|4679|4770|4834|4877|5111|5487|5543|5899|6201|6386|6429|6483|6893|7011|7167|7359|7508|7564|8107|8193|8380|8445|8536|8698|9147|9280|9474|9655|9693,0
exp2_adult,svm,789,n_50,shap_anchors,True,199,200,200,200,199,200,199,0,1,False,0,,0,0,,,17,831|1088|1135|1205|1281|1918|3964|4368|4534|4770|4877|5294|5543|7106|7167|8445|9147,0
exp2_adult,svm,789,n_50,lime_anchors,True,200,200,200,200,200,200,200,0,0,True,0,,0,0,,,17,831|1088|1135|1205|1281|1918|3964|4368|4534|4770|4877|5294|5543|7106|7167|8445|9147,0
exp2_adult,svm,789,n_50,shap_dice,True,199,200,200,200,199,200,199,0,1,False,0,,0,0,,,0,,0
exp2_adult,svm,789,n_50,lime_dice,True,200,200,200,200,200,200,200,0,0,True,0,,0,0,,,0,,0
exp2_adult,svm,789,n_50,anchors_dice,True,200,200,200,200,200,200,200,0,0,True,0,,0,0,,,17,831|1088|1135|1205|1281|1918|3964|4368|4534|4770|4877|5294|5543|7106|7167|8445|9147,0
exp2_adult,svm,999,n_100,shap_anchors,True,166,400,400,400,166,400,166,0,234,False,0,,0,0,,,16,1337|2801|2885|2889|3774|4077|4860|5925|7703|8141|8190|8274|8327|8695|8731|8902,0
exp2_adult,svm,999,n_100,lime_anchors,True,400,400,400,400,400,400,400,0,0,True,0,,0,0,,,39,704|1337|1526|2801|2885|2889|3368|3527|3774|3924|4077|4522|4546|4816|4860|5479|5802|5925|6418|6551|6739|6954|7634|7703|7814|7898|8141|8190|8274|8327|8335|8501|8695|8731|8902|8950|9263|9425|9464,0
exp2_adult,svm,999,n_100,shap_dice,True,166,400,400,400,166,400,166,0,234,False,0,,0,0,,,0,,0
exp2_adult,svm,999,n_100,lime_dice,True,400,400,400,400,400,400,400,0,0,True,0,,0,0,,,0,,0
exp2_adult,svm,999,n_100,anchors_dice,True,400,400,400,400,400,400,400,0,0,True,0,,0,0,,,39,704|1337|1526|2801|2885|2889|3368|3527|3774|3924|4077|4522|4546|4816|4860|5479|5802|5925|6418|6551|6739|6954|7634|7703|7814|7898|8141|8190|8274|8327|8335|8501|8695|8731|8902|8950|9263|9425|9464,0
exp2_adult,svm,999,n_200,shap_anchors,True,30,796,30,800,30,796,30,0,766,False,0,,0,0,,,4,2885|7703|8327|8695,0
exp2_adult,svm,999,n_200,lime_anchors,True,800,796,800,800,800,796,796,4,0,False,0,,0,0,,,66,192|339|497|518|704|991|1236|1337|1453|1507|1526|1815|2287|2586|2713|2801|2885|2889|2891|3368|3398|3527|3774|3846|3872|4048|4077|4340|4353|4522|4546|4694|4774|4816|4860|5324|5479|5591|5802|6014|6306|6418|6481|6551|6683|6739|6954|7079|7330|7634|7703|7898|7910|8141|8260|8327|8335|8501|8695|8735|8902|8950|9263|9511|9615|9650,0
exp2_adult,svm,999,n_200,shap_dice,True,30,800,30,800,30,800,30,0,770,False,0,,0,0,,,0,,0
exp2_adult,svm,999,n_200,lime_dice,True,800,800,800,800,800,800,800,0,0,True,0,,0,0,,,0,,0
exp2_adult,svm,999,n_200,anchors_dice,True,796,800,800,800,796,800,796,0,4,False,0,,0,0,,,66,192|339|497|518|704|991|1236|1337|1453|1507|1526|1815|2287|2586|2713|2801|2885|2889|2891|3368|3398|3527|3774|3846|3872|4048|4077|4340|4353|4522|4546|4694|4774|4816|4860|5324|5479|5591|5802|6014|6306|6418|6481|6551|6683|6739|6954|7079|7330|7634|7703|7898|7910|8141|8260|8327|8335|8501|8695|8735|8902|8950|9263|9511|9615|9650,0
exp2_adult,svm,999,n_50,shap_anchors,True,200,200,200,200,200,200,200,0,0,True,0,,0,0,,,22,704|985|2885|4077|4816|4860|5344|5829|5925|6125|6418|6954|7634|7703|7814|7898|8274|8327|8335|8695|8950|9263,0
exp2_adult,svm,999,n_50,lime_anchors,True,200,200,200,200,200,200,200,0,0,True,0,,0,0,,,22,704|985|2885|4077|4816|4860|5344|5829|5925|6125|6418|6954|7634|7703|7814|7898|8274|8327|8335|8695|8950|9263,0
exp2_adult,svm,999,n_50,shap_dice,True,200,200,200,200,200,200,200,0,0,True,0,,0,0,,,0,,0
exp2_adult,svm,999,n_50,lime_dice,True,200,200,200,200,200,200,200,0,0,True,0,,0,0,,,0,,0
exp2_adult,svm,999,n_50,anchors_dice,True,200,200,200,200,200,200,200,0,0,True,0,,0,0,,,22,704|985|2885|4077|4816|4860|5344|5829|5925|6125|6418|6954|7634|7703|7814|7898|8274|8327|8335|8695|8950|9263,0
exp2_adult,xgb,123,n_100,shap_anchors,True,400,400,400,400,400,400,400,0,0,True,0,,0,0,,,67,57|69|200|248|408|450|490|541|679|801|888|901|1088|1179|1210|1267|2172|2387|2403|2468|2553|3188|3645|4347|4350|4501|4674|4706|5325|5688|5765|5813|5887|6073|6106|6294|6735|6766|6779|7036|7058|7065|7072|7234|7739|7777|7793|7797|7811|7898|7909|7928|7932|8182|8198|8252|8319|8601|8653|8733|8944|9022|9064|9079|9163|9227|9404,0
exp2_adult,xgb,123,n_100,lime_anchors,True,400,400,400,400,400,400,400,0,0,True,0,,0,0,,,67,57|69|200|248|408|450|490|541|679|801|888|901|1088|1179|1210|1267|2172|2387|2403|2468|2553|3188|3645|4347|4350|4501|4674|4706|5325|5688|5765|5813|5887|6073|6106|6294|6735|6766|6779|7036|7058|7065|7072|7234|7739|7777|7793|7797|7811|7898|7909|7928|7932|8182|8198|8252|8319|8601|8653|8733|8944|9022|9064|9079|9163|9227|9404,0
exp2_adult,xgb,123,n_100,shap_dice,True,400,400,400,400,400,400,400,0,0,True,0,,0,0,,,0,,0
exp2_adult,xgb,123,n_100,lime_dice,True,400,400,400,400,400,400,400,0,0,True,0,,0,0,,,0,,0
exp2_adult,xgb,123,n_100,anchors_dice,True,400,400,400,400,400,400,400,0,0,True,0,,0,0,,,67,57|69|200|248|408|450|490|541|679|801|888|901|1088|1179|1210|1267|2172|2387|2403|2468|2553|3188|3645|4347|4350|4501|4674|4706|5325|5688|5765|5813|5887|6073|6106|6294|6735|6766|6779|7036|7058|7065|7072|7234|7739|7777|7793|7797|7811|7898|7909|7928|7932|8182|8198|8252|8319|8601|8653|8733|8944|9022|9064|9079|9163|9227|9404,0
exp2_adult,xgb,123,n_200,shap_anchors,True,800,800,800,800,800,800,800,0,0,True,0,,0,0,,,135,3|69|166|200|248|263|266|450|460|646|679|801|867|888|901|937|968|991|1088|1179|1210|1230|1267|1309|1438|1443|1645|1754|1917|2166|2172|2387|2403|2468|2808|2912|2994|3188|3220|3491|3645|3656|3768|4031|4186|4191|4239|4347|4350|4447|4479|4501|4660|4674|4706|4752|4864|4909|5155|5238|5284|5315|5325|5396|5609|5688|5844|5887|5958|5959|6028|6106|6113|6294|6361|6409|6494|6503|6520|6577|6633|6735|6747|6766|6774|6779|6781|7004|7036|7058|7065|7072|7473|7644|7704|7712|7739|7744|7777|7793|7797|7811|7858|7898|7909|7928|7932|8035|8101|8145|8180|8182|8198|8252|8319|8507|8601|8603|8653|8778|8838|8853|8868|8872|8944|9064|9163|9227|9230|9254|9292|9320|9404|9626|9665,0
exp2_adult,xgb,123,n_200,lime_anchors,True,800,800,800,800,800,800,800,0,0,True,0,,0,0,,,135,3|69|166|200|248|263|266|450|460|646|679|801|867|888|901|937|968|991|1088|1179|1210|1230|1267|1309|1438|1443|1645|1754|1917|2166|2172|2387|2403|2468|2808|2912|2994|3188|3220|3491|3645|3656|3768|4031|4186|4191|4239|4347|4350|4447|4479|4501|4660|4674|4706|4752|4864|4909|5155|5238|5284|5315|5325|5396|5609|5688|5844|5887|5958|5959|6028|6106|6113|6294|6361|6409|6494|6503|6520|6577|6633|6735|6747|6766|6774|6779|6781|7004|7036|7058|7065|7072|7473|7644|7704|7712|7739|7744|7777|7793|7797|7811|7858|7898|7909|7928|7932|8035|8101|8145|8180|8182|8198|8252|8319|8507|8601|8603|8653|8778|8838|8853|8868|8872|8944|9064|9163|9227|9230|9254|9292|9320|9404|9626|9665,0
exp2_adult,xgb,123,n_200,shap_dice,True,800,800,800,800,800,800,800,0,0,True,0,,0,0,,,0,,0
exp2_adult,xgb,123,n_200,lime_dice,True,800,800,800,800,800,800,800,0,0,True,0,,0,0,,,0,,0
exp2_adult,xgb,123,n_200,anchors_dice,True,800,800,800,800,800,800,800,0,0,True,0,,0,0,,,135,3|69|166|200|248|263|266|450|460|646|679|801|867|888|901|937|968|991|1088|1179|1210|1230|1267|1309|1438|1443|1645|1754|1917|2166|2172|2387|2403|2468|2808|2912|2994|3188|3220|3491|3645|3656|3768|4031|4186|4191|4239|4347|4350|4447|4479|4501|4660|4674|4706|4752|4864|4909|5155|5238|5284|5315|5325|5396|5609|5688|5844|5887|5958|5959|6028|6106|6113|6294|6361|6409|6494|6503|6520|6577|6633|6735|6747|6766|6774|6779|6781|7004|7036|7058|7065|7072|7473|7644|7704|7712|7739|7744|7777|7793|7797|7811|7858|7898|7909|7928|7932|8035|8101|8145|8180|8182|8198|8252|8319|8507|8601|8603|8653|8778|8838|8853|8868|8872|8944|9064|9163|9227|9230|9254|9292|9320|9404|9626|9665,0
exp2_adult,xgb,123,n_50,shap_anchors,True,200,0,200,0,200,0,0,200,0,False,0,,0,0,,,0,,0
exp2_adult,xgb,123,n_50,lime_anchors,True,200,0,200,0,200,0,0,200,0,False,0,,0,0,,,0,,0
exp2_adult,xgb,123,n_50,shap_dice,True,200,200,200,200,200,200,200,0,0,True,0,,0,0,,,0,,0
exp2_adult,xgb,123,n_50,lime_dice,True,200,200,200,200,200,200,200,0,0,True,0,,0,0,,,0,,0
exp2_adult,xgb,123,n_50,anchors_dice,True,0,200,0,200,0,200,0,0,200,False,0,,0,0,,,0,,0
exp2_adult,xgb,42,n_100,shap_anchors,True,400,400,400,400,400,400,400,0,0,True,0,,0,0,,,64,224|333|395|798|799|1123|1347|1468|1479|1739|1802|1935|1955|2688|2710|2759|2769|2770|2803|2926|3059|3497|3526|3872|3880|4330|4415|4459|4508|4546|4832|4866|4873|4975|5113|5115|5426|5547|5799|5880|5995|6125|6190|6260|6468|6618|6659|6719|6822|7405|7463|7596|7616|7672|7858|7917|8001|8285|8324|8328|8867|8942|9416|9651,0
exp2_adult,xgb,42,n_100,lime_anchors,True,400,400,400,400,400,400,400,0,0,True,0,,0,0,,,64,224|333|395|798|799|1123|1347|1468|1479|1739|1802|1935|1955|2688|2710|2759|2769|2770|2803|2926|3059|3497|3526|3872|3880|4330|4415|4459|4508|4546|4832|4866|4873|4975|5113|5115|5426|5547|5799|5880|5995|6125|6190|6260|6468|6618|6659|6719|6822|7405|7463|7596|7616|7672|7858|7917|8001|8285|8324|8328|8867|8942|9416|9651,0
exp2_adult,xgb,42,n_100,shap_dice,True,400,400,400,400,400,400,400,0,0,True,0,,0,0,,,0,,0
exp2_adult,xgb,42,n_100,lime_dice,True,400,400,400,400,400,400,400,0,0,True,0,,0,0,,,0,,0
exp2_adult,xgb,42,n_100,anchors_dice,True,400,400,400,400,400,400,400,0,0,True,0,,0,0,,,64,224|333|395|798|799|1123|1347|1468|1479|1739|1802|1935|1955|2688|2710|2759|2769|2770|2803|2926|3059|3497|3526|3872|3880|4330|4415|4459|4508|4546|4832|4866|4873|4975|5113|5115|5426|5547|5799|5880|5995|6125|6190|6260|6468|6618|6659|6719|6822|7405|7463|7596|7616|7672|7858|7917|8001|8285|8324|8328|8867|8942|9416|9651,0
exp2_adult,xgb,42,n_200,shap_anchors,True,800,0,800,0,800,0,0,800,0,False,0,,0,0,,,0,,0
exp2_adult,xgb,42,n_200,lime_anchors,True,800,0,800,0,800,0,0,800,0,False,0,,0,0,,,0,,0
exp2_adult,xgb,42,n_200,shap_dice,True,800,800,800,800,800,800,800,0,0,True,0,,0,0,,,0,,0
exp2_adult,xgb,42,n_200,lime_dice,True,800,800,800,800,800,800,800,0,0,True,0,,0,0,,,0,,0
exp2_adult,xgb,42,n_200,anchors_dice,True,0,800,0,800,0,800,0,0,800,False,0,,0,0,,,0,,0
exp2_adult,xgb,42,n_50,shap_anchors,True,200,200,200,200,200,200,200,0,0,True,0,,0,0,,,38,1468|1479|1802|2688|2710|2759|2769|2803|3059|3452|4330|4415|4508|4730|4832|4873|4975|5115|5547|5880|5927|5989|6618|6659|6822|7463|7596|7616|7672|7858|7870|8001|8285|8328|8362|8615|8867|8942,0
exp2_adult,xgb,42,n_50,lime_anchors,True,200,200,200,200,200,200,200,0,0,True,0,,0,0,,,38,1468|1479|1802|2688|2710|2759|2769|2803|3059|3452|4330|4415|4508|4730|4832|4873|4975|5115|5547|5880|5927|5989|6618|6659|6822|7463|7596|7616|7672|7858|7870|8001|8285|8328|8362|8615|8867|8942,0
exp2_adult,xgb,42,n_50,shap_dice,True,200,200,200,200,200,200,200,0,0,True,0,,0,0,,,0,,0
exp2_adult,xgb,42,n_50,lime_dice,True,200,200,200,200,200,200,200,0,0,True,0,,0,0,,,0,,0
exp2_adult,xgb,42,n_50,anchors_dice,True,200,200,200,200,200,200,200,0,0,True,0,,0,0,,,38,1468|1479|1802|2688|2710|2759|2769|2803|3059|3452|4330|4415|4508|4730|4832|4873|4975|5115|5547|5880|5927|5989|6618|6659|6822|7463|7596|7616|7672|7858|7870|8001|8285|8328|8362|8615|8867|8942,0
exp2_adult,xgb,456,n_100,shap_anchors,True,400,400,400,400,400,400,400,0,0,True,0,,0,0,,,55,39|58|239|328|592|593|643|656|665|698|739|761|953|1379|1401|1636|1877|1909|2032|2379|2466|3051|3328|3939|3995|3996|4062|4118|4144|4246|4700|4990|5274|5307|5635|6336|6347|6418|6601|6744|6905|6948|7073|7084|7323|7476|7503|7553|7708|8804|9229|9263|9361|9471|9484,0
exp2_adult,xgb,456,n_100,lime_anchors,True,400,400,400,400,400,400,400,0,0,True,0,,0,0,,,55,39|58|239|328|592|593|643|656|665|698|739|761|953|1379|1401|1636|1877|1909|2032|2379|2466|3051|3328|3939|3995|3996|4062|4118|4144|4246|4700|4990|5274|5307|5635|6336|6347|6418|6601|6744|6905|6948|7073|7084|7323|7476|7503|7553|7708|8804|9229|9263|9361|9471|9484,0
exp2_adult,xgb,456,n_100,shap_dice,True,400,400,400,400,400,400,400,0,0,True,0,,0,0,,,0,,0
exp2_adult,xgb,456,n_100,lime_dice,True,400,400,400,400,400,400,400,0,0,True,0,,0,0,,,0,,0
exp2_adult,xgb,456,n_100,anchors_dice,True,400,400,400,400,400,400,400,0,0,True,0,,0,0,,,55,39|58|239|328|592|593|643|656|665|698|739|761|953|1379|1401|1636|1877|1909|2032|2379|2466|3051|3328|3939|3995|3996|4062|4118|4144|4246|4700|4990|5274|5307|5635|6336|6347|6418|6601|6744|6905|6948|7073|7084|7323|7476|7503|7553|7708|8804|9229|9263|9361|9471|9484,0
exp2_adult,xgb,456,n_200,shap_anchors,True,800,800,800,800,800,800,800,0,0,True,0,,0,0,,,116,32|39|58|93|183|239|328|342|592|598|643|652|665|673|698|739|761|788|980|996|1379|1401|1636|1644|1685|1759|1772|1831|1857|1877|1909|1942|1990|2032|2195|2355|2363|2379|2466|3051|3142|3180|3321|3328|3605|3719|3833|3862|3939|3947|3995|3996|4062|4078|4130|4144|4216|4246|4767|4781|4944|4946|4975|4976|4990|5274|5307|5476|5525|5635|5901|6023|6039|6042|6081|6089|6210|6300|6336|6347|6418|6476|6531|6612|6687|6735|6744|6905|6929|6948|7082|7084|7121|7179|7323|7365|7476|7553|7557|7618|7708|7710|7783|8048|8321|8399|8615|8780|8804|9112|9229|9263|9266|9484|9527|9744,0
exp2_adult,xgb,456,n_200,lime_anchors,True,800,800,800,800,800,800,800,0,0,True,0,,0,0,,,116,32|39|58|93|183|239|328|342|592|598|643|652|665|673|698|739|761|788|980|996|1379|1401|1636|1644|1685|1759|1772|1831|1857|1877|1909|1942|1990|2032|2195|2355|2363|2379|2466|3051|3142|3180|3321|3328|3605|3719|3833|3862|3939|3947|3995|3996|4062|4078|4130|4144|4216|4246|4767|4781|4944|4946|4975|4976|4990|5274|5307|5476|5525|5635|5901|6023|6039|6042|6081|6089|6210|6300|6336|6347|6418|6476|6531|6612|6687|6735|6744|6905|6929|6948|7082|7084|7121|7179|7323|7365|7476|7553|7557|7618|7708|7710|7783|8048|8321|8399|8615|8780|8804|9112|9229|9263|9266|9484|9527|9744,0
exp2_adult,xgb,456,n_200,shap_dice,True,800,800,800,800,800,800,800,0,0,True,0,,0,0,,,0,,0
exp2_adult,xgb,456,n_200,lime_dice,True,800,800,800,800,800,800,800,0,0,True,0,,0,0,,,0,,0
exp2_adult,xgb,456,n_200,anchors_dice,True,800,800,800,800,800,800,800,0,0,True,0,,0,0,,,116,32|39|58|93|183|239|328|342|592|598|643|652|665|673|698|739|761|788|980|996|1379|1401|1636|1644|1685|1759|1772|1831|1857|1877|1909|1942|1990|2032|2195|2355|2363|2379|2466|3051|3142|3180|3321|3328|3605|3719|3833|3862|3939|3947|3995|3996|4062|4078|4130|4144|4216|4246|4767|4781|4944|4946|4975|4976|4990|5274|5307|5476|5525|5635|5901|6023|6039|6042|6081|6089|6210|6300|6336|6347|6418|6476|6531|6612|6687|6735|6744|6905|6929|6948|7082|7084|7121|7179|7323|7365|7476|7553|7557|7618|7708|7710|7783|8048|8321|8399|8615|8780|8804|9112|9229|9263|9266|9484|9527|9744,0
exp2_adult,xgb,456,n_50,shap_anchors,True,200,200,200,200,200,200,200,0,0,True,0,,0,0,,,23,93|592|656|665|698|1401|1636|1879|2379|2466|3328|4144|4767|4990|5602|5635|6347|6418|7323|7476|7503|8774|9229,0
exp2_adult,xgb,456,n_50,lime_anchors,True,200,200,200,200,200,200,200,0,0,True,0,,0,0,,,23,93|592|656|665|698|1401|1636|1879|2379|2466|3328|4144|4767|4990|5602|5635|6347|6418|7323|7476|7503|8774|9229,0
exp2_adult,xgb,456,n_50,shap_dice,True,200,200,200,200,200,200,200,0,0,True,0,,0,0,,,0,,0
exp2_adult,xgb,456,n_50,lime_dice,True,200,200,200,200,200,200,200,0,0,True,0,,0,0,,,0,,0
exp2_adult,xgb,456,n_50,anchors_dice,True,200,200,200,200,200,200,200,0,0,True,0,,0,0,,,23,93|592|656|665|698|1401|1636|1879|2379|2466|3328|4144|4767|4990|5602|5635|6347|6418|7323|7476|7503|8774|9229,0
exp2_adult,xgb,789,n_100,shap_anchors,True,400,400,400,400,400,400,400,0,0,True,0,,0,0,,,62,119|211|560|585|1266|1293|1387|1485|1496|1819|1858|2175|2361|2552|2672|2687|2913|2987|3441|3496|3534|3588|3591|3612|3810|3933|3953|4104|4243|4368|4501|4505|4521|4587|4831|4897|5164|5227|5429|5464|5535|5549|5735|5783|5853|5924|6107|6247|6422|6762|6937|7359|7494|7989|8083|8223|8242|8354|8406|8907|9310|9604,0
exp2_adult,xgb,789,n_100,lime_anchors,True,400,400,400,400,400,400,400,0,0,True,0,,0,0,,,62,119|211|560|585|1266|1293|1387|1485|1496|1819|1858|2175|2361|2552|2672|2687|2913|2987|3441|3496|3534|3588|3591|3612|3810|3933|3953|4104|4243|4368|4501|4505|4521|4587|4831|4897|5164|5227|5429|5464|5535|5549|5735|5783|5853|5924|6107|6247|6422|6762|6937|7359|7494|7989|8083|8223|8242|8354|8406|8907|9310|9604,0
exp2_adult,xgb,789,n_100,shap_dice,True,400,0,400,0,400,0,0,400,0,False,0,,0,0,,,0,,0
exp2_adult,xgb,789,n_100,lime_dice,True,400,0,400,0,400,0,0,400,0,False,0,,0,0,,,0,,0
exp2_adult,xgb,789,n_100,anchors_dice,True,400,0,400,0,400,0,0,400,0,False,0,,0,0,,,0,,0
exp2_adult,xgb,789,n_200,shap_anchors,True,800,800,800,800,800,800,800,0,0,True,0,,0,0,,,126,119|211|227|283|319|438|539|560|831|1020|1043|1055|1186|1293|1432|1485|1496|1648|1699|1819|1822|1839|1858|1886|1916|2142|2175|2245|2333|2361|2672|2687|2750|2825|2913|2931|2987|3083|3101|3150|3176|3227|3228|3405|3441|3496|3515|3534|3575|3588|3612|3810|3837|3933|3953|4019|4104|4256|4368|4501|4505|4509|4529|4547|4831|4837|5026|5164|5179|5227|5293|5404|5429|5464|5503|5535|5549|5639|5715|5735|5783|5803|5853|5871|6247|6258|6422|6682|6754|6762|6937|7093|7099|7134|7359|7373|7488|7494|7503|7600|7763|7963|7977|7989|8083|8107|8119|8152|8223|8298|8429|8486|8488|8536|8548|8599|8654|8688|8874|8907|8952|9091|9140|9310|9518|9690,0
exp2_adult,xgb,789,n_200,lime_anchors,True,800,800,800,800,800,800,800,0,0,True,0,,0,0,,,126,119|211|227|283|319|438|539|560|831|1020|1043|1055|1186|1293|1432|1485|1496|1648|1699|1819|1822|1839|1858|1886|1916|2142|2175|2245|2333|2361|2672|2687|2750|2825|2913|2931|2987|3083|3101|3150|3176|3227|3228|3405|3441|3496|3515|3534|3575|3588|3612|3810|3837|3933|3953|4019|4104|4256|4368|4501|4505|4509|4529|4547|4831|4837|5026|5164|5179|5227|5293|5404|5429|5464|5503|5535|5549|5639|5715|5735|5783|5803|5853|5871|6247|6258|6422|6682|6754|6762|6937|7093|7099|7134|7359|7373|7488|7494|7503|7600|7763|7963|7977|7989|8083|8107|8119|8152|8223|8298|8429|8486|8488|8536|8548|8599|8654|8688|8874|8907|8952|9091|9140|9310|9518|9690,0
exp2_adult,xgb,789,n_200,shap_dice,True,800,800,800,800,800,800,800,0,0,True,0,,0,0,,,0,,0
exp2_adult,xgb,789,n_200,lime_dice,True,800,800,800,800,800,800,800,0,0,True,0,,0,0,,,0,,0
exp2_adult,xgb,789,n_200,anchors_dice,True,800,800,800,800,800,800,800,0,0,True,0,,0,0,,,126,119|211|227|283|319|438|539|560|831|1020|1043|1055|1186|1293|1432|1485|1496|1648|1699|1819|1822|1839|1858|1886|1916|2142|2175|2245|2333|2361|2672|2687|2750|2825|2913|2931|2987|3083|3101|3150|3176|3227|3228|3405|3441|3496|3515|3534|3575|3588|3612|3810|3837|3933|3953|4019|4104|4256|4368|4501|4505|4509|4529|4547|4831|4837|5026|5164|5179|5227|5293|5404|5429|5464|5503|5535|5549|5639|5715|5735|5783|5803|5853|5871|6247|6258|6422|6682|6754|6762|6937|7093|7099|7134|7359|7373|7488|7494|7503|7600|7763|7963|7977|7989|8083|8107|8119|8152|8223|8298|8429|8486|8488|8536|8548|8599|8654|8688|8874|8907|8952|9091|9140|9310|9518|9690,0
exp2_adult,xgb,789,n_50,shap_anchors,True,200,200,200,200,200,200,200,0,0,True,0,,0,0,,,32,853|1496|1699|1819|1916|2361|2913|3227|3441|3496|3534|3588|3612|3810|3953|4104|4368|4501|4509|4831|5164|5464|5549|5735|6107|6247|6422|6937|7839|7989|8406|9331,0
exp2_adult,xgb,789,n_50,lime_anchors,True,200,200,200,200,200,200,200,0,0,True,0,,0,0,,,32,853|1496|1699|1819|1916|2361|2913|3227|3441|3496|3534|3588|3612|3810|3953|4104|4368|4501|4509|4831|5164|5464|5549|5735|6107|6247|6422|6937|7839|7989|8406|9331,0
exp2_adult,xgb,789,n_50,shap_dice,True,200,200,200,200,200,200,200,0,0,True,0,,0,0,,,0,,0
exp2_adult,xgb,789,n_50,lime_dice,True,200,200,200,200,200,200,200,0,0,True,0,,0,0,,,0,,0
exp2_adult,xgb,789,n_50,anchors_dice,True,200,200,200,200,200,200,200,0,0,True,0,,0,0,,,32,853|1496|1699|1819|1916|2361|2913|3227|3441|3496|3534|3588|3612|3810|3953|4104|4368|4501|4509|4831|5164|5464|5549|5735|6107|6247|6422|6937|7839|7989|8406|9331,0
exp2_adult,xgb,999,n_100,shap_anchors,True,400,400,400,400,400,400,400,0,0,True,0,,0,0,,,66,92|143|230|272|339|477|889|1046|1145|1649|1686|2444|2698|2737|2805|2841|2895|2930|3193|3525|3527|3592|3925|4073|4080|4298|4307|4501|4682|4829|4939|4950|5384|6160|6481|6571|6683|6699|6714|6873|6876|6986|7028|7184|7238|7441|7448|7486|7663|7681|7898|7911|8121|8123|8385|8400|8501|8565|8691|8791|8915|9067|9149|9229|9316|9553,0
exp2_adult,xgb,999,n_100,lime_anchors,True,400,400,400,400,400,400,400,0,0,True,0,,0,0,,,66,92|143|230|272|339|477|889|1046|1145|1649|1686|2444|2698|2737|2805|2841|2895|2930|3193|3525|3527|3592|3925|4073|4080|4298|4307|4501|4682|4829|4939|4950|5384|6160|6481|6571|6683|6699|6714|6873|6876|6986|7028|7184|7238|7441|7448|7486|7663|7681|7898|7911|8121|8123|8385|8400|8501|8565|8691|8791|8915|9067|9149|9229|9316|9553,0
exp2_adult,xgb,999,n_100,shap_dice,True,400,400,400,400,400,400,400,0,0,True,0,,0,0,,,0,,0
exp2_adult,xgb,999,n_100,lime_dice,True,400,400,400,400,400,400,400,0,0,True,0,,0,0,,,0,,0
exp2_adult,xgb,999,n_100,anchors_dice,True,400,400,400,400,400,400,400,0,0,True,0,,0,0,,,66,92|143|230|272|339|477|889|1046|1145|1649|1686|2444|2698|2737|2805|2841|2895|2930|3193|3525|3527|3592|3925|4073|4080|4298|4307|4501|4682|4829|4939|4950|5384|6160|6481|6571|6683|6699|6714|6873|6876|6986|7028|7184|7238|7441|7448|7486|7663|7681|7898|7911|8121|8123|8385|8400|8501|8565|8691|8791|8915|9067|9149|9229|9316|9553,0
exp2_adult,xgb,999,n_200,shap_anchors,True,800,800,800,800,800,800,800,0,0,True,0,,0,0,,,151,66|92|151|311|339|422|477|552|710|889|1030|1145|1227|1244|1374|1636|1649|1675|1686|1812|1829|2022|2092|2121|2163|2279|2336|2444|2522|2616|2674|2698|2711|2713|2726|2737|2747|2805|2841|2895|2930|2983|3146|3188|3193|3198|3255|3266|3282|3301|3308|3343|3347|3376|3398|3439|3525|3527|3592|3614|3690|3925|3974|4002|4073|4080|4161|4186|4191|4307|4332|4501|4538|4586|4682|4829|4860|4939|4950|5075|5098|5336|5445|5522|5685|5798|5853|5970|6014|6046|6058|6104|6160|6184|6213|6248|6294|6481|6539|6571|6683|6714|6789|6866|6873|6876|6968|6986|7028|7067|7184|7238|7253|7295|7343|7373|7441|7448|7486|7663|7671|7681|7735|7814|7850|7898|7911|7928|7976|8082|8121|8177|8335|8400|8492|8501|8565|8593|8791|8866|8915|9045|9067|9125|9149|9316|9346|9363|9396|9451|9464,0
exp2_adult,xgb,999,n_200,lime_anchors,True,800,800,800,800,800,800,800,0,0,True,0,,0,0,,,151,66|92|151|311|339|422|477|552|710|889|1030|1145|1227|1244|1374|1636|1649|1675|1686|1812|1829|2022|2092|2121|2163|2279|2336|2444|2522|2616|2674|2698|2711|2713|2726|2737|2747|2805|2841|2895|2930|2983|3146|3188|3193|3198|3255|3266|3282|3301|3308|3343|3347|3376|3398|3439|3525|3527|3592|3614|3690|3925|3974|4002|4073|4080|4161|4186|4191|4307|4332|4501|4538|4586|4682|4829|4860|4939|4950|5075|5098|5336|5445|5522|5685|5798|5853|5970|6014|6046|6058|6104|6160|6184|6213|6248|6294|6481|6539|6571|6683|6714|6789|6866|6873|6876|6968|6986|7028|7067|7184|7238|7253|7295|7343|7373|7441|7448|7486|7663|7671|7681|7735|7814|7850|7898|7911|7928|7976|8082|8121|8177|8335|8400|8492|8501|8565|8593|8791|8866|8915|9045|9067|9125|9149|9316|9346|9363|9396|9451|9464,0
exp2_adult,xgb,999,n_200,shap_dice,True,800,800,800,800,800,800,800,0,0,True,0,,0,0,,,0,,0
exp2_adult,xgb,999,n_200,lime_dice,True,800,800,800,800,800,800,800,0,0,True,0,,0,0,,,0,,0
exp2_adult,xgb,999,n_200,anchors_dice,True,800,800,800,800,800,800,800,0,0,True,0,,0,0,,,151,66|92|151|311|339|422|477|552|710|889|1030|1145|1227|1244|1374|1636|1649|1675|1686|1812|1829|2022|2092|2121|2163|2279|2336|2444|2522|2616|2674|2698|2711|2713|2726|2737|2747|2805|2841|2895|2930|2983|3146|3188|3193|3198|3255|3266|3282|3301|3308|3343|3347|3376|3398|3439|3525|3527|3592|3614|3690|3925|3974|4002|4073|4080|4161|4186|4191|4307|4332|4501|4538|4586|4682|4829|4860|4939|4950|5075|5098|5336|5445|5522|5685|5798|5853|5970|6014|6046|6058|6104|6160|6184|6213|6248|6294|6481|6539|6571|6683|6714|6789|6866|6873|6876|6968|6986|7028|7067|7184|7238|7253|7295|7343|7373|7441|7448|7486|7663|7671|7681|7735|7814|7850|7898|7911|7928|7976|8082|8121|8177|8335|8400|8492|8501|8565|8593|8791|8866|8915|9045|9067|9125|9149|9316|9346|9363|9396|9451|9464,0
exp2_adult,xgb,999,n_50,shap_anchors,True,200,200,200,200,200,200,200,0,0,True,0,,0,0,,,34,143|339|1145|1649|1675|1686|1747|2522|2841|2930|3146|3193|3592|4073|4191|4307|4682|4939|5344|6481|6683|6873|6876|6955|7184|7448|7681|7898|8121|8385|8593|8915|9149|9229,0
exp2_adult,xgb,999,n_50,lime_anchors,True,200,200,200,200,200,200,200,0,0,True,0,,0,0,,,34,143|339|1145|1649|1675|1686|1747|2522|2841|2930|3146|3193|3592|4073|4191|4307|4682|4939|5344|6481|6683|6873|6876|6955|7184|7448|7681|7898|8121|8385|8593|8915|9149|9229,0
exp2_adult,xgb,999,n_50,shap_dice,True,200,200,200,200,200,200,200,0,0,True,0,,0,0,,,0,,0
exp2_adult,xgb,999,n_50,lime_dice,True,200,200,200,200,200,200,200,0,0,True,0,,0,0,,,0,,0
exp2_adult,xgb,999,n_50,anchors_dice,True,200,200,200,200,200,200,200,0,0,True,0,,0,0,,,34,143|339|1145|1649|1675|1686|1747|2522|2841|2930|3146|3193|3592|4073|4191|4307|4682|4939|5344|6481|6683|6873|6876|6955|7184|7448|7681|7898|8121|8385|8593|8915|9149|9229,0
