{
  "accuracy": 0.8490469358475098,
  "precision": 0.8423216372313514,
  "recall": 0.8490469358475098,
  "f1": 0.8435061330202339,
  "roc_auc": 0.9031961509285612,
  "confusion_matrix": [
    [
      6901,
      521
    ],
    [
      952,
      1384
    ]
  ]
}