{"instance_id": 10, "quadrant": "TP", "true_label": 1, "prediction": 1, "prediction_correct": true, "metrics": {"cost": 1009.828899987042, "sparsity": 0.9333333333333333, "fidelity": 0.8098064407658343, "faithfulness_gap": 0.18999999999999995, "stability": 0.9989613019791388}, "explanation": {"top_features": ["worst radius: 0.0406", "worst perimeter: 0.0395", "worst concave points: 0.0344", "mean concave points: 0.0303", "worst area: 0.0277", "worst concavity: 0.0262", "area error: 0.0192", "mean concavity: 0.0142", "mean texture: 0.0133", "mean area: 0.0098"], "raw_top": {"worst radius": 0.04060857105068862, "worst perimeter": 0.03950333297369071, "worst concave points": 0.0344416665265453, "mean concave points": 0.03026976134395227, "worst area": 0.027701428587897682, "worst concavity": 0.026169047707226126, "area error": 0.019167856984131502, "mean concavity": 0.014184047678718344, "mean texture": 0.013337142855743878, "mean area": 0.009807618895429186}}}