{"instance_id": 101, "quadrant": "TP", "true_label": 1, "prediction": 1, "prediction_correct": true, "metrics": {"cost": 1001.779800048098, "sparsity": 0.9, "fidelity": 0.826747005760302, "faithfulness_gap": 0.18000000000000005, "stability": 0.8632467214548136}, "explanation": {"top_features": ["mean concave points: 0.0535", "worst concave points: 0.0445", "worst concavity: 0.0306", "mean concavity: 0.0250", "mean perimeter: 0.0161", "area error: 0.0121", "worst compactness: 0.0112", "radius error: 0.0107", "worst perimeter: 0.0103", "perimeter error: 0.0090"], "raw_top": {"mean concave points": 0.05346047545725014, "worst concave points": 0.044465951664024034, "worst concavity": 0.03062880948447855, "mean concavity": 0.025011428491561672, "mean perimeter": 0.016089523878181352, "area error": 0.012084523662633729, "worst compactness": 0.011198095050058327, "radius error": 0.010678571434109472, "worst perimeter": 0.010347143012913874, "perimeter error": 0.00902952381002251}}}