{"instance_id": 102, "quadrant": "TN", "true_label": 0, "prediction": 0, "prediction_correct": true, "metrics": {"cost": 1004.148600040935, "sparsity": 1.0, "fidelity": 0.8417890223056337, "faithfulness_gap": 0.27, "stability": 0.9970326636865593}, "explanation": {"top_features": ["worst perimeter: -0.1184", "worst radius: -0.1182", "worst area: -0.0812", "mean concave points: -0.0585", "area error: -0.0548", "worst concave points: -0.0434", "worst texture: 0.0349", "mean concavity: -0.0343", "worst concavity: -0.0336", "mean area: -0.0325"], "raw_top": {"worst perimeter": -0.11841952180140652, "worst radius": -0.1182254758727504, "worst area": -0.08116904670023359, "mean concave points": -0.05851428429072257, "area error": -0.05482190404378343, "worst concave points": -0.04336452352697961, "worst texture": 0.0349228567146929, "mean concavity": -0.03429904736462049, "worst concavity": -0.03364452368958155, "mean area": -0.03251476157922298}}}