{"instance_id": 106, "quadrant": "TP", "true_label": 1, "prediction": 1, "prediction_correct": true, "metrics": {"cost": 1001.4221000019461, "sparsity": 1.0, "fidelity": 0.8736799562370915, "faithfulness_gap": 0.21999999999999997, "stability": 0.9977481294051431}, "explanation": {"top_features": ["worst radius: 0.0425", "worst perimeter: 0.0422", "mean concave points: 0.0341", "worst concave points: 0.0319", "worst area: 0.0276", "worst concavity: 0.0268", "area error: 0.0201", "mean concavity: 0.0139", "mean texture: 0.0134", "perimeter error: 0.0109"], "raw_top": {"worst radius": 0.042535714212572205, "worst perimeter": 0.042236666149110536, "mean concave points": 0.034113571053603665, "worst concave points": 0.0318535712963785, "worst area": 0.02757428570126649, "worst concavity": 0.02678714281122666, "area error": 0.020135952186246867, "mean concavity": 0.013914523788844235, "mean texture": 0.013389047581586055, "perimeter error": 0.01091071420465596}}}