{"instance_id": 107, "quadrant": "TN", "true_label": 0, "prediction": 0, "prediction_correct": true, "metrics": {"cost": 1003.9449000032619, "sparsity": 1.0, "fidelity": 0.9024651264102197, "faithfulness_gap": 0.27, "stability": 0.9985925201615077}, "explanation": {"top_features": ["worst radius: -0.1268", "worst perimeter: -0.1005", "worst area: -0.0807", "mean concave points: -0.0694", "worst concave points: -0.0669", "worst concavity: -0.0425", "mean concavity: -0.0303", "mean area: -0.0243", "area error: -0.0241", "mean texture: -0.0238"], "raw_top": {"worst radius": -0.1267547616927186, "worst perimeter": -0.1004799988202285, "worst area": -0.08070714308531024, "mean concave points": -0.06935380911279936, "worst concave points": -0.06693904800747986, "worst concavity": -0.042532857394544404, "mean concavity": -0.0302838099229848, "mean area": -0.024341904295724817, "area error": -0.024114285831456073, "mean texture": -0.023805714159971104}}}