{"instance_id": 113, "quadrant": "TP", "true_label": 1, "prediction": 1, "prediction_correct": true, "metrics": {"cost": 1001.6507999971509, "sparsity": 0.9666666666666667, "fidelity": 0.7788126335523633, "faithfulness_gap": 0.17000000000000004, "stability": 0.994931147340145}, "explanation": {"top_features": ["worst radius: 0.0435", "worst perimeter: 0.0427", "worst concave points: 0.0326", "mean concave points: 0.0313", "worst area: 0.0246", "worst concavity: 0.0246", "area error: 0.0188", "mean texture: 0.0163", "mean concavity: 0.0142", "worst texture: 0.0129"], "raw_top": {"worst radius": 0.04346428569755517, "worst perimeter": 0.04273714236333035, "worst concave points": 0.03257738095970126, "mean concave points": 0.03125976114533842, "worst area": 0.02462428574101068, "worst concavity": 0.024571904967888258, "area error": 0.01884595214825822, "mean texture": 0.016254761894815603, "mean concavity": 0.014150238111615181, "worst texture": 0.012900952344643883}}}