{"instance_id": 14, "quadrant": "TP", "true_label": 1, "prediction": 1, "prediction_correct": true, "metrics": {"cost": 1003.605299978517, "sparsity": 0.9666666666666667, "fidelity": 0.7455234597173162, "faithfulness_gap": 0.20999999999999996, "stability": 0.9960426279972927}, "explanation": {"top_features": ["worst radius: 0.0482", "worst perimeter: 0.0447", "mean concave points: 0.0346", "worst concave points: 0.0319", "worst area: 0.0314", "worst concavity: 0.0199", "area error: 0.0192", "mean concavity: 0.0135", "mean area: 0.0107", "radius error: 0.0103"], "raw_top": {"worst radius": 0.0481669047154719, "worst perimeter": 0.04470190442109015, "mean concave points": 0.034565951599506664, "worst concave points": 0.031852857045305424, "worst area": 0.03137142861029133, "worst concavity": 0.019883095196273643, "area error": 0.01920095218636561, "mean concavity": 0.01352880957245361, "mean area": 0.010744285732507707, "radius error": 0.010317142751882785}}}