{"instance_id": 15, "quadrant": "TP", "true_label": 1, "prediction": 1, "prediction_correct": true, "metrics": {"cost": 1001.0335000697523, "sparsity": 1.0, "fidelity": 0.8172470519529804, "faithfulness_gap": 0.13, "stability": 0.9723480431509753}, "explanation": {"top_features": ["perimeter error: -0.0581", "worst perimeter: 0.0449", "worst concave points: 0.0424", "radius error: -0.0420", "worst radius: 0.0390", "mean concave points: 0.0367", "worst area: 0.0256", "worst concavity: 0.0249", "area error: -0.0164", "mean concavity: 0.0144"], "raw_top": {"perimeter error": -0.05806666495511308, "worst perimeter": 0.04488618995761499, "worst concave points": 0.0423690471163718, "radius error": -0.0419685701635899, "worst radius": 0.039039047512342225, "mean concave points": 0.036729999218368906, "worst area": 0.025588095245766454, "worst concavity": 0.02485571385419462, "area error": -0.016416666036238894, "mean concavity": 0.01440476174815558}}}