{"instance_id": 16, "quadrant": "TP", "true_label": 1, "prediction": 1, "prediction_correct": true, "metrics": {"cost": 1019.3087999941781, "sparsity": 1.0, "fidelity": 0.8532428962819354, "faithfulness_gap": 0.32999999999999996, "stability": 0.9693105492869788}, "explanation": {"top_features": ["worst concave points: 0.0501", "mean concave points: 0.0480", "worst radius: 0.0420", "worst perimeter: 0.0411", "worst concavity: 0.0376", "worst texture: -0.0243", "worst area: 0.0237", "mean concavity: 0.0179", "mean area: 0.0094", "mean texture: -0.0093"], "raw_top": {"worst concave points": 0.05011119011323899, "mean concave points": 0.04804999940271955, "worst radius": 0.04203214279899839, "worst perimeter": 0.04113309459411539, "worst concavity": 0.03757380923168967, "worst texture": -0.02426928524801042, "worst area": 0.023712619044235907, "mean concavity": 0.017882618954463397, "mean area": 0.009449999924981967, "mean texture": -0.009297142704599536}}}