{"instance_id": 19, "quadrant": "TP", "true_label": 1, "prediction": 1, "prediction_correct": true, "metrics": {"cost": 1003.9347999263555, "sparsity": 0.9666666666666667, "fidelity": 0.8888847833428499, "faithfulness_gap": 0.38, "stability": 0.9910614617861054}, "explanation": {"top_features": ["worst radius: 0.0572", "mean concave points: 0.0538", "worst perimeter: 0.0512", "worst area: 0.0346", "worst concave points: 0.0327", "mean area: 0.0121", "mean concavity: 0.0119", "mean radius: 0.0070", "perimeter error: 0.0064", "mean perimeter: 0.0060"], "raw_top": {"worst radius": 0.05717999975255225, "mean concave points": 0.05376999895554036, "worst perimeter": 0.05123904699808918, "worst area": 0.034624285656027494, "worst concave points": 0.032689999696449375, "mean area": 0.012093333331868052, "mean concavity": 0.011928095257026143, "mean radius": 0.00697000008134637, "perimeter error": 0.006356666599167511, "mean perimeter": 0.005972857007873244}}}