{"instance_id": 3, "quadrant": "TP", "true_label": 1, "prediction": 1, "prediction_correct": true, "metrics": {"cost": 1001.0527999838814, "sparsity": 0.9666666666666667, "fidelity": 0.7534727273781952, "faithfulness_gap": 0.25, "stability": 0.9939811694272666}, "explanation": {"top_features": ["worst perimeter: 0.0429", "worst concave points: 0.0422", "worst radius: 0.0404", "mean concave points: 0.0331", "worst concavity: 0.0275", "worst area: 0.0243", "mean texture: 0.0180", "area error: 0.0171", "worst texture: 0.0153", "mean concavity: 0.0151"], "raw_top": {"worst perimeter": 0.042883809023187495, "worst concave points": 0.04220404756313655, "worst radius": 0.04037785715248901, "mean concave points": 0.03305618936137762, "worst concavity": 0.027483095393690746, "worst area": 0.024282380876829848, "mean texture": 0.018042619019106497, "area error": 0.017136904658109416, "worst texture": 0.015314285700442269, "mean concavity": 0.01513809522264637}}}