{"instance_id": 39, "quadrant": "TP", "true_label": 1, "prediction": 1, "prediction_correct": true, "metrics": {"cost": 1001.395299914293, "sparsity": 1.0, "fidelity": 0.7868493245458517, "faithfulness_gap": 0.30999999999999994, "stability": 0.944623712906663}, "explanation": {"top_features": ["worst radius: 0.0541", "worst perimeter: 0.0466", "worst concave points: 0.0411", "worst area: 0.0381", "mean concave points: 0.0273", "mean area: 0.0124", "worst concavity: 0.0104", "worst smoothness: 0.0104", "area error: 0.0092", "mean perimeter: 0.0080"], "raw_top": {"worst radius": 0.054094047368271274, "worst perimeter": 0.046570475521730256, "worst concave points": 0.041104999672388655, "worst area": 0.03810047619510442, "mean concave points": 0.027339999256655576, "mean area": 0.01240666673576925, "worst concavity": 0.010429761642881204, "worst smoothness": 0.010392380920820869, "area error": 0.009248809377022554, "mean perimeter": 0.008025238114641979}}}