{"instance_id": 47, "quadrant": "TP", "true_label": 1, "prediction": 1, "prediction_correct": true, "metrics": {"cost": 1001.5804999275133, "sparsity": 0.9333333333333333, "fidelity": 0.8737051465956741, "faithfulness_gap": 0.32999999999999996, "stability": 0.986381264864897}, "explanation": {"top_features": ["worst radius: 0.0466", "mean concave points: 0.0444", "worst concave points: 0.0444", "worst perimeter: 0.0394", "worst concavity: 0.0328", "worst area: 0.0266", "mean concavity: 0.0174", "area error: 0.0140", "perimeter error: 0.0116", "radius error: 0.0113"], "raw_top": {"worst radius": 0.046612380696460606, "mean concave points": 0.04440023772302084, "worst concave points": 0.044350714046449864, "worst perimeter": 0.039429523396538574, "worst concavity": 0.032771428468404334, "worst area": 0.02663190490275156, "mean concavity": 0.017417381146806292, "area error": 0.014040237886074464, "perimeter error": 0.011578333219513298, "radius error": 0.011329047558829188}}}