{"instance_id": 49, "quadrant": "TP", "true_label": 1, "prediction": 1, "prediction_correct": true, "metrics": {"cost": 1001.4883999247104, "sparsity": 1.0, "fidelity": 0.8553032512278297, "faithfulness_gap": 0.25, "stability": 0.9967063256101083}, "explanation": {"top_features": ["worst radius: 0.0484", "worst perimeter: 0.0470", "worst concave points: 0.0398", "mean concave points: 0.0388", "worst area: 0.0318", "worst concavity: 0.0267", "mean concavity: 0.0154", "mean area: 0.0136", "area error: 0.0103", "mean radius: 0.0090"], "raw_top": {"worst radius": 0.04838499995297752, "worst perimeter": 0.0470299997238908, "worst concave points": 0.039779761845711616, "mean concave points": 0.038809999538352714, "worst area": 0.03176285715599079, "worst concavity": 0.026665952396288047, "mean concavity": 0.01542476165399421, "mean area": 0.013620952528435737, "area error": 0.010252619167731609, "mean radius": 0.008970952372183092}}}