{"instance_id": 5, "quadrant": "TP", "true_label": 1, "prediction": 1, "prediction_correct": true, "metrics": {"cost": 1020.3568999422714, "sparsity": 0.9666666666666667, "fidelity": 0.8207546828058214, "faithfulness_gap": 0.35, "stability": 0.9917249974771839}, "explanation": {"top_features": ["mean concave points: 0.0502", "worst radius: 0.0495", "worst concave points: 0.0491", "worst perimeter: 0.0417", "worst area: 0.0322", "worst concavity: 0.0237", "mean concavity: 0.0159", "mean area: 0.0138", "area error: 0.0094", "mean perimeter: 0.0084"], "raw_top": {"mean concave points": 0.05015666596358642, "worst radius": 0.04951904748333618, "worst concave points": 0.04909857131075114, "worst perimeter": 0.04169428541441448, "worst area": 0.032167619204265065, "worst concavity": 0.02367333317408338, "mean concavity": 0.015918571473448537, "mean area": 0.0138233333081007, "area error": 0.009387142846826464, "mean perimeter": 0.008445237991400062}}}