{"instance_id": 52, "quadrant": "TP", "true_label": 1, "prediction": 1, "prediction_correct": true, "metrics": {"cost": 1002.9502999968827, "sparsity": 1.0, "fidelity": 0.8629311112430282, "faithfulness_gap": 0.17999999999999994, "stability": 0.9956993266729197}, "explanation": {"top_features": ["worst concave points: 0.0361", "worst perimeter: 0.0350", "mean concave points: 0.0340", "worst radius: 0.0323", "worst concavity: 0.0256", "worst area: 0.0232", "area error: 0.0206", "mean concavity: 0.0169", "mean texture: 0.0157", "worst texture: 0.0146"], "raw_top": {"worst concave points": 0.03614476151677081, "worst perimeter": 0.03496190443751402, "mean concave points": 0.033985475301742556, "worst radius": 0.032327857047203, "worst concavity": 0.02562690480350284, "worst area": 0.023178094924078324, "area error": 0.020582380738924256, "mean concavity": 0.016875476206187158, "mean texture": 0.015673571394581812, "worst texture": 0.014637618960696272}}}