{"instance_id": 55, "quadrant": "TN", "true_label": 0, "prediction": 0, "prediction_correct": true, "metrics": {"cost": 1001.4795999741182, "sparsity": 0.9666666666666667, "fidelity": 0.9181370354850682, "faithfulness_gap": 0.33999999999999997, "stability": 0.996895591714687}, "explanation": {"top_features": ["worst radius: -0.1215", "worst perimeter: -0.0994", "worst area: -0.0918", "mean concave points: -0.0695", "worst concave points: -0.0661", "worst concavity: -0.0436", "area error: -0.0314", "mean area: -0.0236", "worst compactness: -0.0230", "mean radius: -0.0224"], "raw_top": {"worst radius": -0.12147999974957202, "worst perimeter": -0.09942285635042936, "worst area": -0.09183285676583182, "mean concave points": -0.06946142761036754, "worst concave points": -0.06610904730099719, "worst concavity": -0.04355714254139457, "area error": -0.031423333436250686, "mean area": -0.023646189889987, "worst compactness": -0.023031904958188534, "mean radius": -0.022376666314085015}}}