{"instance_id": 59, "quadrant": "TN", "true_label": 0, "prediction": 0, "prediction_correct": true, "metrics": {"cost": 1001.6253999201581, "sparsity": 1.0, "fidelity": 0.9012704693689417, "faithfulness_gap": 0.35, "stability": 0.997600905826036}, "explanation": {"top_features": ["worst radius: -0.1092", "worst perimeter: -0.1027", "worst area: -0.0730", "mean concave points: -0.0711", "worst concave points: -0.0706", "area error: -0.0426", "worst concavity: -0.0416", "mean concavity: -0.0291", "mean area: -0.0284", "worst compactness: -0.0196"], "raw_top": {"worst radius": -0.10916833388968371, "worst perimeter": -0.10266619028989225, "worst area": -0.07300380967441016, "mean concave points": -0.07106952312518842, "worst concave points": -0.0706150002987124, "area error": -0.042634047515748535, "worst concavity": -0.04158738127007382, "mean concavity": -0.02911476221459452, "mean area": -0.02835571408329997, "worst compactness": -0.019560952430474572}}}