{"instance_id": 61, "quadrant": "TP", "true_label": 1, "prediction": 1, "prediction_correct": true, "metrics": {"cost": 1001.1812000302598, "sparsity": 1.0, "fidelity": 0.8795400766217313, "faithfulness_gap": 0.21999999999999997, "stability": 0.9970343994392985}, "explanation": {"top_features": ["worst radius: 0.0385", "worst perimeter: 0.0377", "mean concave points: 0.0352", "worst concave points: 0.0344", "worst concavity: 0.0264", "worst area: 0.0247", "area error: 0.0213", "mean concavity: 0.0169", "mean texture: 0.0164", "worst texture: 0.0137"], "raw_top": {"worst radius": 0.03851833317137789, "worst perimeter": 0.0377133327833144, "mean concave points": 0.03524690381309483, "worst concave points": 0.03441666640370386, "worst concavity": 0.02637880946189398, "worst area": 0.024697618877398783, "area error": 0.021285714126424864, "mean concavity": 0.01686738080752548, "mean texture": 0.01635928568284726, "worst texture": 0.013654285671073012}}}