{"instance_id": 63, "quadrant": "TP", "true_label": 1, "prediction": 1, "prediction_correct": true, "metrics": {"cost": 1001.5519999433309, "sparsity": 0.9666666666666667, "fidelity": 0.8201014049037524, "faithfulness_gap": 0.21999999999999997, "stability": 0.9982124500302128}, "explanation": {"top_features": ["worst radius: 0.0498", "worst perimeter: 0.0443", "mean concave points: 0.0353", "worst concave points: 0.0345", "worst area: 0.0301", "worst concavity: 0.0277", "area error: 0.0196", "mean concavity: 0.0149", "mean area: 0.0118", "radius error: 0.0112"], "raw_top": {"worst radius": 0.04980261896154843, "worst perimeter": 0.04433523770654574, "mean concave points": 0.03526690438273363, "worst concave points": 0.03452095230837585, "worst area": 0.03012142864638008, "worst concavity": 0.027690714111959096, "area error": 0.01963761890481692, "mean concavity": 0.014944523709709756, "mean area": 0.011802380934823305, "radius error": 0.01118999986210838}}}