{"instance_id": 73, "quadrant": "TP", "true_label": 1, "prediction": 1, "prediction_correct": true, "metrics": {"cost": 1001.302000018768, "sparsity": 0.9333333333333333, "fidelity": 0.8277436912106343, "faithfulness_gap": 0.25, "stability": 0.9932627680854166}, "explanation": {"top_features": ["worst radius: 0.0407", "worst perimeter: 0.0406", "worst concave points: 0.0373", "mean concave points: 0.0326", "worst concavity: 0.0302", "worst area: 0.0262", "mean concavity: 0.0160", "area error: 0.0153", "mean texture: 0.0149", "worst texture: 0.0098"], "raw_top": {"worst radius": 0.04073904735792894, "worst perimeter": 0.04061285693896934, "worst concave points": 0.03734642831404926, "mean concave points": 0.0326159517565975, "worst concavity": 0.030244285798398777, "worst area": 0.026200952344224787, "mean concavity": 0.015953095341683366, "area error": 0.01531785716622835, "mean texture": 0.014878095275489613, "worst texture": 0.00979761902766768}}}