{"instance_id": 83, "quadrant": "TP", "true_label": 1, "prediction": 1, "prediction_correct": true, "metrics": {"cost": 1003.2619000412524, "sparsity": 0.9333333333333333, "fidelity": 0.8453025821634934, "faithfulness_gap": 0.21999999999999997, "stability": 0.9795439700464271}, "explanation": {"top_features": ["worst radius: 0.0453", "mean concave points: 0.0442", "worst perimeter: 0.0425", "worst concave points: 0.0327", "worst area: 0.0289", "area error: 0.0214", "mean concavity: 0.0157", "worst texture: 0.0141", "mean texture: 0.0131", "radius error: 0.0099"], "raw_top": {"worst radius": 0.04532809480675496, "mean concave points": 0.04424214189173654, "worst perimeter": 0.04254428497166373, "worst concave points": 0.032729761545488144, "worst area": 0.028871904465486296, "area error": 0.021377856934268493, "mean concavity": 0.015730238086543977, "worst texture": 0.014073333162232303, "mean texture": 0.01314904768485576, "radius error": 0.009943809389369562}}}