{"instance_id": 86, "quadrant": "TP", "true_label": 1, "prediction": 1, "prediction_correct": true, "metrics": {"cost": 1001.4674999983981, "sparsity": 1.0, "fidelity": 0.7602925997784697, "faithfulness_gap": 0.20999999999999996, "stability": 0.9914157001127}, "explanation": {"top_features": ["worst perimeter: 0.0412", "worst radius: 0.0392", "worst concave points: 0.0373", "mean concave points: 0.0324", "worst area: 0.0267", "worst concavity: 0.0214", "area error: 0.0204", "mean texture: 0.0184", "worst texture: 0.0154", "mean concavity: 0.0142"], "raw_top": {"worst perimeter": 0.041229523314395916, "worst radius": 0.039216904663480816, "worst concave points": 0.03732952386053512, "mean concave points": 0.032435951146762815, "worst area": 0.02668238090001978, "worst concavity": 0.021371666546037886, "area error": 0.020422856959630736, "mean texture": 0.01837071431131335, "worst texture": 0.015357619060087018, "mean concavity": 0.014247857136069797}}}