{"instance_id": 89, "quadrant": "TP", "true_label": 1, "prediction": 1, "prediction_correct": true, "metrics": {"cost": 1001.1138000991195, "sparsity": 0.9666666666666667, "fidelity": 0.748443842165201, "faithfulness_gap": 0.32999999999999996, "stability": 0.9776841455097299}, "explanation": {"top_features": ["mean concave points: 0.0515", "worst concave points: 0.0467", "worst radius: 0.0407", "worst perimeter: 0.0401", "worst concavity: 0.0330", "worst area: 0.0287", "mean concavity: 0.0186", "worst smoothness: 0.0111", "area error: 0.0086", "mean area: 0.0079"], "raw_top": {"mean concave points": 0.051536666105967015, "worst concave points": 0.04665690440335311, "worst radius": 0.040721190440817734, "worst perimeter": 0.04011428533412982, "worst concavity": 0.032963571192522065, "worst area": 0.028654285575612448, "mean concavity": 0.018645238105091267, "worst smoothness": 0.011092381123453378, "area error": 0.008614047588489484, "mean area": 0.007919999955920503}}}