{"instance_id": 92, "quadrant": "TN", "true_label": 0, "prediction": 0, "prediction_correct": true, "metrics": {"cost": 1003.4675999777392, "sparsity": 1.0, "fidelity": 0.8522543744085634, "faithfulness_gap": 0.26, "stability": 0.9987884582783948}, "explanation": {"top_features": ["worst radius: -0.1159", "worst perimeter: -0.1010", "worst area: -0.0804", "mean concave points: -0.0635", "worst concave points: -0.0627", "worst concavity: -0.0381", "area error: -0.0326", "worst texture: -0.0224", "mean area: -0.0203", "perimeter error: -0.0186"], "raw_top": {"worst radius": -0.11590857117262203, "worst perimeter": -0.10099190363194793, "worst area": -0.08035047655925155, "mean concave points": -0.06354714159970172, "worst concave points": -0.06270619101473131, "worst concavity": -0.038090000682859684, "area error": -0.03256142865109723, "worst texture": -0.022392857264494522, "mean area": -0.020270000339951365, "perimeter error": -0.01855333355255425}}}