{"instance_id": 97, "quadrant": "TN", "true_label": 0, "prediction": 0, "prediction_correct": true, "metrics": {"cost": 1002.6457000058144, "sparsity": 1.0, "fidelity": 0.8445432291489551, "faithfulness_gap": 0.27, "stability": 0.9988871076334228}, "explanation": {"top_features": ["worst radius: -0.1135", "worst perimeter: -0.0912", "worst area: -0.0743", "mean concave points: -0.0713", "worst concave points: -0.0695", "worst concavity: -0.0408", "mean concavity: -0.0324", "area error: -0.0307", "mean area: -0.0209", "worst texture: -0.0193"], "raw_top": {"worst radius": -0.1135283329943195, "worst perimeter": -0.09124047604040243, "worst area": -0.07429714312893339, "mean concave points": -0.07128904660698027, "worst concave points": -0.06954119108384475, "worst concavity": -0.040817381321976424, "mean concavity": -0.032373333452269434, "area error": -0.030735476248373743, "mean area": -0.02087095260329079, "worst texture": -0.019273333325400016}}}