{"instance_id": 99, "quadrant": "TN", "true_label": 0, "prediction": 0, "prediction_correct": true, "metrics": {"cost": 1001.1193000245839, "sparsity": 1.0, "fidelity": 0.9040069739481315, "faithfulness_gap": 0.33, "stability": 0.998785311543064}, "explanation": {"top_features": ["worst radius: -0.1269", "worst perimeter: -0.1207", "worst area: -0.0896", "mean concave points: -0.0689", "worst concave points: -0.0410", "area error: -0.0397", "mean area: -0.0282", "mean concavity: -0.0237", "worst concavity: -0.0228", "mean radius: -0.0215"], "raw_top": {"worst radius": -0.12688952375086957, "worst perimeter": -0.1206842831830727, "worst area": -0.08960428458405659, "mean concave points": -0.06888285639055539, "worst concave points": -0.041003810043330306, "area error": -0.039664285396574996, "mean area": -0.02818571423063986, "mean concavity": -0.02370333318540361, "worst concavity": -0.022828095255536026, "mean radius": -0.021542381096514872}}}