{
  "accuracy": 0.956140350877193,
  "precision": 0.9560729421281235,
  "recall": 0.956140350877193,
  "f1": 0.9560273762928302,
  "roc_auc": 0.9938822751322751,
  "confusion_matrix": [
    [
      39,
      3
    ],
    [
      2,
      70
    ]
  ]
}