{"instance_id": 1041, "quadrant": "TN", "true_label": 0, "prediction": 0, "prediction_correct": true, "metrics": {"cost": 44345.92343500117, "sparsity": 0.09259259259259259, "fidelity": 0.8708113054066213, "faithfulness_gap": 0.09507841100958157, "stability": 0.9169880460503141}, "explanation": {"top_features": ["marital-status_Married-civ-spouse: -0.0489", "age: -0.0385", "relationship_Husband: -0.0275", "capital-gain: -0.0160", "marital-status_Never-married: -0.0158", "capital-loss: -0.0094", "workclass_Private: -0.0088", "occupation_nan: -0.0050", "workclass_nan: -0.0044", "relationship_Not-in-family: -0.0042"], "raw_top": {"marital-status_Married-civ-spouse": -0.04887917544268846, "age": -0.038505886253605945, "relationship_Husband": -0.027464491368805456, "capital-gain": -0.0160496355528719, "marital-status_Never-married": -0.015841434131170395, "capital-loss": -0.009355549715602979, "workclass_Private": -0.008753903786523253, "occupation_nan": -0.005001957378721146, "workclass_nan": -0.0043674434077117874, "relationship_Not-in-family": -0.004182303982044722}}}