{"instance_id": 1063, "quadrant": "TP", "true_label": 1, "prediction": 1, "prediction_correct": true, "metrics": {"cost": 36924.729864000255, "sparsity": 0.09259259259259259, "fidelity": 0.9893549312301434, "faithfulness_gap": 0.7135797981259624, "stability": 0.9734483916847692}, "explanation": {"top_features": ["occupation_Exec-managerial: 0.2836", "marital-status_Married-civ-spouse: 0.0860", "age: 0.0810", "relationship_Husband: 0.0544", "hours-per-week: 0.0521", "education_Some-college: 0.0269", "education_HS-grad: 0.0150", "marital-status_Never-married: 0.0133", "sex_Female: 0.0098", "education-num: 0.0083"], "raw_top": {"occupation_Exec-managerial": 0.28355894373022805, "marital-status_Married-civ-spouse": 0.08603367344772289, "age": 0.08097350629080574, "relationship_Husband": 0.05443896488959854, "hours-per-week": 0.05205035505106359, "education_Some-college": 0.026915837476334165, "education_HS-grad": 0.015038030949924413, "marital-status_Never-married": 0.01326652237768246, "sex_Female": 0.009801848591788797, "education-num": 0.008262232999461938}}}