{"instance_id": 1205, "quadrant": "TP", "true_label": 1, "prediction": 1, "prediction_correct": true, "metrics": {"cost": 60800.656143001106, "sparsity": 0.09259259259259259, "fidelity": 0.9885172441622472, "faithfulness_gap": 0.47797555877313525, "stability": 0.963967926263911}, "explanation": {"top_features": ["occupation_Prof-specialty: 0.1796", "relationship_Wife: 0.1567", "age: -0.1322", "education-num: 0.1196", "marital-status_Married-civ-spouse: 0.0842", "relationship_Husband: -0.0319", "capital-gain: -0.0273", "education_HS-grad: 0.0152", "marital-status_Never-married: 0.0121", "sex_Male: 0.0097"], "raw_top": {"occupation_Prof-specialty": 0.17955267445570905, "relationship_Wife": 0.1567384509975445, "age": -0.13221305033709202, "education-num": 0.11955427485596218, "marital-status_Married-civ-spouse": 0.0841764296022868, "relationship_Husband": -0.031892779342358055, "capital-gain": -0.027331665990452503, "education_HS-grad": 0.01520505793376665, "marital-status_Never-married": 0.012118903135000405, "sex_Male": 0.009711883642759656}}}