{"instance_id": 1207, "quadrant": "FP", "true_label": 0, "prediction": 1, "prediction_correct": false, "metrics": {"cost": 40148.53458403377, "sparsity": 0.09259259259259259, "fidelity": 0.9774512442893711, "faithfulness_gap": 0.6966791073193155, "stability": 0.9834990422332941}, "explanation": {"top_features": ["capital-loss: 0.3198", "education-num: 0.1210", "marital-status_Married-civ-spouse: 0.1047", "occupation_Prof-specialty: 0.0977", "age: -0.0695", "fnlwgt: -0.0560", "relationship_Husband: 0.0490", "education_Assoc-acdm: -0.0345", "marital-status_Never-married: 0.0142", "relationship_Own-child: 0.0094"], "raw_top": {"capital-loss": 0.3198303692177627, "education-num": 0.1210174366430647, "marital-status_Married-civ-spouse": 0.10470651207415552, "occupation_Prof-specialty": 0.09767002401699267, "age": -0.06946334098460517, "fnlwgt": -0.056042982939938965, "relationship_Husband": 0.04904286192292306, "education_Assoc-acdm": -0.034508842788828216, "marital-status_Never-married": 0.014240092678594407, "relationship_Own-child": 0.009381941081577638}}}