{"instance_id": 1219, "quadrant": "FN", "true_label": 1, "prediction": 0, "prediction_correct": false, "metrics": {"cost": 37753.41419898905, "sparsity": 0.09259259259259259, "fidelity": 0.8437425700161799, "faithfulness_gap": 0.06642867727819549, "stability": 0.8233747237469272}, "explanation": {"top_features": ["relationship_Wife: 0.0887", "marital-status_Married-civ-spouse: 0.0497", "capital-gain: -0.0281", "relationship_Husband: -0.0263", "education_Some-college: -0.0235", "capital-loss: -0.0219", "education-num: -0.0186", "education_HS-grad: 0.0165", "education_Bachelors: -0.0154", "fnlwgt: -0.0086"], "raw_top": {"relationship_Wife": 0.0887169354115237, "marital-status_Married-civ-spouse": 0.04970610496597585, "capital-gain": -0.02809186026596455, "relationship_Husband": -0.02630164403951205, "education_Some-college": -0.023520051589312262, "capital-loss": -0.021936950205453092, "education-num": -0.018619403383771892, "education_HS-grad": 0.016473667459056728, "education_Bachelors": -0.01539546950694048, "fnlwgt": -0.008566850755238876}}}