{"instance_id": 1269, "quadrant": "TN", "true_label": 0, "prediction": 0, "prediction_correct": true, "metrics": {"cost": 39649.43136301008, "sparsity": 0.09259259259259259, "fidelity": 0.7690868933080418, "faithfulness_gap": 0.020583868443783043, "stability": 0.9496955536995296}, "explanation": {"top_features": ["occupation_Exec-managerial: 0.0727", "marital-status_Married-civ-spouse: -0.0595", "relationship_Husband: -0.0255", "workclass_Private: -0.0252", "education-num: -0.0231", "capital-gain: -0.0153", "relationship_Unmarried: -0.0134", "capital-loss: -0.0129", "marital-status_Divorced: -0.0105", "hours-per-week: -0.0088"], "raw_top": {"occupation_Exec-managerial": 0.07271586715285581, "marital-status_Married-civ-spouse": -0.059531980558823035, "relationship_Husband": -0.02552728186473142, "workclass_Private": -0.025211057424733056, "education-num": -0.02311806660378674, "capital-gain": -0.015326741625958921, "relationship_Unmarried": -0.013446013610402718, "capital-loss": -0.012863208704445017, "marital-status_Divorced": -0.010531318916791975, "hours-per-week": -0.008794089894989657}}}