{"instance_id": 1302, "quadrant": "FP", "true_label": 0, "prediction": 1, "prediction_correct": false, "metrics": {"cost": 43246.59616802819, "sparsity": 0.09259259259259259, "fidelity": 0.978348801781415, "faithfulness_gap": 0.46859442140506596, "stability": 0.9452704552301003}, "explanation": {"top_features": ["occupation_Exec-managerial: 0.2424", "marital-status_Married-civ-spouse: 0.0850", "age: 0.0407", "relationship_Husband: 0.0399", "capital-gain: -0.0367", "education_HS-grad: 0.0175", "education_Some-college: 0.0117", "marital-status_Never-married: 0.0098", "relationship_Not-in-family: 0.0080", "education-num: 0.0028"], "raw_top": {"occupation_Exec-managerial": 0.2423931982670805, "marital-status_Married-civ-spouse": 0.08497602637428978, "age": 0.04068048499981713, "relationship_Husband": 0.03991324455491256, "capital-gain": -0.03667130280133737, "education_HS-grad": 0.017523507944709485, "education_Some-college": 0.011710326305561467, "marital-status_Never-married": 0.009808883076304528, "relationship_Not-in-family": 0.008017108850417315, "education-num": 0.0027848895385660377}}}