{"instance_id": 1371, "quadrant": "FP", "true_label": 0, "prediction": 1, "prediction_correct": false, "metrics": {"cost": 35517.856710008346, "sparsity": 0.09259259259259259, "fidelity": 0.9697709691817413, "faithfulness_gap": 0.4195214056779427, "stability": 0.9336060942423554}, "explanation": {"top_features": ["education-num: 0.1988", "marital-status_Married-civ-spouse: 0.0859", "native-country_United-States: -0.0604", "age: 0.0550", "relationship_Husband: 0.0514", "occupation_Adm-clerical: 0.0500", "capital-gain: -0.0307", "native-country_Haiti: 0.0279", "education_Bachelors: -0.0198", "marital-status_Never-married: 0.0115"], "raw_top": {"education-num": 0.19876036375512915, "marital-status_Married-civ-spouse": 0.08589752903464973, "native-country_United-States": -0.06037319415841905, "age": 0.054982011924604855, "relationship_Husband": 0.051408125408741685, "occupation_Adm-clerical": 0.04995970757649346, "capital-gain": -0.030739004562381177, "native-country_Haiti": 0.02790886576104847, "education_Bachelors": -0.019830024378492184, "marital-status_Never-married": 0.011460366686455666}}}