{"instance_id": 15, "quadrant": "TP", "true_label": 1, "prediction": 1, "prediction_correct": true, "metrics": {"cost": 38890.92976599932, "sparsity": 0.09259259259259259, "fidelity": 0.9752490552506978, "faithfulness_gap": 0.7002563770785234, "stability": 0.98507543794292}, "explanation": {"top_features": ["capital-loss: 0.2838", "marital-status_Married-civ-spouse: 0.1111", "age: 0.0481", "relationship_Husband: 0.0476", "fnlwgt: 0.0400", "hours-per-week: 0.0238", "occupation_Craft-repair: 0.0163", "education-num: 0.0163", "marital-status_Never-married: 0.0160", "relationship_Own-child: 0.0109"], "raw_top": {"capital-loss": 0.28380341866139924, "marital-status_Married-civ-spouse": 0.11113922292707183, "age": 0.048060856032802274, "relationship_Husband": 0.04760373474450532, "fnlwgt": 0.039972767036112425, "hours-per-week": 0.02380074523755266, "occupation_Craft-repair": 0.016341510308754865, "education-num": 0.01633919606510693, "marital-status_Never-married": 0.016005394066874908, "relationship_Own-child": 0.010917526985820492}}}