{"instance_id": 1725, "quadrant": "FP", "true_label": 0, "prediction": 1, "prediction_correct": false, "metrics": {"cost": 49764.84274701215, "sparsity": 0.09259259259259259, "fidelity": 0.9888184243139205, "faithfulness_gap": 0.6348027005904396, "stability": 0.9689835120696437}, "explanation": {"top_features": ["education-num: 0.2468", "occupation_Prof-specialty: 0.1646", "marital-status_Married-civ-spouse: 0.0948", "relationship_Husband: 0.0441", "workclass_Self-emp-not-inc: -0.0326", "capital-gain: -0.0290", "race_Asian-Pac-Islander: 0.0243", "marital-status_Never-married: 0.0156", "age: 0.0114", "relationship_Not-in-family: 0.0051"], "raw_top": {"education-num": 0.24680555215071728, "occupation_Prof-specialty": 0.16461526909251406, "marital-status_Married-civ-spouse": 0.09481767425477869, "relationship_Husband": 0.04413294258585917, "workclass_Self-emp-not-inc": -0.03262829504234538, "capital-gain": -0.02904506942954066, "race_Asian-Pac-Islander": 0.02427141732445916, "marital-status_Never-married": 0.015602661242506425, "age": 0.01139165138338403, "relationship_Not-in-family": 0.005086988016527183}}}