{"instance_id": 1726, "quadrant": "TN", "true_label": 0, "prediction": 0, "prediction_correct": true, "metrics": {"cost": 60344.09887299989, "sparsity": 0.09259259259259259, "fidelity": 0.8525715317182452, "faithfulness_gap": 0.04940500271406037, "stability": 0.7625808960960705}, "explanation": {"top_features": ["occupation_Machine-op-inspct: -0.0447", "education-num: -0.0432", "marital-status_Married-civ-spouse: 0.0320", "capital-gain: -0.0308", "capital-loss: -0.0207", "relationship_Husband: 0.0205", "age: 0.0130", "education_Bachelors: -0.0063", "hours-per-week: -0.0031", "fnlwgt: -0.0027"], "raw_top": {"occupation_Machine-op-inspct": -0.04467193234572452, "education-num": -0.04321445455404213, "marital-status_Married-civ-spouse": 0.032014338091512204, "capital-gain": -0.030770993519488445, "capital-loss": -0.020659485766970565, "relationship_Husband": 0.02051244034459461, "age": 0.012990218831183668, "education_Bachelors": -0.006276903819357587, "hours-per-week": -0.00306238387736564, "fnlwgt": -0.002656159530967303}}}