{"instance_id": 1793, "quadrant": "FN", "true_label": 1, "prediction": 0, "prediction_correct": false, "metrics": {"cost": 48920.09132599924, "sparsity": 0.09259259259259259, "fidelity": 0.8693259587452886, "faithfulness_gap": 0.06267239556730853, "stability": 0.7595597185321185}, "explanation": {"top_features": ["marital-status_Married-civ-spouse: 0.0482", "education_Assoc-voc: -0.0419", "capital-gain: -0.0362", "occupation_Craft-repair: -0.0282", "education-num: 0.0250", "capital-loss: -0.0230", "fnlwgt: -0.0181", "age: 0.0180", "hours-per-week: 0.0180", "relationship_Husband: 0.0179"], "raw_top": {"marital-status_Married-civ-spouse": 0.0481725584011901, "education_Assoc-voc": -0.04185291194953615, "capital-gain": -0.036230196991712406, "occupation_Craft-repair": -0.02816325099695588, "education-num": 0.024997584685169348, "capital-loss": -0.0230340242481245, "fnlwgt": -0.018126841270515743, "age": 0.018031018896627872, "hours-per-week": 0.018005736684386982, "relationship_Husband": 0.01785431554340354}}}