{"instance_id": 1849, "quadrant": "TP", "true_label": 1, "prediction": 1, "prediction_correct": true, "metrics": {"cost": 42100.3587669984, "sparsity": 0.09259259259259259, "fidelity": 0.9713869639121784, "faithfulness_gap": 0.7202702232091602, "stability": 0.969405881851497}, "explanation": {"top_features": ["education-num: 0.1976", "relationship_Wife: 0.1623", "occupation_Prof-specialty: 0.1183", "marital-status_Married-civ-spouse: 0.1086", "age: 0.0267", "education_HS-grad: 0.0150", "fnlwgt: 0.0129", "marital-status_Never-married: 0.0097", "relationship_Own-child: 0.0034", "relationship_Not-in-family: 0.0023"], "raw_top": {"education-num": 0.19755662275150732, "relationship_Wife": 0.16233187363460427, "occupation_Prof-specialty": 0.11825095035182794, "marital-status_Married-civ-spouse": 0.1086318799888874, "age": 0.026713945076763824, "education_HS-grad": 0.01497772127064036, "fnlwgt": 0.012942860466310862, "marital-status_Never-married": 0.009665148831282767, "relationship_Own-child": 0.0034225330721021326, "relationship_Not-in-family": 0.002304048733628772}}}