{"instance_id": 1857, "quadrant": "FN", "true_label": 1, "prediction": 0, "prediction_correct": false, "metrics": {"cost": 43386.874135932885, "sparsity": 0.09259259259259259, "fidelity": 0.6910501530740787, "faithfulness_gap": 0.014648707825013055, "stability": 0.8969866573322534}, "explanation": {"top_features": ["education-num: -0.0591", "marital-status_Married-civ-spouse: 0.0195", "capital-gain: -0.0191", "relationship_Husband: 0.0134", "occupation_Machine-op-inspct: -0.0118", "native-country_United-States: -0.0098", "capital-loss: -0.0095", "age: -0.0083", "education_Bachelors: -0.0057", "fnlwgt: -0.0038"], "raw_top": {"education-num": -0.0591100691687325, "marital-status_Married-civ-spouse": 0.019501709669473843, "capital-gain": -0.01907291596711665, "relationship_Husband": 0.013421251568085584, "occupation_Machine-op-inspct": -0.011791280344914138, "native-country_United-States": -0.009847358353933185, "capital-loss": -0.009484858273609873, "age": -0.008320404654350414, "education_Bachelors": -0.0057318382858383525, "fnlwgt": -0.0038338036517466673}}}