{"instance_id": 1858, "quadrant": "FP", "true_label": 0, "prediction": 1, "prediction_correct": false, "metrics": {"cost": 33363.07664896594, "sparsity": 0.09259259259259259, "fidelity": 0.9800887479357745, "faithfulness_gap": 0.576556241340094, "stability": 0.9424290663408484}, "explanation": {"top_features": ["occupation_Tech-support: 0.2078", "marital-status_Married-civ-spouse: 0.0921", "hours-per-week: 0.0699", "education-num: 0.0585", "fnlwgt: 0.0431", "capital-gain: -0.0377", "relationship_Husband: 0.0368", "education_Assoc-voc: -0.0277", "education_HS-grad: 0.0165", "marital-status_Never-married: 0.0112"], "raw_top": {"occupation_Tech-support": 0.2078069720723991, "marital-status_Married-civ-spouse": 0.09205500512996247, "hours-per-week": 0.06994495773780492, "education-num": 0.05853362371416173, "fnlwgt": 0.043100590168752693, "capital-gain": -0.03773969457542002, "relationship_Husband": 0.03677065271047526, "education_Assoc-voc": -0.02769489854271201, "education_HS-grad": 0.016462910458666432, "marital-status_Never-married": 0.011248642693787664}}}