{"instance_id": 2110, "quadrant": "TN", "true_label": 0, "prediction": 0, "prediction_correct": true, "metrics": {"cost": 50445.65391703509, "sparsity": 0.09259259259259259, "fidelity": 0.8987071143269267, "faithfulness_gap": 0.11011664624438514, "stability": 0.9090567857826353}, "explanation": {"top_features": ["marital-status_Married-civ-spouse: -0.0653", "relationship_Husband: -0.0261", "relationship_Unmarried: -0.0204", "occupation_Adm-clerical: 0.0201", "capital-gain: -0.0170", "marital-status_Divorced: -0.0161", "capital-loss: -0.0081", "education_Assoc-voc: -0.0069", "fnlwgt: -0.0040", "sex_Male: -0.0032"], "raw_top": {"marital-status_Married-civ-spouse": -0.06528043855037674, "relationship_Husband": -0.026125448746713867, "relationship_Unmarried": -0.020362791962323424, "occupation_Adm-clerical": 0.02005937697726748, "capital-gain": -0.016962069687689603, "marital-status_Divorced": -0.01613603186103858, "capital-loss": -0.008084052225882937, "education_Assoc-voc": -0.006916722083330318, "fnlwgt": -0.004020914660011999, "sex_Male": -0.003204248196392632}}}