{"instance_id": 2146, "quadrant": "FP", "true_label": 0, "prediction": 1, "prediction_correct": false, "metrics": {"cost": 34653.03313196637, "sparsity": 0.09259259259259259, "fidelity": 0.98898876095968, "faithfulness_gap": 0.7038791543583676, "stability": 0.9796933348134339}, "explanation": {"top_features": ["occupation_Exec-managerial: 0.2662", "marital-status_Married-civ-spouse: 0.0966", "age: 0.0813", "hours-per-week: 0.0522", "relationship_Husband: 0.0473", "education_Some-college: 0.0286", "education_HS-grad: 0.0237", "education-num: 0.0143", "marital-status_Never-married: 0.0143", "fnlwgt: 0.0132"], "raw_top": {"occupation_Exec-managerial": 0.26619256013554987, "marital-status_Married-civ-spouse": 0.09659588793832775, "age": 0.08129948597961197, "hours-per-week": 0.052200000567282974, "relationship_Husband": 0.04730150884897048, "education_Some-college": 0.028597573226653402, "education_HS-grad": 0.02366330400047869, "education-num": 0.014340373969908655, "marital-status_Never-married": 0.014316892228880775, "fnlwgt": 0.013184732435172375}}}