{"instance_id": 2147, "quadrant": "FN", "true_label": 1, "prediction": 0, "prediction_correct": false, "metrics": {"cost": 40050.94436695799, "sparsity": 0.09259259259259259, "fidelity": 0.9431270754299479, "faithfulness_gap": 0.1773106937899967, "stability": 0.9288222286949805}, "explanation": {"top_features": ["occupation_Tech-support: 0.1430", "education-num: -0.0568", "age: 0.0542", "marital-status_Married-civ-spouse: 0.0510", "fnlwgt: -0.0499", "relationship_Husband: 0.0372", "capital-gain: -0.0321", "capital-loss: -0.0189", "education_Bachelors: -0.0115", "education_HS-grad: -0.0110"], "raw_top": {"occupation_Tech-support": 0.14295273841131792, "education-num": -0.05682703995337794, "age": 0.054184862543589125, "marital-status_Married-civ-spouse": 0.05098508829517743, "fnlwgt": -0.04987658496556439, "relationship_Husband": 0.037229875969686556, "capital-gain": -0.03211615766847895, "capital-loss": -0.018893078654636065, "education_Bachelors": -0.011482669840894397, "education_HS-grad": -0.010962419926397389}}}