{"instance_id": 2155, "quadrant": "FN", "true_label": 1, "prediction": 0, "prediction_correct": false, "metrics": {"cost": 40871.93989800289, "sparsity": 0.09259259259259259, "fidelity": 0.9586355794968884, "faithfulness_gap": 0.11048716412139412, "stability": 0.9466069437590338}, "explanation": {"top_features": ["hours-per-week: -0.1075", "relationship_Wife: 0.0950", "age: -0.0547", "marital-status_Married-civ-spouse: 0.0484", "occupation_Adm-clerical: 0.0459", "workclass_Self-emp-inc: 0.0308", "capital-gain: -0.0231", "capital-loss: -0.0183", "sex_Female: 0.0141", "sex_Male: 0.0131"], "raw_top": {"hours-per-week": -0.10753797288746628, "relationship_Wife": 0.09496464075164686, "age": -0.05472277531974105, "marital-status_Married-civ-spouse": 0.048441518189571126, "occupation_Adm-clerical": 0.04587828968367796, "workclass_Self-emp-inc": 0.030833492108349427, "capital-gain": -0.023111250090364868, "capital-loss": -0.018251519835077924, "sex_Female": 0.014070931497512188, "sex_Male": 0.013081094095363476}}}