{"instance_id": 2239, "quadrant": "TN", "true_label": 0, "prediction": 0, "prediction_correct": true, "metrics": {"cost": 39500.68853900302, "sparsity": 0.09259259259259259, "fidelity": 0.36011621379975034, "faithfulness_gap": 0.034098232291317754, "stability": 0.9263244153201785}, "explanation": {"top_features": ["marital-status_Married-civ-spouse: -0.0313", "hours-per-week: -0.0174", "relationship_Husband: -0.0168", "capital-gain: -0.0143", "age: -0.0142", "education-num: -0.0126", "occupation_Other-service: -0.0118", "capital-loss: -0.0085", "marital-status_Never-married: -0.0082", "sex_Male: -0.0018"], "raw_top": {"marital-status_Married-civ-spouse": -0.03126907526597888, "hours-per-week": -0.01738465745709757, "relationship_Husband": -0.016774380856713587, "capital-gain": -0.014346864330511576, "age": -0.01418880357414734, "education-num": -0.012649118146325454, "occupation_Other-service": -0.01175776760560453, "capital-loss": -0.008485394368756954, "marital-status_Never-married": -0.008207019237534693, "sex_Male": -0.0017761574527176693}}}