{"instance_id": 2324, "quadrant": "FN", "true_label": 1, "prediction": 0, "prediction_correct": false, "metrics": {"cost": 45143.09134997893, "sparsity": 0.09259259259259259, "fidelity": 0.9171440033736263, "faithfulness_gap": 0.10580900066598026, "stability": 0.9167941941742542}, "explanation": {"top_features": ["marital-status_Married-civ-spouse: -0.0863", "education-num: 0.0572", "relationship_Husband: -0.0410", "marital-status_Divorced: -0.0384", "relationship_Own-child: -0.0357", "occupation_Adm-clerical: 0.0329", "capital-gain: -0.0197", "education_Bachelors: 0.0137", "hours-per-week: -0.0131", "capital-loss: -0.0115"], "raw_top": {"marital-status_Married-civ-spouse": -0.08634907351008371, "education-num": 0.057200554786585166, "relationship_Husband": -0.04097137191419687, "marital-status_Divorced": -0.03844337893359056, "relationship_Own-child": -0.03569986821752763, "occupation_Adm-clerical": 0.03289496899927312, "capital-gain": -0.01969528606120488, "education_Bachelors": 0.013708643872368864, "hours-per-week": -0.01307875779137294, "capital-loss": -0.011503481817567322}}}