{"instance_id": 2449, "quadrant": "TP", "true_label": 1, "prediction": 1, "prediction_correct": true, "metrics": {"cost": 39687.74718299392, "sparsity": 0.09259259259259259, "fidelity": 0.8650401238746532, "faithfulness_gap": 0.6011877787861502, "stability": 0.9719455511670577}, "explanation": {"top_features": ["education-num: 0.1660", "marital-status_Married-civ-spouse: 0.1350", "capital-loss: 0.1211", "relationship_Husband: 0.0659", "hours-per-week: 0.0469", "workclass_Federal-gov: 0.0397", "occupation_Adm-clerical: 0.0252", "marital-status_Never-married: 0.0228", "relationship_Own-child: 0.0109", "relationship_Not-in-family: 0.0105"], "raw_top": {"education-num": 0.16600348248460287, "marital-status_Married-civ-spouse": 0.13500398332919286, "capital-loss": 0.12105967973320637, "relationship_Husband": 0.06594193490824048, "hours-per-week": 0.046881959259701914, "workclass_Federal-gov": 0.03967695642249224, "occupation_Adm-clerical": 0.02520740210811838, "marital-status_Never-married": 0.022763424133056535, "relationship_Own-child": 0.010923973575272597, "relationship_Not-in-family": 0.010487585083346684}}}