{"instance_id": 2500, "quadrant": "FP", "true_label": 0, "prediction": 1, "prediction_correct": false, "metrics": {"cost": 60694.659833970945, "sparsity": 0.09259259259259259, "fidelity": 0.9826045733431814, "faithfulness_gap": 0.514080944621911, "stability": 0.9546909368233023}, "explanation": {"top_features": ["occupation_Prof-specialty: 0.1918", "education-num: 0.1837", "marital-status_Married-civ-spouse: 0.0955", "hours-per-week: -0.0807", "relationship_Husband: 0.0461", "age: 0.0442", "workclass_Self-emp-not-inc: -0.0363", "workclass_Private: -0.0321", "capital-gain: -0.0259", "education_Bachelors: 0.0233"], "raw_top": {"occupation_Prof-specialty": 0.19175389089549627, "education-num": 0.18374308338763992, "marital-status_Married-civ-spouse": 0.09547359312532963, "hours-per-week": -0.08067057179855329, "relationship_Husband": 0.046077072400210625, "age": 0.04422107187684725, "workclass_Self-emp-not-inc": -0.03627148093354348, "workclass_Private": -0.03214332059333248, "capital-gain": -0.025911151238552588, "education_Bachelors": 0.023251200334295934}}}