{"instance_id": 2652, "quadrant": "TP", "true_label": 1, "prediction": 1, "prediction_correct": true, "metrics": {"cost": 43201.854088998516, "sparsity": 0.09259259259259259, "fidelity": 0.9796574907604264, "faithfulness_gap": 0.4912685509739547, "stability": 0.9335351655539247}, "explanation": {"top_features": ["education-num: 0.1820", "occupation_Sales: 0.1270", "age: -0.1061", "marital-status_Married-civ-spouse: 0.0816", "education_Bachelors: 0.0643", "relationship_Husband: 0.0569", "hours-per-week: 0.0293", "marital-status_Never-married: 0.0113", "education_HS-grad: 0.0078", "relationship_Not-in-family: 0.0051"], "raw_top": {"education-num": 0.1819944618778903, "occupation_Sales": 0.12696914926318434, "age": -0.10610311990552318, "marital-status_Married-civ-spouse": 0.08157328705464667, "education_Bachelors": 0.06428288991083905, "relationship_Husband": 0.056861902977449655, "hours-per-week": 0.029341505113098822, "marital-status_Never-married": 0.011329705296260479, "education_HS-grad": 0.0078113753894439265, "relationship_Not-in-family": 0.00508712721427701}}}