{"instance_id": 2868, "quadrant": "TP", "true_label": 1, "prediction": 1, "prediction_correct": true, "metrics": {"cost": 39870.183962993906, "sparsity": 0.09259259259259259, "fidelity": 0.9608606809639924, "faithfulness_gap": 0.8106786075328001, "stability": 0.9832180352557737}, "explanation": {"top_features": ["capital-loss: 0.1956", "education-num: 0.1940", "marital-status_Married-civ-spouse: 0.1165", "occupation_Prof-specialty: 0.0977", "relationship_Husband: 0.0503", "age: 0.0395", "hours-per-week: -0.0240", "marital-status_Never-married: 0.0178", "relationship_Not-in-family: 0.0095", "relationship_Own-child: 0.0081"], "raw_top": {"capital-loss": 0.19557024283242566, "education-num": 0.19399126420890717, "marital-status_Married-civ-spouse": 0.11646999539564035, "occupation_Prof-specialty": 0.0976972662693126, "relationship_Husband": 0.050283398166034055, "age": 0.039476779080850656, "hours-per-week": -0.02401528457390334, "marital-status_Never-married": 0.017788305664007152, "relationship_Not-in-family": 0.009463562392711273, "relationship_Own-child": 0.008050357367432738}}}