{"instance_id": 2942, "quadrant": "FP", "true_label": 0, "prediction": 1, "prediction_correct": false, "metrics": {"cost": 34340.55998001713, "sparsity": 0.09259259259259259, "fidelity": 0.9817724949643007, "faithfulness_gap": 0.7543790009413066, "stability": 0.9868939967406974}, "explanation": {"top_features": ["education-num: 0.2843", "occupation_Prof-specialty: 0.1494", "marital-status_Married-civ-spouse: 0.1013", "relationship_Husband: 0.0593", "age: 0.0296", "workclass_Self-emp-inc: 0.0285", "marital-status_Never-married: 0.0197", "education_HS-grad: 0.0158", "education_Prof-school: 0.0107", "relationship_Own-child: 0.0078"], "raw_top": {"education-num": 0.28427102784621, "occupation_Prof-specialty": 0.14938070434023384, "marital-status_Married-civ-spouse": 0.1012783774132236, "relationship_Husband": 0.0592705703764363, "age": 0.029597217510105963, "workclass_Self-emp-inc": 0.028517604070526784, "marital-status_Never-married": 0.019689201823825046, "education_HS-grad": 0.0157533910657167, "education_Prof-school": 0.010670592318538867, "relationship_Own-child": 0.007783110381710867}}}