{"instance_id": 2953, "quadrant": "TP", "true_label": 1, "prediction": 1, "prediction_correct": true, "metrics": {"cost": 40288.2593079994, "sparsity": 0.09259259259259259, "fidelity": 0.9964567410375289, "faithfulness_gap": 0.6856185348566097, "stability": 0.9930951198234411}, "explanation": {"top_features": ["capital-gain: 0.5506", "marital-status_Married-civ-spouse: 0.0610", "fnlwgt: -0.0472", "age: 0.0309", "relationship_Husband: 0.0287", "marital-status_Never-married: 0.0078", "hours-per-week: 0.0077", "education_HS-grad: 0.0042", "sex_Female: 0.0039", "relationship_Own-child: 0.0031"], "raw_top": {"capital-gain": 0.5506325605462196, "marital-status_Married-civ-spouse": 0.06096754045130236, "fnlwgt": -0.04720924038166451, "age": 0.030873397937295464, "relationship_Husband": 0.028719307564773058, "marital-status_Never-married": 0.007750789569830123, "hours-per-week": 0.007729295759963165, "education_HS-grad": 0.004219316733583251, "sex_Female": 0.003910766682095945, "relationship_Own-child": 0.0030715753707156734}}}