{"instance_id": 300, "quadrant": "FP", "true_label": 0, "prediction": 1, "prediction_correct": false, "metrics": {"cost": 36573.05550901219, "sparsity": 0.09259259259259259, "fidelity": 0.9819691403128283, "faithfulness_gap": 0.7051984790849186, "stability": 0.962514522988742}, "explanation": {"top_features": ["education-num: 0.1975", "occupation_Prof-specialty: 0.1623", "marital-status_Married-civ-spouse: 0.1026", "relationship_Husband: 0.0684", "age: 0.0441", "education_Bachelors: 0.0308", "hours-per-week: 0.0267", "marital-status_Never-married: 0.0140", "education_HS-grad: 0.0128", "relationship_Own-child: 0.0065"], "raw_top": {"education-num": 0.19745437225826995, "occupation_Prof-specialty": 0.16226770587599748, "marital-status_Married-civ-spouse": 0.10256018586975722, "relationship_Husband": 0.06843499942392509, "age": 0.04407191382072066, "education_Bachelors": 0.030820702187864202, "hours-per-week": 0.02668147691701867, "marital-status_Never-married": 0.014047452915948106, "education_HS-grad": 0.012849945480480594, "relationship_Own-child": 0.006516580224723345}}}