{"instance_id": 3068, "quadrant": "TP", "true_label": 1, "prediction": 1, "prediction_correct": true, "metrics": {"cost": 46091.09393000108, "sparsity": 0.09259259259259259, "fidelity": 0.9768768700917483, "faithfulness_gap": 0.6611388737789685, "stability": 0.9633617036068987}, "explanation": {"top_features": ["capital-gain: 0.2225", "relationship_Wife: 0.1232", "marital-status_Married-civ-spouse: 0.0973", "age: 0.0602", "occupation_Adm-clerical: 0.0325", "education_HS-grad: 0.0173", "education_Some-college: 0.0157", "education-num: 0.0128", "marital-status_Never-married: 0.0068", "fnlwgt: 0.0033"], "raw_top": {"capital-gain": 0.2224765546247704, "relationship_Wife": 0.12315227640942193, "marital-status_Married-civ-spouse": 0.09728152524533597, "age": 0.06020728185049428, "occupation_Adm-clerical": 0.03246503014461018, "education_HS-grad": 0.017313067692325542, "education_Some-college": 0.015721202753465505, "education-num": 0.012815766278203439, "marital-status_Never-married": 0.006848726060721058, "fnlwgt": 0.0033171642253821965}}}