{"instance_id": 3135, "quadrant": "TN", "true_label": 0, "prediction": 0, "prediction_correct": true, "metrics": {"cost": 34568.905303953215, "sparsity": 0.09259259259259259, "fidelity": 0.8299381455082893, "faithfulness_gap": 0.05535804508261025, "stability": 0.7334627032908734}, "explanation": {"top_features": ["education-num: -0.0548", "capital-gain: -0.0321", "marital-status_Married-civ-spouse: 0.0318", "capital-loss: -0.0241", "occupation_Craft-repair: -0.0152", "relationship_Husband: 0.0143", "education_HS-grad: -0.0136", "age: 0.0134", "education_Bachelors: -0.0076", "hours-per-week: -0.0022"], "raw_top": {"education-num": -0.05481902146894762, "capital-gain": -0.032093751527462654, "marital-status_Married-civ-spouse": 0.03183813664363803, "capital-loss": -0.024146546914513702, "occupation_Craft-repair": -0.015181166832525041, "relationship_Husband": 0.014332843593524037, "education_HS-grad": -0.013609970521997241, "age": 0.01341694921657173, "education_Bachelors": -0.007636632090681844, "hours-per-week": -0.0021860818246844244}}}