{"instance_id": 3392, "quadrant": "TN", "true_label": 0, "prediction": 0, "prediction_correct": true, "metrics": {"cost": 59695.56438399013, "sparsity": 0.09259259259259259, "fidelity": 0.6065704214854217, "faithfulness_gap": 0.04235367851600369, "stability": 0.8054810822938941}, "explanation": {"top_features": ["marital-status_Married-civ-spouse: -0.0357", "education-num: -0.0328", "relationship_Husband: -0.0215", "capital-gain: -0.0200", "education_11th: 0.0116", "hours-per-week: 0.0104", "capital-loss: -0.0081", "occupation_Transport-moving: -0.0077", "marital-status_Divorced: -0.0039", "education_HS-grad: -0.0036"], "raw_top": {"marital-status_Married-civ-spouse": -0.035726488118609484, "education-num": -0.03281433142609071, "relationship_Husband": -0.02153150121611466, "capital-gain": -0.02001495313062127, "education_11th": 0.011641355275996182, "hours-per-week": 0.010393446797725789, "capital-loss": -0.008128206418770921, "occupation_Transport-moving": -0.007743053565944699, "marital-status_Divorced": -0.003934712253255225, "education_HS-grad": -0.003630762019309816}}}