{"instance_id": 3426, "quadrant": "FP", "true_label": 0, "prediction": 1, "prediction_correct": false, "metrics": {"cost": 46011.50109502487, "sparsity": 0.09259259259259259, "fidelity": 0.9920725950533295, "faithfulness_gap": 0.5769739299276552, "stability": 0.9598909058135421}, "explanation": {"top_features": ["education-num: 0.2333", "occupation_Prof-specialty: 0.1789", "marital-status_Married-civ-spouse: 0.0952", "age: -0.0646", "relationship_Husband: 0.0449", "capital-gain: -0.0311", "education_Masters: 0.0133", "marital-status_Never-married: 0.0105", "education_HS-grad: 0.0092", "relationship_Own-child: 0.0064"], "raw_top": {"education-num": 0.2333026885593864, "occupation_Prof-specialty": 0.17891901604576654, "marital-status_Married-civ-spouse": 0.09521547516998594, "age": -0.06463525998547232, "relationship_Husband": 0.04493983966332841, "capital-gain": -0.031092589602055392, "education_Masters": 0.013278615764166207, "marital-status_Never-married": 0.010488042162407516, "education_HS-grad": 0.009229353184291217, "relationship_Own-child": 0.006444393554423944}}}