{"instance_id": 3470, "quadrant": "FN", "true_label": 1, "prediction": 0, "prediction_correct": false, "metrics": {"cost": 34563.51274601184, "sparsity": 0.09259259259259259, "fidelity": 0.9425069819915759, "faithfulness_gap": 0.05167833076595324, "stability": 0.9428627504001433}, "explanation": {"top_features": ["occupation_Exec-managerial: 0.1183", "marital-status_Married-civ-spouse: -0.1087", "education-num: 0.0921", "relationship_Husband: -0.0606", "relationship_Not-in-family: -0.0332", "hours-per-week: 0.0326", "marital-status_Divorced: -0.0314", "capital-gain: -0.0233", "sex_Male: -0.0089", "capital-loss: -0.0087"], "raw_top": {"occupation_Exec-managerial": 0.11825871925223236, "marital-status_Married-civ-spouse": -0.10870547672614683, "education-num": 0.0920808894742488, "relationship_Husband": -0.06058643046303163, "relationship_Not-in-family": -0.03316632218897766, "hours-per-week": 0.0326041759329613, "marital-status_Divorced": -0.03143385940133731, "capital-gain": -0.023308486934832614, "sex_Male": -0.008915775767925668, "capital-loss": -0.008657240063376504}}}