{"instance_id": 3480, "quadrant": "TN", "true_label": 0, "prediction": 0, "prediction_correct": true, "metrics": {"cost": 37772.011446999386, "sparsity": 0.09259259259259259, "fidelity": 0.5741182833988446, "faithfulness_gap": 0.009725007176097603, "stability": 0.8012805489107215}, "explanation": {"top_features": ["occupation_Farming-fishing: -0.0434", "capital-loss: -0.0246", "capital-gain: -0.0243", "marital-status_Married-civ-spouse: 0.0237", "hours-per-week: -0.0171", "education-num: -0.0141", "workclass_Private: -0.0131", "workclass_Self-emp-not-inc: -0.0070", "education_Bachelors: -0.0042", "fnlwgt: -0.0027"], "raw_top": {"occupation_Farming-fishing": -0.04340215124252497, "capital-loss": -0.02461457071220887, "capital-gain": -0.024254389866288417, "marital-status_Married-civ-spouse": 0.02370916246033051, "hours-per-week": -0.017062785511906608, "education-num": -0.014087125457769715, "workclass_Private": -0.01307862786186036, "workclass_Self-emp-not-inc": -0.007038200419727975, "education_Bachelors": -0.004182680420842238, "fnlwgt": -0.002742229457457751}}}