{"instance_id": 35, "quadrant": "FN", "true_label": 1, "prediction": 0, "prediction_correct": false, "metrics": {"cost": 47222.497361013666, "sparsity": 0.09259259259259259, "fidelity": 0.9455907009809026, "faithfulness_gap": 0.09451616464433685, "stability": 0.8978539118957244}, "explanation": {"top_features": ["occupation_Prof-specialty: 0.1058", "education-num: -0.0702", "marital-status_Married-civ-spouse: 0.0490", "age: 0.0375", "capital-gain: -0.0320", "relationship_Husband: 0.0262", "capital-loss: -0.0211", "education_HS-grad: -0.0205", "workclass_Private: -0.0162", "education_Bachelors: -0.0109"], "raw_top": {"occupation_Prof-specialty": 0.10583067893888398, "education-num": -0.07018708437288108, "marital-status_Married-civ-spouse": 0.04896581311107476, "age": 0.03751443571728473, "capital-gain": -0.03200397046107085, "relationship_Husband": 0.026152342828275405, "capital-loss": -0.021074465198470622, "education_HS-grad": -0.020518493194494215, "workclass_Private": -0.0161999850105521, "education_Bachelors": -0.010926468442649287}}}