{"instance_id": 350, "quadrant": "TP", "true_label": 1, "prediction": 1, "prediction_correct": true, "metrics": {"cost": 48863.78771299496, "sparsity": 0.09259259259259259, "fidelity": 0.9953844352401316, "faithfulness_gap": 0.6951898606645482, "stability": 0.9933062417741978}, "explanation": {"top_features": ["capital-gain: 0.5394", "marital-status_Married-civ-spouse: 0.0640", "occupation_Machine-op-inspct: -0.0502", "relationship_Husband: 0.0342", "age: 0.0290", "education-num: -0.0278", "education_HS-grad: -0.0148", "marital-status_Never-married: 0.0107", "hours-per-week: 0.0072", "sex_Male: 0.0058"], "raw_top": {"capital-gain": 0.5394008435108525, "marital-status_Married-civ-spouse": 0.06402354122806249, "occupation_Machine-op-inspct": -0.05024025818988505, "relationship_Husband": 0.03416586186761435, "age": 0.028960353258068148, "education-num": -0.027806210117455706, "education_HS-grad": -0.01477722806042292, "marital-status_Never-married": 0.010690735693293412, "hours-per-week": 0.0071945421110060056, "sex_Male": 0.005769943921854711}}}