{"instance_id": 352, "quadrant": "TP", "true_label": 1, "prediction": 1, "prediction_correct": true, "metrics": {"cost": 41984.88814300072, "sparsity": 0.09259259259259259, "fidelity": 0.9654992588624568, "faithfulness_gap": 0.5793289613733288, "stability": 0.9504479133693771}, "explanation": {"top_features": ["education-num: 0.2068", "occupation_Exec-managerial: 0.1504", "marital-status_Married-civ-spouse: 0.0917", "relationship_Husband: 0.0638", "race_Amer-Indian-Eskimo: -0.0597", "hours-per-week: 0.0455", "fnlwgt: -0.0449", "education_Bachelors: 0.0310", "marital-status_Never-married: 0.0131", "education_HS-grad: 0.0113"], "raw_top": {"education-num": 0.20683264259116552, "occupation_Exec-managerial": 0.1503894442812278, "marital-status_Married-civ-spouse": 0.09172380110948507, "relationship_Husband": 0.06384538121581314, "race_Amer-Indian-Eskimo": -0.05970292123616497, "hours-per-week": 0.04554024600771779, "fnlwgt": -0.044924190306026894, "education_Bachelors": 0.030985146560630502, "marital-status_Never-married": 0.013106339977446868, "education_HS-grad": 0.011291354907447815}}}