{"instance_id": 3545, "quadrant": "FN", "true_label": 1, "prediction": 0, "prediction_correct": false, "metrics": {"cost": 46578.21443199646, "sparsity": 0.09259259259259259, "fidelity": 0.7025558920298007, "faithfulness_gap": 0.05226378449405017, "stability": 0.8138254435702335}, "explanation": {"top_features": ["race_Asian-Pac-Islander: 0.0307", "native-country_United-States: -0.0258", "education-num: -0.0257", "age: -0.0196", "capital-gain: -0.0194", "occupation_Machine-op-inspct: -0.0174", "capital-loss: -0.0127", "race_White: -0.0114", "native-country_Vietnam: -0.0089", "education_Bachelors: -0.0042"], "raw_top": {"race_Asian-Pac-Islander": 0.030703041112287777, "native-country_United-States": -0.025825683486988733, "education-num": -0.02570270302499409, "age": -0.019626901867491487, "capital-gain": -0.019407298245167084, "occupation_Machine-op-inspct": -0.017406170894770003, "capital-loss": -0.012681711530100072, "race_White": -0.011361966659389957, "native-country_Vietnam": -0.008905468689531279, "education_Bachelors": -0.004226323473231292}}}