{"instance_id": 3595, "quadrant": "TN", "true_label": 0, "prediction": 0, "prediction_correct": true, "metrics": {"cost": 60374.67505899258, "sparsity": 0.09259259259259259, "fidelity": 0.6383117526308298, "faithfulness_gap": 0.11454982289492735, "stability": 0.9749134417422647}, "explanation": {"top_features": ["age: -0.0502", "hours-per-week: -0.0463", "marital-status_Married-civ-spouse: -0.0291", "relationship_Husband: -0.0131", "capital-gain: -0.0107", "marital-status_Never-married: -0.0077", "capital-loss: -0.0076", "education-num: -0.0071", "race_White: -0.0063", "race_Black: -0.0025"], "raw_top": {"age": -0.050179426792850486, "hours-per-week": -0.04626033119785787, "marital-status_Married-civ-spouse": -0.029084232710435625, "relationship_Husband": -0.01308222237515275, "capital-gain": -0.010729043917433588, "marital-status_Never-married": -0.007663840283095896, "capital-loss": -0.007643705562153186, "education-num": -0.007068064602251079, "race_White": -0.0063025373806744655, "race_Black": -0.0025054922454148254}}}