{"instance_id": 3675, "quadrant": "FN", "true_label": 1, "prediction": 0, "prediction_correct": false, "metrics": {"cost": 42572.218091983814, "sparsity": 0.09259259259259259, "fidelity": 0.9117212888137047, "faithfulness_gap": 0.06336712563900745, "stability": 0.8363975180324003}, "explanation": {"top_features": ["age: -0.0493", "education-num: -0.0490", "capital-gain: -0.0285", "marital-status_Married-civ-spouse: 0.0274", "capital-loss: -0.0199", "relationship_Husband: 0.0132", "hours-per-week: 0.0105", "education_Bachelors: -0.0080", "education_HS-grad: -0.0051", "fnlwgt: 0.0046"], "raw_top": {"age": -0.049337063268368606, "education-num": -0.04897174074115143, "capital-gain": -0.02854268516349271, "marital-status_Married-civ-spouse": 0.02737733993321885, "capital-loss": -0.01988245428586033, "relationship_Husband": 0.013220598367776271, "hours-per-week": 0.01050658028464031, "education_Bachelors": -0.007974128398449267, "education_HS-grad": -0.005075130089758002, "fnlwgt": 0.00464885496711448}}}