{"instance_id": 3690, "quadrant": "FN", "true_label": 1, "prediction": 0, "prediction_correct": false, "metrics": {"cost": 37336.170686001424, "sparsity": 0.09259259259259259, "fidelity": 0.9747455209281443, "faithfulness_gap": 0.20185742319592442, "stability": 0.8994661470658254}, "explanation": {"top_features": ["capital-gain: 0.1425", "education-num: -0.0563", "marital-status_Married-civ-spouse: 0.0468", "relationship_Husband: 0.0276", "hours-per-week: 0.0200", "capital-loss: -0.0150", "fnlwgt: -0.0126", "education_Bachelors: -0.0103", "occupation_Craft-repair: -0.0099", "marital-status_Never-married: 0.0092"], "raw_top": {"capital-gain": 0.14246234109469316, "education-num": -0.056256075137523585, "marital-status_Married-civ-spouse": 0.046835464251432576, "relationship_Husband": 0.02762875794486102, "hours-per-week": 0.020035516140230785, "capital-loss": -0.015014283262159447, "fnlwgt": -0.012571789164628156, "education_Bachelors": -0.010265977942633609, "occupation_Craft-repair": -0.009854520613370055, "marital-status_Never-married": 0.009154340464306819}}}