{"instance_id": 3860, "quadrant": "TN", "true_label": 0, "prediction": 0, "prediction_correct": true, "metrics": {"cost": 40043.88559400104, "sparsity": 0.09259259259259259, "fidelity": 0.8370778850059777, "faithfulness_gap": 0.09568501869516706, "stability": 0.9167527638713543}, "explanation": {"top_features": ["age: -0.0686", "education-num: -0.0306", "capital-gain: -0.0231", "marital-status_Married-civ-spouse: 0.0215", "occupation_Machine-op-inspct: -0.0185", "relationship_Husband: 0.0146", "capital-loss: -0.0141", "education_Bachelors: -0.0059", "education_HS-grad: 0.0052", "hours-per-week: -0.0045"], "raw_top": {"age": -0.0685981247282486, "education-num": -0.030593536315238583, "capital-gain": -0.023087212045431498, "marital-status_Married-civ-spouse": 0.02146036834094102, "occupation_Machine-op-inspct": -0.0184743510654495, "relationship_Husband": 0.014618693685627088, "capital-loss": -0.014105270751676873, "education_Bachelors": -0.0059074444003370434, "education_HS-grad": 0.005152120751348396, "hours-per-week": -0.0045256977388396236}}}