{"instance_id": 3869, "quadrant": "TN", "true_label": 0, "prediction": 0, "prediction_correct": true, "metrics": {"cost": 42401.69883100316, "sparsity": 0.09259259259259259, "fidelity": 0.9071132573657843, "faithfulness_gap": 0.06121464719624989, "stability": 0.8209894752654806}, "explanation": {"top_features": ["education-num: -0.0508", "age: -0.0436", "capital-gain: -0.0294", "marital-status_Married-civ-spouse: 0.0285", "capital-loss: -0.0204", "relationship_Husband: 0.0130", "hours-per-week: 0.0129", "education_Bachelors: -0.0082", "education_HS-grad: -0.0056", "fnlwgt: 0.0047"], "raw_top": {"education-num": -0.05079138676343912, "age": -0.043603043479455754, "capital-gain": -0.029396834973926804, "marital-status_Married-civ-spouse": 0.028465720366426982, "capital-loss": -0.020384281494496694, "relationship_Husband": 0.012955900144748502, "hours-per-week": 0.012866889358829642, "education_Bachelors": -0.008229711693808308, "education_HS-grad": -0.005591819790513092, "fnlwgt": 0.00470398483927198}}}