{"instance_id": 3894, "quadrant": "TN", "true_label": 0, "prediction": 0, "prediction_correct": true, "metrics": {"cost": 36529.19746300904, "sparsity": 0.09259259259259259, "fidelity": 0.8639208010390813, "faithfulness_gap": 0.06741727437004084, "stability": 0.9083591329993195}, "explanation": {"top_features": ["marital-status_Married-civ-spouse: -0.0599", "fnlwgt: 0.0328", "marital-status_Divorced: -0.0200", "relationship_Husband: -0.0197", "capital-gain: -0.0183", "capital-loss: -0.0095", "relationship_Not-in-family: -0.0078", "education-num: -0.0077", "hours-per-week: -0.0032", "workclass_Private: -0.0027"], "raw_top": {"marital-status_Married-civ-spouse": -0.05989883446411199, "fnlwgt": 0.03277739481645382, "marital-status_Divorced": -0.019960181951757052, "relationship_Husband": -0.019707573227275475, "capital-gain": -0.018293723415675978, "capital-loss": -0.009474571284907361, "relationship_Not-in-family": -0.0077990606617675115, "education-num": -0.007667389519941186, "hours-per-week": -0.00321026027569149, "workclass_Private": -0.002736573034243992}}}