{"instance_id": 3901, "quadrant": "TN", "true_label": 0, "prediction": 0, "prediction_correct": true, "metrics": {"cost": 34491.78139201831, "sparsity": 0.09259259259259259, "fidelity": 0.6653868336292239, "faithfulness_gap": 0.023144202838128555, "stability": 0.9573465386718771}, "explanation": {"top_features": ["occupation_Exec-managerial: 0.0608", "hours-per-week: -0.0576", "marital-status_Married-civ-spouse: -0.0451", "education-num: -0.0223", "age: 0.0202", "relationship_Husband: -0.0172", "capital-loss: -0.0167", "capital-gain: -0.0157", "relationship_Unmarried: -0.0110", "marital-status_Married-spouse-absent: -0.0060"], "raw_top": {"occupation_Exec-managerial": 0.060823352645756806, "hours-per-week": -0.057600414501886535, "marital-status_Married-civ-spouse": -0.04514408920439694, "education-num": -0.022297558843729432, "age": 0.020169834075308854, "relationship_Husband": -0.017248239982157312, "capital-loss": -0.01672354790617293, "capital-gain": -0.015748583558809072, "relationship_Unmarried": -0.01096406967962877, "marital-status_Married-spouse-absent": -0.0059778116964930355}}}