{"instance_id": 3922, "quadrant": "FP", "true_label": 0, "prediction": 1, "prediction_correct": false, "metrics": {"cost": 46451.07731298776, "sparsity": 0.09259259259259259, "fidelity": 0.9848974876021421, "faithfulness_gap": 0.6364088409488482, "stability": 0.9461522613159941}, "explanation": {"top_features": ["occupation_Exec-managerial: 0.2442", "marital-status_Married-civ-spouse: 0.1012", "age: 0.0682", "education-num: 0.0668", "workclass_Self-emp-inc: 0.0459", "relationship_Husband: 0.0426", "workclass_Private: -0.0389", "capital-gain: -0.0339", "education_HS-grad: 0.0211", "marital-status_Never-married: 0.0133"], "raw_top": {"occupation_Exec-managerial": 0.24416400602324995, "marital-status_Married-civ-spouse": 0.101189893695565, "age": 0.06818032833146201, "education-num": 0.06678122357225524, "workclass_Self-emp-inc": 0.0458654127518366, "relationship_Husband": 0.042575790298518996, "workclass_Private": -0.0389403695879617, "capital-gain": -0.033933854853123946, "education_HS-grad": 0.021108869574963236, "marital-status_Never-married": 0.013311042352633275}}}