{"instance_id": 3959, "quadrant": "FP", "true_label": 0, "prediction": 1, "prediction_correct": false, "metrics": {"cost": 46852.7625889983, "sparsity": 0.09259259259259259, "fidelity": 0.9737626140371193, "faithfulness_gap": 0.8322106372966582, "stability": 0.982913046141506}, "explanation": {"top_features": ["capital-loss: 0.2425", "education-num: 0.1583", "occupation_Exec-managerial: 0.1180", "marital-status_Married-civ-spouse: 0.1151", "relationship_Wife: 0.1139", "age: -0.0629", "relationship_Husband: -0.0285", "education_Bachelors: 0.0136", "marital-status_Never-married: 0.0115", "sex_Female: 0.0081"], "raw_top": {"capital-loss": 0.24245245645333482, "education-num": 0.15832259831033657, "occupation_Exec-managerial": 0.1179679590811313, "marital-status_Married-civ-spouse": 0.11511944005403608, "relationship_Wife": 0.11390499536775305, "age": -0.06292080444083228, "relationship_Husband": -0.02853694577652415, "education_Bachelors": 0.013570165539525536, "marital-status_Never-married": 0.011476509767790093, "sex_Female": 0.008077700886243822}}}