{"instance_id": 401, "quadrant": "TP", "true_label": 1, "prediction": 1, "prediction_correct": true, "metrics": {"cost": 44110.551780002424, "sparsity": 0.09259259259259259, "fidelity": 0.986663334533831, "faithfulness_gap": 0.8040893282358461, "stability": 0.9989600117299395}, "explanation": {"top_features": ["capital-gain: 0.6981", "education-num: 0.0868", "occupation_Prof-specialty: 0.0479", "marital-status_Married-civ-spouse: -0.0462", "relationship_Husband: -0.0281", "marital-status_Divorced: -0.0212", "education_Prof-school: 0.0146", "hours-per-week: 0.0140", "workclass_Self-emp-inc: 0.0100", "age: 0.0072"], "raw_top": {"capital-gain": 0.6981197683810417, "education-num": 0.08679569115820084, "occupation_Prof-specialty": 0.04786285438547417, "marital-status_Married-civ-spouse": -0.046173252554368126, "relationship_Husband": -0.028143965639584274, "marital-status_Divorced": -0.02124161539460564, "education_Prof-school": 0.0145797642991699, "hours-per-week": 0.01397617811885868, "workclass_Self-emp-inc": 0.009955537423596596, "age": 0.007207169349279896}}}