{"instance_id": 4085, "quadrant": "TP", "true_label": 1, "prediction": 1, "prediction_correct": true, "metrics": {"cost": 59869.388500999776, "sparsity": 0.09259259259259259, "fidelity": 0.9468040664193726, "faithfulness_gap": 0.8415029188604771, "stability": 0.9724432216817428}, "explanation": {"top_features": ["capital-gain: 0.1935", "education-num: 0.1905", "relationship_Wife: 0.1346", "occupation_Prof-specialty: 0.1038", "marital-status_Married-civ-spouse: 0.0907", "age: 0.0207", "education_Masters: 0.0156", "education_HS-grad: 0.0071", "marital-status_Never-married: 0.0047", "relationship_Own-child: 0.0022"], "raw_top": {"capital-gain": 0.19347758139593385, "education-num": 0.19045244237488074, "relationship_Wife": 0.13459146463547958, "occupation_Prof-specialty": 0.10376142853352827, "marital-status_Married-civ-spouse": 0.09071861975170901, "age": 0.020665688774921816, "education_Masters": 0.0155881598727226, "education_HS-grad": 0.007088537420475473, "marital-status_Never-married": 0.004653740237539908, "relationship_Own-child": 0.0021711807193161015}}}