{"instance_id": 4163, "quadrant": "TN", "true_label": 0, "prediction": 0, "prediction_correct": true, "metrics": {"cost": 66860.0811449869, "sparsity": 0.09259259259259259, "fidelity": 0.7704914895795003, "faithfulness_gap": 0.08867808692590776, "stability": 0.9587917440801144}, "explanation": {"top_features": ["age: -0.0620", "hours-per-week: -0.0548", "occupation_Prof-specialty: 0.0390", "marital-status_Married-civ-spouse: -0.0307", "capital-gain: -0.0140", "capital-loss: -0.0138", "workclass_Private: -0.0134", "relationship_Husband: -0.0119", "marital-status_Never-married: -0.0080", "education-num: -0.0067"], "raw_top": {"age": -0.06204677074404292, "hours-per-week": -0.05476288796049836, "occupation_Prof-specialty": 0.03903015781264509, "marital-status_Married-civ-spouse": -0.030729282276074334, "capital-gain": -0.013977949000034635, "capital-loss": -0.013793828340639878, "workclass_Private": -0.0134301463355579, "relationship_Husband": -0.011945129090935615, "marital-status_Never-married": -0.00804293684008267, "education-num": -0.006690755847089876}}}