{"instance_id": 4165, "quadrant": "TP", "true_label": 1, "prediction": 1, "prediction_correct": true, "metrics": {"cost": 44585.597549998056, "sparsity": 0.09259259259259259, "fidelity": 0.9574677692785972, "faithfulness_gap": 0.5868907709755596, "stability": 0.9488968487609534}, "explanation": {"top_features": ["occupation_Exec-managerial: 0.2177", "marital-status_Married-civ-spouse: 0.0880", "workclass_Self-emp-inc: 0.0609", "relationship_Husband: 0.0380", "age: 0.0337", "education_Some-college: 0.0197", "education_HS-grad: 0.0184", "marital-status_Never-married: 0.0038", "education-num: 0.0027", "fnlwgt: 0.0022"], "raw_top": {"occupation_Exec-managerial": 0.21770057830967265, "marital-status_Married-civ-spouse": 0.08800913407373953, "workclass_Self-emp-inc": 0.06086103609906164, "relationship_Husband": 0.03796841144886462, "age": 0.03366492359449592, "education_Some-college": 0.019725235538296776, "education_HS-grad": 0.018417867222484903, "marital-status_Never-married": 0.003807304067296595, "education-num": 0.002702992354405124, "fnlwgt": 0.0022430043830761193}}}