{"instance_id": 4372, "quadrant": "TN", "true_label": 0, "prediction": 0, "prediction_correct": true, "metrics": {"cost": 38516.402286011726, "sparsity": 0.09259259259259259, "fidelity": 0.8581635510756811, "faithfulness_gap": 0.024633432012535747, "stability": 0.960032074653844}, "explanation": {"top_features": ["marital-status_Married-civ-spouse: -0.0934", "occupation_Prof-specialty: 0.0730", "education-num: 0.0729", "relationship_Husband: -0.0522", "relationship_Unmarried: -0.0440", "marital-status_Divorced: -0.0337", "capital-gain: -0.0209", "workclass_Private: -0.0195", "capital-loss: -0.0119", "fnlwgt: -0.0112"], "raw_top": {"marital-status_Married-civ-spouse": -0.09339643072617552, "occupation_Prof-specialty": 0.0730383334436238, "education-num": 0.07290888445108627, "relationship_Husband": -0.05223054904392162, "relationship_Unmarried": -0.044010545270279935, "marital-status_Divorced": -0.033724906667901566, "capital-gain": -0.020928149849864575, "workclass_Private": -0.019500839050176764, "capital-loss": -0.011860970325349341, "fnlwgt": -0.011213341696108908}}}