{"instance_id": 4410, "quadrant": "TP", "true_label": 1, "prediction": 1, "prediction_correct": true, "metrics": {"cost": 49503.7141770008, "sparsity": 0.09259259259259259, "fidelity": 0.9825522804110622, "faithfulness_gap": 0.6903648347197476, "stability": 0.9741842239858035}, "explanation": {"top_features": ["education-num: 0.2490", "occupation_Prof-specialty: 0.1395", "marital-status_Married-civ-spouse: 0.1139", "relationship_Husband: 0.0497", "age: 0.0375", "hours-per-week: 0.0220", "education_HS-grad: 0.0176", "marital-status_Never-married: 0.0165", "fnlwgt: 0.0094", "relationship_Not-in-family: 0.0049"], "raw_top": {"education-num": 0.24901170396105995, "occupation_Prof-specialty": 0.13946627504779086, "marital-status_Married-civ-spouse": 0.11394526646417455, "relationship_Husband": 0.049740028501752055, "age": 0.03750013144784136, "hours-per-week": 0.02195239677481535, "education_HS-grad": 0.017630695604804767, "marital-status_Never-married": 0.01647827990736933, "fnlwgt": 0.009430608633966558, "relationship_Not-in-family": 0.004868005361682859}}}