{"instance_id": 4501, "quadrant": "TP", "true_label": 1, "prediction": 1, "prediction_correct": true, "metrics": {"cost": 37843.11915500439, "sparsity": 0.09259259259259259, "fidelity": 0.966139232592602, "faithfulness_gap": 0.43458746356205225, "stability": 0.9231319562399033}, "explanation": {"top_features": ["occupation_Tech-support: 0.1963", "age: 0.0772", "marital-status_Married-civ-spouse: 0.0757", "fnlwgt: -0.0570", "relationship_Husband: 0.0443", "capital-gain: -0.0396", "hours-per-week: 0.0318", "education_HS-grad: 0.0120", "marital-status_Never-married: 0.0079", "sex_Female: 0.0066"], "raw_top": {"occupation_Tech-support": 0.1962843364787575, "age": 0.07724114370521103, "marital-status_Married-civ-spouse": 0.07567759563764948, "fnlwgt": -0.05703912046318868, "relationship_Husband": 0.04429006206810247, "capital-gain": -0.03964744876581982, "hours-per-week": 0.0318084615242858, "education_HS-grad": 0.012030724983037549, "marital-status_Never-married": 0.007893733629213195, "sex_Female": 0.006564806079562416}}}