{"instance_id": 4825, "quadrant": "FN", "true_label": 1, "prediction": 0, "prediction_correct": false, "metrics": {"cost": 53926.764393923804, "sparsity": 0.09259259259259259, "fidelity": 0.949618538408586, "faithfulness_gap": 0.3122497752511583, "stability": 0.9511484166293085}, "explanation": {"top_features": ["occupation_Exec-managerial: 0.1871", "marital-status_Married-civ-spouse: 0.0683", "education-num: -0.0567", "age: 0.0508", "relationship_Husband: 0.0453", "capital-gain: -0.0342", "education_HS-grad: -0.0311", "hours-per-week: 0.0303", "capital-loss: -0.0170", "fnlwgt: -0.0149"], "raw_top": {"occupation_Exec-managerial": 0.18710877213383514, "marital-status_Married-civ-spouse": 0.06834355677851121, "education-num": -0.056686614499412244, "age": 0.050824384564973, "relationship_Husband": 0.045322462968278736, "capital-gain": -0.034177867770307784, "education_HS-grad": -0.03106098328245395, "hours-per-week": 0.03033605283849229, "capital-loss": -0.016986720573070355, "fnlwgt": -0.014908595087059245}}}