{"instance_id": 5040, "quadrant": "TN", "true_label": 0, "prediction": 0, "prediction_correct": true, "metrics": {"cost": 44617.4688639876, "sparsity": 0.09259259259259259, "fidelity": 0.3826154931067166, "faithfulness_gap": 0.03182746939590898, "stability": 0.9509909824728972}, "explanation": {"top_features": ["age: -0.0455", "marital-status_Married-civ-spouse: -0.0257", "hours-per-week: -0.0186", "relationship_Husband: -0.0163", "capital-gain: -0.0141", "education-num: -0.0124", "workclass_Private: -0.0107", "marital-status_Never-married: -0.0092", "capital-loss: -0.0072", "relationship_Own-child: -0.0049"], "raw_top": {"age": -0.045457194779928295, "marital-status_Married-civ-spouse": -0.025696401784708712, "hours-per-week": -0.018631761586910704, "relationship_Husband": -0.016258009205033754, "capital-gain": -0.01408351100997585, "education-num": -0.012418752907865885, "workclass_Private": -0.010666130878948191, "marital-status_Never-married": -0.009209681766294855, "capital-loss": -0.007227733686112519, "relationship_Own-child": -0.00487886096411741}}}