{"instance_id": 5128, "quadrant": "TN", "true_label": 0, "prediction": 0, "prediction_correct": true, "metrics": {"cost": 54521.647614979884, "sparsity": 0.09259259259259259, "fidelity": 0.673342919009199, "faithfulness_gap": 0.055876727569782236, "stability": 0.8465538273987997}, "explanation": {"top_features": ["marital-status_Married-civ-spouse: -0.0458", "occupation_Sales: 0.0288", "age: -0.0250", "relationship_Husband: -0.0227", "capital-gain: -0.0201", "marital-status_Never-married: -0.0124", "capital-loss: -0.0111", "education-num: -0.0100", "education_Bachelors: -0.0059", "hours-per-week: -0.0029"], "raw_top": {"marital-status_Married-civ-spouse": -0.045829879840904156, "occupation_Sales": 0.02883335614659474, "age": -0.025018724885318592, "relationship_Husband": -0.022746414692162136, "capital-gain": -0.02012140768221762, "marital-status_Never-married": -0.012373055435244806, "capital-loss": -0.011104468182483819, "education-num": -0.010024803594657216, "education_Bachelors": -0.005867326693439866, "hours-per-week": -0.0028973174615358477}}}