{"instance_id": 5181, "quadrant": "FP", "true_label": 0, "prediction": 1, "prediction_correct": false, "metrics": {"cost": 33894.75312200375, "sparsity": 0.09259259259259259, "fidelity": 0.9729991795684175, "faithfulness_gap": 0.7838951013058383, "stability": 0.9772273370267429}, "explanation": {"top_features": ["education-num: 0.1853", "relationship_Wife: 0.1685", "occupation_Prof-specialty: 0.1399", "marital-status_Married-civ-spouse: 0.1107", "age: 0.0536", "education_HS-grad: 0.0170", "marital-status_Never-married: 0.0122", "fnlwgt: 0.0110", "education_Bachelors: 0.0092", "workclass_State-gov: 0.0081"], "raw_top": {"education-num": 0.18525786974260236, "relationship_Wife": 0.16845289216548356, "occupation_Prof-specialty": 0.13985131255604463, "marital-status_Married-civ-spouse": 0.11072677895987416, "age": 0.05362244077232817, "education_HS-grad": 0.017004753661337794, "marital-status_Never-married": 0.012197276646242353, "fnlwgt": 0.011026346410609655, "education_Bachelors": 0.009227523826758066, "workclass_State-gov": 0.00812054195057194}}}