{"instance_id": 527, "quadrant": "TP", "true_label": 1, "prediction": 1, "prediction_correct": true, "metrics": {"cost": 63074.96117500705, "sparsity": 0.09259259259259259, "fidelity": 0.9811072478566396, "faithfulness_gap": 0.7159022714200547, "stability": 0.966476044831396}, "explanation": {"top_features": ["education-num: 0.2143", "relationship_Wife: 0.1503", "marital-status_Married-civ-spouse: 0.1039", "occupation_Sales: 0.0821", "age: 0.0451", "relationship_Husband: -0.0435", "education_Bachelors: 0.0406", "education_HS-grad: 0.0218", "hours-per-week: 0.0089", "marital-status_Never-married: 0.0088"], "raw_top": {"education-num": 0.21433331771970615, "relationship_Wife": 0.1503040609731069, "marital-status_Married-civ-spouse": 0.10390407295371108, "occupation_Sales": 0.08207749002098907, "age": 0.04507087037592809, "relationship_Husband": -0.043464133153328754, "education_Bachelors": 0.040640098280982154, "education_HS-grad": 0.02183019921234983, "hours-per-week": 0.008901760977248922, "marital-status_Never-married": 0.008840657660970985}}}