{"instance_id": 5365, "quadrant": "TP", "true_label": 1, "prediction": 1, "prediction_correct": true, "metrics": {"cost": 45546.14162500366, "sparsity": 0.09259259259259259, "fidelity": 0.9666039352231202, "faithfulness_gap": 0.7870976932035183, "stability": 0.9905783780473717}, "explanation": {"top_features": ["capital-gain: 0.3572", "education-num: 0.1148", "occupation_Exec-managerial: 0.1089", "marital-status_Married-civ-spouse: 0.0828", "relationship_Husband: 0.0427", "age: 0.0216", "education_Bachelors: 0.0134", "marital-status_Never-married: 0.0124", "relationship_Not-in-family: 0.0106", "education_HS-grad: 0.0104"], "raw_top": {"capital-gain": 0.3572125737341924, "education-num": 0.11482357074487944, "occupation_Exec-managerial": 0.10889643094089806, "marital-status_Married-civ-spouse": 0.08283796899914848, "relationship_Husband": 0.042746794500831894, "age": 0.02164580451402574, "education_Bachelors": 0.01339689040093401, "marital-status_Never-married": 0.012413365535933309, "relationship_Not-in-family": 0.010639105676179, "education_HS-grad": 0.010445625582320095}}}