{"instance_id": 5368, "quadrant": "FN", "true_label": 1, "prediction": 0, "prediction_correct": false, "metrics": {"cost": 61054.49253797997, "sparsity": 0.09259259259259259, "fidelity": 0.8861363938320124, "faithfulness_gap": 0.16838745916146097, "stability": 0.9472511479554414}, "explanation": {"top_features": ["occupation_Exec-managerial: 0.1040", "education-num: 0.0858", "marital-status_Married-civ-spouse: -0.0765", "relationship_Husband: -0.0552", "hours-per-week: 0.0479", "native-country_England: 0.0270", "capital-gain: -0.0214", "relationship_Not-in-family: -0.0211", "marital-status_Divorced: -0.0165", "capital-loss: -0.0116"], "raw_top": {"occupation_Exec-managerial": 0.10402520439759338, "education-num": 0.08584752167831892, "marital-status_Married-civ-spouse": -0.07648895811248861, "relationship_Husband": -0.05524814769492085, "hours-per-week": 0.047888749946298326, "native-country_England": 0.02702512321110885, "capital-gain": -0.021376561262203296, "relationship_Not-in-family": -0.021091971544931584, "marital-status_Divorced": -0.016451015827882283, "capital-loss": -0.011635160748366513}}}