{"instance_id": 5387, "quadrant": "FN", "true_label": 1, "prediction": 0, "prediction_correct": false, "metrics": {"cost": 43989.561024005525, "sparsity": 0.09259259259259259, "fidelity": 0.9452884540151318, "faithfulness_gap": 0.07864575858308763, "stability": 0.9435830583710617}, "explanation": {"top_features": ["education-num: 0.0849", "marital-status_Married-civ-spouse: -0.0806", "occupation_Sales: 0.0781", "relationship_Husband: -0.0597", "hours-per-week: 0.0295", "marital-status_Divorced: -0.0284", "relationship_Not-in-family: -0.0248", "capital-gain: -0.0216", "capital-loss: -0.0108", "fnlwgt: -0.0103"], "raw_top": {"education-num": 0.08491184996196234, "marital-status_Married-civ-spouse": -0.08061166747638941, "occupation_Sales": 0.07814079258497117, "relationship_Husband": -0.05973417723581282, "hours-per-week": 0.02952334360759801, "marital-status_Divorced": -0.02838330025108184, "relationship_Not-in-family": -0.0247884356045745, "capital-gain": -0.021632048270372604, "capital-loss": -0.010776911756508148, "fnlwgt": -0.01031956302714183}}}