{"instance_id": 5609, "quadrant": "FP", "true_label": 0, "prediction": 1, "prediction_correct": false, "metrics": {"cost": 33611.16581503302, "sparsity": 0.09259259259259259, "fidelity": 0.977857064415546, "faithfulness_gap": 0.7375286015046505, "stability": 0.9612286638784266}, "explanation": {"top_features": ["education-num: 0.1854", "occupation_Exec-managerial: 0.1854", "marital-status_Married-civ-spouse: 0.0982", "relationship_Husband: 0.0610", "hours-per-week: 0.0511", "age: 0.0385", "workclass_Self-emp-inc: 0.0248", "education_HS-grad: 0.0096", "marital-status_Never-married: 0.0054", "education_Bachelors: 0.0027"], "raw_top": {"education-num": 0.1853920367803649, "occupation_Exec-managerial": 0.18537682194659622, "marital-status_Married-civ-spouse": 0.09821924609711843, "relationship_Husband": 0.06095023608814323, "hours-per-week": 0.05114819607348456, "age": 0.03854858375067446, "workclass_Self-emp-inc": 0.024774280766570168, "education_HS-grad": 0.009616339221391601, "marital-status_Never-married": 0.005359073452504752, "education_Bachelors": 0.0027469706253370196}}}