{"instance_id": 5757, "quadrant": "FP", "true_label": 0, "prediction": 1, "prediction_correct": false, "metrics": {"cost": 40198.471961019095, "sparsity": 0.09259259259259259, "fidelity": 0.949685567068965, "faithfulness_gap": 0.5590648440685038, "stability": 0.9442514216188669}, "explanation": {"top_features": ["occupation_Exec-managerial: 0.1967", "education-num: 0.1588", "marital-status_Married-civ-spouse: 0.0996", "relationship_Husband: 0.0603", "workclass_Private: -0.0380", "capital-gain: -0.0283", "age: -0.0280", "workclass_State-gov: 0.0267", "education_HS-grad: 0.0188", "marital-status_Never-married: 0.0139"], "raw_top": {"occupation_Exec-managerial": 0.1967111964796039, "education-num": 0.1588309111185279, "marital-status_Married-civ-spouse": 0.09956804816731996, "relationship_Husband": 0.0602556065835032, "workclass_Private": -0.03803554899659725, "capital-gain": -0.028251802156670464, "age": -0.027951334893416835, "workclass_State-gov": 0.026743985966583027, "education_HS-grad": 0.018773473037601195, "marital-status_Never-married": 0.013884071417207607}}}