{"instance_id": 5891, "quadrant": "TN", "true_label": 0, "prediction": 0, "prediction_correct": true, "metrics": {"cost": 59846.7173819663, "sparsity": 0.09259259259259259, "fidelity": 0.8797450401936713, "faithfulness_gap": 0.06844769273768606, "stability": 0.7243093450022954}, "explanation": {"top_features": ["marital-status_Married-civ-spouse: 0.0575", "education_Assoc-voc: -0.0449", "native-country_Cuba: 0.0398", "capital-gain: -0.0307", "education-num: 0.0287", "native-country_United-States: -0.0226", "capital-loss: -0.0199", "relationship_Husband: 0.0182", "education_Bachelors: -0.0123", "hours-per-week: -0.0098"], "raw_top": {"marital-status_Married-civ-spouse": 0.057538488208992995, "education_Assoc-voc": -0.04488336754505179, "native-country_Cuba": 0.03978934020789659, "capital-gain": -0.030669268736431457, "education-num": 0.02867401101521802, "native-country_United-States": -0.022601480373331283, "capital-loss": -0.019933668824095835, "relationship_Husband": 0.01822508674995765, "education_Bachelors": -0.012279973119530644, "hours-per-week": -0.009803869789657785}}}