{"instance_id": 6022, "quadrant": "TN", "true_label": 0, "prediction": 0, "prediction_correct": true, "metrics": {"cost": 39362.73497401271, "sparsity": 0.09259259259259259, "fidelity": 0.9360472910913168, "faithfulness_gap": 0.1512417296819463, "stability": 0.7816431430685254}, "explanation": {"top_features": ["fnlwgt: 0.0770", "occupation_Transport-moving: -0.0625", "marital-status_Married-civ-spouse: 0.0520", "capital-gain: -0.0320", "education_Some-college: 0.0317", "age: 0.0301", "capital-loss: -0.0205", "relationship_Husband: 0.0181", "education_HS-grad: 0.0165", "workclass_State-gov: 0.0130"], "raw_top": {"fnlwgt": 0.07695065050450645, "occupation_Transport-moving": -0.06252697331696916, "marital-status_Married-civ-spouse": 0.05196204695544757, "capital-gain": -0.031971520495065256, "education_Some-college": 0.031683289990827625, "age": 0.03013766371471841, "capital-loss": -0.02045220142166357, "relationship_Husband": 0.018146915101500936, "education_HS-grad": 0.01648183257280707, "workclass_State-gov": 0.012952548675047503}}}