{"instance_id": 6063, "quadrant": "TP", "true_label": 1, "prediction": 1, "prediction_correct": true, "metrics": {"cost": 46206.468641001265, "sparsity": 0.09259259259259259, "fidelity": 0.9783328273798693, "faithfulness_gap": 0.7890571316938274, "stability": 0.9836979033212535}, "explanation": {"top_features": ["education-num: 0.2932", "occupation_Prof-specialty: 0.1263", "marital-status_Married-civ-spouse: 0.0981", "workclass_Federal-gov: 0.0593", "age: 0.0557", "relationship_Husband: 0.0515", "marital-status_Never-married: 0.0174", "education_HS-grad: 0.0081", "workclass_Private: 0.0058", "relationship_Not-in-family: 0.0055"], "raw_top": {"education-num": 0.29323673791233534, "occupation_Prof-specialty": 0.12632443639871815, "marital-status_Married-civ-spouse": 0.09807368947577697, "workclass_Federal-gov": 0.05931862727806188, "age": 0.055729921538669805, "relationship_Husband": 0.051546546641818514, "marital-status_Never-married": 0.017410419385984765, "education_HS-grad": 0.008106708665625423, "workclass_Private": 0.005824905126732949, "relationship_Not-in-family": 0.005468953704073328}}}