{"instance_id": 6203, "quadrant": "FP", "true_label": 0, "prediction": 1, "prediction_correct": false, "metrics": {"cost": 36508.772136992775, "sparsity": 0.09259259259259259, "fidelity": 0.9833204943904625, "faithfulness_gap": 0.46519263426103064, "stability": 0.951533252869714}, "explanation": {"top_features": ["occupation_Exec-managerial: 0.1890", "education-num: 0.1632", "age: -0.1313", "marital-status_Married-civ-spouse: 0.0879", "relationship_Husband: 0.0553", "education_Bachelors: 0.0374", "capital-gain: -0.0302", "education_HS-grad: 0.0129", "marital-status_Never-married: 0.0100", "relationship_Not-in-family: 0.0075"], "raw_top": {"occupation_Exec-managerial": 0.18896788421382707, "education-num": 0.1631854584310445, "age": -0.1313447882915799, "marital-status_Married-civ-spouse": 0.08794753800510158, "relationship_Husband": 0.05532031104796742, "education_Bachelors": 0.03741518520781105, "capital-gain": -0.03019423215497625, "education_HS-grad": 0.012920006164058152, "marital-status_Never-married": 0.01003876618401824, "relationship_Not-in-family": 0.007543643850967063}}}