{"instance_id": 6355, "quadrant": "TN", "true_label": 0, "prediction": 0, "prediction_correct": true, "metrics": {"cost": 60231.98587799561, "sparsity": 0.09259259259259259, "fidelity": 0.8589246447450286, "faithfulness_gap": 0.04648299012791485, "stability": 0.8077848605434836}, "explanation": {"top_features": ["education-num: -0.0442", "occupation_Machine-op-inspct: -0.0441", "marital-status_Married-civ-spouse: 0.0340", "capital-gain: -0.0307", "capital-loss: -0.0205", "relationship_Husband: 0.0201", "age: 0.0128", "education_Bachelors: -0.0059", "education_HS-grad: -0.0046", "hours-per-week: -0.0025"], "raw_top": {"education-num": -0.04423915900775426, "occupation_Machine-op-inspct": -0.044129480757702705, "marital-status_Married-civ-spouse": 0.034044049273347636, "capital-gain": -0.030660603669175373, "capital-loss": -0.020493211445343225, "relationship_Husband": 0.020130587337595065, "age": 0.012825617787781036, "education_Bachelors": -0.005933905515491308, "education_HS-grad": -0.0046185462858507565, "hours-per-week": -0.0025186065336835622}}}