{"instance_id": 6452, "quadrant": "FN", "true_label": 1, "prediction": 0, "prediction_correct": false, "metrics": {"cost": 42116.72697903123, "sparsity": 0.09259259259259259, "fidelity": 0.9465392698100551, "faithfulness_gap": 0.13583635544441308, "stability": 0.9415311353874413}, "explanation": {"top_features": ["capital-gain: 0.1042", "relationship_Wife: 0.0790", "occupation_Handlers-cleaners: -0.0669", "education-num: -0.0597", "marital-status_Married-civ-spouse: 0.0467", "relationship_Husband: -0.0367", "fnlwgt: -0.0336", "capital-loss: -0.0169", "workclass_Local-gov: 0.0117", "hours-per-week: 0.0074"], "raw_top": {"capital-gain": 0.10424697393473452, "relationship_Wife": 0.0789658029903188, "occupation_Handlers-cleaners": -0.06692579781757015, "education-num": -0.05967165958079027, "marital-status_Married-civ-spouse": 0.046657220616003074, "relationship_Husband": -0.0367062805641736, "fnlwgt": -0.03363126993270572, "capital-loss": -0.016936396326362374, "workclass_Local-gov": 0.011742502739020808, "hours-per-week": 0.007393787590827292}}}