{"instance_id": 6466, "quadrant": "FP", "true_label": 0, "prediction": 1, "prediction_correct": false, "metrics": {"cost": 41479.971688007936, "sparsity": 0.09259259259259259, "fidelity": 0.9083351920768838, "faithfulness_gap": 0.6657541340129924, "stability": 0.9608715852137122}, "explanation": {"top_features": ["occupation_Exec-managerial: 0.1847", "education-num: 0.1511", "marital-status_Married-civ-spouse: 0.0939", "relationship_Husband: 0.0638", "hours-per-week: 0.0494", "workclass_Self-emp-inc: 0.0328", "marital-status_Never-married: 0.0119", "education_HS-grad: 0.0114", "sex_Female: 0.0022", "sex_Male: 0.0016"], "raw_top": {"occupation_Exec-managerial": 0.1846621566379789, "education-num": 0.1511031019353219, "marital-status_Married-civ-spouse": 0.09387148220682344, "relationship_Husband": 0.0638251077487396, "hours-per-week": 0.0494483235313505, "workclass_Self-emp-inc": 0.0328115805637587, "marital-status_Never-married": 0.011935581665836158, "education_HS-grad": 0.01137144078866498, "sex_Female": 0.0022223305092723493, "sex_Male": 0.0016248338302740084}}}