{"instance_id": 6543, "quadrant": "FP", "true_label": 0, "prediction": 1, "prediction_correct": false, "metrics": {"cost": 54130.56264503393, "sparsity": 0.09259259259259259, "fidelity": 0.9659952652533508, "faithfulness_gap": 0.4732462451253254, "stability": 0.9306315140699307}, "explanation": {"top_features": ["education-num: 0.1894", "occupation_Prof-specialty: 0.1001", "marital-status_Married-civ-spouse: 0.0875", "age: -0.0736", "relationship_Husband: 0.0647", "capital-gain: -0.0339", "education_Bachelors: 0.0331", "hours-per-week: 0.0258", "marital-status_Never-married: 0.0123", "relationship_Own-child: 0.0057"], "raw_top": {"education-num": 0.18940644606794774, "occupation_Prof-specialty": 0.1001070724006976, "marital-status_Married-civ-spouse": 0.08751988659437164, "age": -0.07355533977667025, "relationship_Husband": 0.06473885002340005, "capital-gain": -0.03392121068838671, "education_Bachelors": 0.03307239928147255, "hours-per-week": 0.02575572082337687, "marital-status_Never-married": 0.01232333193451376, "relationship_Own-child": 0.005733220374717796}}}