{"instance_id": 6634, "quadrant": "FP", "true_label": 0, "prediction": 1, "prediction_correct": false, "metrics": {"cost": 60059.169366024435, "sparsity": 0.09259259259259259, "fidelity": 0.9820984105413038, "faithfulness_gap": 0.4805574226653905, "stability": 0.9463959698089468}, "explanation": {"top_features": ["occupation_Exec-managerial: 0.1911", "education-num: 0.1671", "age: -0.1479", "marital-status_Married-civ-spouse: 0.0911", "relationship_Husband: 0.0583", "education_Bachelors: 0.0284", "hours-per-week: 0.0219", "education_HS-grad: 0.0151", "marital-status_Never-married: 0.0096", "relationship_Own-child: 0.0050"], "raw_top": {"occupation_Exec-managerial": 0.19112671274944687, "education-num": 0.1670556312806433, "age": -0.14786993959406128, "marital-status_Married-civ-spouse": 0.09110527257485647, "relationship_Husband": 0.05830767230636617, "education_Bachelors": 0.028355060981606468, "hours-per-week": 0.02187013419281352, "education_HS-grad": 0.01507731423341605, "marital-status_Never-married": 0.009569319517839342, "relationship_Own-child": 0.004979557508796473}}}