{"instance_id": 6650, "quadrant": "FN", "true_label": 1, "prediction": 0, "prediction_correct": false, "metrics": {"cost": 33829.95602302253, "sparsity": 0.09259259259259259, "fidelity": 0.8988842417267839, "faithfulness_gap": 0.1530277671523956, "stability": 0.9526784513940548}, "explanation": {"top_features": ["occupation_Exec-managerial: 0.1182", "relationship_Wife: 0.0929", "hours-per-week: -0.0719", "education-num: -0.0543", "marital-status_Married-civ-spouse: 0.0535", "workclass_Private: -0.0251", "education_HS-grad: -0.0217", "capital-gain: -0.0195", "relationship_Husband: -0.0173", "capital-loss: -0.0152"], "raw_top": {"occupation_Exec-managerial": 0.11823977188685345, "relationship_Wife": 0.09287346669914566, "hours-per-week": -0.07189662897464358, "education-num": -0.054291006923052554, "marital-status_Married-civ-spouse": 0.05354985301860262, "workclass_Private": -0.025149287444174228, "education_HS-grad": -0.02171106774115741, "capital-gain": -0.019534674842813435, "relationship_Husband": -0.017343445314310715, "capital-loss": -0.015249474310733452}}}