{"instance_id": 6660, "quadrant": "FN", "true_label": 1, "prediction": 0, "prediction_correct": false, "metrics": {"cost": 45737.32543201186, "sparsity": 0.09259259259259259, "fidelity": 0.8681742682250191, "faithfulness_gap": 0.04219301873347428, "stability": 0.807145366140416}, "explanation": {"top_features": ["education-num: -0.0504", "marital-status_Married-civ-spouse: 0.0381", "occupation_Transport-moving: -0.0368", "capital-gain: -0.0306", "capital-loss: -0.0270", "education_HS-grad: -0.0205", "fnlwgt: 0.0203", "age: 0.0165", "relationship_Husband: 0.0126", "marital-status_Never-married: 0.0051"], "raw_top": {"education-num": -0.05039224321609458, "marital-status_Married-civ-spouse": 0.03813164470961061, "occupation_Transport-moving": -0.03683561532415937, "capital-gain": -0.030613733679494746, "capital-loss": -0.027046579768149483, "education_HS-grad": -0.02045929500622813, "fnlwgt": 0.020283428622181764, "age": 0.016475594082852738, "relationship_Husband": 0.012551594953450769, "marital-status_Never-married": 0.005082549983605883}}}