{"instance_id": 6663, "quadrant": "TP", "true_label": 1, "prediction": 1, "prediction_correct": true, "metrics": {"cost": 49892.21501399879, "sparsity": 0.09259259259259259, "fidelity": 0.9752131666560236, "faithfulness_gap": 0.7471465655193152, "stability": 0.9965524849959354}, "explanation": {"top_features": ["capital-gain: 0.5114", "education-num: 0.0909", "marital-status_Married-civ-spouse: 0.0461", "occupation_Sales: 0.0409", "hours-per-week: 0.0271", "relationship_Husband: 0.0252", "workclass_Self-emp-inc: 0.0154", "education_Bachelors: 0.0107", "marital-status_Never-married: 0.0082", "fnlwgt: 0.0070"], "raw_top": {"capital-gain": 0.5113782822141527, "education-num": 0.09091681832411624, "marital-status_Married-civ-spouse": 0.04610686234146743, "occupation_Sales": 0.04091591819668853, "hours-per-week": 0.02706382645926216, "relationship_Husband": 0.025213922947860002, "workclass_Self-emp-inc": 0.015409931935238028, "education_Bachelors": 0.01074970969816636, "marital-status_Never-married": 0.008181024579818782, "fnlwgt": 0.007008332250368232}}}