{"instance_id": 6711, "quadrant": "TN", "true_label": 0, "prediction": 0, "prediction_correct": true, "metrics": {"cost": 60404.51203798875, "sparsity": 0.09259259259259259, "fidelity": 0.8557899386052306, "faithfulness_gap": 0.03143572493953389, "stability": 0.9695690685735251}, "explanation": {"top_features": ["marital-status_Married-civ-spouse: -0.1108", "capital-loss: 0.0764", "education-num: 0.0734", "relationship_Husband: -0.0501", "occupation_Protective-serv: 0.0484", "relationship_Not-in-family: -0.0459", "marital-status_Never-married: -0.0437", "age: -0.0336", "capital-gain: -0.0152", "workclass_Private: -0.0107"], "raw_top": {"marital-status_Married-civ-spouse": -0.1108497511257163, "capital-loss": 0.07644110948488755, "education-num": 0.07340766628126431, "relationship_Husband": -0.05005040344562317, "occupation_Protective-serv": 0.04842212595286974, "relationship_Not-in-family": -0.04585403160543711, "marital-status_Never-married": -0.043677511567438196, "age": -0.0335654617468263, "capital-gain": -0.015178456796343167, "workclass_Private": -0.010685997563337782}}}