{"instance_id": 6727, "quadrant": "TN", "true_label": 0, "prediction": 0, "prediction_correct": true, "metrics": {"cost": 41679.64107601438, "sparsity": 0.09259259259259259, "fidelity": 0.8711504905297619, "faithfulness_gap": 0.018686658654293795, "stability": 0.9447586792742988}, "explanation": {"top_features": ["occupation_Tech-support: 0.0735", "marital-status_Married-civ-spouse: -0.0526", "age: -0.0411", "relationship_Husband: -0.0300", "race_Asian-Pac-Islander: 0.0276", "marital-status_Never-married: -0.0252", "education-num: -0.0213", "capital-gain: -0.0181", "race_White: -0.0120", "capital-loss: -0.0095"], "raw_top": {"occupation_Tech-support": 0.07346170165350865, "marital-status_Married-civ-spouse": -0.05260379244643937, "age": -0.04114535183652629, "relationship_Husband": -0.029985692718661396, "race_Asian-Pac-Islander": 0.027642621724981414, "marital-status_Never-married": -0.025232977221241626, "education-num": -0.021284572877921508, "capital-gain": -0.018064364073767228, "race_White": -0.011984336360767222, "capital-loss": -0.00947714492466634}}}