{"instance_id": 6856, "quadrant": "TN", "true_label": 0, "prediction": 0, "prediction_correct": true, "metrics": {"cost": 35314.24749598955, "sparsity": 0.09259259259259259, "fidelity": 0.9499098976995279, "faithfulness_gap": 0.07539608600776554, "stability": 0.9780236337685345}, "explanation": {"top_features": ["education-num: -0.2011", "occupation_Prof-specialty: 0.0641", "marital-status_Married-civ-spouse: 0.0320", "hours-per-week: -0.0280", "age: 0.0228", "capital-gain: -0.0199", "relationship_Husband: 0.0150", "capital-loss: -0.0117", "education_HS-grad: 0.0101", "education_7th-8th: 0.0053"], "raw_top": {"education-num": -0.20111985679687636, "occupation_Prof-specialty": 0.06405251340757903, "marital-status_Married-civ-spouse": 0.03199406693423564, "hours-per-week": -0.02799756732821552, "age": 0.022790960080744573, "capital-gain": -0.019909122193097928, "relationship_Husband": 0.015015877573234901, "capital-loss": -0.011670174619323154, "education_HS-grad": 0.010130016913194081, "education_7th-8th": 0.005272401190990095}}}