{"instance_id": 690, "quadrant": "FN", "true_label": 1, "prediction": 0, "prediction_correct": false, "metrics": {"cost": 39445.13825699687, "sparsity": 0.09259259259259259, "fidelity": 0.9008487783478647, "faithfulness_gap": 0.031224854533810673, "stability": 0.9439630185012534}, "explanation": {"top_features": ["marital-status_Married-civ-spouse: -0.0888", "occupation_Prof-specialty: 0.0796", "education-num: 0.0695", "relationship_Husband: -0.0481", "relationship_Not-in-family: -0.0354", "capital-gain: -0.0259", "age: -0.0203", "marital-status_Widowed: -0.0168", "capital-loss: -0.0166", "workclass_Private: -0.0143"], "raw_top": {"marital-status_Married-civ-spouse": -0.08877203606553545, "occupation_Prof-specialty": 0.07955062638538261, "education-num": 0.06945155852232601, "relationship_Husband": -0.048070764636478684, "relationship_Not-in-family": -0.035432844648644116, "capital-gain": -0.02588469279563322, "age": -0.020289126799464464, "marital-status_Widowed": -0.016829201710757528, "capital-loss": -0.0165933844579678, "workclass_Private": -0.01432599769012996}}}