{"instance_id": 6906, "quadrant": "TP", "true_label": 1, "prediction": 1, "prediction_correct": true, "metrics": {"cost": 44719.69238499878, "sparsity": 0.09259259259259259, "fidelity": 0.9485556132954902, "faithfulness_gap": 0.3845168284416303, "stability": 0.9129836069265278}, "explanation": {"top_features": ["capital-gain: 0.2221", "occupation_Prof-specialty: 0.1025", "marital-status_Married-civ-spouse: 0.0740", "age: -0.0441", "relationship_Husband: 0.0409", "race_White: -0.0390", "workclass_Private: -0.0248", "workclass_State-gov: -0.0205", "capital-loss: -0.0147", "race_Black: -0.0135"], "raw_top": {"capital-gain": 0.2221401246845102, "occupation_Prof-specialty": 0.10251584075278625, "marital-status_Married-civ-spouse": 0.07397062440112645, "age": -0.04413927990911157, "relationship_Husband": 0.04088042692530229, "race_White": -0.03900243557236923, "workclass_Private": -0.02477021537019297, "workclass_State-gov": -0.020520970658908948, "capital-loss": -0.014669344703353, "race_Black": -0.013458580133422715}}}