{"instance_id": 6920, "quadrant": "TP", "true_label": 1, "prediction": 1, "prediction_correct": true, "metrics": {"cost": 36279.84137702151, "sparsity": 0.09259259259259259, "fidelity": 0.9639269901493706, "faithfulness_gap": 0.6939749122614816, "stability": 0.9798527335974637}, "explanation": {"top_features": ["occupation_Exec-managerial: 0.2001", "education-num: 0.1623", "marital-status_Married-civ-spouse: 0.1092", "relationship_Husband: 0.0693", "age: 0.0425", "hours-per-week: 0.0351", "education_HS-grad: 0.0205", "marital-status_Never-married: 0.0191", "relationship_Own-child: 0.0068", "relationship_Not-in-family: 0.0058"], "raw_top": {"occupation_Exec-managerial": 0.20006804813051948, "education-num": 0.1623215228960496, "marital-status_Married-civ-spouse": 0.10919423787760989, "relationship_Husband": 0.06928334837048555, "age": 0.042458298794675664, "hours-per-week": 0.035140133842041274, "education_HS-grad": 0.02045859498128373, "marital-status_Never-married": 0.019103244184436607, "relationship_Own-child": 0.006819933536833124, "relationship_Not-in-family": 0.0058278236476576595}}}