{"instance_id": 7051, "quadrant": "TP", "true_label": 1, "prediction": 1, "prediction_correct": true, "metrics": {"cost": 49291.54450498754, "sparsity": 0.09259259259259259, "fidelity": 0.9878778396164287, "faithfulness_gap": 0.6024265652980362, "stability": 0.9677666287011086}, "explanation": {"top_features": ["education-num: 0.2160", "occupation_Prof-specialty: 0.1961", "marital-status_Married-civ-spouse: 0.0987", "relationship_Husband: 0.0547", "native-country_United-States: -0.0360", "capital-gain: -0.0288", "fnlwgt: -0.0201", "age: 0.0186", "education_HS-grad: 0.0125", "marital-status_Never-married: 0.0122"], "raw_top": {"education-num": 0.21596499372093267, "occupation_Prof-specialty": 0.1960981561789858, "marital-status_Married-civ-spouse": 0.09872604981774175, "relationship_Husband": 0.05466998040962082, "native-country_United-States": -0.03604157677148635, "capital-gain": -0.028837479270126327, "fnlwgt": -0.020129654924640583, "age": 0.01860127501423425, "education_HS-grad": 0.012522244062992776, "marital-status_Never-married": 0.012243490117123869}}}