{"instance_id": 7066, "quadrant": "TN", "true_label": 0, "prediction": 0, "prediction_correct": true, "metrics": {"cost": 34758.83036694722, "sparsity": 0.09259259259259259, "fidelity": 0.798670394989005, "faithfulness_gap": 0.11125588460243419, "stability": 0.8116593320472831}, "explanation": {"top_features": ["education-num: -0.0410", "age: -0.0330", "marital-status_Married-civ-spouse: 0.0284", "capital-gain: -0.0280", "occupation_Transport-moving: -0.0267", "capital-loss: -0.0241", "hours-per-week: 0.0208", "relationship_Husband: 0.0162", "education_Bachelors: -0.0049", "education_HS-grad: -0.0031"], "raw_top": {"education-num": -0.04096813362555207, "age": -0.033023608021081195, "marital-status_Married-civ-spouse": 0.028363383640120195, "capital-gain": -0.027968844769632496, "occupation_Transport-moving": -0.026659932953642673, "capital-loss": -0.024058243773682146, "hours-per-week": 0.020830357437701796, "relationship_Husband": 0.0161798186076903, "education_Bachelors": -0.004919245231383235, "education_HS-grad": -0.00308323084822075}}}