{"instance_id": 7067, "quadrant": "FN", "true_label": 1, "prediction": 0, "prediction_correct": false, "metrics": {"cost": 35041.63192003034, "sparsity": 0.09259259259259259, "fidelity": 0.8517422802616847, "faithfulness_gap": 0.0384216111437366, "stability": 0.8092804995071767}, "explanation": {"top_features": ["occupation_Handlers-cleaners: -0.0505", "education-num: -0.0400", "marital-status_Married-civ-spouse: 0.0331", "capital-gain: -0.0290", "capital-loss: -0.0244", "relationship_Husband: 0.0147", "age: 0.0053", "education_Bachelors: -0.0048", "marital-status_Never-married: 0.0048", "education_HS-grad: -0.0033"], "raw_top": {"occupation_Handlers-cleaners": -0.05053354565940201, "education-num": -0.040000091867306006, "marital-status_Married-civ-spouse": 0.03306161335764204, "capital-gain": -0.02900227863594322, "capital-loss": -0.024437028843784913, "relationship_Husband": 0.014654006033067412, "age": 0.005257194329803771, "education_Bachelors": -0.00477156304490871, "marital-status_Never-married": 0.0047615209048650214, "education_HS-grad": -0.0033308371660993948}}}