{"instance_id": 7145, "quadrant": "TP", "true_label": 1, "prediction": 1, "prediction_correct": true, "metrics": {"cost": 44052.562495999155, "sparsity": 0.09259259259259259, "fidelity": 0.9893031159553023, "faithfulness_gap": 0.7637902251239743, "stability": 0.9858075758214832}, "explanation": {"top_features": ["capital-gain: 0.3272", "education-num: 0.1746", "occupation_Prof-specialty: 0.0809", "marital-status_Married-civ-spouse: 0.0718", "relationship_Husband: 0.0393", "hours-per-week: 0.0294", "marital-status_Never-married: 0.0174", "education_Prof-school: 0.0134", "age: 0.0110", "education_HS-grad: 0.0081"], "raw_top": {"capital-gain": 0.32724474645413876, "education-num": 0.17462724536505833, "occupation_Prof-specialty": 0.08085623634931369, "marital-status_Married-civ-spouse": 0.07176640219000384, "relationship_Husband": 0.03930098407043037, "hours-per-week": 0.029405139162695205, "marital-status_Never-married": 0.017394014773570457, "education_Prof-school": 0.013415622093779495, "age": 0.010998136136661936, "education_HS-grad": 0.008076693814128122}}}