{"instance_id": 7250, "quadrant": "FN", "true_label": 1, "prediction": 0, "prediction_correct": false, "metrics": {"cost": 35087.328202906065, "sparsity": 0.09259259259259259, "fidelity": 0.7349605808325934, "faithfulness_gap": 0.012566253187359253, "stability": 0.83515261632422}, "explanation": {"top_features": ["hours-per-week: -0.0587", "relationship_Wife: 0.0576", "capital-gain: -0.0200", "age: -0.0193", "capital-loss: -0.0177", "education-num: -0.0155", "relationship_Husband: -0.0153", "workclass_Private: -0.0131", "workclass_nan: -0.0074", "occupation_nan: -0.0072"], "raw_top": {"hours-per-week": -0.058706081095576186, "relationship_Wife": 0.057636659965574974, "capital-gain": -0.01997477967236853, "age": -0.019277671284593772, "capital-loss": -0.017730125294597613, "education-num": -0.015513068919512695, "relationship_Husband": -0.01528562036682314, "workclass_Private": -0.013058849459134934, "workclass_nan": -0.007353731704524427, "occupation_nan": -0.007239016862975705}}}