{"instance_id": 730, "quadrant": "TN", "true_label": 0, "prediction": 0, "prediction_correct": true, "metrics": {"cost": 39925.786000996595, "sparsity": 0.09259259259259259, "fidelity": 0.620975618174312, "faithfulness_gap": 0.06695226004035412, "stability": 0.9187542998008833}, "explanation": {"top_features": ["marital-status_Married-civ-spouse: -0.0344", "education-num: -0.0245", "relationship_Husband: -0.0233", "occupation_Machine-op-inspct: -0.0226", "capital-gain: -0.0167", "marital-status_Never-married: -0.0127", "capital-loss: -0.0055", "education_HS-grad: -0.0025", "age: -0.0014", "hours-per-week: -0.0013"], "raw_top": {"marital-status_Married-civ-spouse": -0.034449294440139486, "education-num": -0.024480362707643123, "relationship_Husband": -0.023251076439077985, "occupation_Machine-op-inspct": -0.022586671151280966, "capital-gain": -0.016703353598623863, "marital-status_Never-married": -0.012669284397098964, "capital-loss": -0.005523998446556508, "education_HS-grad": -0.0024593354148735934, "age": -0.0013573043608016058, "hours-per-week": -0.0013315360027831569}}}