{"instance_id": 7464, "quadrant": "FP", "true_label": 0, "prediction": 1, "prediction_correct": false, "metrics": {"cost": 54750.91604702175, "sparsity": 0.09259259259259259, "fidelity": 0.959015264138921, "faithfulness_gap": 0.5457385914813174, "stability": 0.9408004123970736}, "explanation": {"top_features": ["education-num: 0.1909", "occupation_Sales: 0.1367", "marital-status_Married-civ-spouse: 0.0815", "relationship_Husband: 0.0671", "education_Bachelors: 0.0302", "capital-gain: -0.0287", "marital-status_Never-married: 0.0202", "age: -0.0200", "hours-per-week: -0.0192", "education_HS-grad: 0.0177"], "raw_top": {"education-num": 0.19093665152100403, "occupation_Sales": 0.13674134816639422, "marital-status_Married-civ-spouse": 0.08150473845705104, "relationship_Husband": 0.06709777335838964, "education_Bachelors": 0.03022182775842289, "capital-gain": -0.02871058355053676, "marital-status_Never-married": 0.020209644844066323, "age": -0.01996432425879975, "hours-per-week": -0.019167895173701266, "education_HS-grad": 0.017667445260702474}}}