{"instance_id": 7576, "quadrant": "FP", "true_label": 0, "prediction": 1, "prediction_correct": false, "metrics": {"cost": 46431.04301497806, "sparsity": 0.09259259259259259, "fidelity": 0.9846491611449303, "faithfulness_gap": 0.4797877600117072, "stability": 0.9518723257325329}, "explanation": {"top_features": ["occupation_Exec-managerial: 0.2369", "marital-status_Married-civ-spouse: 0.0826", "hours-per-week: 0.0569", "relationship_Husband: 0.0506", "capital-gain: -0.0345", "age: -0.0269", "education_HS-grad: 0.0233", "marital-status_Never-married: 0.0149", "education_Some-college: 0.0116", "fnlwgt: 0.0074"], "raw_top": {"occupation_Exec-managerial": 0.23689062098932503, "marital-status_Married-civ-spouse": 0.08260142395570225, "hours-per-week": 0.056883175977025115, "relationship_Husband": 0.050551356318980764, "capital-gain": -0.03447859746009223, "age": -0.026919833512234936, "education_HS-grad": 0.023258044516804948, "marital-status_Never-married": 0.01494223352884307, "education_Some-college": 0.011605411905875123, "fnlwgt": 0.007404609665051853}}}