{"instance_id": 7820, "quadrant": "TN", "true_label": 0, "prediction": 0, "prediction_correct": true, "metrics": {"cost": 35834.22014399548, "sparsity": 0.09259259259259259, "fidelity": 0.6947177023229103, "faithfulness_gap": 0.0510006716827439, "stability": 0.9134289418026137}, "explanation": {"top_features": ["marital-status_Married-civ-spouse: -0.0490", "education-num: -0.0266", "relationship_Husband: -0.0230", "capital-gain: -0.0181", "occupation_Adm-clerical: 0.0127", "capital-loss: -0.0120", "relationship_Unmarried: -0.0117", "age: 0.0101", "marital-status_Divorced: -0.0085", "education_Bachelors: -0.0039"], "raw_top": {"marital-status_Married-civ-spouse": -0.04897900774427588, "education-num": -0.02656053181337782, "relationship_Husband": -0.022972755257389472, "capital-gain": -0.01809027462886337, "occupation_Adm-clerical": 0.012718143596692382, "capital-loss": -0.012015368620006553, "relationship_Unmarried": -0.011687900377416622, "age": 0.010076210005282471, "marital-status_Divorced": -0.008537420957061127, "education_Bachelors": -0.003929375452827003}}}