{"instance_id": 8, "quadrant": "FP", "true_label": 0, "prediction": 1, "prediction_correct": false, "metrics": {"cost": 37506.55123102479, "sparsity": 0.09259259259259259, "fidelity": 0.9778388047157318, "faithfulness_gap": 0.6943027008702403, "stability": 0.9578191682293696}, "explanation": {"top_features": ["occupation_Tech-support: 0.1764", "education-num: 0.1624", "marital-status_Married-civ-spouse: 0.1007", "age: 0.0671", "relationship_Husband: 0.0601", "education_Bachelors: 0.0287", "marital-status_Never-married: 0.0076", "education_HS-grad: 0.0059", "relationship_Own-child: 0.0036", "relationship_Not-in-family: 0.0036"], "raw_top": {"occupation_Tech-support": 0.17640878959112105, "education-num": 0.1623925515770268, "marital-status_Married-civ-spouse": 0.10071970099927008, "age": 0.0670812387766807, "relationship_Husband": 0.06012084302159435, "education_Bachelors": 0.028745853935491002, "marital-status_Never-married": 0.007640394431249327, "education_HS-grad": 0.005891744765682588, "relationship_Own-child": 0.00364895923110216, "relationship_Not-in-family": 0.0036049579997485814}}}