{"instance_id": 8049, "quadrant": "FP", "true_label": 0, "prediction": 1, "prediction_correct": false, "metrics": {"cost": 44099.86418101471, "sparsity": 0.09259259259259259, "fidelity": 0.9691959394783806, "faithfulness_gap": 0.7666974757801642, "stability": 0.9596953967081973}, "explanation": {"top_features": ["education-num: 0.1882", "relationship_Wife: 0.1457", "capital-gain: 0.1240", "marital-status_Married-civ-spouse: 0.1077", "occupation_Adm-clerical: 0.0555", "age: 0.0262", "education_Bachelors: 0.0206", "education_HS-grad: 0.0095", "marital-status_Never-married: 0.0094", "relationship_Own-child: 0.0028"], "raw_top": {"education-num": 0.1882391983576814, "relationship_Wife": 0.14573180014603435, "capital-gain": 0.12395901007655324, "marital-status_Married-civ-spouse": 0.10767399004572252, "occupation_Adm-clerical": 0.055541055728024966, "age": 0.02618726244660905, "education_Bachelors": 0.020583348788291295, "education_HS-grad": 0.009486494107781147, "marital-status_Never-married": 0.009403360329354054, "relationship_Own-child": 0.002813524404377321}}}