{"instance_id": 8314, "quadrant": "TP", "true_label": 1, "prediction": 1, "prediction_correct": true, "metrics": {"cost": 43337.16679099598, "sparsity": 0.09259259259259259, "fidelity": 0.9733587271075592, "faithfulness_gap": 0.8054314187200183, "stability": 0.9890667082521707}, "explanation": {"top_features": ["education-num: 0.3124", "occupation_Exec-managerial: 0.1391", "marital-status_Married-civ-spouse: 0.0867", "relationship_Husband: 0.0498", "hours-per-week: 0.0483", "age: 0.0477", "marital-status_Never-married: 0.0181", "education_Doctorate: 0.0103", "education_HS-grad: 0.0076", "relationship_Own-child: 0.0067"], "raw_top": {"education-num": 0.3124356764170655, "occupation_Exec-managerial": 0.13912609730772524, "marital-status_Married-civ-spouse": 0.08670838351831775, "relationship_Husband": 0.04983337641591043, "hours-per-week": 0.048273957477505264, "age": 0.047667049794191015, "marital-status_Never-married": 0.018113598175506226, "education_Doctorate": 0.010330424325477934, "education_HS-grad": 0.007602482020824973, "relationship_Own-child": 0.0066684339298850315}}}