{"instance_id": 8486, "quadrant": "FP", "true_label": 0, "prediction": 1, "prediction_correct": false, "metrics": {"cost": 38058.86611499591, "sparsity": 0.09259259259259259, "fidelity": 0.9715672885908705, "faithfulness_gap": 0.5115749003184717, "stability": 0.9299785038037177}, "explanation": {"top_features": ["occupation_Prof-specialty: 0.1658", "marital-status_Married-civ-spouse: 0.0877", "native-country_Canada: 0.0834", "education-num: 0.0623", "age: 0.0372", "education_Assoc-voc: -0.0369", "capital-gain: -0.0345", "relationship_Husband: 0.0297", "education_HS-grad: 0.0108", "marital-status_Never-married: 0.0098"], "raw_top": {"occupation_Prof-specialty": 0.16575707895495237, "marital-status_Married-civ-spouse": 0.08773435777598444, "native-country_Canada": 0.08338306684785618, "education-num": 0.06230544341485593, "age": 0.03721026613915532, "education_Assoc-voc": -0.036942172161503146, "capital-gain": -0.034455652064106806, "relationship_Husband": 0.029729569129848574, "education_HS-grad": 0.010825794108487849, "marital-status_Never-married": 0.00983370238885195}}}