{"instance_id": 8507, "quadrant": "FP", "true_label": 0, "prediction": 1, "prediction_correct": false, "metrics": {"cost": 34326.972062001005, "sparsity": 0.09259259259259259, "fidelity": 0.9373945597780049, "faithfulness_gap": 0.3545709406553287, "stability": 0.9866212038675828}, "explanation": {"top_features": ["capital-loss: 0.3480", "education-num: 0.1582", "marital-status_Married-civ-spouse: -0.0823", "marital-status_Divorced: -0.0736", "education_Masters: -0.0374", "relationship_Husband: -0.0328", "hours-per-week: 0.0296", "sex_Female: -0.0219", "sex_Male: -0.0166", "workclass_Private: -0.0139"], "raw_top": {"capital-loss": 0.34795598740271716, "education-num": 0.15822826872119103, "marital-status_Married-civ-spouse": -0.08232549986409311, "marital-status_Divorced": -0.07358452291518514, "education_Masters": -0.03744280183466303, "relationship_Husband": -0.03275382127349945, "hours-per-week": 0.029628971787482517, "sex_Female": -0.02189764395659702, "sex_Male": -0.01662231998850555, "workclass_Private": -0.013863790294378509}}}