{"instance_id": 8526, "quadrant": "FN", "true_label": 1, "prediction": 0, "prediction_correct": false, "metrics": {"cost": 60247.03392002266, "sparsity": 0.09259259259259259, "fidelity": 0.9693683604375143, "faithfulness_gap": 0.12165263072004862, "stability": 0.8784133277101568}, "explanation": {"top_features": ["capital-gain: 0.1222", "education-num: -0.0700", "marital-status_Married-civ-spouse: 0.0476", "relationship_Husband: 0.0313", "age: -0.0275", "capital-loss: -0.0197", "education_Bachelors: -0.0189", "education_HS-grad: -0.0144", "occupation_Sales: 0.0134", "marital-status_Never-married: 0.0086"], "raw_top": {"capital-gain": 0.12223958836666633, "education-num": -0.07003932579411264, "marital-status_Married-civ-spouse": 0.04758398701036417, "relationship_Husband": 0.03130082798985031, "age": -0.027545611517903162, "capital-loss": -0.019711149383238546, "education_Bachelors": -0.018918740681892705, "education_HS-grad": -0.014432799911354816, "occupation_Sales": 0.013425551331548588, "marital-status_Never-married": 0.008646504655057813}}}