{"instance_id": 8541, "quadrant": "FN", "true_label": 1, "prediction": 0, "prediction_correct": false, "metrics": {"cost": 60486.11922300188, "sparsity": 0.09259259259259259, "fidelity": 0.8244504873881755, "faithfulness_gap": 0.02921170247367305, "stability": 0.8067175260796099}, "explanation": {"top_features": ["education-num: -0.0567", "capital-gain: -0.0319", "marital-status_Married-civ-spouse: 0.0294", "capital-loss: -0.0225", "relationship_Husband: 0.0188", "occupation_Craft-repair: -0.0168", "hours-per-week: 0.0144", "education_Bachelors: -0.0079", "fnlwgt: -0.0075", "education_HS-grad: -0.0056"], "raw_top": {"education-num": -0.05673927027291278, "capital-gain": -0.03190820770818059, "marital-status_Married-civ-spouse": 0.02943989602904783, "capital-loss": -0.022546357908867193, "relationship_Husband": 0.01884239630918526, "occupation_Craft-repair": -0.016847726856087288, "hours-per-week": 0.014365000796694899, "education_Bachelors": -0.00788483524502187, "fnlwgt": -0.007547091135900516, "education_HS-grad": -0.005612832031232973}}}