{"instance_id": 8676, "quadrant": "TN", "true_label": 0, "prediction": 0, "prediction_correct": true, "metrics": {"cost": 59455.357875005575, "sparsity": 0.09259259259259259, "fidelity": 0.3351225004378179, "faithfulness_gap": 0.05354103373204898, "stability": 0.9568573596072603}, "explanation": {"top_features": ["age: -0.0429", "marital-status_Married-civ-spouse: -0.0271", "hours-per-week: -0.0266", "occupation_Other-service: -0.0144", "relationship_Husband: -0.0132", "capital-gain: -0.0132", "capital-loss: -0.0101", "education-num: -0.0062", "marital-status_Never-married: -0.0042", "education_HS-grad: -0.0014"], "raw_top": {"age": -0.042925488934066836, "marital-status_Married-civ-spouse": -0.027127859014224206, "hours-per-week": -0.026579902492629558, "occupation_Other-service": -0.0143944031158214, "relationship_Husband": -0.01323466917941029, "capital-gain": -0.013172836716593039, "capital-loss": -0.01011302937535942, "education-num": -0.00619214368318039, "marital-status_Never-married": -0.004154951111262277, "education_HS-grad": -0.0013966542905413937}}}