{"instance_id": 8872, "quadrant": "FP", "true_label": 0, "prediction": 1, "prediction_correct": false, "metrics": {"cost": 36493.27946599806, "sparsity": 0.09259259259259259, "fidelity": 0.9728964186526787, "faithfulness_gap": 0.7749059712859041, "stability": 0.9859294101824997}, "explanation": {"top_features": ["education-num: 0.3400", "occupation_Prof-specialty: 0.1087", "marital-status_Married-civ-spouse: 0.0898", "relationship_Husband: 0.0581", "age: 0.0428", "hours-per-week: 0.0287", "workclass_Self-emp-inc: 0.0231", "marital-status_Never-married: 0.0193", "relationship_Own-child: 0.0088", "education_HS-grad: 0.0077"], "raw_top": {"education-num": 0.3400225602044825, "occupation_Prof-specialty": 0.10872100789291488, "marital-status_Married-civ-spouse": 0.08983684567723614, "relationship_Husband": 0.05811805282264807, "age": 0.042811586529739376, "hours-per-week": 0.0287443986547691, "workclass_Self-emp-inc": 0.023090535117143443, "marital-status_Never-married": 0.01931769294647376, "relationship_Own-child": 0.008775097501097706, "education_HS-grad": 0.00768643079489284}}}