{"instance_id": 8924, "quadrant": "TP", "true_label": 1, "prediction": 1, "prediction_correct": true, "metrics": {"cost": 42407.586143002845, "sparsity": 0.09259259259259259, "fidelity": 0.9948103213583743, "faithfulness_gap": 0.7886974279275006, "stability": 0.9995750706712444}, "explanation": {"top_features": ["capital-gain: 0.8034", "education-num: 0.0635", "occupation_Other-service: -0.0398", "marital-status_Married-civ-spouse: -0.0363", "relationship_Husband: -0.0215", "hours-per-week: 0.0208", "marital-status_Divorced: -0.0115", "education_Prof-school: 0.0097", "relationship_Not-in-family: -0.0055", "capital-loss: -0.0029"], "raw_top": {"capital-gain": 0.8033935278339299, "education-num": 0.0634861773346132, "occupation_Other-service": -0.039823345983130136, "marital-status_Married-civ-spouse": -0.0362609457710905, "relationship_Husband": -0.021501119341503384, "hours-per-week": 0.02076519810409462, "marital-status_Divorced": -0.011459021410043768, "education_Prof-school": 0.009677529105293198, "relationship_Not-in-family": -0.0055184944992892485, "capital-loss": -0.0029468678324116038}}}