{"instance_id": 8961, "quadrant": "TN", "true_label": 0, "prediction": 0, "prediction_correct": true, "metrics": {"cost": 41079.592007998144, "sparsity": 0.09259259259259259, "fidelity": 0.9101583466183321, "faithfulness_gap": 0.0683312245644189, "stability": 0.9508192549151273}, "explanation": {"top_features": ["marital-status_Married-civ-spouse: -0.0712", "occupation_Sales: 0.0496", "capital-loss: 0.0477", "hours-per-week: 0.0414", "relationship_Husband: -0.0381", "relationship_Own-child: -0.0347", "marital-status_Divorced: -0.0285", "education-num: -0.0284", "age: -0.0134", "capital-gain: -0.0123"], "raw_top": {"marital-status_Married-civ-spouse": -0.07121921173300545, "occupation_Sales": 0.049581619663032504, "capital-loss": 0.047665714468886976, "hours-per-week": 0.04139949974441927, "relationship_Husband": -0.03807468167486567, "relationship_Own-child": -0.034722542487064564, "marital-status_Divorced": -0.028493091301361073, "education-num": -0.028407078813481, "age": -0.0134085270572659, "capital-gain": -0.012252285844954192}}}