{"instance_id": 9013, "quadrant": "FP", "true_label": 0, "prediction": 1, "prediction_correct": false, "metrics": {"cost": 53837.00768504059, "sparsity": 0.09259259259259259, "fidelity": 0.9824504692512762, "faithfulness_gap": 0.6067329919578194, "stability": 0.9755150636884025}, "explanation": {"top_features": ["capital-loss: 0.2789", "education-num: 0.1066", "marital-status_Married-civ-spouse: 0.1041", "age: -0.0783", "occupation_Protective-serv: 0.0572", "relationship_Husband: 0.0422", "native-country_England: 0.0152", "marital-status_Never-married: 0.0113", "workclass_Private: 0.0051", "relationship_Not-in-family: 0.0046"], "raw_top": {"capital-loss": 0.27892924367546884, "education-num": 0.106583730262668, "marital-status_Married-civ-spouse": 0.10411828125735305, "age": -0.0782880964806815, "occupation_Protective-serv": 0.05716613105150898, "relationship_Husband": 0.042203442264656894, "native-country_England": 0.015232350467450756, "marital-status_Never-married": 0.01129007036783054, "workclass_Private": 0.005135249683474674, "relationship_Not-in-family": 0.00460876172609198}}}