{"instance_id": 9075, "quadrant": "TP", "true_label": 1, "prediction": 1, "prediction_correct": true, "metrics": {"cost": 38966.70303000428, "sparsity": 0.09259259259259259, "fidelity": 0.9671337572510567, "faithfulness_gap": 0.7877276929546, "stability": 0.9826012266855043}, "explanation": {"top_features": ["capital-loss: 0.2054", "education-num: 0.1631", "marital-status_Married-civ-spouse: 0.1188", "occupation_Prof-specialty: 0.0927", "relationship_Husband: 0.0588", "hours-per-week: 0.0235", "marital-status_Never-married: 0.0199", "education_Bachelors: 0.0195", "relationship_Own-child: 0.0105", "relationship_Not-in-family: 0.0082"], "raw_top": {"capital-loss": 0.2053740903151616, "education-num": 0.16312475287950864, "marital-status_Married-civ-spouse": 0.11876381546625844, "occupation_Prof-specialty": 0.09268020986127751, "relationship_Husband": 0.05879421394191452, "hours-per-week": 0.02351423664549639, "marital-status_Never-married": 0.01986465945590827, "education_Bachelors": 0.019514416202204007, "relationship_Own-child": 0.0104855053143566, "relationship_Not-in-family": 0.00816215163256262}}}