{"instance_id": 9091, "quadrant": "TP", "true_label": 1, "prediction": 1, "prediction_correct": true, "metrics": {"cost": 62394.225711002946, "sparsity": 0.09259259259259259, "fidelity": 0.8801319769259234, "faithfulness_gap": 0.5700086688450785, "stability": 0.9672512368197232}, "explanation": {"top_features": ["capital-loss: 0.1508", "marital-status_Married-civ-spouse: 0.1250", "occupation_Tech-support: 0.1115", "education-num: 0.0699", "relationship_Husband: 0.0478", "age: 0.0471", "workclass_Federal-gov: 0.0434", "fnlwgt: 0.0335", "marital-status_Never-married: 0.0160", "relationship_Not-in-family: 0.0072"], "raw_top": {"capital-loss": 0.15082035409533662, "marital-status_Married-civ-spouse": 0.1249821961690456, "occupation_Tech-support": 0.11154025151979965, "education-num": 0.0699400620423802, "relationship_Husband": 0.047805347914743966, "age": 0.04713897356174487, "workclass_Federal-gov": 0.04339924201937282, "fnlwgt": 0.033477478454864755, "marital-status_Never-married": 0.016012395045030665, "relationship_Not-in-family": 0.007157006453611725}}}