{"instance_id": 9111, "quadrant": "FP", "true_label": 0, "prediction": 1, "prediction_correct": false, "metrics": {"cost": 52074.03941400116, "sparsity": 0.09259259259259259, "fidelity": 0.9700906167719917, "faithfulness_gap": 0.6735380262472642, "stability": 0.9645804552360849}, "explanation": {"top_features": ["education-num: 0.1990", "relationship_Wife: 0.1892", "occupation_Prof-specialty: 0.1433", "marital-status_Married-civ-spouse: 0.1087", "hours-per-week: -0.0362", "relationship_Husband: -0.0348", "age: -0.0288", "education_HS-grad: 0.0235", "capital-gain: -0.0232", "marital-status_Never-married: 0.0156"], "raw_top": {"education-num": 0.19898861288318126, "relationship_Wife": 0.189158829338483, "occupation_Prof-specialty": 0.1432899066485344, "marital-status_Married-civ-spouse": 0.10873394565324243, "hours-per-week": -0.036240695689335585, "relationship_Husband": -0.03479960438434524, "age": -0.028767481220471736, "education_HS-grad": 0.02351958806484696, "capital-gain": -0.023179780132057126, "marital-status_Never-married": 0.015555692260404742}}}