{"instance_id": 9165, "quadrant": "FN", "true_label": 1, "prediction": 0, "prediction_correct": false, "metrics": {"cost": 46353.86278398801, "sparsity": 0.09259259259259259, "fidelity": 0.8756286821210001, "faithfulness_gap": 0.0465048176149086, "stability": 0.8966333196951931}, "explanation": {"top_features": ["marital-status_Married-civ-spouse: -0.0662", "relationship_Husband: -0.0277", "occupation_Machine-op-inspct: -0.0263", "education-num: 0.0244", "marital-status_Never-married: -0.0218", "capital-gain: -0.0205", "fnlwgt: 0.0193", "age: -0.0115", "relationship_Not-in-family: -0.0113", "capital-loss: -0.0102"], "raw_top": {"marital-status_Married-civ-spouse": -0.06622266232081167, "relationship_Husband": -0.02768442078666641, "occupation_Machine-op-inspct": -0.026289498942098793, "education-num": 0.02444042912862171, "marital-status_Never-married": -0.021758591090382487, "capital-gain": -0.020534250588414238, "fnlwgt": 0.01933314695798824, "age": -0.011541544153254306, "relationship_Not-in-family": -0.011325093709636365, "capital-loss": -0.010197586880790227}}}