{"instance_id": 9180, "quadrant": "TN", "true_label": 0, "prediction": 0, "prediction_correct": true, "metrics": {"cost": 60201.463450997835, "sparsity": 0.09259259259259259, "fidelity": 0.9114391621742111, "faithfulness_gap": 0.06439513341782074, "stability": 0.9463803251135953}, "explanation": {"top_features": ["marital-status_Married-civ-spouse: -0.0547", "relationship_Husband: -0.0241", "marital-status_Never-married: -0.0200", "capital-gain: -0.0169", "relationship_Unmarried: -0.0160", "education_Assoc-voc: -0.0127", "capital-loss: -0.0117", "race_White: -0.0111", "education_Bachelors: -0.0068", "hours-per-week: -0.0059"], "raw_top": {"marital-status_Married-civ-spouse": -0.054681997110421425, "relationship_Husband": -0.02407644681441017, "marital-status_Never-married": -0.020042444592326267, "capital-gain": -0.01687508497932634, "relationship_Unmarried": -0.016049878682389218, "education_Assoc-voc": -0.012715994571057532, "capital-loss": -0.011726944753345585, "race_White": -0.011104490945088528, "education_Bachelors": -0.00683448290632933, "hours-per-week": -0.005897555966180967}}}