{"instance_id": 9220, "quadrant": "FP", "true_label": 0, "prediction": 1, "prediction_correct": false, "metrics": {"cost": 36514.58726101555, "sparsity": 0.09259259259259259, "fidelity": 0.9708564813811744, "faithfulness_gap": 0.7023814329591246, "stability": 0.9645660113078048}, "explanation": {"top_features": ["capital-gain: 0.1561", "occupation_Exec-managerial: 0.1555", "education-num: 0.1447", "marital-status_Married-civ-spouse: 0.1082", "relationship_Husband: 0.0592", "age: 0.0539", "hours-per-week: 0.0321", "marital-status_Never-married: 0.0230", "education_HS-grad: 0.0161", "education_Bachelors: 0.0098"], "raw_top": {"capital-gain": 0.15608446531237874, "occupation_Exec-managerial": 0.15551007964961105, "education-num": 0.14470459033550798, "marital-status_Married-civ-spouse": 0.10817724191817558, "relationship_Husband": 0.05922938519995519, "age": 0.05394582787055802, "hours-per-week": 0.0320780370124617, "marital-status_Never-married": 0.02304812059521826, "education_HS-grad": 0.016068334833232608, "education_Bachelors": 0.009798518077806628}}}