{"instance_id": 9373, "quadrant": "FN", "true_label": 1, "prediction": 0, "prediction_correct": false, "metrics": {"cost": 47971.7377909692, "sparsity": 0.09259259259259259, "fidelity": 0.9462067046728804, "faithfulness_gap": 0.027800973228202644, "stability": 0.9453967571843844}, "explanation": {"top_features": ["marital-status_Married-civ-spouse: -0.0830", "occupation_Sales: 0.0796", "education-num: 0.0698", "relationship_Husband: -0.0551", "marital-status_Never-married: -0.0375", "education_Bachelors: 0.0280", "relationship_Not-in-family: -0.0279", "capital-gain: -0.0221", "fnlwgt: -0.0121", "capital-loss: -0.0113"], "raw_top": {"marital-status_Married-civ-spouse": -0.08299117512035804, "occupation_Sales": 0.07959337217027732, "education-num": 0.06981592037513303, "relationship_Husband": -0.055142765690855, "marital-status_Never-married": -0.03745199390784834, "education_Bachelors": 0.02801191335083725, "relationship_Not-in-family": -0.027940403050123293, "capital-gain": -0.022082422773312366, "fnlwgt": -0.01214122936493274, "capital-loss": -0.01132863054396248}}}