{"instance_id": 9435, "quadrant": "FP", "true_label": 0, "prediction": 1, "prediction_correct": false, "metrics": {"cost": 46364.193361019716, "sparsity": 0.09259259259259259, "fidelity": 0.9835985361608365, "faithfulness_gap": 0.7346423312301238, "stability": 0.9662315487566284}, "explanation": {"top_features": ["education-num: 0.1844", "occupation_Exec-managerial: 0.1825", "marital-status_Married-civ-spouse: 0.1150", "relationship_Husband: 0.0649", "hours-per-week: 0.0371", "workclass_Self-emp-inc: 0.0288", "age: 0.0165", "education_HS-grad: 0.0151", "marital-status_Never-married: 0.0090", "relationship_Not-in-family: 0.0079"], "raw_top": {"education-num": 0.18441141573865366, "occupation_Exec-managerial": 0.18253071693357809, "marital-status_Married-civ-spouse": 0.11495357991211183, "relationship_Husband": 0.06493675999620663, "hours-per-week": 0.03707364579352083, "workclass_Self-emp-inc": 0.028830943262011122, "age": 0.016468487244088875, "education_HS-grad": 0.015117275917450997, "marital-status_Never-married": 0.008962901598374186, "relationship_Not-in-family": 0.00787286659809816}}}