{"instance_id": 9451, "quadrant": "FN", "true_label": 1, "prediction": 0, "prediction_correct": false, "metrics": {"cost": 39298.547475948, "sparsity": 0.09259259259259259, "fidelity": 0.8300144868852082, "faithfulness_gap": 0.05580786568133797, "stability": 0.7605802284496438}, "explanation": {"top_features": ["education-num: -0.0547", "capital-gain: -0.0328", "marital-status_Married-civ-spouse: 0.0313", "capital-loss: -0.0239", "occupation_Craft-repair: -0.0150", "relationship_Husband: 0.0145", "age: 0.0139", "education_HS-grad: -0.0122", "education_Bachelors: -0.0079", "hours-per-week: -0.0024"], "raw_top": {"education-num": -0.054746680612273176, "capital-gain": -0.03276635285077353, "marital-status_Married-civ-spouse": 0.03125142606926714, "capital-loss": -0.02390435112958389, "occupation_Craft-repair": -0.015036889638183488, "relationship_Husband": 0.014467549639936884, "age": 0.013900896399878574, "education_HS-grad": -0.012210641685133956, "education_Bachelors": -0.007917706614963937, "hours-per-week": -0.002442452514677923}}}