{"instance_id": 9547, "quadrant": "FN", "true_label": 1, "prediction": 0, "prediction_correct": false, "metrics": {"cost": 39390.23606001865, "sparsity": 0.09259259259259259, "fidelity": 0.8963244154413624, "faithfulness_gap": 0.10722582948961445, "stability": 0.8705439251027562}, "explanation": {"top_features": ["relationship_Wife: 0.0956", "age: -0.0574", "marital-status_Married-civ-spouse: 0.0486", "occupation_Adm-clerical: 0.0375", "capital-gain: -0.0268", "relationship_Husband: -0.0214", "capital-loss: -0.0169", "education-num: -0.0167", "fnlwgt: -0.0144", "education_Bachelors: -0.0122"], "raw_top": {"relationship_Wife": 0.09559234334364763, "age": -0.05744873288804362, "marital-status_Married-civ-spouse": 0.04864421477891756, "occupation_Adm-clerical": 0.037503967022451096, "capital-gain": -0.0268273176736103, "relationship_Husband": -0.0213968957928475, "capital-loss": -0.016867990123336053, "education-num": -0.016741580981413633, "fnlwgt": -0.014368963403391844, "education_Bachelors": -0.01217936597299998}}}