{"instance_id": 1057, "quadrant": "TN", "true_label": 0, "prediction": 0, "prediction_correct": true, "metrics": {"cost": 439896.42642601393, "sparsity": 0.09259259259259259, "fidelity": 0.25056796673208137, "faithfulness_gap": 0.020395140746164248, "stability": 0.9584227954486808}, "explanation": {"top_features": ["capital-gain: -0.0499", "education-num: -0.0221", "age: -0.0196", "marital-status_Married-civ-spouse: -0.0184", "relationship_Husband: -0.0101", "marital-status_Never-married: -0.0068", "relationship_Wife: -0.0065", "occupation_Craft-repair: -0.0059", "hours-per-week: -0.0048", "education_HS-grad: -0.0045"], "raw_top": {"capital-gain": -0.049946327164760954, "education-num": -0.022054196093932273, "age": -0.019646995058352587, "marital-status_Married-civ-spouse": -0.018366740360010236, "relationship_Husband": -0.010137830952802507, "marital-status_Never-married": -0.0067612534862085075, "relationship_Wife": -0.006453735336154347, "occupation_Craft-repair": -0.0058698501688638875, "hours-per-week": -0.004759081368203466, "education_HS-grad": -0.004492654428664985}}}