{"instance_id": 1412, "quadrant": "TP", "true_label": 1, "prediction": 1, "prediction_correct": true, "metrics": {"cost": 477635.32986299833, "sparsity": 0.09259259259259259, "fidelity": 0.947031907235065, "faithfulness_gap": 0.7542880164769483, "stability": 0.964454122916844}, "explanation": {"top_features": ["capital-gain: 0.1938", "education-num: 0.1888", "marital-status_Married-civ-spouse: 0.1021", "occupation_Prof-specialty: 0.0784", "relationship_Husband: 0.0402", "hours-per-week: 0.0355", "marital-status_Divorced: 0.0174", "fnlwgt: 0.0157", "relationship_Unmarried: 0.0137", "marital-status_Never-married: 0.0129"], "raw_top": {"capital-gain": 0.19382523523882797, "education-num": 0.1887858265479091, "marital-status_Married-civ-spouse": 0.10207066021248029, "occupation_Prof-specialty": 0.07835248714880769, "relationship_Husband": 0.04018294060705794, "hours-per-week": 0.03550874086838817, "marital-status_Divorced": 0.01743243135891227, "fnlwgt": 0.015714457945928406, "relationship_Unmarried": 0.013728347694857188, "marital-status_Never-married": 0.012937125724869936}}}