{"instance_id": 1758, "quadrant": "TP", "true_label": 1, "prediction": 1, "prediction_correct": true, "metrics": {"cost": 340418.00962400157, "sparsity": 0.09259259259259259, "fidelity": 0.9453243029588543, "faithfulness_gap": 0.7036808747044627, "stability": 0.9673842502849953}, "explanation": {"top_features": ["occupation_Exec-managerial: 0.1549", "education-num: 0.1480", "marital-status_Married-civ-spouse: 0.1145", "relationship_Husband: 0.0690", "hours-per-week: 0.0686", "age: 0.0418", "occupation_Other-service: 0.0180", "marital-status_Divorced: 0.0143", "fnlwgt: 0.0136", "relationship_Not-in-family: 0.0133"], "raw_top": {"occupation_Exec-managerial": 0.15490504306835245, "education-num": 0.1479820747809486, "marital-status_Married-civ-spouse": 0.11449650796756983, "relationship_Husband": 0.06896039159502562, "hours-per-week": 0.06856570729918106, "age": 0.04180188587497699, "occupation_Other-service": 0.018027355798110954, "marital-status_Divorced": 0.014283550197388719, "fnlwgt": 0.013606146068502634, "relationship_Not-in-family": 0.013336962401233998}}}