{"instance_id": 1769, "quadrant": "TN", "true_label": 0, "prediction": 0, "prediction_correct": true, "metrics": {"cost": 440822.32231704984, "sparsity": 0.09259259259259259, "fidelity": 0.5330039651975416, "faithfulness_gap": 0.05966279933373772, "stability": 0.9469422847335015}, "explanation": {"top_features": ["capital-gain: -0.0539", "education-num: -0.0264", "marital-status_Married-civ-spouse: -0.0226", "race_Amer-Indian-Eskimo: -0.0126", "occupation_Machine-op-inspct: -0.0122", "relationship_Husband: -0.0107", "race_White: -0.0081", "native-country_United-States: -0.0074", "occupation_Exec-managerial: -0.0073", "relationship_Unmarried: -0.0064"], "raw_top": {"capital-gain": -0.05386097567079753, "education-num": -0.026421072164921372, "marital-status_Married-civ-spouse": -0.022601756670590608, "race_Amer-Indian-Eskimo": -0.012590213078091382, "occupation_Machine-op-inspct": -0.012163053180090689, "relationship_Husband": -0.010743609650268876, "race_White": -0.008058214195151252, "native-country_United-States": -0.007371821334626803, "occupation_Exec-managerial": -0.007333935458888532, "relationship_Unmarried": -0.006384761176490755}}}