{"instance_id": 2833, "quadrant": "TN", "true_label": 0, "prediction": 0, "prediction_correct": true, "metrics": {"cost": 433238.4847300127, "sparsity": 0.09259259259259259, "fidelity": 0.3419015460881193, "faithfulness_gap": 0.05303894665345613, "stability": 0.9675317043034873}, "explanation": {"top_features": ["capital-gain: -0.0470", "age: -0.0363", "education-num: -0.0233", "hours-per-week: -0.0181", "marital-status_Married-civ-spouse: -0.0172", "relationship_Husband: -0.0062", "relationship_Wife: -0.0062", "marital-status_Never-married: -0.0058", "occupation_Prof-specialty: -0.0058", "education_Some-college: -0.0051"], "raw_top": {"capital-gain": -0.04699722758965562, "age": -0.03633741827770598, "education-num": -0.023264392218901215, "hours-per-week": -0.018126159724682372, "marital-status_Married-civ-spouse": -0.017206070475229922, "relationship_Husband": -0.0062002219012127525, "relationship_Wife": -0.00619173830318148, "marital-status_Never-married": -0.005822673766869193, "occupation_Prof-specialty": -0.005768018297824973, "education_Some-college": -0.00508473884794315}}}