{"instance_id": 3831, "quadrant": "TN", "true_label": 0, "prediction": 0, "prediction_correct": true, "metrics": {"cost": 273558.11246391386, "sparsity": 0.09259259259259259, "fidelity": 0.9189242863961176, "faithfulness_gap": 0.037225444369770266, "stability": 0.9264265875460301}, "explanation": {"top_features": ["marital-status_Married-civ-spouse: -0.0760", "education-num: 0.0562", "capital-gain: -0.0536", "occupation_Prof-specialty: 0.0532", "marital-status_Never-married: -0.0390", "relationship_Husband: -0.0376", "hours-per-week: 0.0224", "relationship_Not-in-family: -0.0178", "relationship_Wife: -0.0110", "occupation_Exec-managerial: -0.0092"], "raw_top": {"marital-status_Married-civ-spouse": -0.07595983684881448, "education-num": 0.05624886586023856, "capital-gain": -0.05360571764638944, "occupation_Prof-specialty": 0.053215839765411076, "marital-status_Never-married": -0.0390193611723153, "relationship_Husband": -0.03759382577394424, "hours-per-week": 0.02242780560109174, "relationship_Not-in-family": -0.017777694567854902, "relationship_Wife": -0.011033958629911994, "occupation_Exec-managerial": -0.009191574625578916}}}