{"instance_id": 3851, "quadrant": "TN", "true_label": 0, "prediction": 0, "prediction_correct": true, "metrics": {"cost": 268146.490340936, "sparsity": 0.09259259259259259, "fidelity": 0.5265705886955694, "faithfulness_gap": 0.044090291694703715, "stability": 0.9611824537054475}, "explanation": {"top_features": ["capital-gain: -0.0443", "age: -0.0432", "hours-per-week: -0.0242", "marital-status_Married-civ-spouse: -0.0151", "education-num: -0.0140", "relationship_Wife: -0.0049", "occupation_Prof-specialty: -0.0046", "occupation_Exec-managerial: -0.0040", "relationship_Not-in-family: -0.0039", "relationship_Husband: -0.0027"], "raw_top": {"capital-gain": -0.04431647069846157, "age": -0.04322245189372209, "hours-per-week": -0.024232665409492746, "marital-status_Married-civ-spouse": -0.0150860085762587, "education-num": -0.013968942975566738, "relationship_Wife": -0.0048536569435538275, "occupation_Prof-specialty": -0.004631031218279074, "occupation_Exec-managerial": -0.003993864460131827, "relationship_Not-in-family": -0.0038615685894874473, "relationship_Husband": -0.0026525162975453154}}}