{"instance_id": 4271, "quadrant": "TN", "true_label": 0, "prediction": 0, "prediction_correct": true, "metrics": {"cost": 411452.9991319869, "sparsity": 0.09259259259259259, "fidelity": 0.8708938170624556, "faithfulness_gap": 0.02107362212024977, "stability": 0.94163117238044}, "explanation": {"top_features": ["occupation_Exec-managerial: 0.0698", "capital-gain: -0.0542", "marital-status_Married-civ-spouse: -0.0430", "age: 0.0363", "education-num: -0.0340", "relationship_Husband: -0.0199", "relationship_Not-in-family: -0.0087", "occupation_Prof-specialty: -0.0057", "marital-status_Widowed: -0.0050", "relationship_Wife: -0.0046"], "raw_top": {"occupation_Exec-managerial": 0.06979740712120047, "capital-gain": -0.054240321007219934, "marital-status_Married-civ-spouse": -0.04300015372425341, "age": 0.03629689383453902, "education-num": -0.034013925376581405, "relationship_Husband": -0.01994297478122304, "relationship_Not-in-family": -0.008718753463368223, "occupation_Prof-specialty": -0.005685137901906747, "marital-status_Widowed": -0.005034178130039493, "relationship_Wife": -0.004638051159283117}}}