{"instance_id": 4762, "quadrant": "TP", "true_label": 1, "prediction": 1, "prediction_correct": true, "metrics": {"cost": 388248.35632700706, "sparsity": 0.09259259259259259, "fidelity": 0.9349289479017477, "faithfulness_gap": 0.7150652254272056, "stability": 0.9960235176737143}, "explanation": {"top_features": ["capital-gain: 0.4341", "education-num: 0.1149", "occupation_Exec-managerial: 0.0529", "marital-status_Married-civ-spouse: 0.0457", "age: 0.0266", "relationship_Husband: 0.0232", "marital-status_Never-married: 0.0055", "marital-status_Divorced: 0.0055", "relationship_Unmarried: 0.0052", "education_HS-grad: 0.0031"], "raw_top": {"capital-gain": 0.43414975147132373, "education-num": 0.11489605372705392, "occupation_Exec-managerial": 0.05288889497184742, "marital-status_Married-civ-spouse": 0.04567067467917609, "age": 0.026607797971607155, "relationship_Husband": 0.023218594315468938, "marital-status_Never-married": 0.005544565330820299, "marital-status_Divorced": 0.005477979008334494, "relationship_Unmarried": 0.005165781396610453, "education_HS-grad": 0.0030501034837993046}}}