{"instance_id": 5584, "quadrant": "TP", "true_label": 1, "prediction": 1, "prediction_correct": true, "metrics": {"cost": 525290.5988510465, "sparsity": 0.09259259259259259, "fidelity": 0.9662752438814928, "faithfulness_gap": 0.7480241372401146, "stability": 0.9708588434028427}, "explanation": {"top_features": ["education-num: 0.1515", "occupation_Exec-managerial: 0.1477", "marital-status_Married-civ-spouse: 0.1052", "hours-per-week: 0.0862", "relationship_Husband: 0.0675", "workclass_Self-emp-inc: 0.0371", "age: 0.0212", "occupation_Other-service: 0.0195", "marital-status_Never-married: 0.0150", "fnlwgt: 0.0116"], "raw_top": {"education-num": 0.15154634412222595, "occupation_Exec-managerial": 0.1476875732229156, "marital-status_Married-civ-spouse": 0.10523866791915877, "hours-per-week": 0.08615675820443866, "relationship_Husband": 0.06751630675442385, "workclass_Self-emp-inc": 0.037079456909500534, "age": 0.0212213422160531, "occupation_Other-service": 0.019528188986181926, "marital-status_Never-married": 0.015044412110855943, "fnlwgt": 0.011550974207383154}}}