{"instance_id": 5728, "quadrant": "TN", "true_label": 0, "prediction": 0, "prediction_correct": true, "metrics": {"cost": 228209.2505900655, "sparsity": 0.09259259259259259, "fidelity": 0.413975469145752, "faithfulness_gap": 0.08047231293330424, "stability": 0.9558082763061847}, "explanation": {"top_features": ["capital-gain: -0.0542", "hours-per-week: -0.0375", "age: -0.0289", "marital-status_Married-civ-spouse: -0.0250", "occupation_Other-service: -0.0200", "relationship_Husband: -0.0106", "occupation_Prof-specialty: -0.0076", "marital-status_Never-married: -0.0076", "relationship_Own-child: -0.0073", "occupation_Exec-managerial: -0.0071"], "raw_top": {"capital-gain": -0.0542349128725459, "hours-per-week": -0.03754501515088454, "age": -0.028939735132698666, "marital-status_Married-civ-spouse": -0.025031635017721897, "occupation_Other-service": -0.020026457806363057, "relationship_Husband": -0.010555460194081554, "occupation_Prof-specialty": -0.007620559883575739, "marital-status_Never-married": -0.007593356995452696, "relationship_Own-child": -0.007293364643016512, "occupation_Exec-managerial": -0.007079281107256724}}}