{"instance_id": 5925, "quadrant": "TP", "true_label": 1, "prediction": 1, "prediction_correct": true, "metrics": {"cost": 396800.7281650207, "sparsity": 0.09259259259259259, "fidelity": 0.9659192090444145, "faithfulness_gap": 0.5863490040616056, "stability": 0.944151913794121}, "explanation": {"top_features": ["education-num: 0.1920", "marital-status_Married-civ-spouse: 0.1029", "age: 0.0463", "relationship_Husband: 0.0455", "hours-per-week: 0.0437", "occupation_Adm-clerical: 0.0301", "occupation_Other-service: 0.0158", "marital-status_Never-married: 0.0051", "marital-status_Divorced: 0.0043", "relationship_Not-in-family: 0.0038"], "raw_top": {"education-num": 0.1919853790655869, "marital-status_Married-civ-spouse": 0.1028725304231162, "age": 0.046288389301915575, "relationship_Husband": 0.045534796625973095, "hours-per-week": 0.04366231305555954, "occupation_Adm-clerical": 0.03006660669090416, "occupation_Other-service": 0.015841637753081016, "marital-status_Never-married": 0.005094640133954606, "marital-status_Divorced": 0.004278459787886102, "relationship_Not-in-family": 0.003814327085239244}}}