{"instance_id": 615, "quadrant": "TN", "true_label": 0, "prediction": 0, "prediction_correct": true, "metrics": {"cost": 224190.93183008954, "sparsity": 0.09259259259259259, "fidelity": 0.2363042926766411, "faithfulness_gap": 0.06234507308834799, "stability": 0.9757436054886018}, "explanation": {"top_features": ["capital-gain: -0.0439", "age: -0.0435", "hours-per-week: -0.0389", "marital-status_Married-civ-spouse: -0.0165", "education-num: -0.0144", "workclass_Private: -0.0088", "occupation_Exec-managerial: -0.0058", "relationship_Wife: -0.0056", "occupation_Craft-repair: -0.0049", "occupation_Prof-specialty: -0.0047"], "raw_top": {"capital-gain": -0.04387157063289498, "age": -0.04352922335388036, "hours-per-week": -0.038893593743111673, "marital-status_Married-civ-spouse": -0.016498927847527416, "education-num": -0.014385855459227406, "workclass_Private": -0.008772514324193025, "occupation_Exec-managerial": -0.005828850297345728, "relationship_Wife": -0.005608627887824878, "occupation_Craft-repair": -0.004905222154582889, "occupation_Prof-specialty": -0.004722192334407248}}}