{"instance_id": 6768, "quadrant": "TP", "true_label": 1, "prediction": 1, "prediction_correct": true, "metrics": {"cost": 459233.2949290285, "sparsity": 0.09259259259259259, "fidelity": 0.9602303536306676, "faithfulness_gap": 0.5645843907576132, "stability": 0.9521854541397478}, "explanation": {"top_features": ["occupation_Exec-managerial: 0.1881", "marital-status_Married-civ-spouse: 0.0922", "hours-per-week: 0.0494", "relationship_Husband: 0.0425", "age: 0.0320", "workclass_Private: 0.0183", "relationship_Unmarried: 0.0133", "education_HS-grad: 0.0117", "fnlwgt: 0.0114", "occupation_Other-service: 0.0100"], "raw_top": {"occupation_Exec-managerial": 0.18812200592863787, "marital-status_Married-civ-spouse": 0.09215942910014907, "hours-per-week": 0.04940857257969293, "relationship_Husband": 0.042479440038033445, "age": 0.032035635985143564, "workclass_Private": 0.018315170597647742, "relationship_Unmarried": 0.013349505321869959, "education_HS-grad": 0.011728396735478193, "fnlwgt": 0.011404173305356988, "occupation_Other-service": 0.009991796820284282}}}