{"instance_id": 725, "quadrant": "TP", "true_label": 1, "prediction": 1, "prediction_correct": true, "metrics": {"cost": 384221.45186399575, "sparsity": 0.09259259259259259, "fidelity": 0.9752329787855764, "faithfulness_gap": 0.7304625655833106, "stability": 0.9960163924065197}, "explanation": {"top_features": ["capital-gain: 0.4912", "occupation_Exec-managerial: 0.0709", "education-num: 0.0580", "marital-status_Married-civ-spouse: 0.0500", "hours-per-week: 0.0312", "relationship_Husband: 0.0236", "age: 0.0130", "workclass_Private: 0.0105", "relationship_Not-in-family: 0.0098", "occupation_Other-service: 0.0091"], "raw_top": {"capital-gain": 0.4912048070140752, "occupation_Exec-managerial": 0.07094679863539546, "education-num": 0.057951457225706604, "marital-status_Married-civ-spouse": 0.050047303592197674, "hours-per-week": 0.03117161596769119, "relationship_Husband": 0.023583993346730336, "age": 0.013018224500805602, "workclass_Private": 0.010464839827409915, "relationship_Not-in-family": 0.009768166621169617, "occupation_Other-service": 0.00908691980039178}}}