{"instance_id": 7478, "quadrant": "TN", "true_label": 0, "prediction": 0, "prediction_correct": true, "metrics": {"cost": 476177.6057559764, "sparsity": 0.09259259259259259, "fidelity": 0.946450476151849, "faithfulness_gap": 0.24111823956803832, "stability": 0.8294933552153059}, "explanation": {"top_features": ["occupation_Prof-specialty: 0.0875", "marital-status_Married-civ-spouse: 0.0757", "capital-gain: -0.0492", "hours-per-week: 0.0434", "fnlwgt: 0.0317", "occupation_Exec-managerial: -0.0288", "relationship_Husband: 0.0271", "occupation_Other-service: 0.0108", "marital-status_Divorced: 0.0105", "education_HS-grad: 0.0079"], "raw_top": {"occupation_Prof-specialty": 0.08748199017010505, "marital-status_Married-civ-spouse": 0.07571217314101637, "capital-gain": -0.049232734126535935, "hours-per-week": 0.04336950883766948, "fnlwgt": 0.031735505618718296, "occupation_Exec-managerial": -0.028751846754620957, "relationship_Husband": 0.02709695466785627, "occupation_Other-service": 0.010776835342638819, "marital-status_Divorced": 0.010473178084728137, "education_HS-grad": 0.007930038998529492}}}