{"instance_id": 7719, "quadrant": "TP", "true_label": 1, "prediction": 1, "prediction_correct": true, "metrics": {"cost": 439870.2994839987, "sparsity": 0.09259259259259259, "fidelity": 0.9425851143574335, "faithfulness_gap": 0.632174854321632, "stability": 0.9142075094795472}, "explanation": {"top_features": ["education-num: 0.1365", "occupation_Prof-specialty: 0.1268", "marital-status_Married-civ-spouse: 0.0933", "relationship_Husband: 0.0521", "education_Bachelors: 0.0368", "hours-per-week: 0.0202", "occupation_Other-service: 0.0087", "relationship_Not-in-family: 0.0066", "marital-status_Divorced: 0.0064", "fnlwgt: 0.0030"], "raw_top": {"education-num": 0.13645866526032915, "occupation_Prof-specialty": 0.1267654651655826, "marital-status_Married-civ-spouse": 0.09325697413236725, "relationship_Husband": 0.052060722092407766, "education_Bachelors": 0.036784042716147235, "hours-per-week": 0.020214983902561833, "occupation_Other-service": 0.008706807814508947, "relationship_Not-in-family": 0.00660379424691039, "marital-status_Divorced": 0.006427441039681225, "fnlwgt": 0.002996379792808701}}}