{"instance_id": 7748, "quadrant": "TP", "true_label": 1, "prediction": 1, "prediction_correct": true, "metrics": {"cost": 445864.52341801487, "sparsity": 0.09259259259259259, "fidelity": 0.9514666696360126, "faithfulness_gap": 0.68872948593684, "stability": 0.965239087628716}, "explanation": {"top_features": ["occupation_Exec-managerial: 0.1628", "education-num: 0.1154", "marital-status_Married-civ-spouse: 0.1133", "hours-per-week: 0.0757", "relationship_Husband: 0.0659", "age: 0.0246", "occupation_Other-service: 0.0227", "marital-status_Divorced: 0.0169", "education_HS-grad: 0.0146", "relationship_Not-in-family: 0.0134"], "raw_top": {"occupation_Exec-managerial": 0.16276768945934, "education-num": 0.11539743688153517, "marital-status_Married-civ-spouse": 0.11328588794020002, "hours-per-week": 0.0757423369249775, "relationship_Husband": 0.06589283837402511, "age": 0.024642443454505968, "occupation_Other-service": 0.022702061026308878, "marital-status_Divorced": 0.01687529639551683, "education_HS-grad": 0.01461865393136852, "relationship_Not-in-family": 0.013446778850976396}}}