{"instance_id": 8043, "quadrant": "TP", "true_label": 1, "prediction": 1, "prediction_correct": true, "metrics": {"cost": 487279.9340499914, "sparsity": 0.09259259259259259, "fidelity": 0.9335216802916947, "faithfulness_gap": 0.7613900947189576, "stability": 0.9741112611588925}, "explanation": {"top_features": ["capital-loss: 0.1728", "marital-status_Married-civ-spouse: 0.1218", "relationship_Wife: 0.1082", "education-num: 0.1076", "occupation_Exec-managerial: 0.0812", "workclass_Federal-gov: 0.0230", "marital-status_Divorced: 0.0139", "relationship_Not-in-family: 0.0100", "hours-per-week: 0.0085", "occupation_Other-service: 0.0080"], "raw_top": {"capital-loss": 0.17281759627960266, "marital-status_Married-civ-spouse": 0.12176135283616793, "relationship_Wife": 0.10815551480341724, "education-num": 0.10759146218623063, "occupation_Exec-managerial": 0.08124956074211889, "workclass_Federal-gov": 0.023015807245880378, "marital-status_Divorced": 0.013860853840029427, "relationship_Not-in-family": 0.009957390688748343, "hours-per-week": 0.00845108986231124, "occupation_Other-service": 0.007952199855843833}}}