{"instance_id": 8327, "quadrant": "TP", "true_label": 1, "prediction": 1, "prediction_correct": true, "metrics": {"cost": 358164.7344120138, "sparsity": 0.09259259259259259, "fidelity": 0.9910823225982188, "faithfulness_gap": 0.7816170728341538, "stability": 0.9889064415330219}, "explanation": {"top_features": ["capital-gain: 0.4283", "hours-per-week: 0.0791", "marital-status_Married-civ-spouse: 0.0586", "age: 0.0349", "relationship_Husband: 0.0344", "sex_Female: 0.0089", "fnlwgt: 0.0072", "relationship_Unmarried: 0.0067", "marital-status_Divorced: 0.0056", "occupation_Other-service: 0.0049"], "raw_top": {"capital-gain": 0.4283466352278247, "hours-per-week": 0.07912208598375661, "marital-status_Married-civ-spouse": 0.05864896558166923, "age": 0.03489898795104066, "relationship_Husband": 0.03437567208810529, "sex_Female": 0.008940214091490714, "fnlwgt": 0.007234869195117941, "relationship_Unmarried": 0.006693426026207486, "marital-status_Divorced": 0.005572606352679065, "occupation_Other-service": 0.004933240676772255}}}