{"instance_id": 8416, "quadrant": "TN", "true_label": 0, "prediction": 0, "prediction_correct": true, "metrics": {"cost": 460910.5414240621, "sparsity": 0.09259259259259259, "fidelity": 0.8141876601764464, "faithfulness_gap": 0.020147245559241786, "stability": 0.8581398224291239}, "explanation": {"top_features": ["capital-gain: -0.0550", "occupation_Exec-managerial: 0.0519", "marital-status_Married-civ-spouse: -0.0445", "age: -0.0224", "race_White: -0.0196", "hours-per-week: -0.0189", "relationship_Husband: -0.0170", "marital-status_Never-married: -0.0165", "native-country_United-States: -0.0098", "education_Some-college: -0.0074"], "raw_top": {"capital-gain": -0.05502274601821948, "occupation_Exec-managerial": 0.05187589642882934, "marital-status_Married-civ-spouse": -0.04448926761926489, "age": -0.022383996309487564, "race_White": -0.019553225338461284, "hours-per-week": -0.018905802117000027, "relationship_Husband": -0.01702145873651368, "marital-status_Never-married": -0.016457243210524587, "native-country_United-States": -0.009812376100967937, "education_Some-college": -0.0074353141990975286}}}