{"instance_id": 8902, "quadrant": "TP", "true_label": 1, "prediction": 1, "prediction_correct": true, "metrics": {"cost": 521444.09177894704, "sparsity": 0.09259259259259259, "fidelity": 0.9779559320992761, "faithfulness_gap": 0.3952684532849129, "stability": 0.9087876108117201}, "explanation": {"top_features": ["occupation_Exec-managerial: 0.1639", "age: 0.0763", "marital-status_Married-civ-spouse: 0.0728", "education-num: -0.0695", "hours-per-week: 0.0649", "relationship_Husband: 0.0523", "capital-gain: -0.0443", "education_HS-grad: -0.0311", "workclass_Private: 0.0211", "marital-status_Never-married: 0.0145"], "raw_top": {"occupation_Exec-managerial": 0.16393913567193413, "age": 0.0763266048233207, "marital-status_Married-civ-spouse": 0.07279107979536693, "education-num": -0.069507908492301, "hours-per-week": 0.06489151066380079, "relationship_Husband": 0.052311165986971206, "capital-gain": -0.04425986740130792, "education_HS-grad": -0.031103185227504215, "workclass_Private": 0.021106191360083782, "marital-status_Never-married": 0.014526927541885032}}}