{"instance_id": 9554, "quadrant": "TP", "true_label": 1, "prediction": 1, "prediction_correct": true, "metrics": {"cost": 401631.3536610105, "sparsity": 0.09259259259259259, "fidelity": 0.8340377842147506, "faithfulness_gap": 0.7639075517899918, "stability": 0.9728404006385001}, "explanation": {"top_features": ["capital-loss: 0.1637", "marital-status_Married-civ-spouse: 0.1226", "education-num: 0.1101", "occupation_Exec-managerial: 0.1036", "relationship_Husband: 0.0583", "hours-per-week: 0.0498", "age: 0.0328", "relationship_Not-in-family: 0.0187", "marital-status_Divorced: 0.0183", "workclass_Private: 0.0162"], "raw_top": {"capital-loss": 0.16369073341864077, "marital-status_Married-civ-spouse": 0.12259525874452348, "education-num": 0.11013979910381944, "occupation_Exec-managerial": 0.10364092083138722, "relationship_Husband": 0.05828919732550068, "hours-per-week": 0.049763098174808645, "age": 0.032753208806755266, "relationship_Not-in-family": 0.018670606720030035, "marital-status_Divorced": 0.018304837899007182, "workclass_Private": 0.016229901480322217}}}