{"instance_id": 985, "quadrant": "TP", "true_label": 1, "prediction": 1, "prediction_correct": true, "metrics": {"cost": 298253.8409099798, "sparsity": 0.09259259259259259, "fidelity": 0.9927420418899211, "faithfulness_gap": 0.6885573771057395, "stability": 0.9946679429626466}, "explanation": {"top_features": ["capital-loss: 0.4845", "marital-status_Married-civ-spouse: -0.0330", "age: 0.0310", "education_Some-college: 0.0181", "relationship_Unmarried: 0.0111", "sex_Male: 0.0078", "sex_Female: 0.0077", "marital-status_Divorced: 0.0069", "education_HS-grad: 0.0061", "workclass_Private: 0.0044"], "raw_top": {"capital-loss": 0.48447509274926764, "marital-status_Married-civ-spouse": -0.03300458078516588, "age": 0.031007882175188226, "education_Some-college": 0.018092997280644355, "relationship_Unmarried": 0.011055447317599474, "sex_Male": 0.007814502467048255, "sex_Female": 0.007679165845738651, "marital-status_Divorced": 0.006854059095123032, "education_HS-grad": 0.006144807826656959, "workclass_Private": 0.004368350797350333}}}