{"instance_id": 1, "quadrant": "FN", "true_label": 1, "prediction": 0, "prediction_correct": false, "metrics": {"cost": 1001.2411679999786, "sparsity": 0.8524590163934426, "fidelity": 0.41256984895041826, "faithfulness_gap": 0.05961605906486511, "stability": 0.6608348490801191}, "explanation": {"top_features": ["checking_status_no checking: -0.0882", "savings_status_<100: 0.0856", "duration: -0.0794", "property_magnitude_no known property: -0.0702", "savings_status_no known savings: 0.0628", "residence_since: -0.0543", "credit_amount: 0.0481", "other_payment_plans_none: -0.0377", "credit_history_all paid: -0.0350", "employment_4<=X<7: -0.0341"], "raw_top": {"checking_status_no checking": -0.0881541890327975, "savings_status_<100": 0.08558090341868498, "duration": -0.0793852373214502, "property_magnitude_no known property": -0.070171663361479, "savings_status_no known savings": 0.06277874594270151, "residence_since": -0.05428013489271652, "credit_amount": 0.04808779463154686, "other_payment_plans_none": -0.037725749394935684, "credit_history_all paid": -0.034963178297787834, "employment_4<=X<7": -0.03405429119951056}}}