{"instance_id": 113, "quadrant": "TP", "true_label": 1, "prediction": 1, "prediction_correct": true, "metrics": {"cost": 1000.7838179999453, "sparsity": 0.8032786885245902, "fidelity": 0.6981289016142431, "faithfulness_gap": 0.009854733943939209, "stability": 0.6633873959036702}, "explanation": {"top_features": ["credit_amount: 0.1304", "checking_status_no checking: -0.0575", "age: 0.0404", "installment_commitment: 0.0347", "savings_status_<100: -0.0279", "credit_history_critical/other existing credit: -0.0249", "purpose_repairs: -0.0228", "employment_4<=X<7: -0.0225", "duration: 0.0210", "personal_status_female div/dep/mar: -0.0135"], "raw_top": {"credit_amount": 0.13039584262118104, "checking_status_no checking": -0.05747117639605306, "age": 0.040436427355767454, "installment_commitment": 0.0346583673075191, "savings_status_<100": -0.02787039890061298, "credit_history_critical/other existing credit": -0.024861268422022742, "purpose_repairs": -0.022773830769664064, "employment_4<=X<7": -0.022515990937494477, "duration": 0.021013907115315016, "personal_status_female div/dep/mar": -0.013480661269172143}}}