{"instance_id": 119, "quadrant": "TP", "true_label": 1, "prediction": 1, "prediction_correct": true, "metrics": {"cost": 1000.7851159998609, "sparsity": 0.7704918032786885, "fidelity": 0.9184217325933284, "faithfulness_gap": 0.30844706296920776, "stability": 0.30003836036374537}, "explanation": {"top_features": ["checking_status_no checking: 0.1021", "credit_history_critical/other existing credit: 0.0604", "purpose_radio/tv: 0.0404", "credit_amount: -0.0324", "age: 0.0309", "savings_status_<100: -0.0118", "employment_4<=X<7: -0.0115", "purpose_new car: 0.0103", "other_payment_plans_none: 0.0102", "duration: 0.0079"], "raw_top": {"checking_status_no checking": 0.1020707903707464, "credit_history_critical/other existing credit": 0.060383027407292386, "purpose_radio/tv": 0.04039747672247482, "credit_amount": -0.03239653928965276, "age": 0.03092856347111488, "savings_status_<100": -0.011835152558608628, "employment_4<=X<7": -0.011450544846496973, "purpose_new car": 0.010291255721138091, "other_payment_plans_none": 0.01018906997173258, "duration": 0.007947052218410784}}}