{"instance_id": 127, "quadrant": "TP", "true_label": 1, "prediction": 1, "prediction_correct": true, "metrics": {"cost": 1001.1388180000722, "sparsity": 0.8032786885245902, "fidelity": 0.5431011752710388, "faithfulness_gap": 0.1328778862953186, "stability": 0.3509680309593703}, "explanation": {"top_features": ["checking_status_no checking: 0.0820", "age: 0.0324", "employment_4<=X<7: 0.0308", "duration: 0.0293", "savings_status_<100: -0.0258", "credit_history_critical/other existing credit: -0.0152", "credit_amount: 0.0148", "other_payment_plans_none: 0.0143", "purpose_radio/tv: -0.0136", "installment_commitment: 0.0133"], "raw_top": {"checking_status_no checking": 0.08203237694225213, "age": 0.03241218504651984, "employment_4<=X<7": 0.030769957306758623, "duration": 0.02929298524347729, "savings_status_<100": -0.02582138982681264, "credit_history_critical/other existing credit": -0.015249553116996346, "credit_amount": 0.01475405856361731, "other_payment_plans_none": 0.01427946843396871, "purpose_radio/tv": -0.013610057276696657, "installment_commitment": 0.013277757606624465}}}