{"instance_id": 135, "quadrant": "TP", "true_label": 1, "prediction": 1, "prediction_correct": true, "metrics": {"cost": 1002.57660600073, "sparsity": 0.8360655737704918, "fidelity": 0.5927024129684144, "faithfulness_gap": 0.3354646563529968, "stability": 0.7205592293936652}, "explanation": {"top_features": ["credit_amount: -0.1331", "checking_status_no checking: -0.0926", "purpose_new car: -0.0866", "savings_status_<100: 0.0669", "age: -0.0510", "residence_since: 0.0482", "savings_status_>=1000: 0.0413", "property_magnitude_real estate: 0.0216", "property_magnitude_life insurance: 0.0188", "own_telephone_none: -0.0175"], "raw_top": {"credit_amount": -0.13308830926206763, "checking_status_no checking": -0.09260527565464853, "purpose_new car": -0.0865662050980469, "savings_status_<100": 0.06691437388465821, "age": -0.05103768038288812, "residence_since": 0.04818510286775093, "savings_status_>=1000": 0.0413178960723509, "property_magnitude_real estate": 0.021610772902834897, "property_magnitude_life insurance": 0.018787688179649417, "own_telephone_none": -0.017543017293298796}}}