{"instance_id": 162, "quadrant": "TN", "true_label": 0, "prediction": 0, "prediction_correct": true, "metrics": {"cost": 1001.210981999975, "sparsity": 0.8360655737704918, "fidelity": 0.47021876347979813, "faithfulness_gap": 0.39527472853660583, "stability": 0.6954102677719202}, "explanation": {"top_features": ["checking_status_no checking: -0.1305", "duration: -0.1141", "credit_amount: 0.0867", "checking_status_<0: -0.0514", "savings_status_<100: -0.0492", "residence_since: -0.0481", "credit_history_critical/other existing credit: -0.0435", "age: 0.0294", "installment_commitment: -0.0198", "personal_status_male single: 0.0194"], "raw_top": {"checking_status_no checking": -0.13045483495791946, "duration": -0.11405364834805139, "credit_amount": 0.08665275681913542, "checking_status_<0": -0.05142850905024544, "savings_status_<100": -0.04918805613666003, "residence_since": -0.04809260173562047, "credit_history_critical/other existing credit": -0.043507122690141, "age": 0.029377531220993028, "installment_commitment": -0.019834620575175335, "personal_status_male single": 0.019400769565985715}}}