{"instance_id": 171, "quadrant": "TP", "true_label": 1, "prediction": 1, "prediction_correct": true, "metrics": {"cost": 1001.05263200021, "sparsity": 0.7704918032786885, "fidelity": 0.874997257586988, "faithfulness_gap": 0.4608267545700073, "stability": 0.8067356361777744}, "explanation": {"top_features": ["duration: 0.1237", "age: 0.0646", "credit_history_critical/other existing credit: 0.0458", "checking_status_no checking: -0.0402", "savings_status_<100: 0.0296", "credit_amount: -0.0289", "employment_4<=X<7: 0.0285", "purpose_new car: -0.0219", "checking_status_<0: -0.0194", "savings_status_>=1000: 0.0191"], "raw_top": {"duration": 0.12371150480592823, "age": 0.06456288368946961, "credit_history_critical/other existing credit": 0.04581996904456332, "checking_status_no checking": -0.04018727023710376, "savings_status_<100": 0.029562120698052217, "credit_amount": -0.028943958801155068, "employment_4<=X<7": 0.028543782384029482, "purpose_new car": -0.021897702947767127, "checking_status_<0": -0.019415446762433734, "savings_status_>=1000": 0.01912047491887111}}}