{"instance_id": 172, "quadrant": "TN", "true_label": 0, "prediction": 0, "prediction_correct": true, "metrics": {"cost": 1000.9338090003439, "sparsity": 0.8360655737704918, "fidelity": 0.7562613066321507, "faithfulness_gap": 0.4022563099861145, "stability": 0.9418871704057922}, "explanation": {"top_features": ["credit_amount: -0.2049", "checking_status_no checking: -0.1001", "savings_status_<100: 0.0833", "purpose_education: -0.0655", "property_magnitude_no known property: -0.0645", "age: 0.0580", "employment_4<=X<7: -0.0562", "duration: -0.0296", "installment_commitment: 0.0278", "credit_history_critical/other existing credit: -0.0248"], "raw_top": {"credit_amount": -0.20494725883663154, "checking_status_no checking": -0.10006221498814291, "savings_status_<100": 0.08331658204462329, "purpose_education": -0.06549350749141473, "property_magnitude_no known property": -0.06445698749277697, "age": 0.058009052168631337, "employment_4<=X<7": -0.056249938075763756, "duration": -0.029608669110397407, "installment_commitment": 0.027780975988857273, "credit_history_critical/other existing credit": -0.024816705139002436}}}