{"instance_id": 186, "quadrant": "FN", "true_label": 1, "prediction": 0, "prediction_correct": false, "metrics": {"cost": 1000.9455660001549, "sparsity": 0.7868852459016393, "fidelity": 0.6817297819970893, "faithfulness_gap": 0.3557583689689636, "stability": 0.6039455758015742}, "explanation": {"top_features": ["checking_status_no checking: -0.1432", "purpose_new car: -0.1374", "residence_since: 0.0824", "credit_amount: -0.0667", "duration: -0.0620", "age: -0.0532", "savings_status_<100: -0.0464", "property_magnitude_life insurance: -0.0429", "employment_<1: -0.0389", "credit_history_critical/other existing credit: -0.0225"], "raw_top": {"checking_status_no checking": -0.14321068475272905, "purpose_new car": -0.13735552255238137, "residence_since": 0.08242131602138304, "credit_amount": -0.06670476845856198, "duration": -0.062047953050608756, "age": -0.05319227200008345, "savings_status_<100": -0.04641282034166374, "property_magnitude_life insurance": -0.042861160544890566, "employment_<1": -0.038913077645143825, "credit_history_critical/other existing credit": -0.022466874519841896}}}