{"instance_id": 191, "quadrant": "TP", "true_label": 1, "prediction": 1, "prediction_correct": true, "metrics": {"cost": 1000.7911060001788, "sparsity": 0.7868852459016393, "fidelity": 0.9536782089773105, "faithfulness_gap": 0.13099318742752075, "stability": 0.8662220021437775}, "explanation": {"top_features": ["duration: 0.1909", "other_payment_plans_none: -0.0419", "installment_commitment: 0.0271", "savings_status_<100: -0.0264", "checking_status_<0: -0.0249", "checking_status_no checking: -0.0225", "property_magnitude_real estate: 0.0222", "purpose_furniture/equipment: -0.0210", "age: 0.0196", "residence_since: -0.0152"], "raw_top": {"duration": 0.19091834692347703, "other_payment_plans_none": -0.04192761627606907, "installment_commitment": 0.027090986238240113, "savings_status_<100": -0.026370475048573674, "checking_status_<0": -0.024946837558849105, "checking_status_no checking": -0.022500076975677175, "property_magnitude_real estate": 0.02215385686595435, "purpose_furniture/equipment": -0.020970627504966664, "age": 0.01958876440405935, "residence_since": -0.015207645587430586}}}