{"instance_id": 24, "quadrant": "TP", "true_label": 1, "prediction": 1, "prediction_correct": true, "metrics": {"cost": 1000.5219249997026, "sparsity": 0.819672131147541, "fidelity": 0.554042492043139, "faithfulness_gap": 0.2747790217399597, "stability": 0.6478044223407722}, "explanation": {"top_features": ["duration: 0.1104", "purpose_new car: -0.0953", "other_parties_guarantor: 0.0868", "checking_status_no checking: 0.0762", "credit_amount: 0.0653", "age: -0.0295", "property_magnitude_life insurance: -0.0252", "housing_rent: -0.0222", "installment_commitment: 0.0221", "employment_4<=X<7: -0.0208"], "raw_top": {"duration": 0.11040797347176871, "purpose_new car": -0.09529904726395762, "other_parties_guarantor": 0.08679583413434072, "checking_status_no checking": 0.07622814365587935, "credit_amount": 0.06528560578037926, "age": -0.029516555735712196, "property_magnitude_life insurance": -0.025211145403936815, "housing_rent": -0.022188255070770206, "installment_commitment": 0.022139460666862544, "employment_4<=X<7": -0.020817494562332298}}}