{"instance_id": 32, "quadrant": "TP", "true_label": 1, "prediction": 1, "prediction_correct": true, "metrics": {"cost": 1002.0254080000086, "sparsity": 0.819672131147541, "fidelity": 0.6870173795453026, "faithfulness_gap": 0.26588934659957886, "stability": 0.6302019558554538}, "explanation": {"top_features": ["checking_status_no checking: 0.0881", "savings_status_<100: 0.0685", "employment_4<=X<7: 0.0535", "age: 0.0519", "credit_amount: -0.0441", "installment_commitment: 0.0351", "duration: -0.0341", "purpose_furniture/equipment: -0.0193", "personal_status_male single: -0.0181", "purpose_radio/tv: -0.0168"], "raw_top": {"checking_status_no checking": 0.0880709630594399, "savings_status_<100": 0.06847772093549079, "employment_4<=X<7": 0.05348522498858563, "age": 0.05193320524585736, "credit_amount": -0.04410624268533356, "installment_commitment": 0.035101661079404725, "duration": -0.03407490834248458, "purpose_furniture/equipment": -0.019256431449877355, "personal_status_male single": -0.018112997534555433, "purpose_radio/tv": -0.016844678397307897}}}