{"instance_id": 47, "quadrant": "FP", "true_label": 0, "prediction": 1, "prediction_correct": false, "metrics": {"cost": 1001.0022879996541, "sparsity": 0.8032786885245902, "fidelity": 0.2622596401149727, "faithfulness_gap": 0.09092259407043457, "stability": 0.6345237894815295}, "explanation": {"top_features": ["other_payment_plans_none: -0.1516", "savings_status_<100: 0.0771", "checking_status_no checking: 0.0634", "residence_since: -0.0500", "employment_4<=X<7: -0.0461", "credit_amount: 0.0436", "employment_<1: -0.0375", "credit_history_existing paid: -0.0260", "purpose_business: -0.0248", "purpose_radio/tv: -0.0230"], "raw_top": {"other_payment_plans_none": -0.15159563778213136, "savings_status_<100": 0.07705381306023079, "checking_status_no checking": 0.0634115596374822, "residence_since": -0.04997466905879332, "employment_4<=X<7": -0.04606200221921197, "credit_amount": 0.043649410352312075, "employment_<1": -0.037451711127208916, "credit_history_existing paid": -0.026042666575825282, "purpose_business": -0.02478176851379045, "purpose_radio/tv": -0.023030573890918414}}}