{"instance_id": 49, "quadrant": "TP", "true_label": 1, "prediction": 1, "prediction_correct": true, "metrics": {"cost": 1001.10379599937, "sparsity": 0.819672131147541, "fidelity": 0.714197087933807, "faithfulness_gap": 0.09379464387893677, "stability": 0.16886203751532647}, "explanation": {"top_features": ["checking_status_no checking: 0.1412", "purpose_new car: -0.0775", "property_magnitude_life insurance: -0.0584", "savings_status_<100: -0.0330", "residence_since: -0.0306", "purpose_radio/tv: -0.0272", "credit_history_critical/other existing credit: -0.0233", "installment_commitment: 0.0227", "duration: -0.0217", "other_payment_plans_none: 0.0212"], "raw_top": {"checking_status_no checking": 0.141203086872637, "purpose_new car": -0.07748796786989813, "property_magnitude_life insurance": -0.05840137305343249, "savings_status_<100": -0.03299531896284313, "residence_since": -0.030633654068817507, "purpose_radio/tv": -0.027197038995784052, "credit_history_critical/other existing credit": -0.023338429981821448, "installment_commitment": 0.022689985175948522, "duration": -0.021667889496506488, "other_payment_plans_none": 0.02116173855104201}}}