{"instance_id": 55, "quadrant": "TP", "true_label": 1, "prediction": 1, "prediction_correct": true, "metrics": {"cost": 1002.0753440003318, "sparsity": 0.8032786885245902, "fidelity": 0.8723745573826817, "faithfulness_gap": 0.14981228113174438, "stability": 0.2064989494318264}, "explanation": {"top_features": ["checking_status_no checking: 0.0952", "purpose_radio/tv: 0.0345", "installment_commitment: 0.0265", "credit_amount: 0.0256", "age: 0.0241", "property_magnitude_real estate: 0.0138", "savings_status_<100: -0.0138", "credit_history_critical/other existing credit: -0.0121", "employment_4<=X<7: -0.0120", "other_payment_plans_none: 0.0112"], "raw_top": {"checking_status_no checking": 0.09519788836431983, "purpose_radio/tv": 0.03452772555810174, "installment_commitment": 0.02648284311548592, "credit_amount": 0.02562715556156099, "age": 0.024080197224855767, "property_magnitude_real estate": 0.013824276056327911, "savings_status_<100": -0.013811194013047146, "credit_history_critical/other existing credit": -0.012119846574012945, "employment_4<=X<7": -0.012042689689855638, "other_payment_plans_none": 0.0111923303496598}}}