{"instance_id": 57, "quadrant": "TP", "true_label": 1, "prediction": 1, "prediction_correct": true, "metrics": {"cost": 1002.2875260001456, "sparsity": 0.7704918032786885, "fidelity": 0.8742082414124569, "faithfulness_gap": 0.18855959177017212, "stability": 0.791044567087538}, "explanation": {"top_features": ["duration: 0.1210", "residence_since: 0.0383", "property_magnitude_real estate: 0.0344", "other_payment_plans_none: -0.0304", "credit_amount: -0.0286", "savings_status_<100: -0.0281", "installment_commitment: -0.0216", "credit_history_critical/other existing credit: -0.0145", "own_telephone_none: 0.0116", "purpose_new car: 0.0113"], "raw_top": {"duration": 0.12101756209930241, "residence_since": 0.03826364000780188, "property_magnitude_real estate": 0.03442542339096162, "other_payment_plans_none": -0.030441191875408388, "credit_amount": -0.02861194633341237, "savings_status_<100": -0.028139988868452575, "installment_commitment": -0.021553901555610048, "credit_history_critical/other existing credit": -0.01445825053373518, "own_telephone_none": 0.011587124005339695, "purpose_new car": 0.011300022666557387}}}