{"instance_id": 61, "quadrant": "FP", "true_label": 0, "prediction": 1, "prediction_correct": false, "metrics": {"cost": 1002.1775400000479, "sparsity": 0.8360655737704918, "fidelity": 0.6037937463223928, "faithfulness_gap": 0.25571680068969727, "stability": 0.7128154884637715}, "explanation": {"top_features": ["credit_amount: -0.1682", "savings_status_<100: 0.1062", "checking_status_no checking: -0.0927", "residence_since: 0.0747", "checking_status_<0: -0.0524", "age: -0.0483", "employment_4<=X<7: 0.0447", "purpose_new car: 0.0380", "duration: 0.0309", "credit_history_critical/other existing credit: -0.0240"], "raw_top": {"credit_amount": -0.1682198438985379, "savings_status_<100": 0.10616036704579238, "checking_status_no checking": -0.09273082542697349, "residence_since": 0.0747278225027699, "checking_status_<0": -0.05242781295607452, "age": -0.04825102256346783, "employment_4<=X<7": 0.04473532387236814, "purpose_new car": 0.037959280364129044, "duration": 0.030936747842011364, "credit_history_critical/other existing credit": -0.02397948288038053}}}