{"instance_id": 62, "quadrant": "TP", "true_label": 1, "prediction": 1, "prediction_correct": true, "metrics": {"cost": 1000.9219670000675, "sparsity": 0.819672131147541, "fidelity": 0.9190987095211266, "faithfulness_gap": 0.6926577091217041, "stability": 0.19848408976720167}, "explanation": {"top_features": ["checking_status_no checking: 0.1393", "credit_history_critical/other existing credit: 0.0777", "age: 0.0454", "purpose_radio/tv: 0.0384", "property_magnitude_no known property: -0.0198", "employment_<1: -0.0195", "credit_amount: -0.0171", "employment_4<=X<7: -0.0122", "savings_status_<100: -0.0108", "other_payment_plans_none: 0.0107"], "raw_top": {"checking_status_no checking": 0.13931535966754688, "credit_history_critical/other existing credit": 0.07771789331059395, "age": 0.045427458253083766, "purpose_radio/tv": 0.0384151927922609, "property_magnitude_no known property": -0.019837392774606916, "employment_<1": -0.019539367521559395, "credit_amount": -0.017072817979458834, "employment_4<=X<7": -0.012204680621637962, "savings_status_<100": -0.010818270621988056, "other_payment_plans_none": 0.010746589025695799}}}