{"instance_id": 66, "quadrant": "FP", "true_label": 0, "prediction": 1, "prediction_correct": false, "metrics": {"cost": 1001.3019589996475, "sparsity": 0.7540983606557377, "fidelity": 0.8661864392140658, "faithfulness_gap": 0.4448571801185608, "stability": 0.6835023534105709}, "explanation": {"top_features": ["checking_status_no checking: 0.0690", "residence_since: 0.0524", "age: 0.0446", "purpose_radio/tv: 0.0277", "savings_status_no known savings: 0.0271", "savings_status_<100: 0.0211", "employment_4<=X<7: -0.0178", "employment_<1: -0.0149", "credit_amount: 0.0120", "installment_commitment: 0.0083"], "raw_top": {"checking_status_no checking": 0.06903282193606147, "residence_since": 0.05237692782959208, "age": 0.04460978248022809, "purpose_radio/tv": 0.027668691949418928, "savings_status_no known savings": 0.027147398267607866, "savings_status_<100": 0.021060076163965134, "employment_4<=X<7": -0.017845151035775077, "employment_<1": -0.01485886403577056, "credit_amount": 0.01203890312747671, "installment_commitment": 0.00829837807281914}}}