{"instance_id": 73, "quadrant": "FN", "true_label": 1, "prediction": 0, "prediction_correct": false, "metrics": {"cost": 1000.8096669998849, "sparsity": 0.8360655737704918, "fidelity": 0.5590826655226332, "faithfulness_gap": 0.4724521338939667, "stability": 0.5505877832606624}, "explanation": {"top_features": ["checking_status_no checking: -0.1295", "purpose_new car: -0.0848", "credit_amount: -0.0704", "checking_status_<0: -0.0579", "age: 0.0452", "credit_history_critical/other existing credit: -0.0449", "savings_status_<100: -0.0419", "residence_since: -0.0384", "duration: 0.0272", "own_telephone_none: -0.0258"], "raw_top": {"checking_status_no checking": -0.1294968343858117, "purpose_new car": -0.08481200133030747, "credit_amount": -0.07035926665815512, "checking_status_<0": -0.057863141878119195, "age": 0.04516362857934848, "credit_history_critical/other existing credit": -0.04489304797233675, "savings_status_<100": -0.04192508285127973, "residence_since": -0.03837564049303357, "duration": 0.027202655226497965, "own_telephone_none": -0.025750079852397793}}}