{"instance_id": 78, "quadrant": "FN", "true_label": 1, "prediction": 0, "prediction_correct": false, "metrics": {"cost": 1001.180616000056, "sparsity": 0.8360655737704918, "fidelity": 0.7636557993026553, "faithfulness_gap": 0.21570786833763123, "stability": 0.44849338261026306}, "explanation": {"top_features": ["purpose_new car: -0.1613", "checking_status_no checking: -0.1195", "credit_history_critical/other existing credit: 0.0709", "property_magnitude_life insurance: -0.0526", "residence_since: -0.0513", "duration: 0.0493", "age: -0.0484", "credit_amount: 0.0400", "checking_status_<0: -0.0400", "savings_status_<100: -0.0324"], "raw_top": {"purpose_new car": -0.1612928944379839, "checking_status_no checking": -0.11950191194400947, "credit_history_critical/other existing credit": 0.07089976639401009, "property_magnitude_life insurance": -0.05263829849691417, "residence_since": -0.05129534329650174, "duration": 0.0492959735537123, "age": -0.04837626208827572, "credit_amount": 0.0400023514561381, "checking_status_<0": -0.03996344722772097, "savings_status_<100": -0.03240420653830706}}}