{"instance_id": 84, "quadrant": "TP", "true_label": 1, "prediction": 1, "prediction_correct": true, "metrics": {"cost": 1001.8555369997557, "sparsity": 0.819672131147541, "fidelity": 0.7881609805166294, "faithfulness_gap": 0.18467658758163452, "stability": 0.6398886066375595}, "explanation": {"top_features": ["purpose_new car: -0.0910", "foreign_worker_no: 0.0836", "other_payment_plans_none: -0.0792", "credit_history_critical/other existing credit: 0.0717", "duration: 0.0559", "age: 0.0555", "checking_status_no checking: -0.0514", "savings_status_<100: -0.0288", "checking_status_<0: -0.0257", "property_magnitude_life insurance: -0.0224"], "raw_top": {"purpose_new car": -0.09104471881538383, "foreign_worker_no": 0.08363864274558072, "other_payment_plans_none": -0.07918875671252364, "credit_history_critical/other existing credit": 0.07168840884245879, "duration": 0.05585968906807768, "age": 0.05548294631580252, "checking_status_no checking": -0.05136899486921978, "savings_status_<100": -0.02875424775159866, "checking_status_<0": -0.02573079292660937, "property_magnitude_life insurance": -0.0224387597117086}}}