{"instance_id": 87, "quadrant": "TP", "true_label": 1, "prediction": 1, "prediction_correct": true, "metrics": {"cost": 1000.8599129996583, "sparsity": 0.8032786885245902, "fidelity": 0.863987350107718, "faithfulness_gap": 0.3729833960533142, "stability": 0.3375227088737711}, "explanation": {"top_features": ["checking_status_no checking: 0.1695", "age: 0.0464", "savings_status_<100: 0.0407", "purpose_new car: -0.0320", "duration: -0.0248", "credit_amount: -0.0241", "employment_4<=X<7: -0.0206", "credit_history_critical/other existing credit: -0.0202", "other_payment_plans_none: 0.0184", "own_telephone_none: -0.0147"], "raw_top": {"checking_status_no checking": 0.16952471950504067, "age": 0.0463837889763947, "savings_status_<100": 0.04069817633824607, "purpose_new car": -0.03195584190481598, "duration": -0.024806317698981405, "credit_amount": -0.024113141323128806, "employment_4<=X<7": -0.02062594258510997, "credit_history_critical/other existing credit": -0.0201861716564348, "other_payment_plans_none": 0.018378722053412615, "own_telephone_none": -0.0147187563810454}}}