{"instance_id": 90, "quadrant": "FP", "true_label": 0, "prediction": 1, "prediction_correct": false, "metrics": {"cost": 1001.1273860000074, "sparsity": 0.819672131147541, "fidelity": 0.7831721152264374, "faithfulness_gap": 0.0018656253814697266, "stability": 0.4504106176463259}, "explanation": {"top_features": ["other_parties_guarantor: 0.2183", "checking_status_no checking: -0.0678", "savings_status_<100: -0.0540", "other_payment_plans_none: -0.0468", "purpose_radio/tv: 0.0394", "age: -0.0382", "purpose_new car: 0.0263", "housing_rent: -0.0250", "checking_status_<0: -0.0235", "credit_history_existing paid: -0.0205"], "raw_top": {"other_parties_guarantor": 0.21825577297263268, "checking_status_no checking": -0.06781363929022284, "savings_status_<100": -0.054009733437698985, "other_payment_plans_none": -0.04675557199460309, "purpose_radio/tv": 0.03938922181106352, "age": -0.03816400482752936, "purpose_new car": 0.02627019020921494, "housing_rent": -0.025031551071907198, "checking_status_<0": -0.023497860465032428, "credit_history_existing paid": -0.020487547849905283}}}